amenity_id,property_id,amenity
A000001,P00001,GYM
A000002,P00001,PARKING
A000003,P00002,CLUBHOUSE
A000004,P00002,AIR_CONDITIONING
A000005,P00002,PARKING
A000006,P00003,CLUBHOUSE
A000007,P00003,LIFT
A000008,P00003,SECURITY
A000009,P00003,PARKING
A000010,P00004,SECURITY
A000011,P00004,POWER_BACKUP
A000012,P00004,GYM
A000013,P00005,GARDEN
A000014,P00005,GYM
A000015,P00005,AIR_CONDITIONING
A000016,P00005,SWIMMING_POOL
A000017,P00005,POWER_BACKUP
A000018,P00005,WIFI
A000019,P00006,GYM
A000020,P00006,POWER_BACKUP
A000021,P00006,SWIMMING_POOL
A000022,P00006,CLUBHOUSE
A000023,P00006,GARDEN
A000024,P00006,AIR_CONDITIONING
A000025,P00007,SWIMMING_POOL
A000026,P00007,LIFT
A000027,P00007,POWER_BACKUP
A000028,P00007,GARDEN
A000029,P00007,PARKING
A000030,P00008,SECURITY
A000031,P00008,PARKING
A000032,P00008,POWER_BACKUP
A000033,P00008,WIFI
A000034,P00008,LIFT
A000035,P00008,AIR_CONDITIONING
A000036,P00009,GARDEN
A000037,P00009,WIFI
A000038,P00010,POWER_BACKUP
A000039,P00010,GARDEN
A000040,P00010,PARKING
A000041,P00010,CLUBHOUSE
A000042,P00010,WIFI
A000043,P00011,GARDEN
A000044,P00011,PARKING
A000045,P00012,LIFT
A000046,P00012,POWER_BACKUP
A000047,P00012,AIR_CONDITIONING
A000048,P00012,CLUBHOUSE
A000049,P00012,GARDEN
A000050,P00012,SWIMMING_POOL
A000051,P00013,WIFI
A000052,P00013,PARKING
A000053,P00013,GYM
A000054,P00014,LIFT
A000055,P00014,GARDEN
A000056,P00015,GYM
A000057,P00015,SECURITY
A000058,P00015,AIR_CONDITIONING
A000059,P00015,WIFI
A000060,P00015,PARKING
A000061,P00015,CLUBHOUSE
A000062,P00016,AIR_CONDITIONING
A000063,P00016,SWIMMING_POOL
A000064,P00016,LIFT
A000065,P00016,PARKING
A000066,P00016,GYM
A000067,P00017,CLUBHOUSE
A000068,P00017,POWER_BACKUP
A000069,P00017,GARDEN
A000070,P00017,AIR_CONDITIONING
A000071,P00017,SWIMMING_POOL
A000072,P00018,SECURITY
A000073,P00018,AIR_CONDITIONING
A000074,P00018,GARDEN
A000075,P00018,LIFT
A000076,P00019,POWER_BACKUP
A000077,P00019,GYM
A000078,P00019,SWIMMING_POOL
A000079,P00019,CLUBHOUSE
A000080,P00020,POWER_BACKUP
A000081,P00020,SWIMMING_POOL
A000082,P00020,GYM
A000083,P00021,SECURITY
A000084,P00021,SWIMMING_POOL
A000085,P00021,AIR_CONDITIONING
A000086,P00022,SECURITY
A000087,P00022,SWIMMING_POOL
A000088,P00022,POWER_BACKUP
A000089,P00022,CLUBHOUSE
A000090,P00022,AIR_CONDITIONING
A000091,P00022,WIFI
A000092,P00023,GARDEN
A000093,P00023,POWER_BACKUP
A000094,P00023,SWIMMING_POOL
A000095,P00024,SWIMMING_POOL
A000096,P00024,PARKING
A000097,P00024,GYM
A000098,P00024,CLUBHOUSE
A000099,P00024,POWER_BACKUP
A000100,P00024,LIFT
A000101,P00025,CLUBHOUSE
A000102,P00025,SECURITY
A000103,P00025,AIR_CONDITIONING
A000104,P00025,GYM
A000105,P00025,LIFT
A000106,P00026,GARDEN
A000107,P00026,PARKING
A000108,P00026,LIFT
A000109,P00026,WIFI
A000110,P00026,AIR_CONDITIONING
A000111,P00027,POWER_BACKUP
A000112,P00027,WIFI
A000113,P00028,SECURITY
A000114,P00028,AIR_CONDITIONING
A000115,P00028,WIFI
A000116,P00029,PARKING
A000117,P00029,SECURITY
A000118,P00029,LIFT
A000119,P00030,PARKING
A000120,P00030,SECURITY
A000121,P00030,POWER_BACKUP
A000122,P00030,LIFT
A000123,P00030,WIFI
A000124,P00031,GARDEN
A000125,P00031,LIFT
A000126,P00031,WIFI
A000127,P00031,GYM
A000128,P00031,AIR_CONDITIONING
A000129,P00031,CLUBHOUSE
A000130,P00032,GYM
A000131,P00032,AIR_CONDITIONING
A000132,P00032,SWIMMING_POOL
A000133,P00032,PARKING
A000134,P00032,CLUBHOUSE
A000135,P00033,GYM
A000136,P00033,CLUBHOUSE
A000137,P00033,AIR_CONDITIONING
A000138,P00033,PARKING
A000139,P00033,LIFT
A000140,P00034,WIFI
A000141,P00034,SWIMMING_POOL
A000142,P00034,LIFT
A000143,P00034,PARKING
A000144,P00034,GARDEN
A000145,P00035,CLUBHOUSE
A000146,P00035,SECURITY
A000147,P00036,LIFT
A000148,P00036,AIR_CONDITIONING
A000149,P00037,CLUBHOUSE
A000150,P00037,AIR_CONDITIONING
A000151,P00037,SWIMMING_POOL
A000152,P00037,SECURITY
A000153,P00038,POWER_BACKUP
A000154,P00038,WIFI
A000155,P00038,CLUBHOUSE
A000156,P00038,LIFT
A000157,P00038,GARDEN
A000158,P00038,SWIMMING_POOL
A000159,P00039,POWER_BACKUP
A000160,P00039,SECURITY
A000161,P00039,CLUBHOUSE
A000162,P00039,SWIMMING_POOL
A000163,P00039,LIFT
A000164,P00040,SECURITY
A000165,P00040,GYM
A000166,P00041,WIFI
A000167,P00041,SECURITY
A000168,P00042,SWIMMING_POOL
A000169,P00042,PARKING
A000170,P00042,WIFI
A000171,P00042,AIR_CONDITIONING
A000172,P00042,POWER_BACKUP
A000173,P00043,POWER_BACKUP
A000174,P00043,GYM
A000175,P00044,CLUBHOUSE
A000176,P00044,PARKING
A000177,P00044,AIR_CONDITIONING
A000178,P00044,POWER_BACKUP
A000179,P00044,SWIMMING_POOL
A000180,P00045,POWER_BACKUP
A000181,P00045,PARKING
A000182,P00045,WIFI
A000183,P00046,SWIMMING_POOL
A000184,P00046,WIFI
A000185,P00046,LIFT
A000186,P00046,AIR_CONDITIONING
A000187,P00046,SECURITY
A000188,P00047,GYM
A000189,P00047,CLUBHOUSE
A000190,P00047,GARDEN
A000191,P00047,WIFI
A000192,P00048,GARDEN
A000193,P00048,POWER_BACKUP
A000194,P00048,SECURITY
A000195,P00049,WIFI
A000196,P00049,CLUBHOUSE
A000197,P00049,GYM
A000198,P00049,SECURITY
A000199,P00049,SWIMMING_POOL
A000200,P00049,GARDEN
A000201,P00050,GARDEN
A000202,P00050,SECURITY
A000203,P00050,PARKING
A000204,P00050,CLUBHOUSE
A000205,P00050,AIR_CONDITIONING
A000206,P00050,GYM
A000207,P00051,POWER_BACKUP
A000208,P00051,GYM
A000209,P00051,LIFT
A000210,P00051,SECURITY
A000211,P00051,AIR_CONDITIONING
A000212,P00052,WIFI
A000213,P00052,SWIMMING_POOL
A000214,P00052,CLUBHOUSE
A000215,P00052,GYM
A000216,P00052,AIR_CONDITIONING
A000217,P00052,LIFT
A000218,P00053,GARDEN
A000219,P00053,WIFI
A000220,P00053,CLUBHOUSE
A000221,P00053,PARKING
A000222,P00054,SWIMMING_POOL
A000223,P00054,CLUBHOUSE
A000224,P00054,POWER_BACKUP
A000225,P00055,LIFT
A000226,P00055,SECURITY
A000227,P00056,AIR_CONDITIONING
A000228,P00056,LIFT
A000229,P00056,SECURITY
A000230,P00056,CLUBHOUSE
A000231,P00056,GYM
A000232,P00056,POWER_BACKUP
A000233,P00057,CLUBHOUSE
A000234,P00057,WIFI
A000235,P00058,GYM
A000236,P00058,LIFT
A000237,P00059,LIFT
A000238,P00059,POWER_BACKUP
A000239,P00059,CLUBHOUSE
A000240,P00059,GARDEN
A000241,P00059,SWIMMING_POOL
A000242,P00060,SECURITY
A000243,P00060,GARDEN
A000244,P00060,GYM
A000245,P00061,GARDEN
A000246,P00061,GYM
A000247,P00062,WIFI
A000248,P00062,SECURITY
A000249,P00063,LIFT
A000250,P00063,SWIMMING_POOL
A000251,P00063,GYM
A000252,P00064,PARKING
A000253,P00064,AIR_CONDITIONING
A000254,P00064,GYM
A000255,P00064,SWIMMING_POOL
A000256,P00064,WIFI
A000257,P00064,POWER_BACKUP
A000258,P00065,WIFI
A000259,P00065,PARKING
A000260,P00065,GYM
A000261,P00066,AIR_CONDITIONING
A000262,P00066,GYM
A000263,P00066,SWIMMING_POOL
A000264,P00067,CLUBHOUSE
A000265,P00067,SECURITY
A000266,P00067,WIFI
A000267,P00067,SWIMMING_POOL
A000268,P00067,GARDEN
A000269,P00068,SWIMMING_POOL
A000270,P00068,PARKING
A000271,P00068,AIR_CONDITIONING
A000272,P00068,GARDEN
A000273,P00069,WIFI
A000274,P00069,SWIMMING_POOL
A000275,P00069,POWER_BACKUP
A000276,P00069,AIR_CONDITIONING
A000277,P00069,GARDEN
A000278,P00069,LIFT
A000279,P00070,WIFI
A000280,P00070,GARDEN
A000281,P00070,PARKING
A000282,P00071,AIR_CONDITIONING
A000283,P00071,PARKING
A000284,P00071,GYM
A000285,P00071,LIFT
A000286,P00072,PARKING
A000287,P00072,SWIMMING_POOL
A000288,P00073,POWER_BACKUP
A000289,P00073,GARDEN
A000290,P00073,PARKING
A000291,P00074,SECURITY
A000292,P00074,LIFT
A000293,P00075,LIFT
A000294,P00075,GYM
A000295,P00075,WIFI
A000296,P00076,PARKING
A000297,P00076,POWER_BACKUP
A000298,P00077,LIFT
A000299,P00077,WIFI
A000300,P00077,SWIMMING_POOL
A000301,P00077,SECURITY
A000302,P00078,SECURITY
A000303,P00078,GARDEN
A000304,P00078,LIFT
A000305,P00078,SWIMMING_POOL
A000306,P00078,PARKING
A000307,P00079,POWER_BACKUP
A000308,P00079,SECURITY
A000309,P00080,WIFI
A000310,P00080,SECURITY
A000311,P00080,GARDEN
A000312,P00081,SECURITY
A000313,P00081,SWIMMING_POOL
A000314,P00081,CLUBHOUSE
A000315,P00081,PARKING
A000316,P00082,POWER_BACKUP
A000317,P00082,WIFI
A000318,P00082,PARKING
A000319,P00082,LIFT
A000320,P00082,GYM
A000321,P00083,GARDEN
A000322,P00083,AIR_CONDITIONING
A000323,P00083,GYM
A000324,P00084,SWIMMING_POOL
A000325,P00084,POWER_BACKUP
A000326,P00085,SWIMMING_POOL
A000327,P00085,GYM
A000328,P00085,SECURITY
A000329,P00085,POWER_BACKUP
A000330,P00085,AIR_CONDITIONING
A000331,P00086,GYM
A000332,P00086,GARDEN
A000333,P00086,POWER_BACKUP
A000334,P00086,SECURITY
A000335,P00087,GYM
A000336,P00087,SWIMMING_POOL
A000337,P00087,GARDEN
A000338,P00087,AIR_CONDITIONING
A000339,P00087,LIFT
A000340,P00087,PARKING
A000341,P00088,AIR_CONDITIONING
A000342,P00088,WIFI
A000343,P00088,GYM
A000344,P00088,PARKING
A000345,P00088,SWIMMING_POOL
A000346,P00089,SWIMMING_POOL
A000347,P00089,AIR_CONDITIONING
A000348,P00089,POWER_BACKUP
A000349,P00089,CLUBHOUSE
A000350,P00089,LIFT
A000351,P00089,SECURITY
A000352,P00090,SWIMMING_POOL
A000353,P00090,GYM
A000354,P00090,CLUBHOUSE
A000355,P00091,POWER_BACKUP
A000356,P00091,PARKING
A000357,P00092,PARKING
A000358,P00092,SECURITY
A000359,P00092,AIR_CONDITIONING
A000360,P00092,WIFI
A000361,P00092,LIFT
A000362,P00092,GYM
A000363,P00093,GYM
A000364,P00093,SWIMMING_POOL
A000365,P00093,GARDEN
A000366,P00093,SECURITY
A000367,P00094,AIR_CONDITIONING
A000368,P00094,WIFI
A000369,P00094,PARKING
A000370,P00094,GYM
A000371,P00094,POWER_BACKUP
A000372,P00095,CLUBHOUSE
A000373,P00095,SWIMMING_POOL
A000374,P00096,AIR_CONDITIONING
A000375,P00096,SWIMMING_POOL
A000376,P00096,LIFT
A000377,P00096,GYM
A000378,P00097,LIFT
A000379,P00097,GARDEN
A000380,P00098,SWIMMING_POOL
A000381,P00098,LIFT
A000382,P00098,SECURITY
A000383,P00098,WIFI
A000384,P00099,LIFT
A000385,P00099,SECURITY
A000386,P00099,SWIMMING_POOL
A000387,P00099,CLUBHOUSE
A000388,P00100,SWIMMING_POOL
A000389,P00100,GARDEN
A000390,P00100,SECURITY
A000391,P00101,SECURITY
A000392,P00101,LIFT
A000393,P00101,POWER_BACKUP
A000394,P00101,SWIMMING_POOL
A000395,P00101,GYM
A000396,P00102,GYM
A000397,P00102,SWIMMING_POOL
A000398,P00102,AIR_CONDITIONING
A000399,P00102,LIFT
A000400,P00102,GARDEN
A000401,P00103,AIR_CONDITIONING
A000402,P00103,PARKING
A000403,P00103,WIFI
A000404,P00103,SWIMMING_POOL
A000405,P00104,WIFI
A000406,P00104,PARKING
A000407,P00104,POWER_BACKUP
A000408,P00105,PARKING
A000409,P00105,SECURITY
A000410,P00106,GYM
A000411,P00106,CLUBHOUSE
A000412,P00107,SWIMMING_POOL
A000413,P00107,LIFT
A000414,P00107,SECURITY
A000415,P00107,POWER_BACKUP
A000416,P00107,PARKING
A000417,P00108,CLUBHOUSE
A000418,P00108,SECURITY
A000419,P00109,GARDEN
A000420,P00109,LIFT
A000421,P00110,CLUBHOUSE
A000422,P00110,WIFI
A000423,P00110,PARKING
A000424,P00110,POWER_BACKUP
A000425,P00110,AIR_CONDITIONING
A000426,P00111,SECURITY
A000427,P00111,WIFI
A000428,P00111,POWER_BACKUP
A000429,P00112,LIFT
A000430,P00112,PARKING
A000431,P00112,GYM
A000432,P00113,SWIMMING_POOL
A000433,P00113,GARDEN
A000434,P00113,SECURITY
A000435,P00113,POWER_BACKUP
A000436,P00113,CLUBHOUSE
A000437,P00114,SECURITY
A000438,P00114,AIR_CONDITIONING
A000439,P00114,WIFI
A000440,P00114,PARKING
A000441,P00115,LIFT
A000442,P00115,SECURITY
A000443,P00115,GARDEN
A000444,P00115,WIFI
A000445,P00115,PARKING
A000446,P00115,POWER_BACKUP
A000447,P00116,WIFI
A000448,P00116,AIR_CONDITIONING
A000449,P00116,POWER_BACKUP
A000450,P00117,CLUBHOUSE
A000451,P00117,PARKING
A000452,P00117,AIR_CONDITIONING
A000453,P00117,GYM
A000454,P00117,WIFI
A000455,P00117,POWER_BACKUP
A000456,P00118,LIFT
A000457,P00118,PARKING
A000458,P00119,GARDEN
A000459,P00119,POWER_BACKUP
A000460,P00119,CLUBHOUSE
A000461,P00119,PARKING
A000462,P00119,WIFI
A000463,P00119,SWIMMING_POOL
A000464,P00120,AIR_CONDITIONING
A000465,P00120,SWIMMING_POOL
A000466,P00120,SECURITY
A000467,P00120,POWER_BACKUP
A000468,P00120,CLUBHOUSE
A000469,P00120,GYM
A000470,P00121,SECURITY
A000471,P00121,POWER_BACKUP
A000472,P00121,CLUBHOUSE
A000473,P00122,CLUBHOUSE
A000474,P00122,LIFT
A000475,P00122,POWER_BACKUP
A000476,P00122,SWIMMING_POOL
A000477,P00123,SWIMMING_POOL
A000478,P00123,AIR_CONDITIONING
A000479,P00123,WIFI
A000480,P00124,GARDEN
A000481,P00124,AIR_CONDITIONING
A000482,P00124,CLUBHOUSE
A000483,P00124,LIFT
A000484,P00124,PARKING
A000485,P00125,SWIMMING_POOL
A000486,P00125,GYM
A000487,P00126,POWER_BACKUP
A000488,P00126,AIR_CONDITIONING
A000489,P00126,CLUBHOUSE
A000490,P00126,WIFI
A000491,P00127,SWIMMING_POOL
A000492,P00127,PARKING
A000493,P00127,AIR_CONDITIONING
A000494,P00127,POWER_BACKUP
A000495,P00127,CLUBHOUSE
A000496,P00128,GARDEN
A000497,P00128,SECURITY
A000498,P00128,AIR_CONDITIONING
A000499,P00129,SECURITY
A000500,P00129,WIFI
A000501,P00129,LIFT
A000502,P00129,AIR_CONDITIONING
A000503,P00129,POWER_BACKUP
A000504,P00130,PARKING
A000505,P00130,POWER_BACKUP
A000506,P00130,WIFI
A000507,P00131,AIR_CONDITIONING
A000508,P00131,GYM
A000509,P00131,POWER_BACKUP
A000510,P00132,WIFI
A000511,P00132,SWIMMING_POOL
A000512,P00132,CLUBHOUSE
A000513,P00132,AIR_CONDITIONING
A000514,P00132,LIFT
A000515,P00133,POWER_BACKUP
A000516,P00133,SWIMMING_POOL
A000517,P00133,CLUBHOUSE
A000518,P00134,SWIMMING_POOL
A000519,P00134,AIR_CONDITIONING
A000520,P00134,PARKING
A000521,P00134,GYM
A000522,P00135,LIFT
A000523,P00135,SECURITY
A000524,P00135,AIR_CONDITIONING
A000525,P00136,AIR_CONDITIONING
A000526,P00136,CLUBHOUSE
A000527,P00136,LIFT
A000528,P00137,AIR_CONDITIONING
A000529,P00137,PARKING
A000530,P00137,GYM
A000531,P00138,WIFI
A000532,P00138,GYM
A000533,P00138,POWER_BACKUP
A000534,P00139,POWER_BACKUP
A000535,P00139,GYM
A000536,P00140,PARKING
A000537,P00140,SECURITY
A000538,P00140,GYM
A000539,P00141,PARKING
A000540,P00141,GARDEN
A000541,P00142,POWER_BACKUP
A000542,P00142,GARDEN
A000543,P00143,GARDEN
A000544,P00143,AIR_CONDITIONING
A000545,P00143,POWER_BACKUP
A000546,P00143,GYM
A000547,P00143,SWIMMING_POOL
A000548,P00144,POWER_BACKUP
A000549,P00144,GARDEN
A000550,P00144,GYM
A000551,P00144,PARKING
A000552,P00144,WIFI
A000553,P00144,AIR_CONDITIONING
A000554,P00145,GYM
A000555,P00145,PARKING
A000556,P00145,CLUBHOUSE
A000557,P00145,AIR_CONDITIONING
A000558,P00146,GYM
A000559,P00146,GARDEN
A000560,P00147,CLUBHOUSE
A000561,P00147,SWIMMING_POOL
A000562,P00148,GARDEN
A000563,P00148,SECURITY
A000564,P00148,POWER_BACKUP
A000565,P00149,GARDEN
A000566,P00149,LIFT
A000567,P00149,WIFI
A000568,P00150,AIR_CONDITIONING
A000569,P00150,CLUBHOUSE
A000570,P00151,AIR_CONDITIONING
A000571,P00151,PARKING
A000572,P00151,GARDEN
A000573,P00151,POWER_BACKUP
A000574,P00152,LIFT
A000575,P00152,SWIMMING_POOL
A000576,P00152,POWER_BACKUP
A000577,P00152,CLUBHOUSE
A000578,P00153,CLUBHOUSE
A000579,P00153,PARKING
A000580,P00153,GARDEN
A000581,P00153,WIFI
A000582,P00153,SWIMMING_POOL
A000583,P00154,PARKING
A000584,P00154,AIR_CONDITIONING
A000585,P00155,CLUBHOUSE
A000586,P00155,WIFI
A000587,P00155,POWER_BACKUP
A000588,P00155,GYM
A000589,P00155,SECURITY
A000590,P00155,LIFT
A000591,P00156,AIR_CONDITIONING
A000592,P00156,POWER_BACKUP
A000593,P00156,GARDEN
A000594,P00156,WIFI
A000595,P00156,LIFT
A000596,P00157,GYM
A000597,P00157,POWER_BACKUP
A000598,P00157,SECURITY
A000599,P00158,PARKING
A000600,P00158,WIFI
A000601,P00159,PARKING
A000602,P00159,GYM
A000603,P00160,GYM
A000604,P00160,LIFT
A000605,P00160,POWER_BACKUP
A000606,P00160,SWIMMING_POOL
A000607,P00161,AIR_CONDITIONING
A000608,P00161,PARKING
A000609,P00161,SWIMMING_POOL
A000610,P00162,LIFT
A000611,P00162,GYM
A000612,P00162,CLUBHOUSE
A000613,P00162,WIFI
A000614,P00163,POWER_BACKUP
A000615,P00163,SECURITY
A000616,P00163,LIFT
A000617,P00163,GARDEN
A000618,P00164,SWIMMING_POOL
A000619,P00164,GARDEN
A000620,P00164,CLUBHOUSE
A000621,P00164,LIFT
A000622,P00164,WIFI
A000623,P00165,CLUBHOUSE
A000624,P00165,POWER_BACKUP
A000625,P00165,GARDEN
A000626,P00165,WIFI
A000627,P00166,GARDEN
A000628,P00166,CLUBHOUSE
A000629,P00167,GARDEN
A000630,P00167,PARKING
A000631,P00167,AIR_CONDITIONING
A000632,P00167,POWER_BACKUP
A000633,P00167,WIFI
A000634,P00168,GARDEN
A000635,P00168,SECURITY
A000636,P00168,CLUBHOUSE
A000637,P00168,GYM
A000638,P00169,AIR_CONDITIONING
A000639,P00169,LIFT
A000640,P00169,PARKING
A000641,P00170,CLUBHOUSE
A000642,P00170,GYM
A000643,P00171,PARKING
A000644,P00171,POWER_BACKUP
A000645,P00171,AIR_CONDITIONING
A000646,P00172,SECURITY
A000647,P00172,CLUBHOUSE
A000648,P00173,GYM
A000649,P00173,POWER_BACKUP
A000650,P00174,WIFI
A000651,P00174,GYM
A000652,P00174,GARDEN
A000653,P00174,LIFT
A000654,P00175,SWIMMING_POOL
A000655,P00175,AIR_CONDITIONING
A000656,P00175,POWER_BACKUP
A000657,P00175,CLUBHOUSE
A000658,P00175,WIFI
A000659,P00175,GYM
A000660,P00176,GYM
A000661,P00176,WIFI
A000662,P00177,CLUBHOUSE
A000663,P00177,GARDEN
A000664,P00177,SWIMMING_POOL
A000665,P00178,PARKING
A000666,P00178,CLUBHOUSE
A000667,P00178,GYM
A000668,P00178,AIR_CONDITIONING
A000669,P00178,WIFI
A000670,P00178,SWIMMING_POOL
A000671,P00179,AIR_CONDITIONING
A000672,P00179,GARDEN
A000673,P00179,PARKING
A000674,P00180,SWIMMING_POOL
A000675,P00180,GYM
A000676,P00180,AIR_CONDITIONING
A000677,P00180,WIFI
A000678,P00180,SECURITY
A000679,P00181,GYM
A000680,P00181,AIR_CONDITIONING
A000681,P00181,GARDEN
A000682,P00181,SWIMMING_POOL
A000683,P00181,PARKING
A000684,P00181,SECURITY
A000685,P00182,SWIMMING_POOL
A000686,P00182,GYM
A000687,P00182,WIFI
A000688,P00182,AIR_CONDITIONING
A000689,P00183,SWIMMING_POOL
A000690,P00183,WIFI
A000691,P00183,GARDEN
A000692,P00183,PARKING
A000693,P00184,GARDEN
A000694,P00184,GYM
A000695,P00184,CLUBHOUSE
A000696,P00184,SECURITY
A000697,P00185,POWER_BACKUP
A000698,P00185,SWIMMING_POOL
A000699,P00186,PARKING
A000700,P00186,CLUBHOUSE
A000701,P00186,GARDEN
A000702,P00186,AIR_CONDITIONING
A000703,P00186,SWIMMING_POOL
A000704,P00187,GARDEN
A000705,P00187,GYM
A000706,P00187,AIR_CONDITIONING
A000707,P00187,POWER_BACKUP
A000708,P00187,CLUBHOUSE
A000709,P00187,SWIMMING_POOL
A000710,P00188,GARDEN
A000711,P00188,SECURITY
A000712,P00188,LIFT
A000713,P00188,WIFI
A000714,P00188,AIR_CONDITIONING
A000715,P00189,AIR_CONDITIONING
A000716,P00189,WIFI
A000717,P00189,LIFT
A000718,P00189,CLUBHOUSE
A000719,P00189,GARDEN
A000720,P00190,GYM
A000721,P00190,SECURITY
A000722,P00190,CLUBHOUSE
A000723,P00190,POWER_BACKUP
A000724,P00190,PARKING
A000725,P00190,AIR_CONDITIONING
A000726,P00191,LIFT
A000727,P00191,PARKING
A000728,P00191,SECURITY
A000729,P00191,POWER_BACKUP
A000730,P00191,GYM
A000731,P00192,SWIMMING_POOL
A000732,P00192,CLUBHOUSE
A000733,P00192,SECURITY
A000734,P00192,POWER_BACKUP
A000735,P00192,AIR_CONDITIONING
A000736,P00193,CLUBHOUSE
A000737,P00193,PARKING
A000738,P00193,AIR_CONDITIONING
A000739,P00193,GYM
A000740,P00193,WIFI
A000741,P00193,LIFT
A000742,P00194,WIFI
A000743,P00194,GYM
A000744,P00194,SWIMMING_POOL
A000745,P00194,SECURITY
A000746,P00194,GARDEN
A000747,P00195,POWER_BACKUP
A000748,P00195,GYM
A000749,P00195,LIFT
A000750,P00195,GARDEN
A000751,P00195,CLUBHOUSE
A000752,P00196,CLUBHOUSE
A000753,P00196,PARKING
A000754,P00196,GARDEN
A000755,P00196,WIFI
A000756,P00197,SWIMMING_POOL
A000757,P00197,SECURITY
A000758,P00198,AIR_CONDITIONING
A000759,P00198,SWIMMING_POOL
A000760,P00198,LIFT
A000761,P00198,CLUBHOUSE
A000762,P00198,SECURITY
A000763,P00199,GYM
A000764,P00199,SECURITY
A000765,P00199,PARKING
A000766,P00199,AIR_CONDITIONING
A000767,P00199,POWER_BACKUP
A000768,P00200,LIFT
A000769,P00200,SWIMMING_POOL
A000770,P00200,GARDEN
A000771,P00200,WIFI
A000772,P00200,CLUBHOUSE
A000773,P00201,SWIMMING_POOL
A000774,P00201,CLUBHOUSE
A000775,P00202,GARDEN
A000776,P00202,AIR_CONDITIONING
A000777,P00202,SWIMMING_POOL
A000778,P00202,PARKING
A000779,P00202,POWER_BACKUP
A000780,P00202,GYM
A000781,P00203,AIR_CONDITIONING
A000782,P00203,SECURITY
A000783,P00204,SWIMMING_POOL
A000784,P00204,POWER_BACKUP
A000785,P00204,LIFT
A000786,P00204,AIR_CONDITIONING
A000787,P00205,AIR_CONDITIONING
A000788,P00205,CLUBHOUSE
A000789,P00205,LIFT
A000790,P00205,SECURITY
A000791,P00205,GARDEN
A000792,P00206,AIR_CONDITIONING
A000793,P00206,CLUBHOUSE
A000794,P00206,POWER_BACKUP
A000795,P00207,GYM
A000796,P00207,SECURITY
A000797,P00208,SWIMMING_POOL
A000798,P00208,PARKING
A000799,P00208,LIFT
A000800,P00209,WIFI
A000801,P00209,SECURITY
A000802,P00209,LIFT
A000803,P00209,GARDEN
A000804,P00209,GYM
A000805,P00210,AIR_CONDITIONING
A000806,P00210,LIFT
A000807,P00210,GARDEN
A000808,P00211,SECURITY
A000809,P00211,GARDEN
A000810,P00211,POWER_BACKUP
A000811,P00211,AIR_CONDITIONING
A000812,P00211,GYM
A000813,P00211,SWIMMING_POOL
A000814,P00212,LIFT
A000815,P00212,SWIMMING_POOL
A000816,P00212,WIFI
A000817,P00213,POWER_BACKUP
A000818,P00213,GYM
A000819,P00213,CLUBHOUSE
A000820,P00213,PARKING
A000821,P00213,WIFI
A000822,P00214,AIR_CONDITIONING
A000823,P00214,POWER_BACKUP
A000824,P00215,GYM
A000825,P00215,CLUBHOUSE
A000826,P00215,POWER_BACKUP
A000827,P00215,SWIMMING_POOL
A000828,P00216,GYM
A000829,P00216,SECURITY
A000830,P00216,AIR_CONDITIONING
A000831,P00216,CLUBHOUSE
A000832,P00216,SWIMMING_POOL
A000833,P00216,WIFI
A000834,P00217,AIR_CONDITIONING
A000835,P00217,WIFI
A000836,P00217,CLUBHOUSE
A000837,P00217,GARDEN
A000838,P00217,POWER_BACKUP
A000839,P00217,SWIMMING_POOL
A000840,P00218,WIFI
A000841,P00218,SWIMMING_POOL
A000842,P00218,CLUBHOUSE
A000843,P00218,GARDEN
A000844,P00218,LIFT
A000845,P00218,PARKING
A000846,P00219,GYM
A000847,P00219,WIFI
A000848,P00219,LIFT
A000849,P00219,SECURITY
A000850,P00220,GYM
A000851,P00220,POWER_BACKUP
A000852,P00220,SWIMMING_POOL
A000853,P00220,AIR_CONDITIONING
A000854,P00220,SECURITY
A000855,P00220,LIFT
A000856,P00221,SWIMMING_POOL
A000857,P00221,PARKING
A000858,P00221,GARDEN
A000859,P00222,GARDEN
A000860,P00222,GYM
A000861,P00222,LIFT
A000862,P00222,AIR_CONDITIONING
A000863,P00222,SWIMMING_POOL
A000864,P00223,GYM
A000865,P00223,SWIMMING_POOL
A000866,P00223,WIFI
A000867,P00224,GYM
A000868,P00224,LIFT
A000869,P00225,GYM
A000870,P00225,POWER_BACKUP
A000871,P00225,LIFT
A000872,P00225,CLUBHOUSE
A000873,P00225,WIFI
A000874,P00226,LIFT
A000875,P00226,PARKING
A000876,P00226,GYM
A000877,P00227,LIFT
A000878,P00227,WIFI
A000879,P00227,SWIMMING_POOL
A000880,P00228,GARDEN
A000881,P00228,PARKING
A000882,P00228,GYM
A000883,P00228,LIFT
A000884,P00228,SWIMMING_POOL
A000885,P00229,GARDEN
A000886,P00229,GYM
A000887,P00229,POWER_BACKUP
A000888,P00229,LIFT
A000889,P00229,CLUBHOUSE
A000890,P00230,WIFI
A000891,P00230,CLUBHOUSE
A000892,P00230,LIFT
A000893,P00230,SWIMMING_POOL
A000894,P00230,SECURITY
A000895,P00230,AIR_CONDITIONING
A000896,P00231,GYM
A000897,P00231,AIR_CONDITIONING
A000898,P00231,LIFT
A000899,P00231,GARDEN
A000900,P00231,CLUBHOUSE
A000901,P00231,SECURITY
A000902,P00232,SECURITY
A000903,P00232,PARKING
A000904,P00232,GARDEN
A000905,P00233,POWER_BACKUP
A000906,P00233,PARKING
A000907,P00233,WIFI
A000908,P00233,SECURITY
A000909,P00233,AIR_CONDITIONING
A000910,P00233,CLUBHOUSE
A000911,P00234,GYM
A000912,P00234,PARKING
A000913,P00234,CLUBHOUSE
A000914,P00234,GARDEN
A000915,P00235,GARDEN
A000916,P00235,SECURITY
A000917,P00235,GYM
A000918,P00235,PARKING
A000919,P00235,POWER_BACKUP
A000920,P00236,SWIMMING_POOL
A000921,P00236,POWER_BACKUP
A000922,P00236,LIFT
A000923,P00236,GYM
A000924,P00236,PARKING
A000925,P00236,SECURITY
A000926,P00237,CLUBHOUSE
A000927,P00237,PARKING
A000928,P00238,CLUBHOUSE
A000929,P00238,SECURITY
A000930,P00239,PARKING
A000931,P00239,AIR_CONDITIONING
A000932,P00239,SECURITY
A000933,P00239,WIFI
A000934,P00239,GARDEN
A000935,P00240,PARKING
A000936,P00240,GYM
A000937,P00240,SECURITY
A000938,P00240,AIR_CONDITIONING
A000939,P00240,GARDEN
A000940,P00241,SWIMMING_POOL
A000941,P00241,CLUBHOUSE
A000942,P00241,PARKING
A000943,P00241,WIFI
A000944,P00241,GYM
A000945,P00242,PARKING
A000946,P00242,AIR_CONDITIONING
A000947,P00242,SECURITY
A000948,P00242,LIFT
A000949,P00243,GYM
A000950,P00243,WIFI
A000951,P00243,CLUBHOUSE
A000952,P00243,SECURITY
A000953,P00244,GARDEN
A000954,P00244,GYM
A000955,P00244,PARKING
A000956,P00244,AIR_CONDITIONING
A000957,P00244,CLUBHOUSE
A000958,P00244,SWIMMING_POOL
A000959,P00245,POWER_BACKUP
A000960,P00245,GARDEN
A000961,P00245,AIR_CONDITIONING
A000962,P00245,SECURITY
A000963,P00245,LIFT
A000964,P00245,GYM
A000965,P00246,POWER_BACKUP
A000966,P00246,LIFT
A000967,P00247,PARKING
A000968,P00247,LIFT
A000969,P00247,SECURITY
A000970,P00247,POWER_BACKUP
A000971,P00247,GYM
A000972,P00248,LIFT
A000973,P00248,SWIMMING_POOL
A000974,P00248,GARDEN
A000975,P00248,POWER_BACKUP
A000976,P00248,SECURITY
A000977,P00248,CLUBHOUSE
A000978,P00249,LIFT
A000979,P00249,SWIMMING_POOL
A000980,P00249,PARKING
A000981,P00250,GARDEN
A000982,P00250,WIFI
A000983,P00250,SWIMMING_POOL
A000984,P00250,AIR_CONDITIONING
A000985,P00250,LIFT
A000986,P00250,SECURITY
A000987,P00251,WIFI
A000988,P00251,GYM
A000989,P00251,POWER_BACKUP
A000990,P00251,PARKING
A000991,P00251,AIR_CONDITIONING
A000992,P00252,SWIMMING_POOL
A000993,P00252,PARKING
A000994,P00252,POWER_BACKUP
A000995,P00253,POWER_BACKUP
A000996,P00253,WIFI
A000997,P00253,SECURITY
A000998,P00253,PARKING
A000999,P00253,SWIMMING_POOL
A001000,P00254,LIFT
A001001,P00254,SWIMMING_POOL
A001002,P00254,CLUBHOUSE
A001003,P00255,GYM
A001004,P00255,SWIMMING_POOL
A001005,P00256,WIFI
A001006,P00256,SWIMMING_POOL
A001007,P00256,AIR_CONDITIONING
A001008,P00256,SECURITY
A001009,P00256,CLUBHOUSE
A001010,P00257,AIR_CONDITIONING
A001011,P00257,GARDEN
A001012,P00257,POWER_BACKUP
A001013,P00258,POWER_BACKUP
A001014,P00258,WIFI
A001015,P00259,CLUBHOUSE
A001016,P00259,SWIMMING_POOL
A001017,P00259,LIFT
A001018,P00260,SECURITY
A001019,P00260,LIFT
A001020,P00260,PARKING
A001021,P00260,AIR_CONDITIONING
A001022,P00260,SWIMMING_POOL
A001023,P00260,POWER_BACKUP
A001024,P00261,GYM
A001025,P00261,CLUBHOUSE
A001026,P00261,SECURITY
A001027,P00261,POWER_BACKUP
A001028,P00261,LIFT
A001029,P00262,POWER_BACKUP
A001030,P00262,GARDEN
A001031,P00262,GYM
A001032,P00262,SWIMMING_POOL
A001033,P00262,AIR_CONDITIONING
A001034,P00262,SECURITY
A001035,P00263,LIFT
A001036,P00263,WIFI
A001037,P00263,SECURITY
A001038,P00264,SWIMMING_POOL
A001039,P00264,CLUBHOUSE
A001040,P00265,WIFI
A001041,P00265,CLUBHOUSE
A001042,P00266,AIR_CONDITIONING
A001043,P00266,PARKING
A001044,P00266,GYM
A001045,P00267,AIR_CONDITIONING
A001046,P00267,POWER_BACKUP
A001047,P00267,WIFI
A001048,P00267,SWIMMING_POOL
A001049,P00268,SECURITY
A001050,P00268,AIR_CONDITIONING
A001051,P00268,POWER_BACKUP
A001052,P00268,GYM
A001053,P00268,WIFI
A001054,P00268,PARKING
A001055,P00269,SECURITY
A001056,P00269,SWIMMING_POOL
A001057,P00269,GARDEN
A001058,P00270,WIFI
A001059,P00270,POWER_BACKUP
A001060,P00270,GARDEN
A001061,P00271,CLUBHOUSE
A001062,P00271,LIFT
A001063,P00272,SECURITY
A001064,P00272,WIFI
A001065,P00272,SWIMMING_POOL
A001066,P00272,LIFT
A001067,P00273,LIFT
A001068,P00273,PARKING
A001069,P00273,GARDEN
A001070,P00273,GYM
A001071,P00273,CLUBHOUSE
A001072,P00273,AIR_CONDITIONING
A001073,P00274,PARKING
A001074,P00274,AIR_CONDITIONING
A001075,P00274,WIFI
A001076,P00274,GARDEN
A001077,P00274,CLUBHOUSE
A001078,P00274,SWIMMING_POOL
A001079,P00275,POWER_BACKUP
A001080,P00275,PARKING
A001081,P00275,WIFI
A001082,P00275,CLUBHOUSE
A001083,P00276,AIR_CONDITIONING
A001084,P00276,SECURITY
A001085,P00277,AIR_CONDITIONING
A001086,P00277,POWER_BACKUP
A001087,P00277,SWIMMING_POOL
A001088,P00278,SECURITY
A001089,P00278,AIR_CONDITIONING
A001090,P00278,CLUBHOUSE
A001091,P00278,SWIMMING_POOL
A001092,P00279,LIFT
A001093,P00279,SECURITY
A001094,P00279,PARKING
A001095,P00279,GARDEN
A001096,P00280,POWER_BACKUP
A001097,P00280,GARDEN
A001098,P00281,LIFT
A001099,P00281,PARKING
A001100,P00281,GYM
A001101,P00281,SECURITY
A001102,P00282,SWIMMING_POOL
A001103,P00282,CLUBHOUSE
A001104,P00282,GARDEN
A001105,P00282,WIFI
A001106,P00282,SECURITY
A001107,P00282,LIFT
A001108,P00283,AIR_CONDITIONING
A001109,P00283,GYM
A001110,P00283,LIFT
A001111,P00283,POWER_BACKUP
A001112,P00284,AIR_CONDITIONING
A001113,P00284,PARKING
A001114,P00284,CLUBHOUSE
A001115,P00285,WIFI
A001116,P00285,LIFT
A001117,P00285,POWER_BACKUP
A001118,P00285,CLUBHOUSE
A001119,P00285,AIR_CONDITIONING
A001120,P00286,PARKING
A001121,P00286,GYM
A001122,P00286,CLUBHOUSE
A001123,P00286,SECURITY
A001124,P00287,SWIMMING_POOL
A001125,P00287,WIFI
A001126,P00287,POWER_BACKUP
A001127,P00287,AIR_CONDITIONING
A001128,P00287,GYM
A001129,P00288,SECURITY
A001130,P00288,WIFI
A001131,P00289,CLUBHOUSE
A001132,P00289,GARDEN
A001133,P00289,AIR_CONDITIONING
A001134,P00289,SWIMMING_POOL
A001135,P00290,WIFI
A001136,P00290,GARDEN
A001137,P00290,PARKING
A001138,P00290,AIR_CONDITIONING
A001139,P00291,GARDEN
A001140,P00291,PARKING
A001141,P00291,WIFI
A001142,P00291,LIFT
A001143,P00291,SWIMMING_POOL
A001144,P00292,AIR_CONDITIONING
A001145,P00292,GYM
A001146,P00293,AIR_CONDITIONING
A001147,P00293,LIFT
A001148,P00294,GYM
A001149,P00294,PARKING
A001150,P00294,WIFI
A001151,P00294,SWIMMING_POOL
A001152,P00295,AIR_CONDITIONING
A001153,P00295,WIFI
A001154,P00295,SECURITY
A001155,P00296,GARDEN
A001156,P00296,SWIMMING_POOL
A001157,P00296,PARKING
A001158,P00297,PARKING
A001159,P00297,POWER_BACKUP
A001160,P00297,AIR_CONDITIONING
A001161,P00297,GARDEN
A001162,P00297,LIFT
A001163,P00298,GARDEN
A001164,P00298,CLUBHOUSE
A001165,P00298,AIR_CONDITIONING
A001166,P00298,SWIMMING_POOL
A001167,P00299,SWIMMING_POOL
A001168,P00299,GYM
A001169,P00300,CLUBHOUSE
A001170,P00300,POWER_BACKUP
A001171,P00300,SWIMMING_POOL
A001172,P00301,PARKING
A001173,P00301,GARDEN
A001174,P00301,AIR_CONDITIONING
A001175,P00301,SWIMMING_POOL
A001176,P00301,CLUBHOUSE
A001177,P00302,WIFI
A001178,P00302,SWIMMING_POOL
A001179,P00302,GARDEN
A001180,P00302,POWER_BACKUP
A001181,P00303,WIFI
A001182,P00303,PARKING
A001183,P00303,POWER_BACKUP
A001184,P00303,GARDEN
A001185,P00303,CLUBHOUSE
A001186,P00303,GYM
A001187,P00304,AIR_CONDITIONING
A001188,P00304,SECURITY
A001189,P00304,POWER_BACKUP
A001190,P00304,CLUBHOUSE
A001191,P00304,LIFT
A001192,P00305,SWIMMING_POOL
A001193,P00305,LIFT
A001194,P00305,CLUBHOUSE
A001195,P00305,PARKING
A001196,P00306,CLUBHOUSE
A001197,P00306,SWIMMING_POOL
A001198,P00306,GYM
A001199,P00306,LIFT
A001200,P00306,PARKING
A001201,P00307,SWIMMING_POOL
A001202,P00307,AIR_CONDITIONING
A001203,P00307,CLUBHOUSE
A001204,P00307,SECURITY
A001205,P00307,WIFI
A001206,P00308,POWER_BACKUP
A001207,P00308,SECURITY
A001208,P00308,LIFT
A001209,P00309,WIFI
A001210,P00309,AIR_CONDITIONING
A001211,P00309,PARKING
A001212,P00309,GYM
A001213,P00309,POWER_BACKUP
A001214,P00309,GARDEN
A001215,P00310,SECURITY
A001216,P00310,SWIMMING_POOL
A001217,P00310,PARKING
A001218,P00310,GYM
A001219,P00311,SWIMMING_POOL
A001220,P00311,GARDEN
A001221,P00312,PARKING
A001222,P00312,AIR_CONDITIONING
A001223,P00312,LIFT
A001224,P00312,GARDEN
A001225,P00312,SWIMMING_POOL
A001226,P00312,SECURITY
A001227,P00313,POWER_BACKUP
A001228,P00313,GARDEN
A001229,P00313,AIR_CONDITIONING
A001230,P00313,SWIMMING_POOL
A001231,P00313,GYM
A001232,P00314,LIFT
A001233,P00314,SECURITY
A001234,P00315,PARKING
A001235,P00315,SWIMMING_POOL
A001236,P00315,POWER_BACKUP
A001237,P00315,AIR_CONDITIONING
A001238,P00316,CLUBHOUSE
A001239,P00316,SECURITY
A001240,P00316,SWIMMING_POOL
A001241,P00316,WIFI
A001242,P00317,WIFI
A001243,P00317,GYM
A001244,P00317,SWIMMING_POOL
A001245,P00318,WIFI
A001246,P00318,GARDEN
A001247,P00318,LIFT
A001248,P00319,SECURITY
A001249,P00319,AIR_CONDITIONING
A001250,P00319,SWIMMING_POOL
A001251,P00319,LIFT
A001252,P00319,GARDEN
A001253,P00319,CLUBHOUSE
A001254,P00320,POWER_BACKUP
A001255,P00320,CLUBHOUSE
A001256,P00320,SWIMMING_POOL
A001257,P00320,AIR_CONDITIONING
A001258,P00320,PARKING
A001259,P00321,GYM
A001260,P00321,SECURITY
A001261,P00321,POWER_BACKUP
A001262,P00321,SWIMMING_POOL
A001263,P00322,AIR_CONDITIONING
A001264,P00322,GYM
A001265,P00322,SECURITY
A001266,P00322,LIFT
A001267,P00323,SWIMMING_POOL
A001268,P00323,PARKING
A001269,P00323,POWER_BACKUP
A001270,P00323,CLUBHOUSE
A001271,P00323,SECURITY
A001272,P00323,GARDEN
A001273,P00324,SECURITY
A001274,P00324,GYM
A001275,P00324,GARDEN
A001276,P00325,GYM
A001277,P00325,POWER_BACKUP
A001278,P00325,WIFI
A001279,P00326,SECURITY
A001280,P00326,AIR_CONDITIONING
A001281,P00326,WIFI
A001282,P00326,POWER_BACKUP
A001283,P00327,PARKING
A001284,P00327,GARDEN
A001285,P00327,AIR_CONDITIONING
A001286,P00327,GYM
A001287,P00327,WIFI
A001288,P00327,CLUBHOUSE
A001289,P00328,WIFI
A001290,P00328,GARDEN
A001291,P00329,SWIMMING_POOL
A001292,P00329,AIR_CONDITIONING
A001293,P00329,PARKING
A001294,P00329,LIFT
A001295,P00329,WIFI
A001296,P00330,WIFI
A001297,P00330,PARKING
A001298,P00331,SWIMMING_POOL
A001299,P00331,POWER_BACKUP
A001300,P00331,CLUBHOUSE
A001301,P00332,POWER_BACKUP
A001302,P00332,SWIMMING_POOL
A001303,P00332,WIFI
A001304,P00332,GARDEN
A001305,P00332,AIR_CONDITIONING
A001306,P00332,LIFT
A001307,P00333,AIR_CONDITIONING
A001308,P00333,SECURITY
A001309,P00333,WIFI
A001310,P00333,SWIMMING_POOL
A001311,P00334,GYM
A001312,P00334,SWIMMING_POOL
A001313,P00334,PARKING
A001314,P00335,LIFT
A001315,P00335,POWER_BACKUP
A001316,P00335,GYM
A001317,P00335,WIFI
A001318,P00336,LIFT
A001319,P00336,POWER_BACKUP
A001320,P00336,PARKING
A001321,P00336,WIFI
A001322,P00336,SECURITY
A001323,P00336,SWIMMING_POOL
A001324,P00337,GYM
A001325,P00337,PARKING
A001326,P00337,POWER_BACKUP
A001327,P00337,GARDEN
A001328,P00337,LIFT
A001329,P00337,WIFI
A001330,P00338,GYM
A001331,P00338,LIFT
A001332,P00338,PARKING
A001333,P00338,AIR_CONDITIONING
A001334,P00338,POWER_BACKUP
A001335,P00338,WIFI
A001336,P00339,WIFI
A001337,P00339,CLUBHOUSE
A001338,P00339,SWIMMING_POOL
A001339,P00339,PARKING
A001340,P00339,SECURITY
A001341,P00340,GYM
A001342,P00340,GARDEN
A001343,P00340,SECURITY
A001344,P00340,PARKING
A001345,P00341,GYM
A001346,P00341,PARKING
A001347,P00341,WIFI
A001348,P00342,GARDEN
A001349,P00342,WIFI
A001350,P00342,POWER_BACKUP
A001351,P00343,GARDEN
A001352,P00343,AIR_CONDITIONING
A001353,P00344,SWIMMING_POOL
A001354,P00344,POWER_BACKUP
A001355,P00345,WIFI
A001356,P00345,POWER_BACKUP
A001357,P00346,POWER_BACKUP
A001358,P00346,GARDEN
A001359,P00346,CLUBHOUSE
A001360,P00346,SECURITY
A001361,P00347,SECURITY
A001362,P00347,WIFI
A001363,P00348,POWER_BACKUP
A001364,P00348,AIR_CONDITIONING
A001365,P00348,GARDEN
A001366,P00348,SECURITY
A001367,P00348,PARKING
A001368,P00348,WIFI
A001369,P00349,CLUBHOUSE
A001370,P00349,GYM
A001371,P00349,PARKING
A001372,P00349,GARDEN
A001373,P00350,GYM
A001374,P00350,POWER_BACKUP
A001375,P00350,GARDEN
A001376,P00350,AIR_CONDITIONING
A001377,P00351,GARDEN
A001378,P00351,WIFI
A001379,P00351,PARKING
A001380,P00352,GYM
A001381,P00352,GARDEN
A001382,P00352,AIR_CONDITIONING
A001383,P00352,CLUBHOUSE
A001384,P00353,GARDEN
A001385,P00353,WIFI
A001386,P00353,SWIMMING_POOL
A001387,P00353,PARKING
A001388,P00353,LIFT
A001389,P00354,SECURITY
A001390,P00354,AIR_CONDITIONING
A001391,P00354,CLUBHOUSE
A001392,P00355,GARDEN
A001393,P00355,SWIMMING_POOL
A001394,P00355,CLUBHOUSE
A001395,P00356,POWER_BACKUP
A001396,P00356,GYM
A001397,P00356,LIFT
A001398,P00356,WIFI
A001399,P00357,PARKING
A001400,P00357,POWER_BACKUP
A001401,P00357,AIR_CONDITIONING
A001402,P00357,LIFT
A001403,P00358,GYM
A001404,P00358,AIR_CONDITIONING
A001405,P00358,PARKING
A001406,P00358,CLUBHOUSE
A001407,P00359,POWER_BACKUP
A001408,P00359,SECURITY
A001409,P00359,SWIMMING_POOL
A001410,P00359,GARDEN
A001411,P00360,SWIMMING_POOL
A001412,P00360,GYM
A001413,P00361,CLUBHOUSE
A001414,P00361,WIFI
A001415,P00361,PARKING
A001416,P00361,AIR_CONDITIONING
A001417,P00361,LIFT
A001418,P00361,POWER_BACKUP
A001419,P00362,GARDEN
A001420,P00362,PARKING
A001421,P00362,GYM
A001422,P00362,AIR_CONDITIONING
A001423,P00362,POWER_BACKUP
A001424,P00363,GARDEN
A001425,P00363,CLUBHOUSE
A001426,P00363,GYM
A001427,P00363,SWIMMING_POOL
A001428,P00363,LIFT
A001429,P00363,SECURITY
A001430,P00364,LIFT
A001431,P00364,POWER_BACKUP
A001432,P00364,SECURITY
A001433,P00365,POWER_BACKUP
A001434,P00365,PARKING
A001435,P00365,AIR_CONDITIONING
A001436,P00365,SECURITY
A001437,P00365,GARDEN
A001438,P00365,SWIMMING_POOL
A001439,P00366,PARKING
A001440,P00366,GARDEN
A001441,P00366,SECURITY
A001442,P00366,CLUBHOUSE
A001443,P00366,WIFI
A001444,P00367,WIFI
A001445,P00367,LIFT
A001446,P00368,PARKING
A001447,P00368,WIFI
A001448,P00369,SWIMMING_POOL
A001449,P00369,WIFI
A001450,P00369,GARDEN
A001451,P00369,GYM
A001452,P00369,PARKING
A001453,P00370,GYM
A001454,P00370,PARKING
A001455,P00370,WIFI
A001456,P00371,CLUBHOUSE
A001457,P00371,SECURITY
A001458,P00371,PARKING
A001459,P00371,SWIMMING_POOL
A001460,P00371,GYM
A001461,P00372,GYM
A001462,P00372,PARKING
A001463,P00372,GARDEN
A001464,P00372,CLUBHOUSE
A001465,P00372,SECURITY
A001466,P00372,POWER_BACKUP
A001467,P00373,WIFI
A001468,P00373,CLUBHOUSE
A001469,P00373,LIFT
A001470,P00373,GARDEN
A001471,P00373,SWIMMING_POOL
A001472,P00373,PARKING
A001473,P00374,WIFI
A001474,P00374,GYM
A001475,P00375,CLUBHOUSE
A001476,P00375,SWIMMING_POOL
A001477,P00375,POWER_BACKUP
A001478,P00375,WIFI
A001479,P00375,SECURITY
A001480,P00375,PARKING
A001481,P00376,WIFI
A001482,P00376,CLUBHOUSE
A001483,P00376,GARDEN
A001484,P00376,SWIMMING_POOL
A001485,P00376,GYM
A001486,P00376,PARKING
A001487,P00377,SWIMMING_POOL
A001488,P00377,WIFI
A001489,P00377,GYM
A001490,P00378,AIR_CONDITIONING
A001491,P00378,GARDEN
A001492,P00378,POWER_BACKUP
A001493,P00378,WIFI
A001494,P00378,LIFT
A001495,P00378,CLUBHOUSE
A001496,P00379,AIR_CONDITIONING
A001497,P00379,POWER_BACKUP
A001498,P00379,CLUBHOUSE
A001499,P00379,SWIMMING_POOL
A001500,P00379,LIFT
A001501,P00380,SWIMMING_POOL
A001502,P00380,GYM
A001503,P00380,POWER_BACKUP
A001504,P00380,LIFT
A001505,P00380,AIR_CONDITIONING
A001506,P00381,SWIMMING_POOL
A001507,P00381,SECURITY
A001508,P00381,WIFI
A001509,P00381,GARDEN
A001510,P00381,GYM
A001511,P00382,SECURITY
A001512,P00382,CLUBHOUSE
A001513,P00382,GYM
A001514,P00382,PARKING
A001515,P00382,SWIMMING_POOL
A001516,P00383,SECURITY
A001517,P00383,CLUBHOUSE
A001518,P00383,AIR_CONDITIONING
A001519,P00384,CLUBHOUSE
A001520,P00384,SWIMMING_POOL
A001521,P00384,PARKING
A001522,P00384,GYM
A001523,P00385,GARDEN
A001524,P00385,SECURITY
A001525,P00385,AIR_CONDITIONING
A001526,P00385,POWER_BACKUP
A001527,P00385,LIFT
A001528,P00385,SWIMMING_POOL
A001529,P00386,SWIMMING_POOL
A001530,P00386,POWER_BACKUP
A001531,P00386,AIR_CONDITIONING
A001532,P00387,GARDEN
A001533,P00387,SWIMMING_POOL
A001534,P00387,GYM
A001535,P00387,PARKING
A001536,P00387,CLUBHOUSE
A001537,P00388,SWIMMING_POOL
A001538,P00388,LIFT
A001539,P00388,SECURITY
A001540,P00389,PARKING
A001541,P00389,SECURITY
A001542,P00389,WIFI
A001543,P00389,AIR_CONDITIONING
A001544,P00390,POWER_BACKUP
A001545,P00390,PARKING
A001546,P00390,GYM
A001547,P00390,LIFT
A001548,P00390,SECURITY
A001549,P00390,WIFI
A001550,P00391,CLUBHOUSE
A001551,P00391,LIFT
A001552,P00392,PARKING
A001553,P00392,CLUBHOUSE
A001554,P00392,LIFT
A001555,P00392,GARDEN
A001556,P00392,SECURITY
A001557,P00393,GYM
A001558,P00393,AIR_CONDITIONING
A001559,P00393,CLUBHOUSE
A001560,P00394,LIFT
A001561,P00394,GYM
A001562,P00394,CLUBHOUSE
A001563,P00394,SECURITY
A001564,P00394,POWER_BACKUP
A001565,P00395,SECURITY
A001566,P00395,SWIMMING_POOL
A001567,P00396,POWER_BACKUP
A001568,P00396,WIFI
A001569,P00396,PARKING
A001570,P00397,POWER_BACKUP
A001571,P00397,SECURITY
A001572,P00397,SWIMMING_POOL
A001573,P00397,AIR_CONDITIONING
A001574,P00398,PARKING
A001575,P00398,POWER_BACKUP
A001576,P00398,SWIMMING_POOL
A001577,P00398,AIR_CONDITIONING
A001578,P00399,GARDEN
A001579,P00399,LIFT
A001580,P00400,SECURITY
A001581,P00400,GARDEN
A001582,P00400,WIFI
A001583,P00400,SWIMMING_POOL
A001584,P00400,CLUBHOUSE
A001585,P00400,GYM
A001586,P00401,GYM
A001587,P00401,WIFI
A001588,P00401,LIFT
A001589,P00401,SWIMMING_POOL
A001590,P00402,WIFI
A001591,P00402,GARDEN
A001592,P00403,GYM
A001593,P00403,GARDEN
A001594,P00404,WIFI
A001595,P00404,SWIMMING_POOL
A001596,P00404,SECURITY
A001597,P00404,AIR_CONDITIONING
A001598,P00404,LIFT
A001599,P00405,AIR_CONDITIONING
A001600,P00405,GYM
A001601,P00406,AIR_CONDITIONING
A001602,P00406,SWIMMING_POOL
A001603,P00406,SECURITY
A001604,P00406,WIFI
A001605,P00406,PARKING
A001606,P00406,POWER_BACKUP
A001607,P00407,GYM
A001608,P00407,AIR_CONDITIONING
A001609,P00407,WIFI
A001610,P00407,SWIMMING_POOL
A001611,P00407,PARKING
A001612,P00407,POWER_BACKUP
A001613,P00408,CLUBHOUSE
A001614,P00408,SWIMMING_POOL
A001615,P00408,PARKING
A001616,P00408,WIFI
A001617,P00409,PARKING
A001618,P00409,SECURITY
A001619,P00409,LIFT
A001620,P00409,WIFI
A001621,P00410,SECURITY
A001622,P00410,SWIMMING_POOL
A001623,P00411,SWIMMING_POOL
A001624,P00411,WIFI
A001625,P00411,CLUBHOUSE
A001626,P00411,SECURITY
A001627,P00412,CLUBHOUSE
A001628,P00412,PARKING
A001629,P00412,GARDEN
A001630,P00412,POWER_BACKUP
A001631,P00412,WIFI
A001632,P00412,LIFT
A001633,P00413,LIFT
A001634,P00413,SWIMMING_POOL
A001635,P00414,SECURITY
A001636,P00414,CLUBHOUSE
A001637,P00414,PARKING
A001638,P00415,POWER_BACKUP
A001639,P00415,SECURITY
A001640,P00416,SECURITY
A001641,P00416,WIFI
A001642,P00416,POWER_BACKUP
A001643,P00417,SECURITY
A001644,P00417,GYM
A001645,P00417,CLUBHOUSE
A001646,P00417,AIR_CONDITIONING
A001647,P00417,PARKING
A001648,P00418,LIFT
A001649,P00418,SWIMMING_POOL
A001650,P00419,CLUBHOUSE
A001651,P00419,GYM
A001652,P00419,WIFI
A001653,P00419,GARDEN
A001654,P00420,PARKING
A001655,P00420,AIR_CONDITIONING
A001656,P00420,POWER_BACKUP
A001657,P00420,GARDEN
A001658,P00420,GYM
A001659,P00420,CLUBHOUSE
A001660,P00421,GARDEN
A001661,P00421,POWER_BACKUP
A001662,P00422,GYM
A001663,P00422,SWIMMING_POOL
A001664,P00422,PARKING
A001665,P00422,SECURITY
A001666,P00422,POWER_BACKUP
A001667,P00422,AIR_CONDITIONING
A001668,P00423,GYM
A001669,P00423,PARKING
A001670,P00423,WIFI
A001671,P00424,POWER_BACKUP
A001672,P00424,SECURITY
A001673,P00424,PARKING
A001674,P00424,CLUBHOUSE
A001675,P00424,LIFT
A001676,P00425,WIFI
A001677,P00425,GYM
A001678,P00425,GARDEN
A001679,P00425,AIR_CONDITIONING
A001680,P00425,PARKING
A001681,P00425,SWIMMING_POOL
A001682,P00426,LIFT
A001683,P00426,GYM
A001684,P00427,GYM
A001685,P00427,AIR_CONDITIONING
A001686,P00427,CLUBHOUSE
A001687,P00427,SWIMMING_POOL
A001688,P00428,WIFI
A001689,P00428,GYM
A001690,P00428,CLUBHOUSE
A001691,P00428,POWER_BACKUP
A001692,P00428,PARKING
A001693,P00428,AIR_CONDITIONING
A001694,P00429,GARDEN
A001695,P00429,CLUBHOUSE
A001696,P00429,AIR_CONDITIONING
A001697,P00430,GARDEN
A001698,P00430,WIFI
A001699,P00430,LIFT
A001700,P00430,AIR_CONDITIONING
A001701,P00430,SECURITY
A001702,P00430,GYM
A001703,P00431,CLUBHOUSE
A001704,P00431,GYM
A001705,P00431,AIR_CONDITIONING
A001706,P00431,SECURITY
A001707,P00432,AIR_CONDITIONING
A001708,P00432,LIFT
A001709,P00432,PARKING
A001710,P00432,SECURITY
A001711,P00433,WIFI
A001712,P00433,AIR_CONDITIONING
A001713,P00433,SECURITY
A001714,P00433,SWIMMING_POOL
A001715,P00433,PARKING
A001716,P00434,SECURITY
A001717,P00434,LIFT
A001718,P00434,PARKING
A001719,P00434,POWER_BACKUP
A001720,P00435,GYM
A001721,P00435,GARDEN
A001722,P00435,POWER_BACKUP
A001723,P00436,AIR_CONDITIONING
A001724,P00436,PARKING
A001725,P00436,GYM
A001726,P00436,SWIMMING_POOL
A001727,P00436,SECURITY
A001728,P00437,AIR_CONDITIONING
A001729,P00437,CLUBHOUSE
A001730,P00437,GARDEN
A001731,P00437,LIFT
A001732,P00437,SECURITY
A001733,P00438,POWER_BACKUP
A001734,P00438,GARDEN
A001735,P00438,LIFT
A001736,P00439,WIFI
A001737,P00439,LIFT
A001738,P00439,GARDEN
A001739,P00439,CLUBHOUSE
A001740,P00440,GARDEN
A001741,P00440,POWER_BACKUP
A001742,P00440,LIFT
A001743,P00440,CLUBHOUSE
A001744,P00440,GYM
A001745,P00440,WIFI
A001746,P00441,AIR_CONDITIONING
A001747,P00441,PARKING
A001748,P00441,CLUBHOUSE
A001749,P00441,GYM
A001750,P00441,WIFI
A001751,P00442,WIFI
A001752,P00442,POWER_BACKUP
A001753,P00442,CLUBHOUSE
A001754,P00442,PARKING
A001755,P00442,AIR_CONDITIONING
A001756,P00443,GARDEN
A001757,P00443,LIFT
A001758,P00444,GYM
A001759,P00444,WIFI
A001760,P00445,POWER_BACKUP
A001761,P00445,AIR_CONDITIONING
A001762,P00445,LIFT
A001763,P00445,CLUBHOUSE
A001764,P00445,WIFI
A001765,P00445,SECURITY
A001766,P00446,SECURITY
A001767,P00446,PARKING
A001768,P00446,AIR_CONDITIONING
A001769,P00446,CLUBHOUSE
A001770,P00446,LIFT
A001771,P00447,POWER_BACKUP
A001772,P00447,WIFI
A001773,P00447,PARKING
A001774,P00447,CLUBHOUSE
A001775,P00448,WIFI
A001776,P00448,AIR_CONDITIONING
A001777,P00448,GYM
A001778,P00448,LIFT
A001779,P00448,CLUBHOUSE
A001780,P00448,POWER_BACKUP
A001781,P00449,POWER_BACKUP
A001782,P00449,SWIMMING_POOL
A001783,P00450,AIR_CONDITIONING
A001784,P00450,GYM
A001785,P00451,SWIMMING_POOL
A001786,P00451,LIFT
A001787,P00452,WIFI
A001788,P00452,GYM
A001789,P00452,GARDEN
A001790,P00452,CLUBHOUSE
A001791,P00452,LIFT
A001792,P00453,PARKING
A001793,P00453,POWER_BACKUP
A001794,P00454,GYM
A001795,P00454,LIFT
A001796,P00454,SWIMMING_POOL
A001797,P00454,POWER_BACKUP
A001798,P00454,SECURITY
A001799,P00454,AIR_CONDITIONING
A001800,P00455,CLUBHOUSE
A001801,P00455,AIR_CONDITIONING
A001802,P00456,AIR_CONDITIONING
A001803,P00456,SWIMMING_POOL
A001804,P00456,GYM
A001805,P00457,CLUBHOUSE
A001806,P00457,POWER_BACKUP
A001807,P00458,CLUBHOUSE
A001808,P00458,PARKING
A001809,P00459,LIFT
A001810,P00459,SWIMMING_POOL
A001811,P00459,GARDEN
A001812,P00459,SECURITY
A001813,P00460,PARKING
A001814,P00460,AIR_CONDITIONING
A001815,P00461,SWIMMING_POOL
A001816,P00461,POWER_BACKUP
A001817,P00461,PARKING
A001818,P00461,GARDEN
A001819,P00461,AIR_CONDITIONING
A001820,P00461,WIFI
A001821,P00462,GYM
A001822,P00462,LIFT
A001823,P00463,GYM
A001824,P00463,GARDEN
A001825,P00463,AIR_CONDITIONING
A001826,P00464,LIFT
A001827,P00464,SWIMMING_POOL
A001828,P00464,CLUBHOUSE
A001829,P00464,AIR_CONDITIONING
A001830,P00464,GYM
A001831,P00465,GARDEN
A001832,P00465,CLUBHOUSE
A001833,P00466,POWER_BACKUP
A001834,P00466,SECURITY
A001835,P00466,SWIMMING_POOL
A001836,P00466,PARKING
A001837,P00467,LIFT
A001838,P00467,SECURITY
A001839,P00467,AIR_CONDITIONING
A001840,P00468,WIFI
A001841,P00468,GARDEN
A001842,P00468,GYM
A001843,P00468,LIFT
A001844,P00468,SECURITY
A001845,P00468,SWIMMING_POOL
A001846,P00469,SECURITY
A001847,P00469,GARDEN
A001848,P00469,WIFI
A001849,P00470,WIFI
A001850,P00470,LIFT
A001851,P00471,POWER_BACKUP
A001852,P00471,GARDEN
A001853,P00471,PARKING
A001854,P00472,PARKING
A001855,P00472,LIFT
A001856,P00472,SWIMMING_POOL
A001857,P00472,GARDEN
A001858,P00472,GYM
A001859,P00473,SWIMMING_POOL
A001860,P00473,AIR_CONDITIONING
A001861,P00473,WIFI
A001862,P00473,POWER_BACKUP
A001863,P00473,CLUBHOUSE
A001864,P00473,SECURITY
A001865,P00474,PARKING
A001866,P00474,LIFT
A001867,P00474,GARDEN
A001868,P00474,GYM
A001869,P00475,AIR_CONDITIONING
A001870,P00475,SWIMMING_POOL
A001871,P00476,LIFT
A001872,P00476,AIR_CONDITIONING
A001873,P00476,SECURITY
A001874,P00476,PARKING
A001875,P00477,AIR_CONDITIONING
A001876,P00477,PARKING
A001877,P00477,WIFI
A001878,P00478,AIR_CONDITIONING
A001879,P00478,PARKING
A001880,P00478,LIFT
A001881,P00479,POWER_BACKUP
A001882,P00479,GARDEN
A001883,P00480,POWER_BACKUP
A001884,P00480,AIR_CONDITIONING
A001885,P00480,WIFI
A001886,P00480,GYM
A001887,P00480,SECURITY
A001888,P00480,LIFT
A001889,P00481,POWER_BACKUP
A001890,P00481,PARKING
A001891,P00481,SWIMMING_POOL
A001892,P00481,SECURITY
A001893,P00481,AIR_CONDITIONING
A001894,P00482,SECURITY
A001895,P00482,PARKING
A001896,P00482,SWIMMING_POOL
A001897,P00482,GYM
A001898,P00482,CLUBHOUSE
A001899,P00483,PARKING
A001900,P00483,LIFT
A001901,P00483,CLUBHOUSE
A001902,P00483,AIR_CONDITIONING
A001903,P00483,GARDEN
A001904,P00484,GYM
A001905,P00484,PARKING
A001906,P00484,SECURITY
A001907,P00484,AIR_CONDITIONING
A001908,P00485,GYM
A001909,P00485,GARDEN
A001910,P00485,SWIMMING_POOL
A001911,P00485,SECURITY
A001912,P00485,AIR_CONDITIONING
A001913,P00486,GYM
A001914,P00486,LIFT
A001915,P00486,SECURITY
A001916,P00487,GYM
A001917,P00487,PARKING
A001918,P00487,SWIMMING_POOL
A001919,P00487,CLUBHOUSE
A001920,P00487,GARDEN
A001921,P00487,WIFI
A001922,P00488,PARKING
A001923,P00488,POWER_BACKUP
A001924,P00489,PARKING
A001925,P00489,CLUBHOUSE
A001926,P00489,POWER_BACKUP
A001927,P00490,LIFT
A001928,P00490,SWIMMING_POOL
A001929,P00490,POWER_BACKUP
A001930,P00490,GYM
A001931,P00490,PARKING
A001932,P00491,PARKING
A001933,P00491,GARDEN
A001934,P00491,GYM
A001935,P00491,AIR_CONDITIONING
A001936,P00491,POWER_BACKUP
A001937,P00492,SECURITY
A001938,P00492,GYM
A001939,P00493,WIFI
A001940,P00493,POWER_BACKUP
A001941,P00493,CLUBHOUSE
A001942,P00493,PARKING
A001943,P00494,GYM
A001944,P00494,LIFT
A001945,P00494,CLUBHOUSE
A001946,P00494,AIR_CONDITIONING
A001947,P00495,SECURITY
A001948,P00495,LIFT
A001949,P00495,SWIMMING_POOL
A001950,P00495,GARDEN
A001951,P00495,POWER_BACKUP
A001952,P00495,AIR_CONDITIONING
A001953,P00496,CLUBHOUSE
A001954,P00496,SECURITY
A001955,P00496,GARDEN
A001956,P00497,SWIMMING_POOL
A001957,P00497,SECURITY
A001958,P00497,PARKING
A001959,P00497,CLUBHOUSE
A001960,P00497,GARDEN
A001961,P00498,SWIMMING_POOL
A001962,P00498,POWER_BACKUP
A001963,P00498,SECURITY
A001964,P00499,SECURITY
A001965,P00499,WIFI
A001966,P00499,CLUBHOUSE
A001967,P00499,POWER_BACKUP
A001968,P00499,LIFT
A001969,P00499,SWIMMING_POOL
A001970,P00500,GYM
A001971,P00500,GARDEN
A001972,P00500,SECURITY
A001973,P00500,POWER_BACKUP
A001974,P00500,WIFI
A001975,P00501,SECURITY
A001976,P00501,WIFI
A001977,P00502,GYM
A001978,P00502,WIFI
A001979,P00502,PARKING
A001980,P00502,SWIMMING_POOL
A001981,P00503,LIFT
A001982,P00503,GARDEN
A001983,P00503,GYM
A001984,P00504,LIFT
A001985,P00504,GYM
A001986,P00504,SWIMMING_POOL
A001987,P00504,POWER_BACKUP
A001988,P00505,AIR_CONDITIONING
A001989,P00505,SWIMMING_POOL
A001990,P00505,LIFT
A001991,P00505,PARKING
A001992,P00506,CLUBHOUSE
A001993,P00506,SWIMMING_POOL
A001994,P00506,LIFT
A001995,P00507,LIFT
A001996,P00507,SECURITY
A001997,P00507,CLUBHOUSE
A001998,P00507,POWER_BACKUP
A001999,P00507,GARDEN
A002000,P00507,PARKING
A002001,P00508,GYM
A002002,P00508,POWER_BACKUP
A002003,P00508,CLUBHOUSE
A002004,P00508,WIFI
A002005,P00508,LIFT
A002006,P00508,SECURITY
A002007,P00509,PARKING
A002008,P00509,POWER_BACKUP
A002009,P00509,GARDEN
A002010,P00509,LIFT
A002011,P00509,SWIMMING_POOL
A002012,P00510,GYM
A002013,P00510,LIFT
A002014,P00510,AIR_CONDITIONING
A002015,P00510,SWIMMING_POOL
A002016,P00511,GARDEN
A002017,P00511,CLUBHOUSE
A002018,P00511,WIFI
A002019,P00512,POWER_BACKUP
A002020,P00512,LIFT
A002021,P00512,AIR_CONDITIONING
A002022,P00512,WIFI
A002023,P00512,GARDEN
A002024,P00512,SWIMMING_POOL
A002025,P00513,CLUBHOUSE
A002026,P00513,GYM
A002027,P00513,SWIMMING_POOL
A002028,P00513,GARDEN
A002029,P00514,SECURITY
A002030,P00514,AIR_CONDITIONING
A002031,P00514,POWER_BACKUP
A002032,P00514,GARDEN
A002033,P00514,SWIMMING_POOL
A002034,P00515,CLUBHOUSE
A002035,P00515,LIFT
A002036,P00516,WIFI
A002037,P00516,GARDEN
A002038,P00516,GYM
A002039,P00517,SECURITY
A002040,P00517,AIR_CONDITIONING
A002041,P00518,PARKING
A002042,P00518,POWER_BACKUP
A002043,P00518,GARDEN
A002044,P00518,SECURITY
A002045,P00518,WIFI
A002046,P00519,SECURITY
A002047,P00519,LIFT
A002048,P00519,WIFI
A002049,P00520,GARDEN
A002050,P00520,AIR_CONDITIONING
A002051,P00520,WIFI
A002052,P00521,SWIMMING_POOL
A002053,P00521,GARDEN
A002054,P00521,SECURITY
A002055,P00521,PARKING
A002056,P00521,CLUBHOUSE
A002057,P00522,SECURITY
A002058,P00522,GARDEN
A002059,P00522,GYM
A002060,P00522,LIFT
A002061,P00522,WIFI
A002062,P00522,CLUBHOUSE
A002063,P00523,GYM
A002064,P00523,WIFI
A002065,P00524,POWER_BACKUP
A002066,P00524,SECURITY
A002067,P00524,LIFT
A002068,P00524,CLUBHOUSE
A002069,P00524,SWIMMING_POOL
A002070,P00524,GARDEN
A002071,P00525,POWER_BACKUP
A002072,P00525,WIFI
A002073,P00525,LIFT
A002074,P00526,LIFT
A002075,P00526,SWIMMING_POOL
A002076,P00526,WIFI
A002077,P00527,CLUBHOUSE
A002078,P00527,SECURITY
A002079,P00527,POWER_BACKUP
A002080,P00527,WIFI
A002081,P00527,GARDEN
A002082,P00528,POWER_BACKUP
A002083,P00528,GYM
A002084,P00528,WIFI
A002085,P00528,SWIMMING_POOL
A002086,P00529,CLUBHOUSE
A002087,P00529,WIFI
A002088,P00529,POWER_BACKUP
A002089,P00530,CLUBHOUSE
A002090,P00530,PARKING
A002091,P00530,SWIMMING_POOL
A002092,P00530,LIFT
A002093,P00531,GARDEN
A002094,P00531,SECURITY
A002095,P00531,AIR_CONDITIONING
A002096,P00531,CLUBHOUSE
A002097,P00532,AIR_CONDITIONING
A002098,P00532,CLUBHOUSE
A002099,P00532,SECURITY
A002100,P00533,AIR_CONDITIONING
A002101,P00533,SECURITY
A002102,P00533,CLUBHOUSE
A002103,P00533,WIFI
A002104,P00533,PARKING
A002105,P00534,CLUBHOUSE
A002106,P00534,PARKING
A002107,P00534,AIR_CONDITIONING
A002108,P00534,GARDEN
A002109,P00535,GARDEN
A002110,P00535,WIFI
A002111,P00535,PARKING
A002112,P00535,GYM
A002113,P00535,SWIMMING_POOL
A002114,P00535,LIFT
A002115,P00536,GARDEN
A002116,P00536,PARKING
A002117,P00537,CLUBHOUSE
A002118,P00537,PARKING
A002119,P00537,WIFI
A002120,P00537,AIR_CONDITIONING
A002121,P00537,SWIMMING_POOL
A002122,P00538,PARKING
A002123,P00538,CLUBHOUSE
A002124,P00538,LIFT
A002125,P00538,GARDEN
A002126,P00538,SECURITY
A002127,P00539,GYM
A002128,P00539,GARDEN
A002129,P00539,SWIMMING_POOL
A002130,P00539,SECURITY
A002131,P00539,CLUBHOUSE
A002132,P00539,PARKING
A002133,P00540,CLUBHOUSE
A002134,P00540,WIFI
A002135,P00540,AIR_CONDITIONING
A002136,P00540,GARDEN
A002137,P00541,SWIMMING_POOL
A002138,P00541,LIFT
A002139,P00541,CLUBHOUSE
A002140,P00541,GYM
A002141,P00542,SWIMMING_POOL
A002142,P00542,CLUBHOUSE
A002143,P00542,AIR_CONDITIONING
A002144,P00542,PARKING
A002145,P00543,AIR_CONDITIONING
A002146,P00543,SWIMMING_POOL
A002147,P00543,GARDEN
A002148,P00544,GYM
A002149,P00544,SWIMMING_POOL
A002150,P00544,PARKING
A002151,P00544,AIR_CONDITIONING
A002152,P00544,LIFT
A002153,P00545,CLUBHOUSE
A002154,P00545,SWIMMING_POOL
A002155,P00545,SECURITY
A002156,P00545,LIFT
A002157,P00545,AIR_CONDITIONING
A002158,P00545,POWER_BACKUP
A002159,P00546,GYM
A002160,P00546,SECURITY
A002161,P00546,SWIMMING_POOL
A002162,P00546,WIFI
A002163,P00546,PARKING
A002164,P00547,SECURITY
A002165,P00547,GARDEN
A002166,P00547,POWER_BACKUP
A002167,P00547,WIFI
A002168,P00547,AIR_CONDITIONING
A002169,P00548,GARDEN
A002170,P00548,AIR_CONDITIONING
A002171,P00548,GYM
A002172,P00548,SWIMMING_POOL
A002173,P00548,CLUBHOUSE
A002174,P00549,GARDEN
A002175,P00549,POWER_BACKUP
A002176,P00549,WIFI
A002177,P00549,GYM
A002178,P00549,PARKING
A002179,P00549,AIR_CONDITIONING
A002180,P00550,PARKING
A002181,P00550,GARDEN
A002182,P00551,GARDEN
A002183,P00551,GYM
A002184,P00551,POWER_BACKUP
A002185,P00552,GYM
A002186,P00552,AIR_CONDITIONING
A002187,P00552,SECURITY
A002188,P00553,WIFI
A002189,P00553,GARDEN
A002190,P00553,POWER_BACKUP
A002191,P00553,PARKING
A002192,P00554,PARKING
A002193,P00554,SECURITY
A002194,P00554,LIFT
A002195,P00554,GYM
A002196,P00554,GARDEN
A002197,P00555,SWIMMING_POOL
A002198,P00555,POWER_BACKUP
A002199,P00555,AIR_CONDITIONING
A002200,P00555,WIFI
A002201,P00556,GYM
A002202,P00556,GARDEN
A002203,P00557,GARDEN
A002204,P00557,SWIMMING_POOL
A002205,P00557,WIFI
A002206,P00558,WIFI
A002207,P00558,CLUBHOUSE
A002208,P00558,LIFT
A002209,P00558,GYM
A002210,P00559,SECURITY
A002211,P00559,POWER_BACKUP
A002212,P00560,SECURITY
A002213,P00560,PARKING
A002214,P00560,LIFT
A002215,P00560,WIFI
A002216,P00560,AIR_CONDITIONING
A002217,P00561,GYM
A002218,P00561,LIFT
A002219,P00561,AIR_CONDITIONING
A002220,P00561,GARDEN
A002221,P00561,POWER_BACKUP
A002222,P00561,CLUBHOUSE
A002223,P00562,PARKING
A002224,P00562,GARDEN
A002225,P00563,WIFI
A002226,P00563,GYM
A002227,P00563,CLUBHOUSE
A002228,P00564,LIFT
A002229,P00564,GYM
A002230,P00564,CLUBHOUSE
A002231,P00564,WIFI
A002232,P00564,PARKING
A002233,P00565,LIFT
A002234,P00565,GYM
A002235,P00565,GARDEN
A002236,P00565,POWER_BACKUP
A002237,P00565,CLUBHOUSE
A002238,P00565,PARKING
A002239,P00566,GYM
A002240,P00566,WIFI
A002241,P00566,SWIMMING_POOL
A002242,P00566,GARDEN
A002243,P00566,PARKING
A002244,P00566,LIFT
A002245,P00567,AIR_CONDITIONING
A002246,P00567,GYM
A002247,P00567,PARKING
A002248,P00567,GARDEN
A002249,P00567,LIFT
A002250,P00567,POWER_BACKUP
A002251,P00568,AIR_CONDITIONING
A002252,P00568,SECURITY
A002253,P00568,PARKING
A002254,P00568,CLUBHOUSE
A002255,P00568,GYM
A002256,P00568,GARDEN
A002257,P00569,SWIMMING_POOL
A002258,P00569,GYM
A002259,P00569,AIR_CONDITIONING
A002260,P00569,LIFT
A002261,P00569,GARDEN
A002262,P00570,GARDEN
A002263,P00570,AIR_CONDITIONING
A002264,P00570,GYM
A002265,P00570,LIFT
A002266,P00571,AIR_CONDITIONING
A002267,P00571,CLUBHOUSE
A002268,P00571,GYM
A002269,P00571,LIFT
A002270,P00572,GARDEN
A002271,P00572,AIR_CONDITIONING
A002272,P00573,GYM
A002273,P00573,WIFI
A002274,P00573,GARDEN
A002275,P00573,CLUBHOUSE
A002276,P00573,SWIMMING_POOL
A002277,P00573,POWER_BACKUP
A002278,P00574,GARDEN
A002279,P00574,AIR_CONDITIONING
A002280,P00575,CLUBHOUSE
A002281,P00575,GYM
A002282,P00575,GARDEN
A002283,P00576,WIFI
A002284,P00576,GARDEN
A002285,P00576,SWIMMING_POOL
A002286,P00577,GARDEN
A002287,P00577,POWER_BACKUP
A002288,P00578,CLUBHOUSE
A002289,P00578,PARKING
A002290,P00579,SECURITY
A002291,P00579,AIR_CONDITIONING
A002292,P00579,SWIMMING_POOL
A002293,P00579,WIFI
A002294,P00580,PARKING
A002295,P00580,CLUBHOUSE
A002296,P00580,SWIMMING_POOL
A002297,P00580,SECURITY
A002298,P00580,WIFI
A002299,P00581,POWER_BACKUP
A002300,P00581,PARKING
A002301,P00581,SECURITY
A002302,P00582,CLUBHOUSE
A002303,P00582,AIR_CONDITIONING
A002304,P00582,GARDEN
A002305,P00583,POWER_BACKUP
A002306,P00583,AIR_CONDITIONING
A002307,P00583,GARDEN
A002308,P00583,WIFI
A002309,P00583,CLUBHOUSE
A002310,P00583,LIFT
A002311,P00584,AIR_CONDITIONING
A002312,P00584,SWIMMING_POOL
A002313,P00584,GYM
A002314,P00584,CLUBHOUSE
A002315,P00584,WIFI
A002316,P00585,GYM
A002317,P00585,WIFI
A002318,P00586,SECURITY
A002319,P00586,GARDEN
A002320,P00586,WIFI
A002321,P00587,POWER_BACKUP
A002322,P00587,AIR_CONDITIONING
A002323,P00587,GYM
A002324,P00587,WIFI
A002325,P00587,CLUBHOUSE
A002326,P00587,GARDEN
A002327,P00588,SWIMMING_POOL
A002328,P00588,PARKING
A002329,P00588,GARDEN
A002330,P00588,AIR_CONDITIONING
A002331,P00588,GYM
A002332,P00589,SECURITY
A002333,P00589,GYM
A002334,P00589,GARDEN
A002335,P00590,LIFT
A002336,P00590,GYM
A002337,P00590,SECURITY
A002338,P00590,POWER_BACKUP
A002339,P00590,SWIMMING_POOL
A002340,P00591,SECURITY
A002341,P00591,AIR_CONDITIONING
A002342,P00591,GARDEN
A002343,P00591,CLUBHOUSE
A002344,P00591,GYM
A002345,P00592,SECURITY
A002346,P00592,GYM
A002347,P00592,PARKING
A002348,P00592,POWER_BACKUP
A002349,P00592,CLUBHOUSE
A002350,P00593,GYM
A002351,P00593,AIR_CONDITIONING
A002352,P00594,GYM
A002353,P00594,WIFI
A002354,P00594,PARKING
A002355,P00594,LIFT
A002356,P00594,GARDEN
A002357,P00595,LIFT
A002358,P00595,WIFI
A002359,P00596,LIFT
A002360,P00596,SECURITY
A002361,P00596,WIFI
A002362,P00596,PARKING
A002363,P00597,GYM
A002364,P00597,WIFI
A002365,P00597,POWER_BACKUP
A002366,P00597,GARDEN
A002367,P00597,SECURITY
A002368,P00597,CLUBHOUSE
A002369,P00598,AIR_CONDITIONING
A002370,P00598,PARKING
A002371,P00599,SECURITY
A002372,P00599,PARKING
A002373,P00599,POWER_BACKUP
A002374,P00600,CLUBHOUSE
A002375,P00600,PARKING
A002376,P00600,SECURITY
A002377,P00601,WIFI
A002378,P00601,PARKING
A002379,P00601,GARDEN
A002380,P00601,POWER_BACKUP
A002381,P00601,CLUBHOUSE
A002382,P00602,CLUBHOUSE
A002383,P00602,AIR_CONDITIONING
A002384,P00602,SECURITY
A002385,P00602,LIFT
A002386,P00602,SWIMMING_POOL
A002387,P00603,SECURITY
A002388,P00603,POWER_BACKUP
A002389,P00603,PARKING
A002390,P00604,POWER_BACKUP
A002391,P00604,SWIMMING_POOL
A002392,P00604,WIFI
A002393,P00604,LIFT
A002394,P00604,GARDEN
A002395,P00604,GYM
A002396,P00605,PARKING
A002397,P00605,AIR_CONDITIONING
A002398,P00605,GARDEN
A002399,P00605,LIFT
A002400,P00605,GYM
A002401,P00606,SECURITY
A002402,P00606,GYM
A002403,P00606,PARKING
A002404,P00606,GARDEN
A002405,P00607,LIFT
A002406,P00607,WIFI
A002407,P00608,GYM
A002408,P00608,SECURITY
A002409,P00608,PARKING
A002410,P00608,GARDEN
A002411,P00609,SECURITY
A002412,P00609,AIR_CONDITIONING
A002413,P00610,WIFI
A002414,P00610,PARKING
A002415,P00611,WIFI
A002416,P00611,CLUBHOUSE
A002417,P00611,AIR_CONDITIONING
A002418,P00611,GYM
A002419,P00611,SWIMMING_POOL
A002420,P00612,AIR_CONDITIONING
A002421,P00612,CLUBHOUSE
A002422,P00612,GARDEN
A002423,P00612,SECURITY
A002424,P00612,GYM
A002425,P00612,WIFI
A002426,P00613,WIFI
A002427,P00613,AIR_CONDITIONING
A002428,P00613,GARDEN
A002429,P00613,CLUBHOUSE
A002430,P00614,GARDEN
A002431,P00614,LIFT
A002432,P00614,WIFI
A002433,P00614,AIR_CONDITIONING
A002434,P00614,SECURITY
A002435,P00614,GYM
A002436,P00615,GYM
A002437,P00615,WIFI
A002438,P00615,PARKING
A002439,P00615,AIR_CONDITIONING
A002440,P00615,LIFT
A002441,P00615,POWER_BACKUP
A002442,P00616,WIFI
A002443,P00616,POWER_BACKUP
A002444,P00616,CLUBHOUSE
A002445,P00617,AIR_CONDITIONING
A002446,P00617,POWER_BACKUP
A002447,P00617,PARKING
A002448,P00617,GARDEN
A002449,P00617,SECURITY
A002450,P00618,PARKING
A002451,P00618,AIR_CONDITIONING
A002452,P00619,POWER_BACKUP
A002453,P00619,SECURITY
A002454,P00619,LIFT
A002455,P00620,SWIMMING_POOL
A002456,P00620,WIFI
A002457,P00620,GARDEN
A002458,P00620,PARKING
A002459,P00620,LIFT
A002460,P00621,LIFT
A002461,P00621,POWER_BACKUP
A002462,P00621,GARDEN
A002463,P00621,SECURITY
A002464,P00622,GARDEN
A002465,P00622,SECURITY
A002466,P00622,LIFT
A002467,P00623,GARDEN
A002468,P00623,POWER_BACKUP
A002469,P00623,CLUBHOUSE
A002470,P00623,SWIMMING_POOL
A002471,P00623,GYM
A002472,P00624,SWIMMING_POOL
A002473,P00624,CLUBHOUSE
A002474,P00624,POWER_BACKUP
A002475,P00624,WIFI
A002476,P00624,AIR_CONDITIONING
A002477,P00625,LIFT
A002478,P00625,GARDEN
A002479,P00625,AIR_CONDITIONING
A002480,P00625,WIFI
A002481,P00626,SWIMMING_POOL
A002482,P00626,GYM
A002483,P00626,POWER_BACKUP
A002484,P00626,PARKING
A002485,P00626,AIR_CONDITIONING
A002486,P00626,SECURITY
A002487,P00627,POWER_BACKUP
A002488,P00627,PARKING
A002489,P00627,CLUBHOUSE
A002490,P00627,LIFT
A002491,P00628,CLUBHOUSE
A002492,P00628,LIFT
A002493,P00628,GYM
A002494,P00628,POWER_BACKUP
A002495,P00628,WIFI
A002496,P00628,PARKING
A002497,P00629,WIFI
A002498,P00629,GYM
A002499,P00629,AIR_CONDITIONING
A002500,P00630,POWER_BACKUP
A002501,P00630,GARDEN
A002502,P00630,PARKING
A002503,P00631,GYM
A002504,P00631,WIFI
A002505,P00631,AIR_CONDITIONING
A002506,P00631,CLUBHOUSE
A002507,P00631,LIFT
A002508,P00632,SWIMMING_POOL
A002509,P00632,SECURITY
A002510,P00632,GYM
A002511,P00632,POWER_BACKUP
A002512,P00632,LIFT
A002513,P00633,AIR_CONDITIONING
A002514,P00633,LIFT
A002515,P00634,WIFI
A002516,P00634,SWIMMING_POOL
A002517,P00635,CLUBHOUSE
A002518,P00635,WIFI
A002519,P00635,LIFT
A002520,P00635,GYM
A002521,P00635,AIR_CONDITIONING
A002522,P00635,SWIMMING_POOL
A002523,P00636,AIR_CONDITIONING
A002524,P00636,GYM
A002525,P00637,PARKING
A002526,P00637,LIFT
A002527,P00637,POWER_BACKUP
A002528,P00637,GYM
A002529,P00637,SWIMMING_POOL
A002530,P00638,SWIMMING_POOL
A002531,P00638,GARDEN
A002532,P00638,GYM
A002533,P00638,PARKING
A002534,P00638,WIFI
A002535,P00638,CLUBHOUSE
A002536,P00639,POWER_BACKUP
A002537,P00639,WIFI
A002538,P00639,SECURITY
A002539,P00639,PARKING
A002540,P00639,SWIMMING_POOL
A002541,P00640,AIR_CONDITIONING
A002542,P00640,CLUBHOUSE
A002543,P00640,GYM
A002544,P00641,CLUBHOUSE
A002545,P00641,AIR_CONDITIONING
A002546,P00641,GARDEN
A002547,P00641,WIFI
A002548,P00642,SWIMMING_POOL
A002549,P00642,POWER_BACKUP
A002550,P00643,WIFI
A002551,P00643,POWER_BACKUP
A002552,P00643,LIFT
A002553,P00643,GARDEN
A002554,P00643,SECURITY
A002555,P00643,PARKING
A002556,P00644,GARDEN
A002557,P00644,SECURITY
A002558,P00644,LIFT
A002559,P00644,GYM
A002560,P00645,SWIMMING_POOL
A002561,P00645,CLUBHOUSE
A002562,P00645,POWER_BACKUP
A002563,P00645,PARKING
A002564,P00645,GARDEN
A002565,P00645,GYM
A002566,P00646,SECURITY
A002567,P00646,WIFI
A002568,P00646,PARKING
A002569,P00647,CLUBHOUSE
A002570,P00647,WIFI
A002571,P00647,AIR_CONDITIONING
A002572,P00647,POWER_BACKUP
A002573,P00647,SECURITY
A002574,P00647,LIFT
A002575,P00648,GARDEN
A002576,P00648,GYM
A002577,P00648,SECURITY
A002578,P00648,PARKING
A002579,P00649,PARKING
A002580,P00649,LIFT
A002581,P00649,SECURITY
A002582,P00649,POWER_BACKUP
A002583,P00650,CLUBHOUSE
A002584,P00650,WIFI
A002585,P00650,GARDEN
A002586,P00651,GYM
A002587,P00651,GARDEN
A002588,P00651,PARKING
A002589,P00652,CLUBHOUSE
A002590,P00652,WIFI
A002591,P00652,SECURITY
A002592,P00653,CLUBHOUSE
A002593,P00653,GARDEN
A002594,P00653,POWER_BACKUP
A002595,P00653,AIR_CONDITIONING
A002596,P00653,SWIMMING_POOL
A002597,P00653,GYM
A002598,P00654,LIFT
A002599,P00654,PARKING
A002600,P00655,WIFI
A002601,P00655,SECURITY
A002602,P00655,LIFT
A002603,P00655,PARKING
A002604,P00656,WIFI
A002605,P00656,SWIMMING_POOL
A002606,P00657,SECURITY
A002607,P00657,POWER_BACKUP
A002608,P00657,GARDEN
A002609,P00657,CLUBHOUSE
A002610,P00657,GYM
A002611,P00658,GARDEN
A002612,P00658,WIFI
A002613,P00658,POWER_BACKUP
A002614,P00658,SWIMMING_POOL
A002615,P00658,LIFT
A002616,P00658,SECURITY
A002617,P00659,AIR_CONDITIONING
A002618,P00659,POWER_BACKUP
A002619,P00659,LIFT
A002620,P00659,WIFI
A002621,P00659,SECURITY
A002622,P00659,SWIMMING_POOL
A002623,P00660,SWIMMING_POOL
A002624,P00660,SECURITY
A002625,P00660,LIFT
A002626,P00661,SWIMMING_POOL
A002627,P00661,POWER_BACKUP
A002628,P00661,WIFI
A002629,P00661,GYM
A002630,P00661,SECURITY
A002631,P00661,PARKING
A002632,P00662,GYM
A002633,P00662,GARDEN
A002634,P00663,AIR_CONDITIONING
A002635,P00663,SWIMMING_POOL
A002636,P00663,CLUBHOUSE
A002637,P00664,PARKING
A002638,P00664,GYM
A002639,P00664,CLUBHOUSE
A002640,P00665,WIFI
A002641,P00665,PARKING
A002642,P00665,SECURITY
A002643,P00665,CLUBHOUSE
A002644,P00665,SWIMMING_POOL
A002645,P00665,POWER_BACKUP
A002646,P00666,GYM
A002647,P00666,SECURITY
A002648,P00666,AIR_CONDITIONING
A002649,P00666,PARKING
A002650,P00666,WIFI
A002651,P00666,GARDEN
A002652,P00667,POWER_BACKUP
A002653,P00667,GARDEN
A002654,P00668,WIFI
A002655,P00668,GARDEN
A002656,P00668,AIR_CONDITIONING
A002657,P00669,PARKING
A002658,P00669,GYM
A002659,P00669,SWIMMING_POOL
A002660,P00670,SWIMMING_POOL
A002661,P00670,GYM
A002662,P00670,POWER_BACKUP
A002663,P00671,AIR_CONDITIONING
A002664,P00671,LIFT
A002665,P00671,POWER_BACKUP
A002666,P00672,SECURITY
A002667,P00672,CLUBHOUSE
A002668,P00672,PARKING
A002669,P00673,LIFT
A002670,P00673,AIR_CONDITIONING
A002671,P00673,GYM
A002672,P00674,CLUBHOUSE
A002673,P00674,AIR_CONDITIONING
A002674,P00674,POWER_BACKUP
A002675,P00674,GYM
A002676,P00675,LIFT
A002677,P00675,PARKING
A002678,P00675,GYM
A002679,P00675,SECURITY
A002680,P00675,CLUBHOUSE
A002681,P00675,GARDEN
A002682,P00676,GYM
A002683,P00676,PARKING
A002684,P00676,WIFI
A002685,P00677,POWER_BACKUP
A002686,P00677,SECURITY
A002687,P00678,CLUBHOUSE
A002688,P00678,GARDEN
A002689,P00679,POWER_BACKUP
A002690,P00679,LIFT
A002691,P00679,GYM
A002692,P00679,SECURITY
A002693,P00679,AIR_CONDITIONING
A002694,P00679,CLUBHOUSE
A002695,P00680,SECURITY
A002696,P00680,LIFT
A002697,P00680,SWIMMING_POOL
A002698,P00681,LIFT
A002699,P00681,GYM
A002700,P00682,SECURITY
A002701,P00682,AIR_CONDITIONING
A002702,P00682,PARKING
A002703,P00682,GYM
A002704,P00682,CLUBHOUSE
A002705,P00682,SWIMMING_POOL
A002706,P00683,LIFT
A002707,P00683,PARKING
A002708,P00683,POWER_BACKUP
A002709,P00683,SECURITY
A002710,P00684,PARKING
A002711,P00684,GYM
A002712,P00684,POWER_BACKUP
A002713,P00684,SECURITY
A002714,P00685,LIFT
A002715,P00685,WIFI
A002716,P00685,CLUBHOUSE
A002717,P00685,POWER_BACKUP
A002718,P00685,PARKING
A002719,P00685,GARDEN
A002720,P00686,CLUBHOUSE
A002721,P00686,SWIMMING_POOL
A002722,P00686,GYM
A002723,P00686,POWER_BACKUP
A002724,P00686,SECURITY
A002725,P00686,AIR_CONDITIONING
A002726,P00687,SECURITY
A002727,P00687,SWIMMING_POOL
A002728,P00687,WIFI
A002729,P00687,PARKING
A002730,P00688,POWER_BACKUP
A002731,P00688,GARDEN
A002732,P00688,LIFT
A002733,P00689,SECURITY
A002734,P00689,AIR_CONDITIONING
A002735,P00689,LIFT
A002736,P00689,POWER_BACKUP
A002737,P00690,PARKING
A002738,P00690,WIFI
A002739,P00690,SWIMMING_POOL
A002740,P00691,POWER_BACKUP
A002741,P00691,PARKING
A002742,P00691,GARDEN
A002743,P00692,GYM
A002744,P00692,GARDEN
A002745,P00692,CLUBHOUSE
A002746,P00693,SWIMMING_POOL
A002747,P00693,WIFI
A002748,P00694,LIFT
A002749,P00694,CLUBHOUSE
A002750,P00694,GYM
A002751,P00695,GYM
A002752,P00695,SECURITY
A002753,P00696,SWIMMING_POOL
A002754,P00696,GARDEN
A002755,P00696,CLUBHOUSE
A002756,P00697,LIFT
A002757,P00697,WIFI
A002758,P00697,SECURITY
A002759,P00697,GYM
A002760,P00697,CLUBHOUSE
A002761,P00697,SWIMMING_POOL
A002762,P00698,GARDEN
A002763,P00698,SECURITY
A002764,P00698,CLUBHOUSE
A002765,P00699,GARDEN
A002766,P00699,PARKING
A002767,P00699,SWIMMING_POOL
A002768,P00699,SECURITY
A002769,P00699,CLUBHOUSE
A002770,P00699,AIR_CONDITIONING
A002771,P00700,WIFI
A002772,P00700,CLUBHOUSE
A002773,P00700,AIR_CONDITIONING
A002774,P00701,LIFT
A002775,P00701,AIR_CONDITIONING
A002776,P00701,SECURITY
A002777,P00701,POWER_BACKUP
A002778,P00702,GYM
A002779,P00702,GARDEN
A002780,P00702,SWIMMING_POOL
A002781,P00702,WIFI
A002782,P00703,GYM
A002783,P00703,SECURITY
A002784,P00703,WIFI
A002785,P00703,AIR_CONDITIONING
A002786,P00703,CLUBHOUSE
A002787,P00703,PARKING
A002788,P00704,CLUBHOUSE
A002789,P00704,LIFT
A002790,P00704,PARKING
A002791,P00704,GARDEN
A002792,P00704,SWIMMING_POOL
A002793,P00704,GYM
A002794,P00705,GYM
A002795,P00705,SWIMMING_POOL
A002796,P00705,SECURITY
A002797,P00705,WIFI
A002798,P00705,CLUBHOUSE
A002799,P00706,GARDEN
A002800,P00706,POWER_BACKUP
A002801,P00706,CLUBHOUSE
A002802,P00707,POWER_BACKUP
A002803,P00707,PARKING
A002804,P00708,GARDEN
A002805,P00708,GYM
A002806,P00708,SECURITY
A002807,P00708,POWER_BACKUP
A002808,P00709,POWER_BACKUP
A002809,P00709,SWIMMING_POOL
A002810,P00709,AIR_CONDITIONING
A002811,P00710,AIR_CONDITIONING
A002812,P00710,GYM
A002813,P00711,GYM
A002814,P00711,SWIMMING_POOL
A002815,P00711,PARKING
A002816,P00712,SECURITY
A002817,P00712,POWER_BACKUP
A002818,P00713,AIR_CONDITIONING
A002819,P00713,GYM
A002820,P00713,SECURITY
A002821,P00713,CLUBHOUSE
A002822,P00714,GYM
A002823,P00714,SECURITY
A002824,P00715,LIFT
A002825,P00715,AIR_CONDITIONING
A002826,P00715,CLUBHOUSE
A002827,P00715,WIFI
A002828,P00715,POWER_BACKUP
A002829,P00716,LIFT
A002830,P00716,WIFI
A002831,P00716,GYM
A002832,P00716,GARDEN
A002833,P00716,CLUBHOUSE
A002834,P00716,PARKING
A002835,P00717,AIR_CONDITIONING
A002836,P00717,POWER_BACKUP
A002837,P00718,SWIMMING_POOL
A002838,P00718,LIFT
A002839,P00718,AIR_CONDITIONING
A002840,P00719,GYM
A002841,P00719,PARKING
A002842,P00720,CLUBHOUSE
A002843,P00720,GYM
A002844,P00720,GARDEN
A002845,P00721,POWER_BACKUP
A002846,P00721,SWIMMING_POOL
A002847,P00721,SECURITY
A002848,P00721,GARDEN
A002849,P00722,POWER_BACKUP
A002850,P00722,WIFI
A002851,P00722,CLUBHOUSE
A002852,P00722,AIR_CONDITIONING
A002853,P00722,GYM
A002854,P00723,GARDEN
A002855,P00723,LIFT
A002856,P00723,WIFI
A002857,P00723,GYM
A002858,P00723,SWIMMING_POOL
A002859,P00723,CLUBHOUSE
A002860,P00724,GYM
A002861,P00724,GARDEN
A002862,P00724,PARKING
A002863,P00724,SWIMMING_POOL
A002864,P00724,WIFI
A002865,P00725,GYM
A002866,P00725,PARKING
A002867,P00725,GARDEN
A002868,P00725,SWIMMING_POOL
A002869,P00725,SECURITY
A002870,P00725,AIR_CONDITIONING
A002871,P00726,LIFT
A002872,P00726,SECURITY
A002873,P00727,SECURITY
A002874,P00727,POWER_BACKUP
A002875,P00727,PARKING
A002876,P00727,AIR_CONDITIONING
A002877,P00727,GYM
A002878,P00727,SWIMMING_POOL
A002879,P00728,PARKING
A002880,P00728,CLUBHOUSE
A002881,P00729,GYM
A002882,P00729,PARKING
A002883,P00729,SECURITY
A002884,P00729,POWER_BACKUP
A002885,P00729,GARDEN
A002886,P00730,AIR_CONDITIONING
A002887,P00730,CLUBHOUSE
A002888,P00730,SWIMMING_POOL
A002889,P00730,PARKING
A002890,P00730,POWER_BACKUP
A002891,P00731,PARKING
A002892,P00731,POWER_BACKUP
A002893,P00731,WIFI
A002894,P00731,LIFT
A002895,P00732,SECURITY
A002896,P00732,SWIMMING_POOL
A002897,P00732,WIFI
A002898,P00732,GYM
A002899,P00732,POWER_BACKUP
A002900,P00732,CLUBHOUSE
A002901,P00733,LIFT
A002902,P00733,CLUBHOUSE
A002903,P00733,AIR_CONDITIONING
A002904,P00733,SWIMMING_POOL
A002905,P00733,WIFI
A002906,P00733,PARKING
A002907,P00734,GARDEN
A002908,P00734,AIR_CONDITIONING
A002909,P00734,SECURITY
A002910,P00734,CLUBHOUSE
A002911,P00735,SWIMMING_POOL
A002912,P00735,WIFI
A002913,P00736,LIFT
A002914,P00736,SECURITY
A002915,P00736,CLUBHOUSE
A002916,P00737,POWER_BACKUP
A002917,P00737,SWIMMING_POOL
A002918,P00737,GARDEN
A002919,P00738,LIFT
A002920,P00738,GARDEN
A002921,P00738,CLUBHOUSE
A002922,P00738,PARKING
A002923,P00738,GYM
A002924,P00738,AIR_CONDITIONING
A002925,P00739,CLUBHOUSE
A002926,P00739,POWER_BACKUP
A002927,P00739,SWIMMING_POOL
A002928,P00739,AIR_CONDITIONING
A002929,P00739,GYM
A002930,P00740,SECURITY
A002931,P00740,WIFI
A002932,P00741,GYM
A002933,P00741,AIR_CONDITIONING
A002934,P00741,CLUBHOUSE
A002935,P00741,GARDEN
A002936,P00741,SWIMMING_POOL
A002937,P00742,POWER_BACKUP
A002938,P00742,LIFT
A002939,P00743,CLUBHOUSE
A002940,P00743,LIFT
A002941,P00743,AIR_CONDITIONING
A002942,P00743,SWIMMING_POOL
A002943,P00744,WIFI
A002944,P00744,POWER_BACKUP
A002945,P00745,WIFI
A002946,P00745,AIR_CONDITIONING
A002947,P00745,PARKING
A002948,P00745,SECURITY
A002949,P00746,WIFI
A002950,P00746,SWIMMING_POOL
A002951,P00746,SECURITY
A002952,P00746,GYM
A002953,P00746,LIFT
A002954,P00746,PARKING
A002955,P00747,LIFT
A002956,P00747,SWIMMING_POOL
A002957,P00748,GYM
A002958,P00748,SWIMMING_POOL
A002959,P00748,WIFI
A002960,P00748,PARKING
A002961,P00749,SECURITY
A002962,P00749,AIR_CONDITIONING
A002963,P00749,GYM
A002964,P00749,GARDEN
A002965,P00749,SWIMMING_POOL
A002966,P00750,POWER_BACKUP
A002967,P00750,WIFI
A002968,P00750,PARKING
A002969,P00751,CLUBHOUSE
A002970,P00751,GARDEN
A002971,P00751,WIFI
A002972,P00752,LIFT
A002973,P00752,POWER_BACKUP
A002974,P00752,SECURITY
A002975,P00752,CLUBHOUSE
A002976,P00752,SWIMMING_POOL
A002977,P00752,AIR_CONDITIONING
A002978,P00753,SECURITY
A002979,P00753,AIR_CONDITIONING
A002980,P00753,WIFI
A002981,P00754,PARKING
A002982,P00754,CLUBHOUSE
A002983,P00754,POWER_BACKUP
A002984,P00754,SWIMMING_POOL
A002985,P00755,WIFI
A002986,P00755,GARDEN
A002987,P00755,LIFT
A002988,P00756,GARDEN
A002989,P00756,CLUBHOUSE
A002990,P00756,AIR_CONDITIONING
A002991,P00757,SWIMMING_POOL
A002992,P00757,PARKING
A002993,P00757,SECURITY
A002994,P00758,AIR_CONDITIONING
A002995,P00758,POWER_BACKUP
A002996,P00758,PARKING
A002997,P00758,WIFI
A002998,P00758,CLUBHOUSE
A002999,P00758,LIFT
A003000,P00759,LIFT
A003001,P00759,POWER_BACKUP
A003002,P00759,AIR_CONDITIONING
A003003,P00759,GYM
A003004,P00760,LIFT
A003005,P00760,GYM
A003006,P00761,AIR_CONDITIONING
A003007,P00761,CLUBHOUSE
A003008,P00761,LIFT
A003009,P00761,SECURITY
A003010,P00761,SWIMMING_POOL
A003011,P00761,GYM
A003012,P00762,SECURITY
A003013,P00762,GARDEN
A003014,P00762,CLUBHOUSE
A003015,P00762,GYM
A003016,P00762,PARKING
A003017,P00762,LIFT
A003018,P00763,CLUBHOUSE
A003019,P00763,SWIMMING_POOL
A003020,P00763,POWER_BACKUP
A003021,P00764,SWIMMING_POOL
A003022,P00764,AIR_CONDITIONING
A003023,P00764,CLUBHOUSE
A003024,P00764,LIFT
A003025,P00764,WIFI
A003026,P00764,GYM
A003027,P00765,PARKING
A003028,P00765,SECURITY
A003029,P00765,POWER_BACKUP
A003030,P00765,SWIMMING_POOL
A003031,P00766,GARDEN
A003032,P00766,POWER_BACKUP
A003033,P00766,SWIMMING_POOL
A003034,P00766,WIFI
A003035,P00766,PARKING
A003036,P00766,AIR_CONDITIONING
A003037,P00767,SWIMMING_POOL
A003038,P00767,POWER_BACKUP
A003039,P00768,AIR_CONDITIONING
A003040,P00768,SECURITY
A003041,P00768,SWIMMING_POOL
A003042,P00769,WIFI
A003043,P00769,LIFT
A003044,P00770,GYM
A003045,P00770,WIFI
A003046,P00770,GARDEN
A003047,P00770,SWIMMING_POOL
A003048,P00770,POWER_BACKUP
A003049,P00770,AIR_CONDITIONING
A003050,P00771,GARDEN
A003051,P00771,CLUBHOUSE
A003052,P00771,PARKING
A003053,P00772,CLUBHOUSE
A003054,P00772,SECURITY
A003055,P00772,PARKING
A003056,P00772,GARDEN
A003057,P00773,PARKING
A003058,P00773,CLUBHOUSE
A003059,P00773,AIR_CONDITIONING
A003060,P00773,SWIMMING_POOL
A003061,P00773,WIFI
A003062,P00773,GYM
A003063,P00774,LIFT
A003064,P00774,CLUBHOUSE
A003065,P00774,PARKING
A003066,P00774,SWIMMING_POOL
A003067,P00774,AIR_CONDITIONING
A003068,P00775,PARKING
A003069,P00775,SWIMMING_POOL
A003070,P00775,GYM
A003071,P00775,GARDEN
A003072,P00775,SECURITY
A003073,P00776,GARDEN
A003074,P00776,WIFI
A003075,P00776,LIFT
A003076,P00777,LIFT
A003077,P00777,WIFI
A003078,P00777,AIR_CONDITIONING
A003079,P00777,PARKING
A003080,P00778,SECURITY
A003081,P00778,PARKING
A003082,P00778,POWER_BACKUP
A003083,P00779,PARKING
A003084,P00779,AIR_CONDITIONING
A003085,P00779,WIFI
A003086,P00779,SWIMMING_POOL
A003087,P00779,GYM
A003088,P00780,GARDEN
A003089,P00780,LIFT
A003090,P00780,GYM
A003091,P00780,SWIMMING_POOL
A003092,P00781,GARDEN
A003093,P00781,LIFT
A003094,P00781,WIFI
A003095,P00781,SECURITY
A003096,P00782,GARDEN
A003097,P00782,CLUBHOUSE
A003098,P00782,PARKING
A003099,P00783,SWIMMING_POOL
A003100,P00783,LIFT
A003101,P00784,GARDEN
A003102,P00784,POWER_BACKUP
A003103,P00784,AIR_CONDITIONING
A003104,P00784,WIFI
A003105,P00784,PARKING
A003106,P00784,LIFT
A003107,P00785,SECURITY
A003108,P00785,CLUBHOUSE
A003109,P00786,SWIMMING_POOL
A003110,P00786,GYM
A003111,P00786,LIFT
A003112,P00787,POWER_BACKUP
A003113,P00787,AIR_CONDITIONING
A003114,P00787,LIFT
A003115,P00787,CLUBHOUSE
A003116,P00788,AIR_CONDITIONING
A003117,P00788,SECURITY
A003118,P00788,GARDEN
A003119,P00788,LIFT
A003120,P00788,GYM
A003121,P00789,LIFT
A003122,P00789,SWIMMING_POOL
A003123,P00789,PARKING
A003124,P00789,SECURITY
A003125,P00789,POWER_BACKUP
A003126,P00790,WIFI
A003127,P00790,GARDEN
A003128,P00790,POWER_BACKUP
A003129,P00790,SECURITY
A003130,P00790,CLUBHOUSE
A003131,P00790,PARKING
A003132,P00791,GARDEN
A003133,P00791,GYM
A003134,P00792,SECURITY
A003135,P00792,GYM
A003136,P00792,PARKING
A003137,P00792,GARDEN
A003138,P00792,POWER_BACKUP
A003139,P00793,SWIMMING_POOL
A003140,P00793,WIFI
A003141,P00793,GARDEN
A003142,P00793,PARKING
A003143,P00793,POWER_BACKUP
A003144,P00794,WIFI
A003145,P00794,SECURITY
A003146,P00794,CLUBHOUSE
A003147,P00795,WIFI
A003148,P00795,SWIMMING_POOL
A003149,P00795,GYM
A003150,P00795,SECURITY
A003151,P00795,POWER_BACKUP
A003152,P00795,AIR_CONDITIONING
A003153,P00796,SWIMMING_POOL
A003154,P00796,GYM
A003155,P00796,CLUBHOUSE
A003156,P00796,GARDEN
A003157,P00797,CLUBHOUSE
A003158,P00797,WIFI
A003159,P00797,POWER_BACKUP
A003160,P00798,GYM
A003161,P00798,AIR_CONDITIONING
A003162,P00798,SWIMMING_POOL
A003163,P00799,SWIMMING_POOL
A003164,P00799,LIFT
A003165,P00799,GARDEN
A003166,P00799,CLUBHOUSE
A003167,P00799,PARKING
A003168,P00800,WIFI
A003169,P00800,SECURITY
A003170,P00801,GYM
A003171,P00801,PARKING
A003172,P00802,GARDEN
A003173,P00802,PARKING
A003174,P00803,PARKING
A003175,P00803,GARDEN
A003176,P00804,PARKING
A003177,P00804,GYM
A003178,P00804,SWIMMING_POOL
A003179,P00804,LIFT
A003180,P00805,GARDEN
A003181,P00805,GYM
A003182,P00805,WIFI
A003183,P00805,AIR_CONDITIONING
A003184,P00805,SWIMMING_POOL
A003185,P00806,CLUBHOUSE
A003186,P00806,SWIMMING_POOL
A003187,P00806,POWER_BACKUP
A003188,P00806,LIFT
A003189,P00806,GYM
A003190,P00807,AIR_CONDITIONING
A003191,P00807,GARDEN
A003192,P00807,GYM
A003193,P00807,PARKING
A003194,P00808,PARKING
A003195,P00808,SECURITY
A003196,P00808,CLUBHOUSE
A003197,P00808,LIFT
A003198,P00808,SWIMMING_POOL
A003199,P00808,AIR_CONDITIONING
A003200,P00809,WIFI
A003201,P00809,POWER_BACKUP
A003202,P00809,AIR_CONDITIONING
A003203,P00809,SECURITY
A003204,P00809,SWIMMING_POOL
A003205,P00809,PARKING
A003206,P00810,WIFI
A003207,P00810,SWIMMING_POOL
A003208,P00811,AIR_CONDITIONING
A003209,P00811,PARKING
A003210,P00811,POWER_BACKUP
A003211,P00811,SECURITY
A003212,P00811,GARDEN
A003213,P00812,POWER_BACKUP
A003214,P00812,AIR_CONDITIONING
A003215,P00813,SWIMMING_POOL
A003216,P00813,CLUBHOUSE
A003217,P00814,CLUBHOUSE
A003218,P00814,AIR_CONDITIONING
A003219,P00814,POWER_BACKUP
A003220,P00814,LIFT
A003221,P00814,PARKING
A003222,P00814,GARDEN
A003223,P00815,CLUBHOUSE
A003224,P00815,WIFI
A003225,P00815,SWIMMING_POOL
A003226,P00815,POWER_BACKUP
A003227,P00815,GYM
A003228,P00816,GARDEN
A003229,P00816,PARKING
A003230,P00816,SWIMMING_POOL
A003231,P00816,AIR_CONDITIONING
A003232,P00816,CLUBHOUSE
A003233,P00816,WIFI
A003234,P00817,POWER_BACKUP
A003235,P00817,AIR_CONDITIONING
A003236,P00818,CLUBHOUSE
A003237,P00818,LIFT
A003238,P00818,SECURITY
A003239,P00818,GARDEN
A003240,P00819,AIR_CONDITIONING
A003241,P00819,GYM
A003242,P00819,WIFI
A003243,P00819,CLUBHOUSE
A003244,P00819,POWER_BACKUP
A003245,P00819,LIFT
A003246,P00820,AIR_CONDITIONING
A003247,P00820,POWER_BACKUP
A003248,P00820,WIFI
A003249,P00821,LIFT
A003250,P00821,PARKING
A003251,P00821,SWIMMING_POOL
A003252,P00821,GARDEN
A003253,P00822,GYM
A003254,P00822,SECURITY
A003255,P00823,PARKING
A003256,P00823,WIFI
A003257,P00823,CLUBHOUSE
A003258,P00823,SWIMMING_POOL
A003259,P00823,POWER_BACKUP
A003260,P00824,GYM
A003261,P00824,SECURITY
A003262,P00825,WIFI
A003263,P00825,SECURITY
A003264,P00825,POWER_BACKUP
A003265,P00825,GYM
A003266,P00826,SECURITY
A003267,P00826,GARDEN
A003268,P00826,AIR_CONDITIONING
A003269,P00826,WIFI
A003270,P00826,GYM
A003271,P00826,SWIMMING_POOL
A003272,P00827,LIFT
A003273,P00827,GYM
A003274,P00827,SECURITY
A003275,P00828,PARKING
A003276,P00828,GARDEN
A003277,P00828,POWER_BACKUP
A003278,P00828,AIR_CONDITIONING
A003279,P00829,SWIMMING_POOL
A003280,P00829,WIFI
A003281,P00829,GARDEN
A003282,P00829,GYM
A003283,P00829,PARKING
A003284,P00829,POWER_BACKUP
A003285,P00830,WIFI
A003286,P00830,GYM
A003287,P00830,GARDEN
A003288,P00830,PARKING
A003289,P00830,CLUBHOUSE
A003290,P00830,SECURITY
A003291,P00831,POWER_BACKUP
A003292,P00831,CLUBHOUSE
A003293,P00831,GARDEN
A003294,P00831,LIFT
A003295,P00831,AIR_CONDITIONING
A003296,P00831,SWIMMING_POOL
A003297,P00832,POWER_BACKUP
A003298,P00832,WIFI
A003299,P00833,GYM
A003300,P00833,SWIMMING_POOL
A003301,P00833,AIR_CONDITIONING
A003302,P00833,POWER_BACKUP
A003303,P00834,GARDEN
A003304,P00834,PARKING
A003305,P00834,SWIMMING_POOL
A003306,P00835,GYM
A003307,P00835,WIFI
A003308,P00835,SECURITY
A003309,P00835,GARDEN
A003310,P00836,CLUBHOUSE
A003311,P00836,LIFT
A003312,P00836,GYM
A003313,P00836,POWER_BACKUP
A003314,P00836,WIFI
A003315,P00836,GARDEN
A003316,P00837,LIFT
A003317,P00837,PARKING
A003318,P00837,SWIMMING_POOL
A003319,P00837,GYM
A003320,P00838,SECURITY
A003321,P00838,AIR_CONDITIONING
A003322,P00838,POWER_BACKUP
A003323,P00838,CLUBHOUSE
A003324,P00838,PARKING
A003325,P00838,WIFI
A003326,P00839,POWER_BACKUP
A003327,P00839,AIR_CONDITIONING
A003328,P00839,GARDEN
A003329,P00839,SECURITY
A003330,P00839,SWIMMING_POOL
A003331,P00840,CLUBHOUSE
A003332,P00840,WIFI
A003333,P00840,PARKING
A003334,P00840,SECURITY
A003335,P00840,GYM
A003336,P00841,PARKING
A003337,P00841,GYM
A003338,P00841,SWIMMING_POOL
A003339,P00841,CLUBHOUSE
A003340,P00842,SECURITY
A003341,P00842,CLUBHOUSE
A003342,P00842,POWER_BACKUP
A003343,P00842,SWIMMING_POOL
A003344,P00842,LIFT
A003345,P00842,PARKING
A003346,P00843,SWIMMING_POOL
A003347,P00843,LIFT
A003348,P00843,POWER_BACKUP
A003349,P00843,AIR_CONDITIONING
A003350,P00844,PARKING
A003351,P00844,LIFT
A003352,P00844,SWIMMING_POOL
A003353,P00844,SECURITY
A003354,P00844,AIR_CONDITIONING
A003355,P00845,GYM
A003356,P00845,POWER_BACKUP
A003357,P00845,GARDEN
A003358,P00845,AIR_CONDITIONING
A003359,P00845,CLUBHOUSE
A003360,P00846,AIR_CONDITIONING
A003361,P00846,GYM
A003362,P00846,GARDEN
A003363,P00846,WIFI
A003364,P00846,LIFT
A003365,P00846,POWER_BACKUP
A003366,P00847,AIR_CONDITIONING
A003367,P00847,GARDEN
A003368,P00848,POWER_BACKUP
A003369,P00848,GYM
A003370,P00848,SECURITY
A003371,P00848,SWIMMING_POOL
A003372,P00848,GARDEN
A003373,P00848,WIFI
A003374,P00849,LIFT
A003375,P00849,PARKING
A003376,P00849,CLUBHOUSE
A003377,P00849,WIFI
A003378,P00849,GYM
A003379,P00850,WIFI
A003380,P00850,AIR_CONDITIONING
A003381,P00851,LIFT
A003382,P00851,GARDEN
A003383,P00851,PARKING
A003384,P00851,SWIMMING_POOL
A003385,P00851,POWER_BACKUP
A003386,P00852,PARKING
A003387,P00852,LIFT
A003388,P00852,GYM
A003389,P00852,AIR_CONDITIONING
A003390,P00852,SECURITY
A003391,P00853,GARDEN
A003392,P00853,AIR_CONDITIONING
A003393,P00853,LIFT
A003394,P00853,SWIMMING_POOL
A003395,P00853,WIFI
A003396,P00853,SECURITY
A003397,P00854,POWER_BACKUP
A003398,P00854,SWIMMING_POOL
A003399,P00854,PARKING
A003400,P00854,LIFT
A003401,P00854,CLUBHOUSE
A003402,P00854,SECURITY
A003403,P00855,LIFT
A003404,P00855,GARDEN
A003405,P00855,PARKING
A003406,P00855,GYM
A003407,P00856,CLUBHOUSE
A003408,P00856,LIFT
A003409,P00856,POWER_BACKUP
A003410,P00857,WIFI
A003411,P00857,GYM
A003412,P00857,LIFT
A003413,P00858,GARDEN
A003414,P00858,SECURITY
A003415,P00859,GARDEN
A003416,P00859,WIFI
A003417,P00859,PARKING
A003418,P00859,AIR_CONDITIONING
A003419,P00860,CLUBHOUSE
A003420,P00860,POWER_BACKUP
A003421,P00861,GARDEN
A003422,P00861,GYM
A003423,P00861,CLUBHOUSE
A003424,P00861,SWIMMING_POOL
A003425,P00861,LIFT
A003426,P00861,PARKING
A003427,P00862,POWER_BACKUP
A003428,P00862,SWIMMING_POOL
A003429,P00862,CLUBHOUSE
A003430,P00862,SECURITY
A003431,P00862,GYM
A003432,P00862,WIFI
A003433,P00863,PARKING
A003434,P00863,POWER_BACKUP
A003435,P00864,AIR_CONDITIONING
A003436,P00864,GARDEN
A003437,P00864,LIFT
A003438,P00864,WIFI
A003439,P00864,SWIMMING_POOL
A003440,P00865,POWER_BACKUP
A003441,P00865,CLUBHOUSE
A003442,P00865,LIFT
A003443,P00865,SECURITY
A003444,P00865,WIFI
A003445,P00866,SWIMMING_POOL
A003446,P00866,CLUBHOUSE
A003447,P00866,PARKING
A003448,P00866,WIFI
A003449,P00866,GARDEN
A003450,P00866,SECURITY
A003451,P00867,WIFI
A003452,P00867,SWIMMING_POOL
A003453,P00867,POWER_BACKUP
A003454,P00867,CLUBHOUSE
A003455,P00867,SECURITY
A003456,P00867,LIFT
A003457,P00868,SECURITY
A003458,P00868,POWER_BACKUP
A003459,P00869,AIR_CONDITIONING
A003460,P00869,POWER_BACKUP
A003461,P00869,GYM
A003462,P00869,SWIMMING_POOL
A003463,P00869,WIFI
A003464,P00870,PARKING
A003465,P00870,SWIMMING_POOL
A003466,P00871,GARDEN
A003467,P00871,WIFI
A003468,P00872,GYM
A003469,P00872,SECURITY
A003470,P00873,LIFT
A003471,P00873,GARDEN
A003472,P00873,PARKING
A003473,P00874,LIFT
A003474,P00874,AIR_CONDITIONING
A003475,P00874,GARDEN
A003476,P00874,WIFI
A003477,P00875,WIFI
A003478,P00875,SECURITY
A003479,P00875,AIR_CONDITIONING
A003480,P00875,POWER_BACKUP
A003481,P00875,GARDEN
A003482,P00875,SWIMMING_POOL
A003483,P00876,AIR_CONDITIONING
A003484,P00876,GYM
A003485,P00876,SECURITY
A003486,P00877,GARDEN
A003487,P00877,SECURITY
A003488,P00877,PARKING
A003489,P00877,SWIMMING_POOL
A003490,P00877,GYM
A003491,P00878,GYM
A003492,P00878,CLUBHOUSE
A003493,P00878,SWIMMING_POOL
A003494,P00879,CLUBHOUSE
A003495,P00879,POWER_BACKUP
A003496,P00879,GARDEN
A003497,P00880,LIFT
A003498,P00880,GYM
A003499,P00881,WIFI
A003500,P00881,LIFT
A003501,P00881,GARDEN
A003502,P00882,SECURITY
A003503,P00882,LIFT
A003504,P00883,POWER_BACKUP
A003505,P00883,SECURITY
A003506,P00883,SWIMMING_POOL
A003507,P00884,POWER_BACKUP
A003508,P00884,SWIMMING_POOL
A003509,P00884,AIR_CONDITIONING
A003510,P00884,LIFT
A003511,P00884,GARDEN
A003512,P00884,GYM
A003513,P00885,GYM
A003514,P00885,SECURITY
A003515,P00885,LIFT
A003516,P00885,PARKING
A003517,P00886,SECURITY
A003518,P00886,PARKING
A003519,P00886,LIFT
A003520,P00887,LIFT
A003521,P00887,SWIMMING_POOL
A003522,P00887,PARKING
A003523,P00888,SECURITY
A003524,P00888,GARDEN
A003525,P00889,PARKING
A003526,P00889,CLUBHOUSE
A003527,P00889,SECURITY
A003528,P00889,WIFI
A003529,P00889,GARDEN
A003530,P00889,LIFT
A003531,P00890,GARDEN
A003532,P00890,POWER_BACKUP
A003533,P00890,LIFT
A003534,P00890,SECURITY
A003535,P00890,WIFI
A003536,P00891,POWER_BACKUP
A003537,P00891,LIFT
A003538,P00891,AIR_CONDITIONING
A003539,P00892,GYM
A003540,P00892,LIFT
A003541,P00892,PARKING
A003542,P00892,SWIMMING_POOL
A003543,P00893,POWER_BACKUP
A003544,P00893,SWIMMING_POOL
A003545,P00893,SECURITY
A003546,P00893,LIFT
A003547,P00893,GYM
A003548,P00893,CLUBHOUSE
A003549,P00894,WIFI
A003550,P00894,GYM
A003551,P00894,GARDEN
A003552,P00894,PARKING
A003553,P00894,SECURITY
A003554,P00895,LIFT
A003555,P00895,AIR_CONDITIONING
A003556,P00895,SECURITY
A003557,P00895,POWER_BACKUP
A003558,P00895,GYM
A003559,P00895,SWIMMING_POOL
A003560,P00896,GYM
A003561,P00896,SECURITY
A003562,P00896,PARKING
A003563,P00896,AIR_CONDITIONING
A003564,P00897,LIFT
A003565,P00897,GYM
A003566,P00897,CLUBHOUSE
A003567,P00897,GARDEN
A003568,P00897,SECURITY
A003569,P00897,SWIMMING_POOL
A003570,P00898,CLUBHOUSE
A003571,P00898,GYM
A003572,P00898,AIR_CONDITIONING
A003573,P00898,SECURITY
A003574,P00899,LIFT
A003575,P00899,SECURITY
A003576,P00899,GARDEN
A003577,P00899,GYM
A003578,P00899,CLUBHOUSE
A003579,P00899,SWIMMING_POOL
A003580,P00900,GARDEN
A003581,P00900,LIFT
A003582,P00900,AIR_CONDITIONING
A003583,P00900,CLUBHOUSE
A003584,P00900,SWIMMING_POOL
A003585,P00900,WIFI
A003586,P00901,SWIMMING_POOL
A003587,P00901,SECURITY
A003588,P00902,AIR_CONDITIONING
A003589,P00902,WIFI
A003590,P00902,GYM
A003591,P00902,POWER_BACKUP
A003592,P00902,SWIMMING_POOL
A003593,P00902,GARDEN
A003594,P00903,SWIMMING_POOL
A003595,P00903,AIR_CONDITIONING
A003596,P00903,CLUBHOUSE
A003597,P00904,POWER_BACKUP
A003598,P00904,GARDEN
A003599,P00904,SECURITY
A003600,P00904,SWIMMING_POOL
A003601,P00904,PARKING
A003602,P00904,LIFT
A003603,P00905,AIR_CONDITIONING
A003604,P00905,WIFI
A003605,P00905,SWIMMING_POOL
A003606,P00905,PARKING
A003607,P00905,POWER_BACKUP
A003608,P00906,LIFT
A003609,P00906,POWER_BACKUP
A003610,P00906,GARDEN
A003611,P00907,GARDEN
A003612,P00907,AIR_CONDITIONING
A003613,P00907,POWER_BACKUP
A003614,P00907,SWIMMING_POOL
A003615,P00907,CLUBHOUSE
A003616,P00908,PARKING
A003617,P00908,GYM
A003618,P00908,WIFI
A003619,P00909,CLUBHOUSE
A003620,P00909,GARDEN
A003621,P00909,SECURITY
A003622,P00910,PARKING
A003623,P00910,LIFT
A003624,P00911,CLUBHOUSE
A003625,P00911,GYM
A003626,P00911,LIFT
A003627,P00911,PARKING
A003628,P00912,PARKING
A003629,P00912,SWIMMING_POOL
A003630,P00912,SECURITY
A003631,P00913,GYM
A003632,P00913,AIR_CONDITIONING
A003633,P00913,CLUBHOUSE
A003634,P00914,SWIMMING_POOL
A003635,P00914,GARDEN
A003636,P00914,LIFT
A003637,P00914,GYM
A003638,P00914,POWER_BACKUP
A003639,P00915,PARKING
A003640,P00915,LIFT
A003641,P00915,SWIMMING_POOL
A003642,P00916,WIFI
A003643,P00916,GARDEN
A003644,P00916,GYM
A003645,P00916,SECURITY
A003646,P00916,AIR_CONDITIONING
A003647,P00916,POWER_BACKUP
A003648,P00917,SWIMMING_POOL
A003649,P00917,GYM
A003650,P00917,GARDEN
A003651,P00917,WIFI
A003652,P00917,SECURITY
A003653,P00917,LIFT
A003654,P00918,GARDEN
A003655,P00918,GYM
A003656,P00918,CLUBHOUSE
A003657,P00918,SECURITY
A003658,P00919,CLUBHOUSE
A003659,P00919,POWER_BACKUP
A003660,P00919,WIFI
A003661,P00919,GYM
A003662,P00919,AIR_CONDITIONING
A003663,P00920,GARDEN
A003664,P00920,LIFT
A003665,P00920,SWIMMING_POOL
A003666,P00920,WIFI
A003667,P00920,POWER_BACKUP
A003668,P00921,WIFI
A003669,P00921,POWER_BACKUP
A003670,P00922,GYM
A003671,P00922,WIFI
A003672,P00923,POWER_BACKUP
A003673,P00923,SWIMMING_POOL
A003674,P00923,GYM
A003675,P00923,PARKING
A003676,P00923,LIFT
A003677,P00923,CLUBHOUSE
A003678,P00924,GARDEN
A003679,P00924,GYM
A003680,P00924,CLUBHOUSE
A003681,P00925,WIFI
A003682,P00925,SWIMMING_POOL
A003683,P00925,LIFT
A003684,P00925,AIR_CONDITIONING
A003685,P00926,WIFI
A003686,P00926,SECURITY
A003687,P00927,POWER_BACKUP
A003688,P00927,SWIMMING_POOL
A003689,P00928,SWIMMING_POOL
A003690,P00928,WIFI
A003691,P00928,AIR_CONDITIONING
A003692,P00928,LIFT
A003693,P00928,PARKING
A003694,P00929,GYM
A003695,P00929,GARDEN
A003696,P00930,CLUBHOUSE
A003697,P00930,GYM
A003698,P00931,GYM
A003699,P00931,SWIMMING_POOL
A003700,P00931,LIFT
A003701,P00931,AIR_CONDITIONING
A003702,P00931,SECURITY
A003703,P00931,WIFI
A003704,P00932,CLUBHOUSE
A003705,P00932,GARDEN
A003706,P00932,SWIMMING_POOL
A003707,P00933,SWIMMING_POOL
A003708,P00933,LIFT
A003709,P00933,PARKING
A003710,P00934,CLUBHOUSE
A003711,P00934,POWER_BACKUP
A003712,P00934,AIR_CONDITIONING
A003713,P00934,LIFT
A003714,P00934,SWIMMING_POOL
A003715,P00935,SWIMMING_POOL
A003716,P00935,CLUBHOUSE
A003717,P00935,SECURITY
A003718,P00936,SWIMMING_POOL
A003719,P00936,PARKING
A003720,P00937,PARKING
A003721,P00937,GARDEN
A003722,P00937,SWIMMING_POOL
A003723,P00937,CLUBHOUSE
A003724,P00937,WIFI
A003725,P00937,POWER_BACKUP
A003726,P00938,AIR_CONDITIONING
A003727,P00938,PARKING
A003728,P00938,SECURITY
A003729,P00939,CLUBHOUSE
A003730,P00939,PARKING
A003731,P00939,SWIMMING_POOL
A003732,P00939,GYM
A003733,P00939,GARDEN
A003734,P00940,AIR_CONDITIONING
A003735,P00940,GARDEN
A003736,P00940,PARKING
A003737,P00940,GYM
A003738,P00941,GYM
A003739,P00941,CLUBHOUSE
A003740,P00941,GARDEN
A003741,P00941,SWIMMING_POOL
A003742,P00942,WIFI
A003743,P00942,LIFT
A003744,P00942,CLUBHOUSE
A003745,P00942,GYM
A003746,P00942,AIR_CONDITIONING
A003747,P00942,POWER_BACKUP
A003748,P00943,SECURITY
A003749,P00943,GYM
A003750,P00943,WIFI
A003751,P00943,CLUBHOUSE
A003752,P00944,WIFI
A003753,P00944,AIR_CONDITIONING
A003754,P00945,LIFT
A003755,P00945,PARKING
A003756,P00945,SECURITY
A003757,P00945,SWIMMING_POOL
A003758,P00945,GARDEN
A003759,P00946,AIR_CONDITIONING
A003760,P00946,PARKING
A003761,P00947,AIR_CONDITIONING
A003762,P00947,SECURITY
A003763,P00947,CLUBHOUSE
A003764,P00947,WIFI
A003765,P00947,LIFT
A003766,P00948,GYM
A003767,P00948,CLUBHOUSE
A003768,P00948,WIFI
A003769,P00948,SWIMMING_POOL
A003770,P00949,LIFT
A003771,P00949,SWIMMING_POOL
A003772,P00949,AIR_CONDITIONING
A003773,P00949,PARKING
A003774,P00949,CLUBHOUSE
A003775,P00950,SECURITY
A003776,P00950,POWER_BACKUP
A003777,P00950,AIR_CONDITIONING
A003778,P00951,AIR_CONDITIONING
A003779,P00951,SECURITY
A003780,P00951,PARKING
A003781,P00951,GARDEN
A003782,P00951,WIFI
A003783,P00951,POWER_BACKUP
A003784,P00952,SWIMMING_POOL
A003785,P00952,AIR_CONDITIONING
A003786,P00952,CLUBHOUSE
A003787,P00953,GYM
A003788,P00953,POWER_BACKUP
A003789,P00953,GARDEN
A003790,P00953,PARKING
A003791,P00953,CLUBHOUSE
A003792,P00954,SECURITY
A003793,P00954,GYM
A003794,P00954,AIR_CONDITIONING
A003795,P00954,POWER_BACKUP
A003796,P00955,GYM
A003797,P00955,SECURITY
A003798,P00955,GARDEN
A003799,P00955,CLUBHOUSE
A003800,P00955,SWIMMING_POOL
A003801,P00955,POWER_BACKUP
A003802,P00956,GARDEN
A003803,P00956,LIFT
A003804,P00957,SECURITY
A003805,P00957,PARKING
A003806,P00957,GARDEN
A003807,P00957,POWER_BACKUP
A003808,P00957,SWIMMING_POOL
A003809,P00957,LIFT
A003810,P00958,CLUBHOUSE
A003811,P00958,AIR_CONDITIONING
A003812,P00959,AIR_CONDITIONING
A003813,P00959,PARKING
A003814,P00959,LIFT
A003815,P00960,WIFI
A003816,P00960,GARDEN
A003817,P00960,PARKING
A003818,P00960,GYM
A003819,P00960,SWIMMING_POOL
A003820,P00960,SECURITY
A003821,P00961,AIR_CONDITIONING
A003822,P00961,LIFT
A003823,P00961,GYM
A003824,P00961,WIFI
A003825,P00961,SECURITY
A003826,P00962,WIFI
A003827,P00962,GYM
A003828,P00962,SWIMMING_POOL
A003829,P00962,LIFT
A003830,P00962,SECURITY
A003831,P00963,CLUBHOUSE
A003832,P00963,LIFT
A003833,P00963,GYM
A003834,P00964,AIR_CONDITIONING
A003835,P00964,GARDEN
A003836,P00964,SWIMMING_POOL
A003837,P00964,POWER_BACKUP
A003838,P00965,LIFT
A003839,P00965,AIR_CONDITIONING
A003840,P00966,POWER_BACKUP
A003841,P00966,AIR_CONDITIONING
A003842,P00966,LIFT
A003843,P00966,SWIMMING_POOL
A003844,P00966,PARKING
A003845,P00967,PARKING
A003846,P00967,WIFI
A003847,P00967,CLUBHOUSE
A003848,P00968,WIFI
A003849,P00968,POWER_BACKUP
A003850,P00968,GYM
A003851,P00968,PARKING
A003852,P00969,PARKING
A003853,P00969,GARDEN
A003854,P00970,PARKING
A003855,P00970,LIFT
A003856,P00970,CLUBHOUSE
A003857,P00971,PARKING
A003858,P00971,GYM
A003859,P00971,WIFI
A003860,P00971,SECURITY
A003861,P00971,LIFT
A003862,P00972,WIFI
A003863,P00972,POWER_BACKUP
A003864,P00973,WIFI
A003865,P00973,AIR_CONDITIONING
A003866,P00973,POWER_BACKUP
A003867,P00973,GARDEN
A003868,P00973,SWIMMING_POOL
A003869,P00973,PARKING
A003870,P00974,SWIMMING_POOL
A003871,P00974,SECURITY
A003872,P00974,WIFI
A003873,P00974,POWER_BACKUP
A003874,P00974,PARKING
A003875,P00975,AIR_CONDITIONING
A003876,P00975,POWER_BACKUP
A003877,P00975,GYM
A003878,P00975,SECURITY
A003879,P00975,GARDEN
A003880,P00975,PARKING
A003881,P00976,SWIMMING_POOL
A003882,P00976,CLUBHOUSE
A003883,P00977,SECURITY
A003884,P00977,PARKING
A003885,P00977,POWER_BACKUP
A003886,P00977,GARDEN
A003887,P00977,WIFI
A003888,P00977,AIR_CONDITIONING
A003889,P00978,AIR_CONDITIONING
A003890,P00978,PARKING
A003891,P00979,GYM
A003892,P00979,GARDEN
A003893,P00979,WIFI
A003894,P00980,CLUBHOUSE
A003895,P00980,PARKING
A003896,P00980,POWER_BACKUP
A003897,P00980,WIFI
A003898,P00980,GARDEN
A003899,P00981,SWIMMING_POOL
A003900,P00981,GYM
A003901,P00981,LIFT
A003902,P00982,CLUBHOUSE
A003903,P00982,WIFI
A003904,P00982,PARKING
A003905,P00982,SWIMMING_POOL
A003906,P00982,POWER_BACKUP
A003907,P00983,AIR_CONDITIONING
A003908,P00983,CLUBHOUSE
A003909,P00983,SWIMMING_POOL
A003910,P00983,POWER_BACKUP
A003911,P00984,LIFT
A003912,P00984,GARDEN
A003913,P00984,PARKING
A003914,P00984,CLUBHOUSE
A003915,P00985,GYM
A003916,P00985,PARKING
A003917,P00986,WIFI
A003918,P00986,PARKING
A003919,P00986,CLUBHOUSE
A003920,P00986,LIFT
A003921,P00986,AIR_CONDITIONING
A003922,P00986,SECURITY
A003923,P00987,POWER_BACKUP
A003924,P00987,SECURITY
A003925,P00987,GARDEN
A003926,P00987,WIFI
A003927,P00987,AIR_CONDITIONING
A003928,P00988,GYM
A003929,P00988,WIFI
A003930,P00988,POWER_BACKUP
A003931,P00988,SECURITY
A003932,P00988,SWIMMING_POOL
A003933,P00988,GARDEN
A003934,P00989,SECURITY
A003935,P00989,GARDEN
A003936,P00989,PARKING
A003937,P00989,GYM
A003938,P00989,AIR_CONDITIONING
A003939,P00989,LIFT
A003940,P00990,CLUBHOUSE
A003941,P00990,SWIMMING_POOL
A003942,P00990,LIFT
A003943,P00991,SWIMMING_POOL
A003944,P00991,SECURITY
A003945,P00991,POWER_BACKUP
A003946,P00991,CLUBHOUSE
A003947,P00992,GARDEN
A003948,P00992,POWER_BACKUP
A003949,P00993,LIFT
A003950,P00993,PARKING
A003951,P00993,WIFI
A003952,P00993,AIR_CONDITIONING
A003953,P00993,GARDEN
A003954,P00994,GYM
A003955,P00994,CLUBHOUSE
A003956,P00994,WIFI
A003957,P00994,POWER_BACKUP
A003958,P00994,GARDEN
A003959,P00994,PARKING
A003960,P00995,POWER_BACKUP
A003961,P00995,SECURITY
A003962,P00996,SECURITY
A003963,P00996,GARDEN
A003964,P00996,CLUBHOUSE
A003965,P00996,LIFT
A003966,P00996,SWIMMING_POOL
A003967,P00997,PARKING
A003968,P00997,POWER_BACKUP
A003969,P00997,SWIMMING_POOL
A003970,P00997,WIFI
A003971,P00998,LIFT
A003972,P00998,WIFI
A003973,P00998,SECURITY
A003974,P00998,GARDEN
A003975,P00998,PARKING
A003976,P00999,GARDEN
A003977,P00999,CLUBHOUSE
A003978,P01000,GYM
A003979,P01000,WIFI
A003980,P01000,GARDEN
A003981,P01000,PARKING
A003982,P01001,CLUBHOUSE
A003983,P01001,SWIMMING_POOL
A003984,P01001,WIFI
A003985,P01001,GYM
A003986,P01001,SECURITY
A003987,P01002,AIR_CONDITIONING
A003988,P01002,LIFT
A003989,P01002,GYM
A003990,P01002,CLUBHOUSE
A003991,P01003,SWIMMING_POOL
A003992,P01003,CLUBHOUSE
A003993,P01003,POWER_BACKUP
A003994,P01003,WIFI
A003995,P01003,AIR_CONDITIONING
A003996,P01003,LIFT
A003997,P01004,SECURITY
A003998,P01004,SWIMMING_POOL
A003999,P01004,AIR_CONDITIONING
A004000,P01004,GYM
A004001,P01005,POWER_BACKUP
A004002,P01005,AIR_CONDITIONING
A004003,P01005,GARDEN
A004004,P01005,WIFI
A004005,P01005,LIFT
A004006,P01005,PARKING
A004007,P01006,POWER_BACKUP
A004008,P01006,CLUBHOUSE
A004009,P01007,LIFT
A004010,P01007,CLUBHOUSE
A004011,P01007,SECURITY
A004012,P01007,PARKING
A004013,P01008,AIR_CONDITIONING
A004014,P01008,GYM
A004015,P01009,POWER_BACKUP
A004016,P01009,GYM
A004017,P01010,PARKING
A004018,P01010,GARDEN
A004019,P01010,SECURITY
A004020,P01010,LIFT
A004021,P01011,AIR_CONDITIONING
A004022,P01011,GARDEN
A004023,P01011,PARKING
A004024,P01011,SECURITY
A004025,P01011,GYM
A004026,P01011,CLUBHOUSE
A004027,P01012,WIFI
A004028,P01012,SWIMMING_POOL
A004029,P01012,LIFT
A004030,P01012,CLUBHOUSE
A004031,P01012,PARKING
A004032,P01012,GARDEN
A004033,P01013,LIFT
A004034,P01013,PARKING
A004035,P01013,SECURITY
A004036,P01013,WIFI
A004037,P01014,SWIMMING_POOL
A004038,P01014,SECURITY
A004039,P01014,CLUBHOUSE
A004040,P01014,PARKING
A004041,P01014,LIFT
A004042,P01015,AIR_CONDITIONING
A004043,P01015,GYM
A004044,P01015,SECURITY
A004045,P01015,WIFI
A004046,P01016,WIFI
A004047,P01016,PARKING
A004048,P01016,AIR_CONDITIONING
A004049,P01016,CLUBHOUSE
A004050,P01016,SECURITY
A004051,P01017,POWER_BACKUP
A004052,P01017,SWIMMING_POOL
A004053,P01017,GARDEN
A004054,P01017,SECURITY
A004055,P01017,CLUBHOUSE
A004056,P01018,AIR_CONDITIONING
A004057,P01018,SWIMMING_POOL
A004058,P01018,GYM
A004059,P01018,CLUBHOUSE
A004060,P01018,POWER_BACKUP
A004061,P01018,SECURITY
A004062,P01019,LIFT
A004063,P01019,GYM
A004064,P01019,WIFI
A004065,P01020,WIFI
A004066,P01020,PARKING
A004067,P01021,SWIMMING_POOL
A004068,P01021,GARDEN
A004069,P01021,GYM
A004070,P01021,AIR_CONDITIONING
A004071,P01022,AIR_CONDITIONING
A004072,P01022,GYM
A004073,P01022,SWIMMING_POOL
A004074,P01022,LIFT
A004075,P01022,CLUBHOUSE
A004076,P01022,SECURITY
A004077,P01023,SWIMMING_POOL
A004078,P01023,GARDEN
A004079,P01023,CLUBHOUSE
A004080,P01023,PARKING
A004081,P01024,SECURITY
A004082,P01024,SWIMMING_POOL
A004083,P01024,LIFT
A004084,P01024,GYM
A004085,P01024,WIFI
A004086,P01024,CLUBHOUSE
A004087,P01025,SECURITY
A004088,P01025,LIFT
A004089,P01025,AIR_CONDITIONING
A004090,P01025,GYM
A004091,P01025,SWIMMING_POOL
A004092,P01025,PARKING
A004093,P01026,POWER_BACKUP
A004094,P01026,CLUBHOUSE
A004095,P01026,WIFI
A004096,P01027,PARKING
A004097,P01027,SWIMMING_POOL
A004098,P01027,CLUBHOUSE
A004099,P01027,POWER_BACKUP
A004100,P01027,GARDEN
A004101,P01027,WIFI
A004102,P01028,PARKING
A004103,P01028,WIFI
A004104,P01029,AIR_CONDITIONING
A004105,P01029,WIFI
A004106,P01029,SWIMMING_POOL
A004107,P01029,POWER_BACKUP
A004108,P01029,CLUBHOUSE
A004109,P01029,GYM
A004110,P01030,CLUBHOUSE
A004111,P01030,LIFT
A004112,P01030,GYM
A004113,P01031,SWIMMING_POOL
A004114,P01031,WIFI
A004115,P01031,GYM
A004116,P01032,GARDEN
A004117,P01032,SWIMMING_POOL
A004118,P01032,SECURITY
A004119,P01033,SWIMMING_POOL
A004120,P01033,GYM
A004121,P01034,GARDEN
A004122,P01034,PARKING
A004123,P01034,SWIMMING_POOL
A004124,P01034,WIFI
A004125,P01034,SECURITY
A004126,P01034,LIFT
A004127,P01035,GYM
A004128,P01035,SECURITY
A004129,P01035,POWER_BACKUP
A004130,P01035,GARDEN
A004131,P01035,PARKING
A004132,P01036,GARDEN
A004133,P01036,LIFT
A004134,P01036,CLUBHOUSE
A004135,P01036,GYM
A004136,P01037,POWER_BACKUP
A004137,P01037,LIFT
A004138,P01038,GARDEN
A004139,P01038,SECURITY
A004140,P01038,PARKING
A004141,P01038,AIR_CONDITIONING
A004142,P01038,CLUBHOUSE
A004143,P01039,POWER_BACKUP
A004144,P01039,AIR_CONDITIONING
A004145,P01040,GYM
A004146,P01040,POWER_BACKUP
A004147,P01040,AIR_CONDITIONING
A004148,P01041,LIFT
A004149,P01041,SWIMMING_POOL
A004150,P01042,SWIMMING_POOL
A004151,P01042,PARKING
A004152,P01042,LIFT
A004153,P01042,POWER_BACKUP
A004154,P01043,SWIMMING_POOL
A004155,P01043,CLUBHOUSE
A004156,P01043,LIFT
A004157,P01043,WIFI
A004158,P01044,GYM
A004159,P01044,GARDEN
A004160,P01044,CLUBHOUSE
A004161,P01044,WIFI
A004162,P01044,LIFT
A004163,P01045,GYM
A004164,P01045,CLUBHOUSE
A004165,P01045,AIR_CONDITIONING
A004166,P01045,SECURITY
A004167,P01045,PARKING
A004168,P01046,LIFT
A004169,P01046,SWIMMING_POOL
A004170,P01047,SECURITY
A004171,P01047,GYM
A004172,P01047,AIR_CONDITIONING
A004173,P01047,GARDEN
A004174,P01047,LIFT
A004175,P01048,PARKING
A004176,P01048,SWIMMING_POOL
A004177,P01049,SECURITY
A004178,P01049,SWIMMING_POOL
A004179,P01049,GARDEN
A004180,P01049,GYM
A004181,P01050,POWER_BACKUP
A004182,P01050,GARDEN
A004183,P01051,GYM
A004184,P01051,WIFI
A004185,P01051,SECURITY
A004186,P01052,SWIMMING_POOL
A004187,P01052,CLUBHOUSE
A004188,P01053,PARKING
A004189,P01053,SECURITY
A004190,P01053,WIFI
A004191,P01053,CLUBHOUSE
A004192,P01053,LIFT
A004193,P01054,WIFI
A004194,P01054,LIFT
A004195,P01054,POWER_BACKUP
A004196,P01054,SECURITY
A004197,P01054,CLUBHOUSE
A004198,P01055,GARDEN
A004199,P01055,AIR_CONDITIONING
A004200,P01055,GYM
A004201,P01055,CLUBHOUSE
A004202,P01055,SWIMMING_POOL
A004203,P01056,GARDEN
A004204,P01056,AIR_CONDITIONING
A004205,P01057,SECURITY
A004206,P01057,GARDEN
A004207,P01057,WIFI
A004208,P01058,SECURITY
A004209,P01058,AIR_CONDITIONING
A004210,P01058,PARKING
A004211,P01058,WIFI
A004212,P01058,GARDEN
A004213,P01059,LIFT
A004214,P01059,SWIMMING_POOL
A004215,P01059,GARDEN
A004216,P01059,POWER_BACKUP
A004217,P01059,GYM
A004218,P01060,AIR_CONDITIONING
A004219,P01060,WIFI
A004220,P01060,CLUBHOUSE
A004221,P01060,GARDEN
A004222,P01061,GARDEN
A004223,P01061,AIR_CONDITIONING
A004224,P01061,LIFT
A004225,P01061,SECURITY
A004226,P01062,CLUBHOUSE
A004227,P01062,GARDEN
A004228,P01063,SWIMMING_POOL
A004229,P01063,GYM
A004230,P01064,PARKING
A004231,P01064,AIR_CONDITIONING
A004232,P01064,POWER_BACKUP
A004233,P01065,LIFT
A004234,P01065,SECURITY
A004235,P01065,AIR_CONDITIONING
A004236,P01065,GARDEN
A004237,P01066,SWIMMING_POOL
A004238,P01066,CLUBHOUSE
A004239,P01066,LIFT
A004240,P01066,GARDEN
A004241,P01066,POWER_BACKUP
A004242,P01066,WIFI
A004243,P01067,SWIMMING_POOL
A004244,P01067,GARDEN
A004245,P01067,LIFT
A004246,P01068,GYM
A004247,P01068,SECURITY
A004248,P01068,LIFT
A004249,P01068,CLUBHOUSE
A004250,P01068,WIFI
A004251,P01068,POWER_BACKUP
A004252,P01069,POWER_BACKUP
A004253,P01069,PARKING
A004254,P01069,SECURITY
A004255,P01069,SWIMMING_POOL
A004256,P01069,LIFT
A004257,P01070,SWIMMING_POOL
A004258,P01070,GYM
A004259,P01070,GARDEN
A004260,P01070,AIR_CONDITIONING
A004261,P01071,SWIMMING_POOL
A004262,P01071,POWER_BACKUP
A004263,P01072,WIFI
A004264,P01072,POWER_BACKUP
A004265,P01072,PARKING
A004266,P01073,GARDEN
A004267,P01073,SWIMMING_POOL
A004268,P01073,WIFI
A004269,P01074,POWER_BACKUP
A004270,P01074,SECURITY
A004271,P01075,GARDEN
A004272,P01075,WIFI
A004273,P01075,GYM
A004274,P01075,SWIMMING_POOL
A004275,P01076,POWER_BACKUP
A004276,P01076,CLUBHOUSE
A004277,P01076,WIFI
A004278,P01076,SECURITY
A004279,P01077,SWIMMING_POOL
A004280,P01077,SECURITY
A004281,P01077,GARDEN
A004282,P01077,LIFT
A004283,P01078,SECURITY
A004284,P01078,WIFI
A004285,P01078,GARDEN
A004286,P01079,SECURITY
A004287,P01079,WIFI
A004288,P01080,POWER_BACKUP
A004289,P01080,SWIMMING_POOL
A004290,P01080,SECURITY
A004291,P01080,PARKING
A004292,P01080,GARDEN
A004293,P01081,CLUBHOUSE
A004294,P01081,GYM
A004295,P01081,PARKING
A004296,P01081,WIFI
A004297,P01081,SWIMMING_POOL
A004298,P01081,LIFT
A004299,P01082,GARDEN
A004300,P01082,CLUBHOUSE
A004301,P01082,PARKING
A004302,P01082,WIFI
A004303,P01082,SECURITY
A004304,P01082,SWIMMING_POOL
A004305,P01083,POWER_BACKUP
A004306,P01083,GARDEN
A004307,P01083,WIFI
A004308,P01083,CLUBHOUSE
A004309,P01083,SECURITY
A004310,P01084,WIFI
A004311,P01084,AIR_CONDITIONING
A004312,P01084,POWER_BACKUP
A004313,P01084,CLUBHOUSE
A004314,P01084,GYM
A004315,P01085,SECURITY
A004316,P01085,GYM
A004317,P01085,AIR_CONDITIONING
A004318,P01085,SWIMMING_POOL
A004319,P01085,GARDEN
A004320,P01085,CLUBHOUSE
A004321,P01086,PARKING
A004322,P01086,LIFT
A004323,P01087,CLUBHOUSE
A004324,P01087,GARDEN
A004325,P01087,POWER_BACKUP
A004326,P01087,SWIMMING_POOL
A004327,P01087,LIFT
A004328,P01087,SECURITY
A004329,P01088,AIR_CONDITIONING
A004330,P01088,GYM
A004331,P01088,LIFT
A004332,P01088,WIFI
A004333,P01088,PARKING
A004334,P01089,SECURITY
A004335,P01089,AIR_CONDITIONING
A004336,P01089,WIFI
A004337,P01089,SWIMMING_POOL
A004338,P01089,GARDEN
A004339,P01089,POWER_BACKUP
A004340,P01090,PARKING
A004341,P01090,WIFI
A004342,P01090,POWER_BACKUP
A004343,P01090,SWIMMING_POOL
A004344,P01090,LIFT
A004345,P01090,AIR_CONDITIONING
A004346,P01091,POWER_BACKUP
A004347,P01091,SWIMMING_POOL
A004348,P01092,LIFT
A004349,P01092,POWER_BACKUP
A004350,P01092,AIR_CONDITIONING
A004351,P01092,SWIMMING_POOL
A004352,P01092,GARDEN
A004353,P01092,GYM
A004354,P01093,CLUBHOUSE
A004355,P01093,GYM
A004356,P01093,AIR_CONDITIONING
A004357,P01093,GARDEN
A004358,P01094,AIR_CONDITIONING
A004359,P01094,SWIMMING_POOL
A004360,P01094,LIFT
A004361,P01094,GARDEN
A004362,P01094,WIFI
A004363,P01095,GYM
A004364,P01095,SWIMMING_POOL
A004365,P01095,GARDEN
A004366,P01095,PARKING
A004367,P01096,GARDEN
A004368,P01096,SWIMMING_POOL
A004369,P01096,LIFT
A004370,P01096,AIR_CONDITIONING
A004371,P01097,AIR_CONDITIONING
A004372,P01097,GYM
A004373,P01097,LIFT
A004374,P01097,WIFI
A004375,P01097,GARDEN
A004376,P01097,SWIMMING_POOL
A004377,P01098,SECURITY
A004378,P01098,POWER_BACKUP
A004379,P01098,GYM
A004380,P01098,WIFI
A004381,P01099,WIFI
A004382,P01099,PARKING
A004383,P01099,AIR_CONDITIONING
A004384,P01099,LIFT
A004385,P01100,AIR_CONDITIONING
A004386,P01100,WIFI
A004387,P01100,SECURITY
A004388,P01100,LIFT
A004389,P01100,CLUBHOUSE
A004390,P01100,PARKING
A004391,P01101,POWER_BACKUP
A004392,P01101,LIFT
A004393,P01101,SWIMMING_POOL
A004394,P01101,PARKING
A004395,P01101,CLUBHOUSE
A004396,P01101,AIR_CONDITIONING
A004397,P01102,WIFI
A004398,P01102,PARKING
A004399,P01103,CLUBHOUSE
A004400,P01103,POWER_BACKUP
A004401,P01103,WIFI
A004402,P01103,SECURITY
A004403,P01103,PARKING
A004404,P01104,GARDEN
A004405,P01104,AIR_CONDITIONING
A004406,P01104,SWIMMING_POOL
A004407,P01104,SECURITY
A004408,P01104,POWER_BACKUP
A004409,P01105,WIFI
A004410,P01105,LIFT
A004411,P01106,AIR_CONDITIONING
A004412,P01106,WIFI
A004413,P01106,POWER_BACKUP
A004414,P01106,CLUBHOUSE
A004415,P01106,SWIMMING_POOL
A004416,P01106,LIFT
A004417,P01107,LIFT
A004418,P01107,SWIMMING_POOL
A004419,P01108,GARDEN
A004420,P01108,LIFT
A004421,P01108,CLUBHOUSE
A004422,P01108,SWIMMING_POOL
A004423,P01108,WIFI
A004424,P01108,AIR_CONDITIONING
A004425,P01109,SWIMMING_POOL
A004426,P01109,GYM
A004427,P01109,SECURITY
A004428,P01109,GARDEN
A004429,P01110,SECURITY
A004430,P01110,CLUBHOUSE
A004431,P01110,PARKING
A004432,P01110,GYM
A004433,P01110,GARDEN
A004434,P01110,AIR_CONDITIONING
A004435,P01111,SECURITY
A004436,P01111,AIR_CONDITIONING
A004437,P01112,GYM
A004438,P01112,WIFI
A004439,P01112,POWER_BACKUP
A004440,P01112,LIFT
A004441,P01112,SECURITY
A004442,P01113,AIR_CONDITIONING
A004443,P01113,LIFT
A004444,P01113,PARKING
A004445,P01113,GYM
A004446,P01113,CLUBHOUSE
A004447,P01114,WIFI
A004448,P01114,SWIMMING_POOL
A004449,P01115,PARKING
A004450,P01115,GYM
A004451,P01115,WIFI
A004452,P01115,POWER_BACKUP
A004453,P01116,AIR_CONDITIONING
A004454,P01116,GARDEN
A004455,P01116,LIFT
A004456,P01116,GYM
A004457,P01117,CLUBHOUSE
A004458,P01117,GARDEN
A004459,P01117,SECURITY
A004460,P01117,GYM
A004461,P01118,LIFT
A004462,P01118,SWIMMING_POOL
A004463,P01119,WIFI
A004464,P01119,GYM
A004465,P01120,POWER_BACKUP
A004466,P01120,SWIMMING_POOL
A004467,P01120,SECURITY
A004468,P01121,POWER_BACKUP
A004469,P01121,SECURITY
A004470,P01121,LIFT
A004471,P01122,WIFI
A004472,P01122,AIR_CONDITIONING
A004473,P01122,GYM
A004474,P01123,GARDEN
A004475,P01123,SWIMMING_POOL
A004476,P01123,WIFI
A004477,P01124,CLUBHOUSE
A004478,P01124,AIR_CONDITIONING
A004479,P01124,GARDEN
A004480,P01125,GARDEN
A004481,P01125,LIFT
A004482,P01125,SECURITY
A004483,P01125,PARKING
A004484,P01126,SWIMMING_POOL
A004485,P01126,AIR_CONDITIONING
A004486,P01126,POWER_BACKUP
A004487,P01126,CLUBHOUSE
A004488,P01127,CLUBHOUSE
A004489,P01127,SECURITY
A004490,P01127,SWIMMING_POOL
A004491,P01128,GYM
A004492,P01128,CLUBHOUSE
A004493,P01128,WIFI
A004494,P01128,PARKING
A004495,P01128,AIR_CONDITIONING
A004496,P01129,SWIMMING_POOL
A004497,P01129,CLUBHOUSE
A004498,P01129,GARDEN
A004499,P01129,GYM
A004500,P01130,GARDEN
A004501,P01130,GYM
A004502,P01130,POWER_BACKUP
A004503,P01130,WIFI
A004504,P01130,CLUBHOUSE
A004505,P01130,PARKING
A004506,P01131,WIFI
A004507,P01131,GARDEN
A004508,P01131,PARKING
A004509,P01131,AIR_CONDITIONING
A004510,P01131,SWIMMING_POOL
A004511,P01131,POWER_BACKUP
A004512,P01132,LIFT
A004513,P01132,SECURITY
A004514,P01132,SWIMMING_POOL
A004515,P01133,SWIMMING_POOL
A004516,P01133,AIR_CONDITIONING
A004517,P01133,SECURITY
A004518,P01134,LIFT
A004519,P01134,GYM
A004520,P01134,WIFI
A004521,P01135,GYM
A004522,P01135,SECURITY
A004523,P01135,AIR_CONDITIONING
A004524,P01136,AIR_CONDITIONING
A004525,P01136,POWER_BACKUP
A004526,P01136,WIFI
A004527,P01136,GYM
A004528,P01136,GARDEN
A004529,P01137,AIR_CONDITIONING
A004530,P01137,SECURITY
A004531,P01137,POWER_BACKUP
A004532,P01137,LIFT
A004533,P01137,PARKING
A004534,P01138,SWIMMING_POOL
A004535,P01138,GYM
A004536,P01138,POWER_BACKUP
A004537,P01138,LIFT
A004538,P01138,WIFI
A004539,P01139,SWIMMING_POOL
A004540,P01139,POWER_BACKUP
A004541,P01139,SECURITY
A004542,P01140,SECURITY
A004543,P01140,AIR_CONDITIONING
A004544,P01141,SWIMMING_POOL
A004545,P01141,AIR_CONDITIONING
A004546,P01142,AIR_CONDITIONING
A004547,P01142,SWIMMING_POOL
A004548,P01142,LIFT
A004549,P01142,PARKING
A004550,P01142,POWER_BACKUP
A004551,P01143,WIFI
A004552,P01143,SECURITY
A004553,P01143,CLUBHOUSE
A004554,P01144,WIFI
A004555,P01144,PARKING
A004556,P01144,GARDEN
A004557,P01144,AIR_CONDITIONING
A004558,P01144,LIFT
A004559,P01145,WIFI
A004560,P01145,GARDEN
A004561,P01145,GYM
A004562,P01145,AIR_CONDITIONING
A004563,P01145,PARKING
A004564,P01145,CLUBHOUSE
A004565,P01146,POWER_BACKUP
A004566,P01146,LIFT
A004567,P01146,PARKING
A004568,P01147,LIFT
A004569,P01147,GYM
A004570,P01147,SECURITY
A004571,P01148,PARKING
A004572,P01148,WIFI
A004573,P01148,SECURITY
A004574,P01148,CLUBHOUSE
A004575,P01149,SECURITY
A004576,P01149,WIFI
A004577,P01149,LIFT
A004578,P01149,POWER_BACKUP
A004579,P01149,GARDEN
A004580,P01149,AIR_CONDITIONING
A004581,P01150,PARKING
A004582,P01150,SECURITY
A004583,P01150,AIR_CONDITIONING
A004584,P01151,AIR_CONDITIONING
A004585,P01151,PARKING
A004586,P01151,GARDEN
A004587,P01151,SECURITY
A004588,P01152,SWIMMING_POOL
A004589,P01152,SECURITY
A004590,P01153,POWER_BACKUP
A004591,P01153,GYM
A004592,P01154,POWER_BACKUP
A004593,P01154,SECURITY
A004594,P01155,AIR_CONDITIONING
A004595,P01155,GARDEN
A004596,P01155,CLUBHOUSE
A004597,P01155,PARKING
A004598,P01155,GYM
A004599,P01155,LIFT
A004600,P01156,PARKING
A004601,P01156,SECURITY
A004602,P01157,WIFI
A004603,P01157,GARDEN
A004604,P01157,PARKING
A004605,P01157,CLUBHOUSE
A004606,P01157,SECURITY
A004607,P01158,WIFI
A004608,P01158,GARDEN
A004609,P01159,PARKING
A004610,P01159,SECURITY
A004611,P01159,GYM
A004612,P01159,LIFT
A004613,P01159,POWER_BACKUP
A004614,P01160,CLUBHOUSE
A004615,P01160,POWER_BACKUP
A004616,P01161,PARKING
A004617,P01161,CLUBHOUSE
A004618,P01161,AIR_CONDITIONING
A004619,P01161,GARDEN
A004620,P01162,AIR_CONDITIONING
A004621,P01162,CLUBHOUSE
A004622,P01162,GARDEN
A004623,P01163,LIFT
A004624,P01163,POWER_BACKUP
A004625,P01163,GYM
A004626,P01164,SECURITY
A004627,P01164,PARKING
A004628,P01164,GARDEN
A004629,P01164,GYM
A004630,P01164,LIFT
A004631,P01164,CLUBHOUSE
A004632,P01165,PARKING
A004633,P01165,LIFT
A004634,P01166,SWIMMING_POOL
A004635,P01166,GARDEN
A004636,P01166,LIFT
A004637,P01166,SECURITY
A004638,P01167,AIR_CONDITIONING
A004639,P01167,LIFT
A004640,P01167,CLUBHOUSE
A004641,P01167,SECURITY
A004642,P01167,WIFI
A004643,P01167,GYM
A004644,P01168,SWIMMING_POOL
A004645,P01168,GYM
A004646,P01168,AIR_CONDITIONING
A004647,P01168,CLUBHOUSE
A004648,P01169,SWIMMING_POOL
A004649,P01169,PARKING
A004650,P01169,SECURITY
A004651,P01169,CLUBHOUSE
A004652,P01169,LIFT
A004653,P01170,WIFI
A004654,P01170,PARKING
A004655,P01170,AIR_CONDITIONING
A004656,P01170,SECURITY
A004657,P01170,SWIMMING_POOL
A004658,P01170,POWER_BACKUP
A004659,P01171,GYM
A004660,P01171,AIR_CONDITIONING
A004661,P01171,LIFT
A004662,P01171,POWER_BACKUP
A004663,P01171,PARKING
A004664,P01172,LIFT
A004665,P01172,WIFI
A004666,P01172,AIR_CONDITIONING
A004667,P01172,POWER_BACKUP
A004668,P01172,GARDEN
A004669,P01172,PARKING
A004670,P01173,SECURITY
A004671,P01173,AIR_CONDITIONING
A004672,P01173,POWER_BACKUP
A004673,P01173,GARDEN
A004674,P01174,POWER_BACKUP
A004675,P01174,GYM
A004676,P01174,LIFT
A004677,P01175,SWIMMING_POOL
A004678,P01175,GYM
A004679,P01175,WIFI
A004680,P01175,CLUBHOUSE
A004681,P01175,PARKING
A004682,P01175,AIR_CONDITIONING
A004683,P01176,WIFI
A004684,P01176,SECURITY
A004685,P01176,AIR_CONDITIONING
A004686,P01176,CLUBHOUSE
A004687,P01177,AIR_CONDITIONING
A004688,P01177,POWER_BACKUP
A004689,P01178,CLUBHOUSE
A004690,P01178,GARDEN
A004691,P01178,POWER_BACKUP
A004692,P01179,CLUBHOUSE
A004693,P01179,LIFT
A004694,P01179,SECURITY
A004695,P01180,GARDEN
A004696,P01180,POWER_BACKUP
A004697,P01181,GYM
A004698,P01181,LIFT
A004699,P01181,GARDEN
A004700,P01181,CLUBHOUSE
A004701,P01182,POWER_BACKUP
A004702,P01182,CLUBHOUSE
A004703,P01182,SECURITY
A004704,P01183,GYM
A004705,P01183,POWER_BACKUP
A004706,P01183,WIFI
A004707,P01183,LIFT
A004708,P01183,PARKING
A004709,P01183,SWIMMING_POOL
A004710,P01184,AIR_CONDITIONING
A004711,P01184,GYM
A004712,P01184,PARKING
A004713,P01184,SWIMMING_POOL
A004714,P01184,WIFI
A004715,P01185,AIR_CONDITIONING
A004716,P01185,GYM
A004717,P01186,GARDEN
A004718,P01186,GYM
A004719,P01187,GARDEN
A004720,P01187,POWER_BACKUP
A004721,P01188,CLUBHOUSE
A004722,P01188,SECURITY
A004723,P01189,SWIMMING_POOL
A004724,P01189,SECURITY
A004725,P01189,PARKING
A004726,P01189,GARDEN
A004727,P01190,POWER_BACKUP
A004728,P01190,LIFT
A004729,P01190,SWIMMING_POOL
A004730,P01190,WIFI
A004731,P01190,PARKING
A004732,P01190,AIR_CONDITIONING
A004733,P01191,WIFI
A004734,P01191,SECURITY
A004735,P01191,SWIMMING_POOL
A004736,P01191,LIFT
A004737,P01192,SECURITY
A004738,P01192,SWIMMING_POOL
A004739,P01192,LIFT
A004740,P01192,PARKING
A004741,P01192,GYM
A004742,P01192,WIFI
A004743,P01193,SECURITY
A004744,P01193,GYM
A004745,P01193,PARKING
A004746,P01193,POWER_BACKUP
A004747,P01193,WIFI
A004748,P01194,SWIMMING_POOL
A004749,P01194,WIFI
A004750,P01194,PARKING
A004751,P01194,GYM
A004752,P01194,POWER_BACKUP
A004753,P01194,GARDEN
A004754,P01195,SWIMMING_POOL
A004755,P01195,CLUBHOUSE
A004756,P01195,GARDEN
A004757,P01196,LIFT
A004758,P01196,SWIMMING_POOL
A004759,P01196,PARKING
A004760,P01197,POWER_BACKUP
A004761,P01197,GYM
A004762,P01197,PARKING
A004763,P01197,SECURITY
A004764,P01198,SECURITY
A004765,P01198,CLUBHOUSE
A004766,P01198,LIFT
A004767,P01199,CLUBHOUSE
A004768,P01199,SECURITY
A004769,P01199,LIFT
A004770,P01199,GARDEN
A004771,P01199,PARKING
A004772,P01199,SWIMMING_POOL
A004773,P01200,SECURITY
A004774,P01200,CLUBHOUSE
A004775,P01200,AIR_CONDITIONING
A004776,P01201,PARKING
A004777,P01201,GYM
A004778,P01201,SWIMMING_POOL
A004779,P01201,CLUBHOUSE
A004780,P01202,LIFT
A004781,P01202,WIFI
A004782,P01202,SECURITY
A004783,P01203,GARDEN
A004784,P01203,SECURITY
A004785,P01203,WIFI
A004786,P01203,PARKING
A004787,P01204,GARDEN
A004788,P01204,SECURITY
A004789,P01204,LIFT
A004790,P01205,CLUBHOUSE
A004791,P01205,PARKING
A004792,P01206,LIFT
A004793,P01206,POWER_BACKUP
A004794,P01206,SECURITY
A004795,P01207,WIFI
A004796,P01207,LIFT
A004797,P01208,PARKING
A004798,P01208,GYM
A004799,P01208,WIFI
A004800,P01208,SWIMMING_POOL
A004801,P01209,AIR_CONDITIONING
A004802,P01209,GARDEN
A004803,P01209,CLUBHOUSE
A004804,P01209,LIFT
A004805,P01209,GYM
A004806,P01209,SWIMMING_POOL
A004807,P01210,WIFI
A004808,P01210,PARKING
A004809,P01210,POWER_BACKUP
A004810,P01210,SWIMMING_POOL
A004811,P01210,AIR_CONDITIONING
A004812,P01210,SECURITY
A004813,P01211,GARDEN
A004814,P01211,SECURITY
A004815,P01211,POWER_BACKUP
A004816,P01211,AIR_CONDITIONING
A004817,P01211,SWIMMING_POOL
A004818,P01212,SWIMMING_POOL
A004819,P01212,PARKING
A004820,P01212,POWER_BACKUP
A004821,P01212,GYM
A004822,P01212,AIR_CONDITIONING
A004823,P01213,CLUBHOUSE
A004824,P01213,WIFI
A004825,P01213,PARKING
A004826,P01213,GYM
A004827,P01213,GARDEN
A004828,P01213,SWIMMING_POOL
A004829,P01214,SECURITY
A004830,P01214,GARDEN
A004831,P01214,GYM
A004832,P01214,AIR_CONDITIONING
A004833,P01214,POWER_BACKUP
A004834,P01215,GYM
A004835,P01215,LIFT
A004836,P01216,CLUBHOUSE
A004837,P01216,GYM
A004838,P01217,WIFI
A004839,P01217,GARDEN
A004840,P01218,WIFI
A004841,P01218,LIFT
A004842,P01218,GARDEN
A004843,P01218,CLUBHOUSE
A004844,P01219,WIFI
A004845,P01219,POWER_BACKUP
A004846,P01219,PARKING
A004847,P01219,CLUBHOUSE
A004848,P01219,AIR_CONDITIONING
A004849,P01219,LIFT
A004850,P01220,GARDEN
A004851,P01220,AIR_CONDITIONING
A004852,P01220,POWER_BACKUP
A004853,P01221,AIR_CONDITIONING
A004854,P01221,WIFI
A004855,P01222,GYM
A004856,P01222,AIR_CONDITIONING
A004857,P01222,CLUBHOUSE
A004858,P01222,WIFI
A004859,P01223,WIFI
A004860,P01223,LIFT
A004861,P01223,GARDEN
A004862,P01224,WIFI
A004863,P01224,SWIMMING_POOL
A004864,P01225,POWER_BACKUP
A004865,P01225,AIR_CONDITIONING
A004866,P01225,PARKING
A004867,P01225,GARDEN
A004868,P01225,GYM
A004869,P01226,SWIMMING_POOL
A004870,P01226,POWER_BACKUP
A004871,P01226,CLUBHOUSE
A004872,P01226,AIR_CONDITIONING
A004873,P01226,GYM
A004874,P01226,PARKING
A004875,P01227,WIFI
A004876,P01227,AIR_CONDITIONING
A004877,P01227,LIFT
A004878,P01228,CLUBHOUSE
A004879,P01228,WIFI
A004880,P01228,POWER_BACKUP
A004881,P01228,GYM
A004882,P01228,SECURITY
A004883,P01228,LIFT
A004884,P01229,GARDEN
A004885,P01229,LIFT
A004886,P01229,GYM
A004887,P01229,WIFI
A004888,P01230,GARDEN
A004889,P01230,LIFT
A004890,P01230,SWIMMING_POOL
A004891,P01230,PARKING
A004892,P01230,GYM
A004893,P01231,WIFI
A004894,P01231,CLUBHOUSE
A004895,P01231,PARKING
A004896,P01232,LIFT
A004897,P01232,PARKING
A004898,P01232,GARDEN
A004899,P01233,LIFT
A004900,P01233,AIR_CONDITIONING
A004901,P01233,POWER_BACKUP
A004902,P01234,GARDEN
A004903,P01234,CLUBHOUSE
A004904,P01235,SECURITY
A004905,P01235,AIR_CONDITIONING
A004906,P01236,SWIMMING_POOL
A004907,P01236,AIR_CONDITIONING
A004908,P01237,PARKING
A004909,P01237,GARDEN
A004910,P01237,WIFI
A004911,P01237,AIR_CONDITIONING
A004912,P01237,SWIMMING_POOL
A004913,P01237,LIFT
A004914,P01238,WIFI
A004915,P01238,LIFT
A004916,P01238,PARKING
A004917,P01239,WIFI
A004918,P01239,AIR_CONDITIONING
A004919,P01239,PARKING
A004920,P01240,POWER_BACKUP
A004921,P01240,LIFT
A004922,P01241,WIFI
A004923,P01241,LIFT
A004924,P01241,SWIMMING_POOL
A004925,P01241,CLUBHOUSE
A004926,P01241,GYM
A004927,P01242,AIR_CONDITIONING
A004928,P01242,SWIMMING_POOL
A004929,P01242,LIFT
A004930,P01242,POWER_BACKUP
A004931,P01242,PARKING
A004932,P01242,GYM
A004933,P01243,GYM
A004934,P01243,SWIMMING_POOL
A004935,P01243,POWER_BACKUP
A004936,P01243,AIR_CONDITIONING
A004937,P01244,WIFI
A004938,P01244,SECURITY
A004939,P01244,SWIMMING_POOL
A004940,P01244,GYM
A004941,P01244,GARDEN
A004942,P01245,WIFI
A004943,P01245,PARKING
A004944,P01245,LIFT
A004945,P01245,POWER_BACKUP
A004946,P01245,AIR_CONDITIONING
A004947,P01246,POWER_BACKUP
A004948,P01246,PARKING
A004949,P01247,SWIMMING_POOL
A004950,P01247,CLUBHOUSE
A004951,P01247,SECURITY
A004952,P01248,PARKING
A004953,P01248,SECURITY
A004954,P01248,GARDEN
A004955,P01248,CLUBHOUSE
A004956,P01248,SWIMMING_POOL
A004957,P01249,SWIMMING_POOL
A004958,P01249,GYM
A004959,P01249,POWER_BACKUP
A004960,P01249,SECURITY
A004961,P01249,PARKING
A004962,P01250,CLUBHOUSE
A004963,P01250,LIFT
A004964,P01251,CLUBHOUSE
A004965,P01251,POWER_BACKUP
A004966,P01251,LIFT
A004967,P01252,PARKING
A004968,P01252,POWER_BACKUP
A004969,P01252,GYM
A004970,P01253,CLUBHOUSE
A004971,P01253,AIR_CONDITIONING
A004972,P01253,LIFT
A004973,P01253,WIFI
A004974,P01253,SWIMMING_POOL
A004975,P01253,SECURITY
A004976,P01254,GYM
A004977,P01254,CLUBHOUSE
A004978,P01254,LIFT
A004979,P01254,AIR_CONDITIONING
A004980,P01255,GARDEN
A004981,P01255,LIFT
A004982,P01255,AIR_CONDITIONING
A004983,P01255,WIFI
A004984,P01255,CLUBHOUSE
A004985,P01255,PARKING
A004986,P01256,GARDEN
A004987,P01256,POWER_BACKUP
A004988,P01256,AIR_CONDITIONING
A004989,P01256,SWIMMING_POOL
A004990,P01256,SECURITY
A004991,P01257,CLUBHOUSE
A004992,P01257,SECURITY
A004993,P01257,LIFT
A004994,P01257,GYM
A004995,P01257,POWER_BACKUP
A004996,P01257,WIFI
A004997,P01258,CLUBHOUSE
A004998,P01258,SECURITY
A004999,P01259,LIFT
A005000,P01259,SWIMMING_POOL
A005001,P01260,AIR_CONDITIONING
A005002,P01260,SECURITY
A005003,P01260,POWER_BACKUP
A005004,P01260,PARKING
A005005,P01260,GYM
A005006,P01260,LIFT
A005007,P01261,CLUBHOUSE
A005008,P01261,LIFT
A005009,P01262,PARKING
A005010,P01262,GYM
A005011,P01263,POWER_BACKUP
A005012,P01263,CLUBHOUSE
A005013,P01263,SECURITY
A005014,P01263,SWIMMING_POOL
A005015,P01263,AIR_CONDITIONING
A005016,P01263,WIFI
A005017,P01264,SECURITY
A005018,P01264,PARKING
A005019,P01264,SWIMMING_POOL
A005020,P01264,GARDEN
A005021,P01264,AIR_CONDITIONING
A005022,P01265,CLUBHOUSE
A005023,P01265,POWER_BACKUP
A005024,P01266,GARDEN
A005025,P01266,SWIMMING_POOL
A005026,P01266,CLUBHOUSE
A005027,P01267,SECURITY
A005028,P01267,AIR_CONDITIONING
A005029,P01268,GARDEN
A005030,P01268,SECURITY
A005031,P01269,PARKING
A005032,P01269,SECURITY
A005033,P01269,LIFT
A005034,P01269,AIR_CONDITIONING
A005035,P01270,SECURITY
A005036,P01270,AIR_CONDITIONING
A005037,P01270,GARDEN
A005038,P01270,POWER_BACKUP
A005039,P01271,GARDEN
A005040,P01271,PARKING
A005041,P01271,SWIMMING_POOL
A005042,P01271,AIR_CONDITIONING
A005043,P01272,POWER_BACKUP
A005044,P01272,AIR_CONDITIONING
A005045,P01272,GYM
A005046,P01273,CLUBHOUSE
A005047,P01273,SECURITY
A005048,P01273,POWER_BACKUP
A005049,P01273,GYM
A005050,P01274,POWER_BACKUP
A005051,P01274,SECURITY
A005052,P01274,WIFI
A005053,P01274,LIFT
A005054,P01274,PARKING
A005055,P01274,CLUBHOUSE
A005056,P01275,PARKING
A005057,P01275,LIFT
A005058,P01275,SECURITY
A005059,P01275,GYM
A005060,P01275,AIR_CONDITIONING
A005061,P01275,POWER_BACKUP
A005062,P01276,LIFT
A005063,P01276,CLUBHOUSE
A005064,P01276,GYM
A005065,P01276,WIFI
A005066,P01276,AIR_CONDITIONING
A005067,P01277,GYM
A005068,P01277,SECURITY
A005069,P01278,GARDEN
A005070,P01278,AIR_CONDITIONING
A005071,P01278,CLUBHOUSE
A005072,P01278,WIFI
A005073,P01278,PARKING
A005074,P01278,SWIMMING_POOL
A005075,P01279,GYM
A005076,P01279,GARDEN
A005077,P01279,SECURITY
A005078,P01280,GYM
A005079,P01280,LIFT
A005080,P01280,CLUBHOUSE
A005081,P01280,SECURITY
A005082,P01280,POWER_BACKUP
A005083,P01281,PARKING
A005084,P01281,WIFI
A005085,P01281,CLUBHOUSE
A005086,P01281,POWER_BACKUP
A005087,P01281,GYM
A005088,P01281,GARDEN
A005089,P01282,GYM
A005090,P01282,SWIMMING_POOL
A005091,P01282,AIR_CONDITIONING
A005092,P01282,PARKING
A005093,P01282,CLUBHOUSE
A005094,P01282,WIFI
A005095,P01283,AIR_CONDITIONING
A005096,P01283,SECURITY
A005097,P01283,WIFI
A005098,P01283,CLUBHOUSE
A005099,P01283,POWER_BACKUP
A005100,P01283,PARKING
A005101,P01284,CLUBHOUSE
A005102,P01284,GYM
A005103,P01285,PARKING
A005104,P01285,GARDEN
A005105,P01286,GARDEN
A005106,P01286,SECURITY
A005107,P01286,CLUBHOUSE
A005108,P01286,LIFT
A005109,P01287,GYM
A005110,P01287,PARKING
A005111,P01287,LIFT
A005112,P01287,POWER_BACKUP
A005113,P01288,SECURITY
A005114,P01288,GARDEN
A005115,P01288,CLUBHOUSE
A005116,P01288,SWIMMING_POOL
A005117,P01288,LIFT
A005118,P01288,WIFI
A005119,P01289,SWIMMING_POOL
A005120,P01289,WIFI
A005121,P01289,LIFT
A005122,P01289,AIR_CONDITIONING
A005123,P01290,GYM
A005124,P01290,PARKING
A005125,P01290,AIR_CONDITIONING
A005126,P01290,LIFT
A005127,P01290,SWIMMING_POOL
A005128,P01291,GARDEN
A005129,P01291,CLUBHOUSE
A005130,P01291,SWIMMING_POOL
A005131,P01291,POWER_BACKUP
A005132,P01292,SECURITY
A005133,P01292,SWIMMING_POOL
A005134,P01292,GYM
A005135,P01293,LIFT
A005136,P01293,PARKING
A005137,P01293,GARDEN
A005138,P01294,SWIMMING_POOL
A005139,P01294,CLUBHOUSE
A005140,P01294,POWER_BACKUP
A005141,P01294,SECURITY
A005142,P01294,WIFI
A005143,P01295,LIFT
A005144,P01295,GARDEN
A005145,P01296,PARKING
A005146,P01296,GYM
A005147,P01296,CLUBHOUSE
A005148,P01296,SWIMMING_POOL
A005149,P01297,SECURITY
A005150,P01297,WIFI
A005151,P01297,PARKING
A005152,P01297,LIFT
A005153,P01297,POWER_BACKUP
A005154,P01298,PARKING
A005155,P01298,GARDEN
A005156,P01298,AIR_CONDITIONING
A005157,P01299,GARDEN
A005158,P01299,WIFI
A005159,P01299,LIFT
A005160,P01300,GARDEN
A005161,P01300,PARKING
A005162,P01300,GYM
A005163,P01300,WIFI
A005164,P01301,SECURITY
A005165,P01301,SWIMMING_POOL
A005166,P01301,POWER_BACKUP
A005167,P01301,WIFI
A005168,P01302,GYM
A005169,P01302,LIFT
A005170,P01302,WIFI
A005171,P01302,POWER_BACKUP
A005172,P01302,AIR_CONDITIONING
A005173,P01302,SECURITY
A005174,P01303,GYM
A005175,P01303,SWIMMING_POOL
A005176,P01304,GYM
A005177,P01304,CLUBHOUSE
A005178,P01304,PARKING
A005179,P01305,SECURITY
A005180,P01305,CLUBHOUSE
A005181,P01305,PARKING
A005182,P01305,SWIMMING_POOL
A005183,P01305,GARDEN
A005184,P01306,PARKING
A005185,P01306,POWER_BACKUP
A005186,P01306,AIR_CONDITIONING
A005187,P01306,GARDEN
A005188,P01306,LIFT
A005189,P01306,GYM
A005190,P01307,PARKING
A005191,P01307,AIR_CONDITIONING
A005192,P01307,POWER_BACKUP
A005193,P01307,GYM
A005194,P01307,SECURITY
A005195,P01308,GARDEN
A005196,P01308,GYM
A005197,P01309,SECURITY
A005198,P01309,GYM
A005199,P01309,SWIMMING_POOL
A005200,P01309,GARDEN
A005201,P01309,CLUBHOUSE
A005202,P01309,PARKING
A005203,P01310,SWIMMING_POOL
A005204,P01310,PARKING
A005205,P01310,CLUBHOUSE
A005206,P01310,GYM
A005207,P01311,SECURITY
A005208,P01311,POWER_BACKUP
A005209,P01311,CLUBHOUSE
A005210,P01311,LIFT
A005211,P01312,GYM
A005212,P01312,LIFT
A005213,P01312,POWER_BACKUP
A005214,P01313,PARKING
A005215,P01313,WIFI
A005216,P01313,GYM
A005217,P01313,SECURITY
A005218,P01313,GARDEN
A005219,P01313,POWER_BACKUP
A005220,P01314,GYM
A005221,P01314,CLUBHOUSE
A005222,P01314,POWER_BACKUP
A005223,P01314,SWIMMING_POOL
A005224,P01314,GARDEN
A005225,P01314,LIFT
A005226,P01315,LIFT
A005227,P01315,CLUBHOUSE
A005228,P01315,SECURITY
A005229,P01316,WIFI
A005230,P01316,AIR_CONDITIONING
A005231,P01316,PARKING
A005232,P01316,CLUBHOUSE
A005233,P01316,GYM
A005234,P01317,SECURITY
A005235,P01317,AIR_CONDITIONING
A005236,P01317,POWER_BACKUP
A005237,P01317,CLUBHOUSE
A005238,P01318,SWIMMING_POOL
A005239,P01318,WIFI
A005240,P01319,GYM
A005241,P01319,PARKING
A005242,P01319,CLUBHOUSE
A005243,P01319,POWER_BACKUP
A005244,P01319,AIR_CONDITIONING
A005245,P01319,LIFT
A005246,P01320,POWER_BACKUP
A005247,P01320,PARKING
A005248,P01320,CLUBHOUSE
A005249,P01320,LIFT
A005250,P01321,POWER_BACKUP
A005251,P01321,GARDEN
A005252,P01322,CLUBHOUSE
A005253,P01322,WIFI
A005254,P01322,AIR_CONDITIONING
A005255,P01322,SECURITY
A005256,P01323,AIR_CONDITIONING
A005257,P01323,SWIMMING_POOL
A005258,P01323,LIFT
A005259,P01323,GYM
A005260,P01323,WIFI
A005261,P01324,SECURITY
A005262,P01324,GARDEN
A005263,P01324,CLUBHOUSE
A005264,P01324,SWIMMING_POOL
A005265,P01325,GYM
A005266,P01325,GARDEN
A005267,P01325,SECURITY
A005268,P01325,SWIMMING_POOL
A005269,P01326,SWIMMING_POOL
A005270,P01326,SECURITY
A005271,P01326,LIFT
A005272,P01326,AIR_CONDITIONING
A005273,P01327,POWER_BACKUP
A005274,P01327,SECURITY
A005275,P01327,WIFI
A005276,P01327,AIR_CONDITIONING
A005277,P01327,PARKING
A005278,P01328,PARKING
A005279,P01328,GARDEN
A005280,P01328,SECURITY
A005281,P01328,SWIMMING_POOL
A005282,P01328,CLUBHOUSE
A005283,P01329,GYM
A005284,P01329,LIFT
A005285,P01329,WIFI
A005286,P01329,CLUBHOUSE
A005287,P01330,GARDEN
A005288,P01330,POWER_BACKUP
A005289,P01330,CLUBHOUSE
A005290,P01330,LIFT
A005291,P01331,PARKING
A005292,P01331,SECURITY
A005293,P01331,WIFI
A005294,P01331,CLUBHOUSE
A005295,P01331,POWER_BACKUP
A005296,P01332,AIR_CONDITIONING
A005297,P01332,POWER_BACKUP
A005298,P01332,SWIMMING_POOL
A005299,P01332,WIFI
A005300,P01333,GYM
A005301,P01333,CLUBHOUSE
A005302,P01334,AIR_CONDITIONING
A005303,P01334,WIFI
A005304,P01334,POWER_BACKUP
A005305,P01334,PARKING
A005306,P01334,GARDEN
A005307,P01335,POWER_BACKUP
A005308,P01335,GARDEN
A005309,P01335,SWIMMING_POOL
A005310,P01336,GARDEN
A005311,P01336,GYM
A005312,P01336,CLUBHOUSE
A005313,P01337,GARDEN
A005314,P01337,AIR_CONDITIONING
A005315,P01338,PARKING
A005316,P01338,POWER_BACKUP
A005317,P01338,CLUBHOUSE
A005318,P01338,GARDEN
A005319,P01338,LIFT
A005320,P01338,WIFI
A005321,P01339,SWIMMING_POOL
A005322,P01339,CLUBHOUSE
A005323,P01339,SECURITY
A005324,P01339,POWER_BACKUP
A005325,P01339,GARDEN
A005326,P01339,GYM
A005327,P01340,CLUBHOUSE
A005328,P01340,POWER_BACKUP
A005329,P01340,GARDEN
A005330,P01340,WIFI
A005331,P01340,LIFT
A005332,P01341,WIFI
A005333,P01341,GARDEN
A005334,P01341,AIR_CONDITIONING
A005335,P01341,PARKING
A005336,P01341,CLUBHOUSE
A005337,P01341,SECURITY
A005338,P01342,AIR_CONDITIONING
A005339,P01342,GARDEN
A005340,P01343,LIFT
A005341,P01343,GARDEN
A005342,P01343,WIFI
A005343,P01344,GARDEN
A005344,P01344,GYM
A005345,P01344,WIFI
A005346,P01344,LIFT
A005347,P01345,GYM
A005348,P01345,WIFI
A005349,P01345,CLUBHOUSE
A005350,P01345,SWIMMING_POOL
A005351,P01345,GARDEN
A005352,P01346,SECURITY
A005353,P01346,GARDEN
A005354,P01346,CLUBHOUSE
A005355,P01346,SWIMMING_POOL
A005356,P01346,PARKING
A005357,P01347,SECURITY
A005358,P01347,GARDEN
A005359,P01347,AIR_CONDITIONING
A005360,P01348,POWER_BACKUP
A005361,P01348,AIR_CONDITIONING
A005362,P01348,SECURITY
A005363,P01349,SECURITY
A005364,P01349,AIR_CONDITIONING
A005365,P01349,WIFI
A005366,P01349,GARDEN
A005367,P01349,GYM
A005368,P01350,CLUBHOUSE
A005369,P01350,LIFT
A005370,P01350,SECURITY
A005371,P01351,WIFI
A005372,P01351,SECURITY
A005373,P01351,GARDEN
A005374,P01351,AIR_CONDITIONING
A005375,P01351,GYM
A005376,P01352,PARKING
A005377,P01352,POWER_BACKUP
A005378,P01352,GYM
A005379,P01352,AIR_CONDITIONING
A005380,P01352,GARDEN
A005381,P01353,CLUBHOUSE
A005382,P01353,AIR_CONDITIONING
A005383,P01353,GARDEN
A005384,P01353,SECURITY
A005385,P01354,GARDEN
A005386,P01354,SECURITY
A005387,P01354,CLUBHOUSE
A005388,P01354,PARKING
A005389,P01354,GYM
A005390,P01354,WIFI
A005391,P01355,CLUBHOUSE
A005392,P01355,AIR_CONDITIONING
A005393,P01355,GARDEN
A005394,P01355,SECURITY
A005395,P01356,PARKING
A005396,P01356,SWIMMING_POOL
A005397,P01356,LIFT
A005398,P01356,GYM
A005399,P01356,AIR_CONDITIONING
A005400,P01357,POWER_BACKUP
A005401,P01357,SECURITY
A005402,P01358,SECURITY
A005403,P01358,WIFI
A005404,P01359,AIR_CONDITIONING
A005405,P01359,WIFI
A005406,P01359,GARDEN
A005407,P01359,POWER_BACKUP
A005408,P01359,PARKING
A005409,P01359,LIFT
A005410,P01360,WIFI
A005411,P01360,LIFT
A005412,P01360,CLUBHOUSE
A005413,P01360,AIR_CONDITIONING
A005414,P01361,PARKING
A005415,P01361,POWER_BACKUP
A005416,P01362,GYM
A005417,P01362,SWIMMING_POOL
A005418,P01362,WIFI
A005419,P01362,CLUBHOUSE
A005420,P01362,POWER_BACKUP
A005421,P01362,PARKING
A005422,P01363,GYM
A005423,P01363,AIR_CONDITIONING
A005424,P01364,SWIMMING_POOL
A005425,P01364,WIFI
A005426,P01364,POWER_BACKUP
A005427,P01364,GYM
A005428,P01365,SECURITY
A005429,P01365,GYM
A005430,P01365,SWIMMING_POOL
A005431,P01365,LIFT
A005432,P01366,PARKING
A005433,P01366,GYM
A005434,P01367,CLUBHOUSE
A005435,P01367,POWER_BACKUP
A005436,P01368,PARKING
A005437,P01368,GYM
A005438,P01368,SECURITY
A005439,P01369,CLUBHOUSE
A005440,P01369,GARDEN
A005441,P01369,SECURITY
A005442,P01369,WIFI
A005443,P01370,CLUBHOUSE
A005444,P01370,PARKING
A005445,P01370,SECURITY
A005446,P01370,AIR_CONDITIONING
A005447,P01370,GARDEN
A005448,P01371,SECURITY
A005449,P01371,GYM
A005450,P01371,LIFT
A005451,P01371,SWIMMING_POOL
A005452,P01371,POWER_BACKUP
A005453,P01371,WIFI
A005454,P01372,CLUBHOUSE
A005455,P01372,LIFT
A005456,P01372,GYM
A005457,P01373,SWIMMING_POOL
A005458,P01373,GYM
A005459,P01373,WIFI
A005460,P01374,LIFT
A005461,P01374,SWIMMING_POOL
A005462,P01375,WIFI
A005463,P01375,PARKING
A005464,P01375,SECURITY
A005465,P01375,AIR_CONDITIONING
A005466,P01376,SWIMMING_POOL
A005467,P01376,AIR_CONDITIONING
A005468,P01376,CLUBHOUSE
A005469,P01376,WIFI
A005470,P01377,WIFI
A005471,P01377,SECURITY
A005472,P01377,CLUBHOUSE
A005473,P01377,SWIMMING_POOL
A005474,P01377,POWER_BACKUP
A005475,P01378,PARKING
A005476,P01378,WIFI
A005477,P01378,SECURITY
A005478,P01379,GARDEN
A005479,P01379,AIR_CONDITIONING
A005480,P01379,POWER_BACKUP
A005481,P01379,SECURITY
A005482,P01379,WIFI
A005483,P01380,GARDEN
A005484,P01380,WIFI
A005485,P01380,LIFT
A005486,P01381,PARKING
A005487,P01381,POWER_BACKUP
A005488,P01381,SECURITY
A005489,P01381,CLUBHOUSE
A005490,P01381,LIFT
A005491,P01382,SECURITY
A005492,P01382,WIFI
A005493,P01382,POWER_BACKUP
A005494,P01382,CLUBHOUSE
A005495,P01383,PARKING
A005496,P01383,LIFT
A005497,P01383,CLUBHOUSE
A005498,P01384,GARDEN
A005499,P01384,SWIMMING_POOL
A005500,P01384,AIR_CONDITIONING
A005501,P01384,POWER_BACKUP
A005502,P01384,PARKING
A005503,P01384,SECURITY
A005504,P01385,WIFI
A005505,P01385,GARDEN
A005506,P01385,CLUBHOUSE
A005507,P01386,CLUBHOUSE
A005508,P01386,SECURITY
A005509,P01386,POWER_BACKUP
A005510,P01386,SWIMMING_POOL
A005511,P01386,PARKING
A005512,P01386,WIFI
A005513,P01387,SWIMMING_POOL
A005514,P01387,CLUBHOUSE
A005515,P01387,POWER_BACKUP
A005516,P01387,PARKING
A005517,P01387,LIFT
A005518,P01387,WIFI
A005519,P01388,GARDEN
A005520,P01388,GYM
A005521,P01389,CLUBHOUSE
A005522,P01389,AIR_CONDITIONING
A005523,P01389,GYM
A005524,P01389,WIFI
A005525,P01389,LIFT
A005526,P01389,GARDEN
A005527,P01390,SECURITY
A005528,P01390,PARKING
A005529,P01390,LIFT
A005530,P01390,CLUBHOUSE
A005531,P01390,WIFI
A005532,P01390,POWER_BACKUP
A005533,P01391,LIFT
A005534,P01391,SECURITY
A005535,P01391,GYM
A005536,P01391,AIR_CONDITIONING
A005537,P01391,WIFI
A005538,P01391,GARDEN
A005539,P01392,LIFT
A005540,P01392,PARKING
A005541,P01392,GARDEN
A005542,P01392,WIFI
A005543,P01393,SECURITY
A005544,P01393,LIFT
A005545,P01394,GARDEN
A005546,P01394,LIFT
A005547,P01394,PARKING
A005548,P01394,AIR_CONDITIONING
A005549,P01394,POWER_BACKUP
A005550,P01395,SECURITY
A005551,P01395,GYM
A005552,P01395,GARDEN
A005553,P01395,AIR_CONDITIONING
A005554,P01395,SWIMMING_POOL
A005555,P01395,CLUBHOUSE
A005556,P01396,SECURITY
A005557,P01396,POWER_BACKUP
A005558,P01396,GYM
A005559,P01397,POWER_BACKUP
A005560,P01397,WIFI
A005561,P01397,GYM
A005562,P01397,CLUBHOUSE
A005563,P01397,GARDEN
A005564,P01397,LIFT
A005565,P01398,SECURITY
A005566,P01398,AIR_CONDITIONING
A005567,P01399,LIFT
A005568,P01399,GYM
A005569,P01399,PARKING
A005570,P01399,SWIMMING_POOL
A005571,P01400,POWER_BACKUP
A005572,P01400,SWIMMING_POOL
A005573,P01401,SWIMMING_POOL
A005574,P01401,GYM
A005575,P01401,WIFI
A005576,P01401,POWER_BACKUP
A005577,P01401,SECURITY
A005578,P01401,GARDEN
A005579,P01402,LIFT
A005580,P01402,GARDEN
A005581,P01402,GYM
A005582,P01402,SWIMMING_POOL
A005583,P01402,AIR_CONDITIONING
A005584,P01403,AIR_CONDITIONING
A005585,P01403,POWER_BACKUP
A005586,P01404,SWIMMING_POOL
A005587,P01404,AIR_CONDITIONING
A005588,P01405,GARDEN
A005589,P01405,POWER_BACKUP
A005590,P01405,PARKING
A005591,P01405,LIFT
A005592,P01406,WIFI
A005593,P01406,AIR_CONDITIONING
A005594,P01407,SECURITY
A005595,P01407,GARDEN
A005596,P01407,LIFT
A005597,P01407,PARKING
A005598,P01407,AIR_CONDITIONING
A005599,P01408,SECURITY
A005600,P01408,PARKING
A005601,P01409,CLUBHOUSE
A005602,P01409,GARDEN
A005603,P01410,POWER_BACKUP
A005604,P01410,PARKING
A005605,P01410,WIFI
A005606,P01410,GARDEN
A005607,P01410,SECURITY
A005608,P01411,SWIMMING_POOL
A005609,P01411,POWER_BACKUP
A005610,P01411,GYM
A005611,P01411,PARKING
A005612,P01412,LIFT
A005613,P01412,AIR_CONDITIONING
A005614,P01412,SECURITY
A005615,P01412,GARDEN
A005616,P01412,PARKING
A005617,P01413,GYM
A005618,P01413,GARDEN
A005619,P01413,SECURITY
A005620,P01413,POWER_BACKUP
A005621,P01414,SWIMMING_POOL
A005622,P01414,AIR_CONDITIONING
A005623,P01415,GARDEN
A005624,P01415,SWIMMING_POOL
A005625,P01415,POWER_BACKUP
A005626,P01415,PARKING
A005627,P01416,LIFT
A005628,P01416,SECURITY
A005629,P01416,AIR_CONDITIONING
A005630,P01416,GYM
A005631,P01416,POWER_BACKUP
A005632,P01416,PARKING
A005633,P01417,SWIMMING_POOL
A005634,P01417,CLUBHOUSE
A005635,P01417,POWER_BACKUP
A005636,P01418,SWIMMING_POOL
A005637,P01418,GYM
A005638,P01418,PARKING
A005639,P01418,AIR_CONDITIONING
A005640,P01418,SECURITY
A005641,P01419,PARKING
A005642,P01419,GARDEN
A005643,P01419,POWER_BACKUP
A005644,P01419,GYM
A005645,P01419,AIR_CONDITIONING
A005646,P01420,LIFT
A005647,P01420,AIR_CONDITIONING
A005648,P01420,GYM
A005649,P01420,GARDEN
A005650,P01421,GARDEN
A005651,P01421,PARKING
A005652,P01421,GYM
A005653,P01421,POWER_BACKUP
A005654,P01422,WIFI
A005655,P01422,PARKING
A005656,P01422,LIFT
A005657,P01423,CLUBHOUSE
A005658,P01423,LIFT
A005659,P01423,POWER_BACKUP
A005660,P01423,SECURITY
A005661,P01424,CLUBHOUSE
A005662,P01424,LIFT
A005663,P01424,SWIMMING_POOL
A005664,P01424,AIR_CONDITIONING
A005665,P01425,CLUBHOUSE
A005666,P01425,AIR_CONDITIONING
A005667,P01425,GYM
A005668,P01425,WIFI
A005669,P01425,PARKING
A005670,P01425,SWIMMING_POOL
A005671,P01426,POWER_BACKUP
A005672,P01426,AIR_CONDITIONING
A005673,P01427,GARDEN
A005674,P01427,AIR_CONDITIONING
A005675,P01428,SECURITY
A005676,P01428,WIFI
A005677,P01428,PARKING
A005678,P01428,LIFT
A005679,P01428,AIR_CONDITIONING
A005680,P01429,CLUBHOUSE
A005681,P01429,GYM
A005682,P01429,WIFI
A005683,P01429,GARDEN
A005684,P01430,PARKING
A005685,P01430,AIR_CONDITIONING
A005686,P01431,PARKING
A005687,P01431,AIR_CONDITIONING
A005688,P01431,GARDEN
A005689,P01431,LIFT
A005690,P01431,POWER_BACKUP
A005691,P01431,SECURITY
A005692,P01432,SECURITY
A005693,P01432,WIFI
A005694,P01432,GARDEN
A005695,P01433,AIR_CONDITIONING
A005696,P01433,POWER_BACKUP
A005697,P01433,SECURITY
A005698,P01433,SWIMMING_POOL
A005699,P01433,GYM
A005700,P01434,LIFT
A005701,P01434,GARDEN
A005702,P01435,LIFT
A005703,P01435,CLUBHOUSE
A005704,P01435,SECURITY
A005705,P01435,SWIMMING_POOL
A005706,P01435,PARKING
A005707,P01435,GYM
A005708,P01436,GARDEN
A005709,P01436,WIFI
A005710,P01436,AIR_CONDITIONING
A005711,P01436,SWIMMING_POOL
A005712,P01436,PARKING
A005713,P01437,WIFI
A005714,P01437,POWER_BACKUP
A005715,P01437,GARDEN
A005716,P01437,AIR_CONDITIONING
A005717,P01437,SWIMMING_POOL
A005718,P01438,CLUBHOUSE
A005719,P01438,LIFT
A005720,P01438,GYM
A005721,P01439,GYM
A005722,P01439,AIR_CONDITIONING
A005723,P01440,PARKING
A005724,P01440,GARDEN
A005725,P01441,SECURITY
A005726,P01441,CLUBHOUSE
A005727,P01441,PARKING
A005728,P01441,SWIMMING_POOL
A005729,P01442,WIFI
A005730,P01442,SWIMMING_POOL
A005731,P01442,POWER_BACKUP
A005732,P01442,GARDEN
A005733,P01443,CLUBHOUSE
A005734,P01443,GYM
A005735,P01443,LIFT
A005736,P01443,POWER_BACKUP
A005737,P01443,PARKING
A005738,P01444,GYM
A005739,P01444,CLUBHOUSE
A005740,P01444,POWER_BACKUP
A005741,P01444,SECURITY
A005742,P01445,WIFI
A005743,P01445,AIR_CONDITIONING
A005744,P01445,CLUBHOUSE
A005745,P01445,PARKING
A005746,P01445,SECURITY
A005747,P01445,GYM
A005748,P01446,GARDEN
A005749,P01446,CLUBHOUSE
A005750,P01446,GYM
A005751,P01446,PARKING
A005752,P01446,LIFT
A005753,P01447,PARKING
A005754,P01447,SECURITY
A005755,P01447,GYM
A005756,P01447,SWIMMING_POOL
A005757,P01447,WIFI
A005758,P01448,GARDEN
A005759,P01448,SECURITY
A005760,P01448,WIFI
A005761,P01448,SWIMMING_POOL
A005762,P01448,LIFT
A005763,P01448,POWER_BACKUP
A005764,P01449,WIFI
A005765,P01449,PARKING
A005766,P01449,GARDEN
A005767,P01449,SWIMMING_POOL
A005768,P01449,LIFT
A005769,P01449,AIR_CONDITIONING
A005770,P01450,PARKING
A005771,P01450,AIR_CONDITIONING
A005772,P01450,POWER_BACKUP
A005773,P01450,LIFT
A005774,P01450,WIFI
A005775,P01451,LIFT
A005776,P01451,SECURITY
A005777,P01451,POWER_BACKUP
A005778,P01452,GYM
A005779,P01452,SWIMMING_POOL
A005780,P01453,AIR_CONDITIONING
A005781,P01453,GARDEN
A005782,P01453,LIFT
A005783,P01453,SECURITY
A005784,P01453,PARKING
A005785,P01454,POWER_BACKUP
A005786,P01454,GYM
A005787,P01454,GARDEN
A005788,P01454,SECURITY
A005789,P01454,WIFI
A005790,P01454,AIR_CONDITIONING
A005791,P01455,SECURITY
A005792,P01455,POWER_BACKUP
A005793,P01455,WIFI
A005794,P01456,GARDEN
A005795,P01456,POWER_BACKUP
A005796,P01456,SECURITY
A005797,P01456,GYM
A005798,P01457,LIFT
A005799,P01457,CLUBHOUSE
A005800,P01457,POWER_BACKUP
A005801,P01457,WIFI
A005802,P01458,WIFI
A005803,P01458,SECURITY
A005804,P01458,GYM
A005805,P01458,CLUBHOUSE
A005806,P01458,AIR_CONDITIONING
A005807,P01459,GARDEN
A005808,P01459,AIR_CONDITIONING
A005809,P01459,PARKING
A005810,P01460,GARDEN
A005811,P01460,GYM
A005812,P01461,SECURITY
A005813,P01461,WIFI
A005814,P01461,GARDEN
A005815,P01461,POWER_BACKUP
A005816,P01461,CLUBHOUSE
A005817,P01462,AIR_CONDITIONING
A005818,P01462,SECURITY
A005819,P01462,CLUBHOUSE
A005820,P01462,PARKING
A005821,P01463,PARKING
A005822,P01463,CLUBHOUSE
A005823,P01464,SECURITY
A005824,P01464,POWER_BACKUP
A005825,P01464,GYM
A005826,P01464,LIFT
A005827,P01464,GARDEN
A005828,P01464,WIFI
A005829,P01465,SWIMMING_POOL
A005830,P01465,AIR_CONDITIONING
A005831,P01465,POWER_BACKUP
A005832,P01466,GYM
A005833,P01466,SWIMMING_POOL
A005834,P01466,SECURITY
A005835,P01466,CLUBHOUSE
A005836,P01466,POWER_BACKUP
A005837,P01466,WIFI
A005838,P01467,POWER_BACKUP
A005839,P01467,LIFT
A005840,P01467,PARKING
A005841,P01467,AIR_CONDITIONING
A005842,P01467,CLUBHOUSE
A005843,P01468,SECURITY
A005844,P01468,GYM
A005845,P01468,POWER_BACKUP
A005846,P01468,LIFT
A005847,P01468,GARDEN
A005848,P01469,SWIMMING_POOL
A005849,P01469,POWER_BACKUP
A005850,P01470,GYM
A005851,P01470,POWER_BACKUP
A005852,P01470,SECURITY
A005853,P01470,WIFI
A005854,P01470,LIFT
A005855,P01470,CLUBHOUSE
A005856,P01471,POWER_BACKUP
A005857,P01471,PARKING
A005858,P01471,GARDEN
A005859,P01471,SECURITY
A005860,P01471,WIFI
A005861,P01471,AIR_CONDITIONING
A005862,P01472,SECURITY
A005863,P01472,LIFT
A005864,P01473,AIR_CONDITIONING
A005865,P01473,LIFT
A005866,P01473,GYM
A005867,P01474,PARKING
A005868,P01474,GYM
A005869,P01475,GARDEN
A005870,P01475,CLUBHOUSE
A005871,P01475,SWIMMING_POOL
A005872,P01475,POWER_BACKUP
A005873,P01475,WIFI
A005874,P01476,SECURITY
A005875,P01476,GYM
A005876,P01476,LIFT
A005877,P01476,GARDEN
A005878,P01477,SECURITY
A005879,P01477,AIR_CONDITIONING
A005880,P01477,GARDEN
A005881,P01477,POWER_BACKUP
A005882,P01477,LIFT
A005883,P01477,SWIMMING_POOL
A005884,P01478,CLUBHOUSE
A005885,P01478,LIFT
A005886,P01478,AIR_CONDITIONING
A005887,P01478,SECURITY
A005888,P01478,SWIMMING_POOL
A005889,P01478,POWER_BACKUP
A005890,P01479,LIFT
A005891,P01479,WIFI
A005892,P01479,POWER_BACKUP
A005893,P01480,WIFI
A005894,P01480,AIR_CONDITIONING
A005895,P01480,PARKING
A005896,P01480,CLUBHOUSE
A005897,P01481,GARDEN
A005898,P01481,SWIMMING_POOL
A005899,P01482,SECURITY
A005900,P01482,GARDEN
A005901,P01482,POWER_BACKUP
A005902,P01482,SWIMMING_POOL
A005903,P01482,AIR_CONDITIONING
A005904,P01482,PARKING
A005905,P01483,AIR_CONDITIONING
A005906,P01483,LIFT
A005907,P01484,CLUBHOUSE
A005908,P01484,WIFI
A005909,P01484,SECURITY
A005910,P01484,GARDEN
A005911,P01484,SWIMMING_POOL
A005912,P01484,GYM
A005913,P01485,GYM
A005914,P01485,PARKING
A005915,P01485,SECURITY
A005916,P01485,GARDEN
A005917,P01485,POWER_BACKUP
A005918,P01486,WIFI
A005919,P01486,CLUBHOUSE
A005920,P01486,PARKING
A005921,P01486,POWER_BACKUP
A005922,P01487,LIFT
A005923,P01487,CLUBHOUSE
A005924,P01487,SWIMMING_POOL
A005925,P01488,SECURITY
A005926,P01488,POWER_BACKUP
A005927,P01488,PARKING
A005928,P01488,GARDEN
A005929,P01488,CLUBHOUSE
A005930,P01488,GYM
A005931,P01489,WIFI
A005932,P01489,CLUBHOUSE
A005933,P01489,SWIMMING_POOL
A005934,P01490,GARDEN
A005935,P01490,CLUBHOUSE
A005936,P01491,WIFI
A005937,P01491,GYM
A005938,P01492,PARKING
A005939,P01492,LIFT
A005940,P01492,SECURITY
A005941,P01492,CLUBHOUSE
A005942,P01493,AIR_CONDITIONING
A005943,P01493,GARDEN
A005944,P01493,POWER_BACKUP
A005945,P01493,CLUBHOUSE
A005946,P01493,LIFT
A005947,P01493,PARKING
A005948,P01494,GYM
A005949,P01494,GARDEN
A005950,P01494,SECURITY
A005951,P01494,POWER_BACKUP
A005952,P01495,WIFI
A005953,P01495,PARKING
A005954,P01496,GYM
A005955,P01496,AIR_CONDITIONING
A005956,P01496,LIFT
A005957,P01496,CLUBHOUSE
A005958,P01496,POWER_BACKUP
A005959,P01497,POWER_BACKUP
A005960,P01497,LIFT
A005961,P01497,WIFI
A005962,P01497,CLUBHOUSE
A005963,P01497,SECURITY
A005964,P01497,PARKING
A005965,P01498,GARDEN
A005966,P01498,SECURITY
A005967,P01499,GYM
A005968,P01499,WIFI
A005969,P01500,LIFT
A005970,P01500,SWIMMING_POOL
A005971,P01501,GARDEN
A005972,P01501,CLUBHOUSE
A005973,P01501,PARKING
A005974,P01502,CLUBHOUSE
A005975,P01502,GARDEN
A005976,P01502,LIFT
A005977,P01503,POWER_BACKUP
A005978,P01503,SECURITY
A005979,P01503,CLUBHOUSE
A005980,P01503,SWIMMING_POOL
A005981,P01503,AIR_CONDITIONING
A005982,P01503,LIFT
A005983,P01504,GARDEN
A005984,P01504,LIFT
A005985,P01504,SWIMMING_POOL
A005986,P01504,SECURITY
A005987,P01504,POWER_BACKUP
A005988,P01504,CLUBHOUSE
A005989,P01505,LIFT
A005990,P01505,WIFI
A005991,P01505,PARKING
A005992,P01506,GYM
A005993,P01506,AIR_CONDITIONING
A005994,P01506,PARKING
A005995,P01506,CLUBHOUSE
A005996,P01506,GARDEN
A005997,P01507,GARDEN
A005998,P01507,CLUBHOUSE
A005999,P01507,PARKING
A006000,P01507,AIR_CONDITIONING
A006001,P01507,GYM
A006002,P01508,WIFI
A006003,P01508,LIFT
A006004,P01508,CLUBHOUSE
A006005,P01508,SECURITY
A006006,P01509,CLUBHOUSE
A006007,P01509,POWER_BACKUP
A006008,P01509,PARKING
A006009,P01510,WIFI
A006010,P01510,SWIMMING_POOL
A006011,P01510,SECURITY
A006012,P01511,LIFT
A006013,P01511,SWIMMING_POOL
A006014,P01511,CLUBHOUSE
A006015,P01511,WIFI
A006016,P01511,GARDEN
A006017,P01512,POWER_BACKUP
A006018,P01512,GYM
A006019,P01512,GARDEN
A006020,P01512,SWIMMING_POOL
A006021,P01512,CLUBHOUSE
A006022,P01513,AIR_CONDITIONING
A006023,P01513,LIFT
A006024,P01513,CLUBHOUSE
A006025,P01513,GYM
A006026,P01513,SECURITY
A006027,P01514,LIFT
A006028,P01514,WIFI
A006029,P01514,SWIMMING_POOL
A006030,P01514,CLUBHOUSE
A006031,P01514,SECURITY
A006032,P01514,GYM
A006033,P01515,PARKING
A006034,P01515,POWER_BACKUP
A006035,P01515,SECURITY
A006036,P01515,GYM
A006037,P01515,LIFT
A006038,P01516,POWER_BACKUP
A006039,P01516,GARDEN
A006040,P01516,PARKING
A006041,P01516,WIFI
A006042,P01516,CLUBHOUSE
A006043,P01517,GARDEN
A006044,P01517,AIR_CONDITIONING
A006045,P01517,SECURITY
A006046,P01517,LIFT
A006047,P01517,GYM
A006048,P01518,LIFT
A006049,P01518,GYM
A006050,P01518,AIR_CONDITIONING
A006051,P01518,GARDEN
A006052,P01518,SWIMMING_POOL
A006053,P01519,SWIMMING_POOL
A006054,P01519,LIFT
A006055,P01519,CLUBHOUSE
A006056,P01519,SECURITY
A006057,P01520,POWER_BACKUP
A006058,P01520,SECURITY
A006059,P01520,GARDEN
A006060,P01520,LIFT
A006061,P01521,LIFT
A006062,P01521,SECURITY
A006063,P01521,GYM
A006064,P01521,POWER_BACKUP
A006065,P01521,WIFI
A006066,P01522,SWIMMING_POOL
A006067,P01522,GARDEN
A006068,P01522,CLUBHOUSE
A006069,P01522,POWER_BACKUP
A006070,P01523,GYM
A006071,P01523,CLUBHOUSE
A006072,P01523,LIFT
A006073,P01524,POWER_BACKUP
A006074,P01524,SWIMMING_POOL
A006075,P01524,AIR_CONDITIONING
A006076,P01524,WIFI
A006077,P01524,LIFT
A006078,P01524,SECURITY
A006079,P01525,AIR_CONDITIONING
A006080,P01525,SWIMMING_POOL
A006081,P01526,SWIMMING_POOL
A006082,P01526,GARDEN
A006083,P01526,SECURITY
A006084,P01527,PARKING
A006085,P01527,GYM
A006086,P01527,AIR_CONDITIONING
A006087,P01527,SWIMMING_POOL
A006088,P01528,AIR_CONDITIONING
A006089,P01528,CLUBHOUSE
A006090,P01528,SECURITY
A006091,P01528,SWIMMING_POOL
A006092,P01528,POWER_BACKUP
A006093,P01529,SWIMMING_POOL
A006094,P01529,GARDEN
A006095,P01529,PARKING
A006096,P01530,CLUBHOUSE
A006097,P01530,POWER_BACKUP
A006098,P01531,POWER_BACKUP
A006099,P01531,AIR_CONDITIONING
A006100,P01531,PARKING
A006101,P01532,CLUBHOUSE
A006102,P01532,SECURITY
A006103,P01533,SECURITY
A006104,P01533,POWER_BACKUP
A006105,P01533,WIFI
A006106,P01534,SECURITY
A006107,P01534,LIFT
A006108,P01535,POWER_BACKUP
A006109,P01535,LIFT
A006110,P01535,AIR_CONDITIONING
A006111,P01535,GARDEN
A006112,P01535,WIFI
A006113,P01535,CLUBHOUSE
A006114,P01536,SECURITY
A006115,P01536,GARDEN
A006116,P01537,SECURITY
A006117,P01537,LIFT
A006118,P01537,CLUBHOUSE
A006119,P01537,GYM
A006120,P01538,GYM
A006121,P01538,SWIMMING_POOL
A006122,P01539,POWER_BACKUP
A006123,P01539,SECURITY
A006124,P01539,WIFI
A006125,P01539,GYM
A006126,P01539,SWIMMING_POOL
A006127,P01539,AIR_CONDITIONING
A006128,P01540,SECURITY
A006129,P01540,CLUBHOUSE
A006130,P01541,LIFT
A006131,P01541,POWER_BACKUP
A006132,P01541,CLUBHOUSE
A006133,P01542,WIFI
A006134,P01542,GYM
A006135,P01543,SWIMMING_POOL
A006136,P01543,SECURITY
A006137,P01543,PARKING
A006138,P01544,GARDEN
A006139,P01544,POWER_BACKUP
A006140,P01544,SWIMMING_POOL
A006141,P01544,GYM
A006142,P01544,AIR_CONDITIONING
A006143,P01545,SECURITY
A006144,P01545,WIFI
A006145,P01546,GYM
A006146,P01546,AIR_CONDITIONING
A006147,P01547,SECURITY
A006148,P01547,LIFT
A006149,P01547,WIFI
A006150,P01547,AIR_CONDITIONING
A006151,P01548,POWER_BACKUP
A006152,P01548,GARDEN
A006153,P01549,LIFT
A006154,P01549,CLUBHOUSE
A006155,P01549,WIFI
A006156,P01549,PARKING
A006157,P01549,AIR_CONDITIONING
A006158,P01550,SWIMMING_POOL
A006159,P01550,SECURITY
A006160,P01550,WIFI
A006161,P01551,AIR_CONDITIONING
A006162,P01551,SECURITY
A006163,P01551,SWIMMING_POOL
A006164,P01551,CLUBHOUSE
A006165,P01551,LIFT
A006166,P01551,GYM
A006167,P01552,POWER_BACKUP
A006168,P01552,WIFI
A006169,P01552,LIFT
A006170,P01552,PARKING
A006171,P01552,CLUBHOUSE
A006172,P01553,GYM
A006173,P01553,SWIMMING_POOL
A006174,P01553,SECURITY
A006175,P01554,SECURITY
A006176,P01554,CLUBHOUSE
A006177,P01555,GARDEN
A006178,P01555,SECURITY
A006179,P01555,POWER_BACKUP
A006180,P01555,WIFI
A006181,P01556,AIR_CONDITIONING
A006182,P01556,PARKING
A006183,P01557,PARKING
A006184,P01557,GARDEN
A006185,P01557,CLUBHOUSE
A006186,P01557,GYM
A006187,P01557,SWIMMING_POOL
A006188,P01558,PARKING
A006189,P01558,WIFI
A006190,P01558,SWIMMING_POOL
A006191,P01558,SECURITY
A006192,P01559,POWER_BACKUP
A006193,P01559,AIR_CONDITIONING
A006194,P01559,PARKING
A006195,P01559,GYM
A006196,P01560,CLUBHOUSE
A006197,P01560,WIFI
A006198,P01560,SWIMMING_POOL
A006199,P01560,PARKING
A006200,P01560,AIR_CONDITIONING
A006201,P01560,LIFT
A006202,P01561,SECURITY
A006203,P01561,LIFT
A006204,P01561,GYM
A006205,P01561,WIFI
A006206,P01561,POWER_BACKUP
A006207,P01561,GARDEN
A006208,P01562,PARKING
A006209,P01562,GYM
A006210,P01562,SWIMMING_POOL
A006211,P01562,LIFT
A006212,P01562,SECURITY
A006213,P01562,AIR_CONDITIONING
A006214,P01563,AIR_CONDITIONING
A006215,P01563,LIFT
A006216,P01563,GYM
A006217,P01563,GARDEN
A006218,P01563,CLUBHOUSE
A006219,P01563,SWIMMING_POOL
A006220,P01564,AIR_CONDITIONING
A006221,P01564,PARKING
A006222,P01564,GYM
A006223,P01565,SECURITY
A006224,P01565,POWER_BACKUP
A006225,P01565,PARKING
A006226,P01566,WIFI
A006227,P01566,CLUBHOUSE
A006228,P01566,SECURITY
A006229,P01567,GYM
A006230,P01567,PARKING
A006231,P01567,GARDEN
A006232,P01567,SWIMMING_POOL
A006233,P01567,AIR_CONDITIONING
A006234,P01567,POWER_BACKUP
A006235,P01568,CLUBHOUSE
A006236,P01568,AIR_CONDITIONING
A006237,P01568,GARDEN
A006238,P01568,SECURITY
A006239,P01569,WIFI
A006240,P01569,GARDEN
A006241,P01570,SWIMMING_POOL
A006242,P01570,LIFT
A006243,P01571,LIFT
A006244,P01571,GYM
A006245,P01571,CLUBHOUSE
A006246,P01572,GYM
A006247,P01572,AIR_CONDITIONING
A006248,P01573,POWER_BACKUP
A006249,P01573,WIFI
A006250,P01574,AIR_CONDITIONING
A006251,P01574,GYM
A006252,P01574,SWIMMING_POOL
A006253,P01574,LIFT
A006254,P01574,PARKING
A006255,P01574,SECURITY
A006256,P01575,GYM
A006257,P01575,SECURITY
A006258,P01575,LIFT
A006259,P01576,GYM
A006260,P01576,LIFT
A006261,P01576,SECURITY
A006262,P01576,POWER_BACKUP
A006263,P01576,PARKING
A006264,P01577,GYM
A006265,P01577,SWIMMING_POOL
A006266,P01577,POWER_BACKUP
A006267,P01577,GARDEN
A006268,P01577,LIFT
A006269,P01578,GYM
A006270,P01578,SECURITY
A006271,P01578,SWIMMING_POOL
A006272,P01579,SWIMMING_POOL
A006273,P01579,CLUBHOUSE
A006274,P01580,SWIMMING_POOL
A006275,P01580,AIR_CONDITIONING
A006276,P01581,SWIMMING_POOL
A006277,P01581,AIR_CONDITIONING
A006278,P01581,CLUBHOUSE
A006279,P01581,WIFI
A006280,P01581,SECURITY
A006281,P01581,POWER_BACKUP
A006282,P01582,SWIMMING_POOL
A006283,P01582,GARDEN
A006284,P01583,POWER_BACKUP
A006285,P01583,AIR_CONDITIONING
A006286,P01583,GARDEN
A006287,P01584,POWER_BACKUP
A006288,P01584,AIR_CONDITIONING
A006289,P01584,WIFI
A006290,P01584,CLUBHOUSE
A006291,P01584,GYM
A006292,P01585,GYM
A006293,P01585,SWIMMING_POOL
A006294,P01585,GARDEN
A006295,P01586,POWER_BACKUP
A006296,P01586,GARDEN
A006297,P01586,PARKING
A006298,P01586,AIR_CONDITIONING
A006299,P01586,SWIMMING_POOL
A006300,P01587,AIR_CONDITIONING
A006301,P01587,PARKING
A006302,P01587,LIFT
A006303,P01587,GYM
A006304,P01587,GARDEN
A006305,P01588,GARDEN
A006306,P01588,SECURITY
A006307,P01588,CLUBHOUSE
A006308,P01588,WIFI
A006309,P01588,GYM
A006310,P01589,GARDEN
A006311,P01589,AIR_CONDITIONING
A006312,P01589,GYM
A006313,P01589,PARKING
A006314,P01590,SECURITY
A006315,P01590,LIFT
A006316,P01590,CLUBHOUSE
A006317,P01591,GYM
A006318,P01591,SWIMMING_POOL
A006319,P01591,POWER_BACKUP
A006320,P01591,LIFT
A006321,P01591,GARDEN
A006322,P01592,GARDEN
A006323,P01592,LIFT
A006324,P01593,LIFT
A006325,P01593,GYM
A006326,P01593,GARDEN
A006327,P01593,SWIMMING_POOL
A006328,P01594,CLUBHOUSE
A006329,P01594,GYM
A006330,P01594,SECURITY
A006331,P01594,GARDEN
A006332,P01595,AIR_CONDITIONING
A006333,P01595,CLUBHOUSE
A006334,P01595,GYM
A006335,P01596,GARDEN
A006336,P01596,LIFT
A006337,P01596,CLUBHOUSE
A006338,P01596,POWER_BACKUP
A006339,P01597,WIFI
A006340,P01597,PARKING
A006341,P01597,SWIMMING_POOL
A006342,P01597,GYM
A006343,P01597,POWER_BACKUP
A006344,P01597,GARDEN
A006345,P01598,CLUBHOUSE
A006346,P01598,WIFI
A006347,P01598,SWIMMING_POOL
A006348,P01598,PARKING
A006349,P01599,LIFT
A006350,P01599,WIFI
A006351,P01599,AIR_CONDITIONING
A006352,P01600,SECURITY
A006353,P01600,GARDEN
A006354,P01600,GYM
A006355,P01600,POWER_BACKUP
A006356,P01601,POWER_BACKUP
A006357,P01601,SWIMMING_POOL
A006358,P01601,GYM
A006359,P01601,AIR_CONDITIONING
A006360,P01601,GARDEN
A006361,P01601,CLUBHOUSE
A006362,P01602,GARDEN
A006363,P01602,POWER_BACKUP
A006364,P01602,GYM
A006365,P01603,CLUBHOUSE
A006366,P01603,GYM
A006367,P01603,POWER_BACKUP
A006368,P01603,WIFI
A006369,P01603,LIFT
A006370,P01603,AIR_CONDITIONING
A006371,P01604,AIR_CONDITIONING
A006372,P01604,SECURITY
A006373,P01604,WIFI
A006374,P01605,SWIMMING_POOL
A006375,P01605,POWER_BACKUP
A006376,P01605,AIR_CONDITIONING
A006377,P01605,GYM
A006378,P01606,GYM
A006379,P01606,CLUBHOUSE
A006380,P01606,LIFT
A006381,P01606,SECURITY
A006382,P01607,LIFT
A006383,P01607,POWER_BACKUP
A006384,P01607,SECURITY
A006385,P01607,SWIMMING_POOL
A006386,P01608,LIFT
A006387,P01608,PARKING
A006388,P01608,GARDEN
A006389,P01609,LIFT
A006390,P01609,AIR_CONDITIONING
A006391,P01610,GARDEN
A006392,P01610,POWER_BACKUP
A006393,P01610,SECURITY
A006394,P01610,CLUBHOUSE
A006395,P01610,PARKING
A006396,P01610,GYM
A006397,P01611,AIR_CONDITIONING
A006398,P01611,CLUBHOUSE
A006399,P01611,SWIMMING_POOL
A006400,P01611,LIFT
A006401,P01611,GARDEN
A006402,P01611,GYM
A006403,P01612,WIFI
A006404,P01612,SWIMMING_POOL
A006405,P01612,GARDEN
A006406,P01612,SECURITY
A006407,P01613,WIFI
A006408,P01613,SECURITY
A006409,P01613,LIFT
A006410,P01613,GYM
A006411,P01613,GARDEN
A006412,P01613,CLUBHOUSE
A006413,P01614,PARKING
A006414,P01614,WIFI
A006415,P01614,POWER_BACKUP
A006416,P01615,LIFT
A006417,P01615,GYM
A006418,P01615,SWIMMING_POOL
A006419,P01615,POWER_BACKUP
A006420,P01616,SECURITY
A006421,P01616,WIFI
A006422,P01616,PARKING
A006423,P01617,WIFI
A006424,P01617,AIR_CONDITIONING
A006425,P01618,LIFT
A006426,P01618,SWIMMING_POOL
A006427,P01618,POWER_BACKUP
A006428,P01619,WIFI
A006429,P01619,AIR_CONDITIONING
A006430,P01619,LIFT
A006431,P01619,CLUBHOUSE
A006432,P01619,GARDEN
A006433,P01620,PARKING
A006434,P01620,GARDEN
A006435,P01620,CLUBHOUSE
A006436,P01620,SWIMMING_POOL
A006437,P01620,GYM
A006438,P01621,WIFI
A006439,P01621,AIR_CONDITIONING
A006440,P01621,GYM
A006441,P01621,LIFT
A006442,P01621,SECURITY
A006443,P01622,LIFT
A006444,P01622,AIR_CONDITIONING
A006445,P01622,PARKING
A006446,P01622,WIFI
A006447,P01622,CLUBHOUSE
A006448,P01622,SWIMMING_POOL
A006449,P01623,POWER_BACKUP
A006450,P01623,SECURITY
A006451,P01624,CLUBHOUSE
A006452,P01624,GYM
A006453,P01625,SECURITY
A006454,P01625,CLUBHOUSE
A006455,P01625,POWER_BACKUP
A006456,P01625,LIFT
A006457,P01625,WIFI
A006458,P01625,GARDEN
A006459,P01626,POWER_BACKUP
A006460,P01626,SWIMMING_POOL
A006461,P01626,LIFT
A006462,P01626,AIR_CONDITIONING
A006463,P01626,PARKING
A006464,P01626,SECURITY
A006465,P01627,SECURITY
A006466,P01627,AIR_CONDITIONING
A006467,P01628,SECURITY
A006468,P01628,WIFI
A006469,P01628,SWIMMING_POOL
A006470,P01628,POWER_BACKUP
A006471,P01628,LIFT
A006472,P01629,WIFI
A006473,P01629,AIR_CONDITIONING
A006474,P01629,CLUBHOUSE
A006475,P01629,PARKING
A006476,P01629,SECURITY
A006477,P01629,GARDEN
A006478,P01630,SECURITY
A006479,P01630,AIR_CONDITIONING
A006480,P01630,WIFI
A006481,P01630,POWER_BACKUP
A006482,P01630,PARKING
A006483,P01631,GYM
A006484,P01631,WIFI
A006485,P01631,GARDEN
A006486,P01631,POWER_BACKUP
A006487,P01632,WIFI
A006488,P01632,GYM
A006489,P01632,GARDEN
A006490,P01633,AIR_CONDITIONING
A006491,P01633,POWER_BACKUP
A006492,P01633,CLUBHOUSE
A006493,P01634,LIFT
A006494,P01634,SECURITY
A006495,P01635,SECURITY
A006496,P01635,SWIMMING_POOL
A006497,P01635,GARDEN
A006498,P01635,LIFT
A006499,P01635,WIFI
A006500,P01635,PARKING
A006501,P01636,GARDEN
A006502,P01636,WIFI
A006503,P01636,LIFT
A006504,P01636,PARKING
A006505,P01637,SECURITY
A006506,P01637,PARKING
A006507,P01637,POWER_BACKUP
A006508,P01638,PARKING
A006509,P01638,AIR_CONDITIONING
A006510,P01638,CLUBHOUSE
A006511,P01638,GYM
A006512,P01638,POWER_BACKUP
A006513,P01638,GARDEN
A006514,P01639,GYM
A006515,P01639,SECURITY
A006516,P01640,CLUBHOUSE
A006517,P01640,GARDEN
A006518,P01640,WIFI
A006519,P01640,POWER_BACKUP
A006520,P01641,PARKING
A006521,P01641,GYM
A006522,P01641,SECURITY
A006523,P01641,SWIMMING_POOL
A006524,P01641,WIFI
A006525,P01642,LIFT
A006526,P01642,SWIMMING_POOL
A006527,P01642,AIR_CONDITIONING
A006528,P01642,CLUBHOUSE
A006529,P01642,POWER_BACKUP
A006530,P01642,SECURITY
A006531,P01643,GYM
A006532,P01643,AIR_CONDITIONING
A006533,P01643,PARKING
A006534,P01643,GARDEN
A006535,P01643,WIFI
A006536,P01644,PARKING
A006537,P01644,CLUBHOUSE
A006538,P01644,SECURITY
A006539,P01644,GARDEN
A006540,P01645,SWIMMING_POOL
A006541,P01645,AIR_CONDITIONING
A006542,P01645,GARDEN
A006543,P01645,LIFT
A006544,P01646,SWIMMING_POOL
A006545,P01646,AIR_CONDITIONING
A006546,P01646,WIFI
A006547,P01646,LIFT
A006548,P01647,AIR_CONDITIONING
A006549,P01647,LIFT
A006550,P01647,GYM
A006551,P01648,GARDEN
A006552,P01648,CLUBHOUSE
A006553,P01648,LIFT
A006554,P01648,POWER_BACKUP
A006555,P01649,POWER_BACKUP
A006556,P01649,WIFI
A006557,P01650,LIFT
A006558,P01650,SECURITY
A006559,P01650,GARDEN
A006560,P01650,GYM
A006561,P01651,GARDEN
A006562,P01651,LIFT
A006563,P01651,SECURITY
A006564,P01652,WIFI
A006565,P01652,AIR_CONDITIONING
A006566,P01653,AIR_CONDITIONING
A006567,P01653,SECURITY
A006568,P01653,GYM
A006569,P01653,CLUBHOUSE
A006570,P01653,GARDEN
A006571,P01653,WIFI
A006572,P01654,AIR_CONDITIONING
A006573,P01654,LIFT
A006574,P01654,WIFI
A006575,P01654,CLUBHOUSE
A006576,P01655,SECURITY
A006577,P01655,POWER_BACKUP
A006578,P01655,GYM
A006579,P01655,SWIMMING_POOL
A006580,P01656,PARKING
A006581,P01656,WIFI
A006582,P01656,AIR_CONDITIONING
A006583,P01656,GYM
A006584,P01657,GYM
A006585,P01657,LIFT
A006586,P01657,AIR_CONDITIONING
A006587,P01657,CLUBHOUSE
A006588,P01658,WIFI
A006589,P01658,LIFT
A006590,P01658,PARKING
A006591,P01658,CLUBHOUSE
A006592,P01658,AIR_CONDITIONING
A006593,P01658,GYM
A006594,P01659,PARKING
A006595,P01659,LIFT
A006596,P01660,LIFT
A006597,P01660,SWIMMING_POOL
A006598,P01660,POWER_BACKUP
A006599,P01660,SECURITY
A006600,P01660,PARKING
A006601,P01661,PARKING
A006602,P01661,GYM
A006603,P01662,GARDEN
A006604,P01662,CLUBHOUSE
A006605,P01662,SECURITY
A006606,P01662,PARKING
A006607,P01663,AIR_CONDITIONING
A006608,P01663,CLUBHOUSE
A006609,P01663,GARDEN
A006610,P01663,GYM
A006611,P01663,WIFI
A006612,P01664,GYM
A006613,P01664,LIFT
A006614,P01664,POWER_BACKUP
A006615,P01664,WIFI
A006616,P01664,CLUBHOUSE
A006617,P01664,PARKING
A006618,P01665,PARKING
A006619,P01665,POWER_BACKUP
A006620,P01665,AIR_CONDITIONING
A006621,P01665,LIFT
A006622,P01665,CLUBHOUSE
A006623,P01665,SWIMMING_POOL
A006624,P01666,WIFI
A006625,P01666,PARKING
A006626,P01667,SWIMMING_POOL
A006627,P01667,GYM
A006628,P01667,LIFT
A006629,P01667,POWER_BACKUP
A006630,P01667,SECURITY
A006631,P01667,GARDEN
A006632,P01668,SWIMMING_POOL
A006633,P01668,WIFI
A006634,P01668,SECURITY
A006635,P01669,PARKING
A006636,P01669,AIR_CONDITIONING
A006637,P01669,LIFT
A006638,P01670,GYM
A006639,P01670,PARKING
A006640,P01670,LIFT
A006641,P01671,AIR_CONDITIONING
A006642,P01671,GYM
A006643,P01671,SECURITY
A006644,P01671,GARDEN
A006645,P01671,WIFI
A006646,P01672,WIFI
A006647,P01672,PARKING
A006648,P01672,CLUBHOUSE
A006649,P01673,WIFI
A006650,P01673,PARKING
A006651,P01673,SWIMMING_POOL
A006652,P01673,LIFT
A006653,P01673,SECURITY
A006654,P01673,POWER_BACKUP
A006655,P01674,GYM
A006656,P01674,POWER_BACKUP
A006657,P01674,PARKING
A006658,P01674,GARDEN
A006659,P01675,LIFT
A006660,P01675,SWIMMING_POOL
A006661,P01675,AIR_CONDITIONING
A006662,P01675,SECURITY
A006663,P01676,GYM
A006664,P01676,POWER_BACKUP
A006665,P01676,GARDEN
A006666,P01676,CLUBHOUSE
A006667,P01676,SWIMMING_POOL
A006668,P01677,CLUBHOUSE
A006669,P01677,WIFI
A006670,P01677,POWER_BACKUP
A006671,P01678,GARDEN
A006672,P01678,GYM
A006673,P01678,LIFT
A006674,P01678,WIFI
A006675,P01678,SECURITY
A006676,P01679,LIFT
A006677,P01679,GARDEN
A006678,P01679,WIFI
A006679,P01680,CLUBHOUSE
A006680,P01680,GARDEN
A006681,P01680,PARKING
A006682,P01680,SWIMMING_POOL
A006683,P01680,GYM
A006684,P01680,LIFT
A006685,P01681,GYM
A006686,P01681,AIR_CONDITIONING
A006687,P01681,SWIMMING_POOL
A006688,P01682,GYM
A006689,P01682,SECURITY
A006690,P01682,AIR_CONDITIONING
A006691,P01683,PARKING
A006692,P01683,SECURITY
A006693,P01684,WIFI
A006694,P01684,SECURITY
A006695,P01684,AIR_CONDITIONING
A006696,P01684,GYM
A006697,P01684,SWIMMING_POOL
A006698,P01685,CLUBHOUSE
A006699,P01685,WIFI
A006700,P01685,PARKING
A006701,P01685,GYM
A006702,P01686,GARDEN
A006703,P01686,PARKING
A006704,P01686,CLUBHOUSE
A006705,P01686,WIFI
A006706,P01687,SECURITY
A006707,P01687,LIFT
A006708,P01687,PARKING
A006709,P01687,AIR_CONDITIONING
A006710,P01688,SWIMMING_POOL
A006711,P01688,AIR_CONDITIONING
A006712,P01688,LIFT
A006713,P01688,WIFI
A006714,P01688,GYM
A006715,P01689,SECURITY
A006716,P01689,PARKING
A006717,P01689,SWIMMING_POOL
A006718,P01690,AIR_CONDITIONING
A006719,P01690,SECURITY
A006720,P01690,CLUBHOUSE
A006721,P01691,PARKING
A006722,P01691,GARDEN
A006723,P01692,GYM
A006724,P01692,GARDEN
A006725,P01692,PARKING
A006726,P01692,CLUBHOUSE
A006727,P01692,AIR_CONDITIONING
A006728,P01693,CLUBHOUSE
A006729,P01693,LIFT
A006730,P01693,AIR_CONDITIONING
A006731,P01693,GARDEN
A006732,P01694,AIR_CONDITIONING
A006733,P01694,PARKING
A006734,P01694,LIFT
A006735,P01694,GARDEN
A006736,P01694,SWIMMING_POOL
A006737,P01694,SECURITY
A006738,P01695,GARDEN
A006739,P01695,PARKING
A006740,P01695,LIFT
A006741,P01695,SECURITY
A006742,P01695,SWIMMING_POOL
A006743,P01695,AIR_CONDITIONING
A006744,P01696,PARKING
A006745,P01696,LIFT
A006746,P01696,SECURITY
A006747,P01697,WIFI
A006748,P01697,AIR_CONDITIONING
A006749,P01697,GYM
A006750,P01697,SWIMMING_POOL
A006751,P01697,PARKING
A006752,P01697,GARDEN
A006753,P01698,AIR_CONDITIONING
A006754,P01698,GARDEN
A006755,P01699,LIFT
A006756,P01699,GARDEN
A006757,P01699,SWIMMING_POOL
A006758,P01700,GYM
A006759,P01700,AIR_CONDITIONING
A006760,P01701,CLUBHOUSE
A006761,P01701,SECURITY
A006762,P01701,LIFT
A006763,P01702,POWER_BACKUP
A006764,P01702,AIR_CONDITIONING
A006765,P01702,PARKING
A006766,P01702,GARDEN
A006767,P01702,SECURITY
A006768,P01703,SECURITY
A006769,P01703,LIFT
A006770,P01703,POWER_BACKUP
A006771,P01703,PARKING
A006772,P01703,AIR_CONDITIONING
A006773,P01704,SECURITY
A006774,P01704,LIFT
A006775,P01705,AIR_CONDITIONING
A006776,P01705,WIFI
A006777,P01705,GARDEN
A006778,P01705,POWER_BACKUP
A006779,P01705,GYM
A006780,P01706,AIR_CONDITIONING
A006781,P01706,SWIMMING_POOL
A006782,P01706,GARDEN
A006783,P01706,POWER_BACKUP
A006784,P01706,CLUBHOUSE
A006785,P01707,AIR_CONDITIONING
A006786,P01707,GYM
A006787,P01707,WIFI
A006788,P01707,PARKING
A006789,P01708,AIR_CONDITIONING
A006790,P01708,WIFI
A006791,P01708,PARKING
A006792,P01709,AIR_CONDITIONING
A006793,P01709,CLUBHOUSE
A006794,P01710,POWER_BACKUP
A006795,P01710,SWIMMING_POOL
A006796,P01710,SECURITY
A006797,P01710,PARKING
A006798,P01710,GARDEN
A006799,P01711,GYM
A006800,P01711,LIFT
A006801,P01711,AIR_CONDITIONING
A006802,P01711,CLUBHOUSE
A006803,P01711,SWIMMING_POOL
A006804,P01712,WIFI
A006805,P01712,GYM
A006806,P01713,AIR_CONDITIONING
A006807,P01713,PARKING
A006808,P01713,LIFT
A006809,P01714,PARKING
A006810,P01714,CLUBHOUSE
A006811,P01714,GYM
A006812,P01714,AIR_CONDITIONING
A006813,P01714,POWER_BACKUP
A006814,P01715,GYM
A006815,P01715,CLUBHOUSE
A006816,P01715,WIFI
A006817,P01715,SECURITY
A006818,P01715,POWER_BACKUP
A006819,P01716,POWER_BACKUP
A006820,P01716,GARDEN
A006821,P01716,PARKING
A006822,P01716,CLUBHOUSE
A006823,P01717,WIFI
A006824,P01717,CLUBHOUSE
A006825,P01717,GARDEN
A006826,P01717,SECURITY
A006827,P01717,LIFT
A006828,P01718,SECURITY
A006829,P01718,GYM
A006830,P01719,AIR_CONDITIONING
A006831,P01719,WIFI
A006832,P01719,SECURITY
A006833,P01719,LIFT
A006834,P01719,POWER_BACKUP
A006835,P01720,GARDEN
A006836,P01720,GYM
A006837,P01721,LIFT
A006838,P01721,GYM
A006839,P01721,AIR_CONDITIONING
A006840,P01721,SWIMMING_POOL
A006841,P01722,POWER_BACKUP
A006842,P01722,AIR_CONDITIONING
A006843,P01722,GARDEN
A006844,P01723,PARKING
A006845,P01723,LIFT
A006846,P01723,SWIMMING_POOL
A006847,P01723,CLUBHOUSE
A006848,P01723,AIR_CONDITIONING
A006849,P01724,POWER_BACKUP
A006850,P01724,SECURITY
A006851,P01724,CLUBHOUSE
A006852,P01725,GYM
A006853,P01725,CLUBHOUSE
A006854,P01725,WIFI
A006855,P01725,SECURITY
A006856,P01725,GARDEN
A006857,P01725,SWIMMING_POOL
A006858,P01726,POWER_BACKUP
A006859,P01726,SECURITY
A006860,P01726,CLUBHOUSE
A006861,P01726,LIFT
A006862,P01726,WIFI
A006863,P01727,SECURITY
A006864,P01727,SWIMMING_POOL
A006865,P01728,WIFI
A006866,P01728,GYM
A006867,P01728,POWER_BACKUP
A006868,P01729,GARDEN
A006869,P01729,WIFI
A006870,P01729,LIFT
A006871,P01729,POWER_BACKUP
A006872,P01729,SECURITY
A006873,P01729,AIR_CONDITIONING
A006874,P01730,SWIMMING_POOL
A006875,P01730,PARKING
A006876,P01730,WIFI
A006877,P01730,POWER_BACKUP
A006878,P01731,AIR_CONDITIONING
A006879,P01731,SECURITY
A006880,P01731,PARKING
A006881,P01732,SECURITY
A006882,P01732,POWER_BACKUP
A006883,P01733,POWER_BACKUP
A006884,P01733,AIR_CONDITIONING
A006885,P01733,GYM
A006886,P01734,SECURITY
A006887,P01734,WIFI
A006888,P01734,SWIMMING_POOL
A006889,P01734,CLUBHOUSE
A006890,P01735,WIFI
A006891,P01735,POWER_BACKUP
A006892,P01735,GARDEN
A006893,P01735,AIR_CONDITIONING
A006894,P01735,SWIMMING_POOL
A006895,P01736,POWER_BACKUP
A006896,P01736,LIFT
A006897,P01737,GARDEN
A006898,P01737,SECURITY
A006899,P01737,PARKING
A006900,P01737,GYM
A006901,P01737,CLUBHOUSE
A006902,P01738,AIR_CONDITIONING
A006903,P01738,LIFT
A006904,P01738,PARKING
A006905,P01738,CLUBHOUSE
A006906,P01738,GYM
A006907,P01739,CLUBHOUSE
A006908,P01739,PARKING
A006909,P01739,SECURITY
A006910,P01740,WIFI
A006911,P01740,POWER_BACKUP
A006912,P01740,GARDEN
A006913,P01740,CLUBHOUSE
A006914,P01740,PARKING
A006915,P01740,SECURITY
A006916,P01741,LIFT
A006917,P01741,WIFI
A006918,P01741,CLUBHOUSE
A006919,P01741,AIR_CONDITIONING
A006920,P01741,GYM
A006921,P01741,POWER_BACKUP
A006922,P01742,SWIMMING_POOL
A006923,P01742,PARKING
A006924,P01742,WIFI
A006925,P01742,SECURITY
A006926,P01742,POWER_BACKUP
A006927,P01742,GARDEN
A006928,P01743,GARDEN
A006929,P01743,AIR_CONDITIONING
A006930,P01743,WIFI
A006931,P01743,SWIMMING_POOL
A006932,P01744,GYM
A006933,P01744,LIFT
A006934,P01744,GARDEN
A006935,P01744,PARKING
A006936,P01744,WIFI
A006937,P01744,SWIMMING_POOL
A006938,P01745,PARKING
A006939,P01745,SECURITY
A006940,P01745,LIFT
A006941,P01745,GYM
A006942,P01746,SWIMMING_POOL
A006943,P01746,GARDEN
A006944,P01746,PARKING
A006945,P01746,POWER_BACKUP
A006946,P01746,WIFI
A006947,P01746,SECURITY
A006948,P01747,SECURITY
A006949,P01747,PARKING
A006950,P01747,POWER_BACKUP
A006951,P01747,AIR_CONDITIONING
A006952,P01748,CLUBHOUSE
A006953,P01748,GARDEN
A006954,P01748,PARKING
A006955,P01748,POWER_BACKUP
A006956,P01748,SWIMMING_POOL
A006957,P01748,GYM
A006958,P01749,CLUBHOUSE
A006959,P01749,GYM
A006960,P01750,CLUBHOUSE
A006961,P01750,SWIMMING_POOL
A006962,P01750,PARKING
A006963,P01750,POWER_BACKUP
A006964,P01751,LIFT
A006965,P01751,GYM
A006966,P01751,SWIMMING_POOL
A006967,P01752,LIFT
A006968,P01752,SWIMMING_POOL
A006969,P01752,WIFI
A006970,P01752,AIR_CONDITIONING
A006971,P01752,GARDEN
A006972,P01753,SWIMMING_POOL
A006973,P01753,POWER_BACKUP
A006974,P01753,PARKING
A006975,P01753,AIR_CONDITIONING
A006976,P01753,SECURITY
A006977,P01754,GYM
A006978,P01754,POWER_BACKUP
A006979,P01755,SECURITY
A006980,P01755,AIR_CONDITIONING
A006981,P01756,SECURITY
A006982,P01756,PARKING
A006983,P01756,POWER_BACKUP
A006984,P01756,CLUBHOUSE
A006985,P01756,GYM
A006986,P01757,AIR_CONDITIONING
A006987,P01757,GARDEN
A006988,P01757,LIFT
A006989,P01757,SECURITY
A006990,P01757,POWER_BACKUP
A006991,P01757,CLUBHOUSE
A006992,P01758,PARKING
A006993,P01758,POWER_BACKUP
A006994,P01758,SECURITY
A006995,P01758,WIFI
A006996,P01758,SWIMMING_POOL
A006997,P01759,LIFT
A006998,P01759,SECURITY
A006999,P01759,PARKING
A007000,P01759,POWER_BACKUP
A007001,P01760,SWIMMING_POOL
A007002,P01760,CLUBHOUSE
A007003,P01760,GYM
A007004,P01760,WIFI
A007005,P01760,PARKING
A007006,P01761,SWIMMING_POOL
A007007,P01761,SECURITY
A007008,P01761,CLUBHOUSE
A007009,P01761,GARDEN
A007010,P01762,POWER_BACKUP
A007011,P01762,SWIMMING_POOL
A007012,P01762,WIFI
A007013,P01763,PARKING
A007014,P01763,WIFI
A007015,P01763,GYM
A007016,P01764,WIFI
A007017,P01764,SWIMMING_POOL
A007018,P01764,POWER_BACKUP
A007019,P01764,GARDEN
A007020,P01765,AIR_CONDITIONING
A007021,P01765,SWIMMING_POOL
A007022,P01765,CLUBHOUSE
A007023,P01766,SWIMMING_POOL
A007024,P01766,GARDEN
A007025,P01766,AIR_CONDITIONING
A007026,P01766,PARKING
A007027,P01766,SECURITY
A007028,P01767,POWER_BACKUP
A007029,P01767,WIFI
A007030,P01767,GYM
A007031,P01768,GARDEN
A007032,P01768,AIR_CONDITIONING
A007033,P01768,SWIMMING_POOL
A007034,P01768,LIFT
A007035,P01769,AIR_CONDITIONING
A007036,P01769,LIFT
A007037,P01769,GARDEN
A007038,P01769,PARKING
A007039,P01770,LIFT
A007040,P01770,CLUBHOUSE
A007041,P01770,SWIMMING_POOL
A007042,P01771,SWIMMING_POOL
A007043,P01771,LIFT
A007044,P01771,SECURITY
A007045,P01771,CLUBHOUSE
A007046,P01772,POWER_BACKUP
A007047,P01772,LIFT
A007048,P01772,WIFI
A007049,P01773,SWIMMING_POOL
A007050,P01773,PARKING
A007051,P01774,SWIMMING_POOL
A007052,P01774,GYM
A007053,P01775,AIR_CONDITIONING
A007054,P01775,CLUBHOUSE
A007055,P01775,LIFT
A007056,P01775,PARKING
A007057,P01775,POWER_BACKUP
A007058,P01775,WIFI
A007059,P01776,SWIMMING_POOL
A007060,P01776,WIFI
A007061,P01777,SWIMMING_POOL
A007062,P01777,GARDEN
A007063,P01777,AIR_CONDITIONING
A007064,P01777,SECURITY
A007065,P01777,GYM
A007066,P01777,WIFI
A007067,P01778,WIFI
A007068,P01778,SECURITY
A007069,P01778,POWER_BACKUP
A007070,P01778,GYM
A007071,P01779,CLUBHOUSE
A007072,P01779,SWIMMING_POOL
A007073,P01779,SECURITY
A007074,P01780,PARKING
A007075,P01780,GYM
A007076,P01780,POWER_BACKUP
A007077,P01780,LIFT
A007078,P01780,WIFI
A007079,P01780,SWIMMING_POOL
A007080,P01781,SWIMMING_POOL
A007081,P01781,CLUBHOUSE
A007082,P01781,AIR_CONDITIONING
A007083,P01781,SECURITY
A007084,P01781,GYM
A007085,P01782,GYM
A007086,P01782,WIFI
A007087,P01782,POWER_BACKUP
A007088,P01782,GARDEN
A007089,P01782,CLUBHOUSE
A007090,P01783,SECURITY
A007091,P01783,GYM
A007092,P01783,SWIMMING_POOL
A007093,P01783,LIFT
A007094,P01784,CLUBHOUSE
A007095,P01784,WIFI
A007096,P01784,SECURITY
A007097,P01784,SWIMMING_POOL
A007098,P01785,CLUBHOUSE
A007099,P01785,GYM
A007100,P01785,AIR_CONDITIONING
A007101,P01785,POWER_BACKUP
A007102,P01786,SECURITY
A007103,P01786,GARDEN
A007104,P01787,POWER_BACKUP
A007105,P01787,AIR_CONDITIONING
A007106,P01787,SECURITY
A007107,P01787,GARDEN
A007108,P01788,POWER_BACKUP
A007109,P01788,SECURITY
A007110,P01788,LIFT
A007111,P01788,PARKING
A007112,P01788,AIR_CONDITIONING
A007113,P01789,AIR_CONDITIONING
A007114,P01789,SWIMMING_POOL
A007115,P01789,GYM
A007116,P01789,PARKING
A007117,P01789,LIFT
A007118,P01790,POWER_BACKUP
A007119,P01790,GARDEN
A007120,P01790,WIFI
A007121,P01790,LIFT
A007122,P01790,AIR_CONDITIONING
A007123,P01791,SWIMMING_POOL
A007124,P01791,WIFI
A007125,P01791,LIFT
A007126,P01791,GYM
A007127,P01791,AIR_CONDITIONING
A007128,P01792,LIFT
A007129,P01792,SWIMMING_POOL
A007130,P01793,SWIMMING_POOL
A007131,P01793,GYM
A007132,P01793,WIFI
A007133,P01794,GYM
A007134,P01794,GARDEN
A007135,P01794,POWER_BACKUP
A007136,P01794,CLUBHOUSE
A007137,P01794,SWIMMING_POOL
A007138,P01794,AIR_CONDITIONING
A007139,P01795,LIFT
A007140,P01795,AIR_CONDITIONING
A007141,P01795,SECURITY
A007142,P01795,POWER_BACKUP
A007143,P01795,GYM
A007144,P01796,GYM
A007145,P01796,PARKING
A007146,P01796,WIFI
A007147,P01797,LIFT
A007148,P01797,PARKING
A007149,P01798,GYM
A007150,P01798,WIFI
A007151,P01798,PARKING
A007152,P01798,LIFT
A007153,P01799,SECURITY
A007154,P01799,POWER_BACKUP
A007155,P01799,GARDEN
A007156,P01800,WIFI
A007157,P01800,SECURITY
A007158,P01800,SWIMMING_POOL
A007159,P01801,PARKING
A007160,P01801,SECURITY
A007161,P01801,CLUBHOUSE
A007162,P01802,GARDEN
A007163,P01802,SECURITY
A007164,P01802,PARKING
A007165,P01802,CLUBHOUSE
A007166,P01802,LIFT
A007167,P01802,POWER_BACKUP
A007168,P01803,GYM
A007169,P01803,GARDEN
A007170,P01803,WIFI
A007171,P01804,AIR_CONDITIONING
A007172,P01804,LIFT
A007173,P01805,SWIMMING_POOL
A007174,P01805,POWER_BACKUP
A007175,P01805,PARKING
A007176,P01805,WIFI
A007177,P01805,AIR_CONDITIONING
A007178,P01806,LIFT
A007179,P01806,WIFI
A007180,P01806,GYM
A007181,P01806,SWIMMING_POOL
A007182,P01807,SWIMMING_POOL
A007183,P01807,LIFT
A007184,P01807,GYM
A007185,P01808,LIFT
A007186,P01808,GYM
A007187,P01808,AIR_CONDITIONING
A007188,P01808,POWER_BACKUP
A007189,P01808,WIFI
A007190,P01808,SWIMMING_POOL
A007191,P01809,PARKING
A007192,P01809,SECURITY
A007193,P01809,GARDEN
A007194,P01809,AIR_CONDITIONING
A007195,P01809,WIFI
A007196,P01809,LIFT
A007197,P01810,WIFI
A007198,P01810,GARDEN
A007199,P01810,PARKING
A007200,P01810,LIFT
A007201,P01811,SECURITY
A007202,P01811,PARKING
A007203,P01811,GARDEN
A007204,P01811,SWIMMING_POOL
A007205,P01811,POWER_BACKUP
A007206,P01812,SECURITY
A007207,P01812,GYM
A007208,P01813,GARDEN
A007209,P01813,LIFT
A007210,P01814,SWIMMING_POOL
A007211,P01814,GARDEN
A007212,P01815,GYM
A007213,P01815,PARKING
A007214,P01815,CLUBHOUSE
A007215,P01815,LIFT
A007216,P01816,SWIMMING_POOL
A007217,P01816,CLUBHOUSE
A007218,P01816,GYM
A007219,P01816,AIR_CONDITIONING
A007220,P01817,CLUBHOUSE
A007221,P01817,SWIMMING_POOL
A007222,P01817,SECURITY
A007223,P01818,GYM
A007224,P01818,AIR_CONDITIONING
A007225,P01818,WIFI
A007226,P01818,SWIMMING_POOL
A007227,P01819,WIFI
A007228,P01819,SWIMMING_POOL
A007229,P01820,POWER_BACKUP
A007230,P01820,SECURITY
A007231,P01820,GARDEN
A007232,P01821,GARDEN
A007233,P01821,AIR_CONDITIONING
A007234,P01822,GYM
A007235,P01822,AIR_CONDITIONING
A007236,P01822,SECURITY
A007237,P01822,CLUBHOUSE
A007238,P01823,CLUBHOUSE
A007239,P01823,GARDEN
A007240,P01823,WIFI
A007241,P01824,GARDEN
A007242,P01824,GYM
A007243,P01824,AIR_CONDITIONING
A007244,P01824,WIFI
A007245,P01825,CLUBHOUSE
A007246,P01825,WIFI
A007247,P01825,AIR_CONDITIONING
A007248,P01826,GYM
A007249,P01826,LIFT
A007250,P01826,GARDEN
A007251,P01826,PARKING
A007252,P01827,SECURITY
A007253,P01827,GARDEN
A007254,P01827,WIFI
A007255,P01827,SWIMMING_POOL
A007256,P01828,PARKING
A007257,P01828,SWIMMING_POOL
A007258,P01828,WIFI
A007259,P01828,LIFT
A007260,P01829,CLUBHOUSE
A007261,P01829,AIR_CONDITIONING
A007262,P01830,POWER_BACKUP
A007263,P01830,CLUBHOUSE
A007264,P01831,CLUBHOUSE
A007265,P01831,SECURITY
A007266,P01831,POWER_BACKUP
A007267,P01831,PARKING
A007268,P01832,PARKING
A007269,P01832,SWIMMING_POOL
A007270,P01832,GYM
A007271,P01832,CLUBHOUSE
A007272,P01832,GARDEN
A007273,P01833,SECURITY
A007274,P01833,LIFT
A007275,P01834,GARDEN
A007276,P01834,POWER_BACKUP
A007277,P01835,GARDEN
A007278,P01835,SECURITY
A007279,P01835,GYM
A007280,P01835,LIFT
A007281,P01835,POWER_BACKUP
A007282,P01836,AIR_CONDITIONING
A007283,P01836,PARKING
A007284,P01836,POWER_BACKUP
A007285,P01836,WIFI
A007286,P01836,SWIMMING_POOL
A007287,P01836,CLUBHOUSE
A007288,P01837,GARDEN
A007289,P01837,LIFT
A007290,P01838,WIFI
A007291,P01838,GARDEN
A007292,P01839,GYM
A007293,P01839,AIR_CONDITIONING
A007294,P01839,SECURITY
A007295,P01839,GARDEN
A007296,P01839,SWIMMING_POOL
A007297,P01839,CLUBHOUSE
A007298,P01840,AIR_CONDITIONING
A007299,P01840,CLUBHOUSE
A007300,P01840,GARDEN
A007301,P01840,SECURITY
A007302,P01840,SWIMMING_POOL
A007303,P01840,PARKING
A007304,P01841,PARKING
A007305,P01841,AIR_CONDITIONING
A007306,P01841,LIFT
A007307,P01842,SECURITY
A007308,P01842,POWER_BACKUP
A007309,P01842,PARKING
A007310,P01842,GYM
A007311,P01842,CLUBHOUSE
A007312,P01842,AIR_CONDITIONING
A007313,P01843,AIR_CONDITIONING
A007314,P01843,SWIMMING_POOL
A007315,P01843,WIFI
A007316,P01843,GARDEN
A007317,P01843,POWER_BACKUP
A007318,P01844,GYM
A007319,P01844,POWER_BACKUP
A007320,P01844,CLUBHOUSE
A007321,P01845,SWIMMING_POOL
A007322,P01845,PARKING
A007323,P01845,WIFI
A007324,P01845,GYM
A007325,P01845,CLUBHOUSE
A007326,P01846,SWIMMING_POOL
A007327,P01846,SECURITY
A007328,P01846,PARKING
A007329,P01846,LIFT
A007330,P01846,GARDEN
A007331,P01846,AIR_CONDITIONING
A007332,P01847,POWER_BACKUP
A007333,P01847,WIFI
A007334,P01847,LIFT
A007335,P01847,CLUBHOUSE
A007336,P01847,SWIMMING_POOL
A007337,P01847,AIR_CONDITIONING
A007338,P01848,PARKING
A007339,P01848,SECURITY
A007340,P01848,GARDEN
A007341,P01849,LIFT
A007342,P01849,SWIMMING_POOL
A007343,P01850,AIR_CONDITIONING
A007344,P01850,GYM
A007345,P01850,POWER_BACKUP
A007346,P01850,WIFI
A007347,P01850,PARKING
A007348,P01851,AIR_CONDITIONING
A007349,P01851,LIFT
A007350,P01852,GYM
A007351,P01852,SECURITY
A007352,P01852,WIFI
A007353,P01853,WIFI
A007354,P01853,LIFT
A007355,P01853,GARDEN
A007356,P01853,AIR_CONDITIONING
A007357,P01853,SWIMMING_POOL
A007358,P01854,SECURITY
A007359,P01854,POWER_BACKUP
A007360,P01854,GARDEN
A007361,P01855,SECURITY
A007362,P01855,GARDEN
A007363,P01855,POWER_BACKUP
A007364,P01855,AIR_CONDITIONING
A007365,P01856,AIR_CONDITIONING
A007366,P01856,POWER_BACKUP
A007367,P01856,GARDEN
A007368,P01856,WIFI
A007369,P01856,GYM
A007370,P01857,CLUBHOUSE
A007371,P01857,WIFI
A007372,P01858,PARKING
A007373,P01858,WIFI
A007374,P01859,SECURITY
A007375,P01859,POWER_BACKUP
A007376,P01859,PARKING
A007377,P01859,LIFT
A007378,P01859,AIR_CONDITIONING
A007379,P01860,POWER_BACKUP
A007380,P01860,SWIMMING_POOL
A007381,P01860,GYM
A007382,P01861,LIFT
A007383,P01861,POWER_BACKUP
A007384,P01861,GYM
A007385,P01861,CLUBHOUSE
A007386,P01861,WIFI
A007387,P01862,AIR_CONDITIONING
A007388,P01862,SECURITY
A007389,P01862,WIFI
A007390,P01862,CLUBHOUSE
A007391,P01862,LIFT
A007392,P01863,SECURITY
A007393,P01863,SWIMMING_POOL
A007394,P01863,CLUBHOUSE
A007395,P01864,SECURITY
A007396,P01864,WIFI
A007397,P01864,CLUBHOUSE
A007398,P01864,POWER_BACKUP
A007399,P01865,PARKING
A007400,P01865,WIFI
A007401,P01865,AIR_CONDITIONING
A007402,P01865,SWIMMING_POOL
A007403,P01865,POWER_BACKUP
A007404,P01866,PARKING
A007405,P01866,GARDEN
A007406,P01866,WIFI
A007407,P01866,LIFT
A007408,P01866,AIR_CONDITIONING
A007409,P01867,GARDEN
A007410,P01867,WIFI
A007411,P01867,POWER_BACKUP
A007412,P01867,PARKING
A007413,P01867,LIFT
A007414,P01867,SWIMMING_POOL
A007415,P01868,CLUBHOUSE
A007416,P01868,POWER_BACKUP
A007417,P01868,GARDEN
A007418,P01869,CLUBHOUSE
A007419,P01869,POWER_BACKUP
A007420,P01869,LIFT
A007421,P01869,PARKING
A007422,P01869,SWIMMING_POOL
A007423,P01870,PARKING
A007424,P01870,CLUBHOUSE
A007425,P01870,GYM
A007426,P01870,SWIMMING_POOL
A007427,P01871,LIFT
A007428,P01871,GYM
A007429,P01871,WIFI
A007430,P01871,GARDEN
A007431,P01871,POWER_BACKUP
A007432,P01871,SWIMMING_POOL
A007433,P01872,GARDEN
A007434,P01872,SWIMMING_POOL
A007435,P01872,POWER_BACKUP
A007436,P01872,LIFT
A007437,P01873,PARKING
A007438,P01873,SECURITY
A007439,P01873,GARDEN
A007440,P01873,POWER_BACKUP
A007441,P01873,WIFI
A007442,P01873,GYM
A007443,P01874,LIFT
A007444,P01874,CLUBHOUSE
A007445,P01875,GARDEN
A007446,P01875,WIFI
A007447,P01876,GYM
A007448,P01876,LIFT
A007449,P01877,CLUBHOUSE
A007450,P01877,WIFI
A007451,P01877,GYM
A007452,P01877,AIR_CONDITIONING
A007453,P01877,SECURITY
A007454,P01877,POWER_BACKUP
A007455,P01878,AIR_CONDITIONING
A007456,P01878,POWER_BACKUP
A007457,P01878,GYM
A007458,P01878,SECURITY
A007459,P01878,LIFT
A007460,P01879,GARDEN
A007461,P01879,CLUBHOUSE
A007462,P01879,SWIMMING_POOL
A007463,P01880,SWIMMING_POOL
A007464,P01880,AIR_CONDITIONING
A007465,P01881,GARDEN
A007466,P01881,AIR_CONDITIONING
A007467,P01881,LIFT
A007468,P01881,WIFI
A007469,P01882,SWIMMING_POOL
A007470,P01882,AIR_CONDITIONING
A007471,P01883,PARKING
A007472,P01883,GARDEN
A007473,P01883,SECURITY
A007474,P01883,POWER_BACKUP
A007475,P01884,SECURITY
A007476,P01884,AIR_CONDITIONING
A007477,P01884,POWER_BACKUP
A007478,P01884,WIFI
A007479,P01884,CLUBHOUSE
A007480,P01885,AIR_CONDITIONING
A007481,P01885,PARKING
A007482,P01885,GYM
A007483,P01885,SECURITY
A007484,P01885,LIFT
A007485,P01886,GARDEN
A007486,P01886,AIR_CONDITIONING
A007487,P01886,WIFI
A007488,P01886,PARKING
A007489,P01886,POWER_BACKUP
A007490,P01887,GYM
A007491,P01887,POWER_BACKUP
A007492,P01887,GARDEN
A007493,P01888,POWER_BACKUP
A007494,P01888,WIFI
A007495,P01888,GYM
A007496,P01888,SWIMMING_POOL
A007497,P01888,CLUBHOUSE
A007498,P01888,AIR_CONDITIONING
A007499,P01889,LIFT
A007500,P01889,SWIMMING_POOL
A007501,P01889,WIFI
A007502,P01889,GARDEN
A007503,P01890,SECURITY
A007504,P01890,AIR_CONDITIONING
A007505,P01890,LIFT
A007506,P01890,GARDEN
A007507,P01891,GARDEN
A007508,P01891,GYM
A007509,P01891,POWER_BACKUP
A007510,P01891,WIFI
A007511,P01891,PARKING
A007512,P01891,AIR_CONDITIONING
A007513,P01892,GYM
A007514,P01892,CLUBHOUSE
A007515,P01892,SECURITY
A007516,P01893,GARDEN
A007517,P01893,AIR_CONDITIONING
A007518,P01893,CLUBHOUSE
A007519,P01893,GYM
A007520,P01893,PARKING
A007521,P01893,POWER_BACKUP
A007522,P01894,PARKING
A007523,P01894,GARDEN
A007524,P01894,SWIMMING_POOL
A007525,P01894,LIFT
A007526,P01894,GYM
A007527,P01894,POWER_BACKUP
A007528,P01895,CLUBHOUSE
A007529,P01895,POWER_BACKUP
A007530,P01895,SWIMMING_POOL
A007531,P01895,GARDEN
A007532,P01895,AIR_CONDITIONING
A007533,P01895,LIFT
A007534,P01896,LIFT
A007535,P01896,SWIMMING_POOL
A007536,P01896,CLUBHOUSE
A007537,P01897,PARKING
A007538,P01897,AIR_CONDITIONING
A007539,P01897,POWER_BACKUP
A007540,P01897,SWIMMING_POOL
A007541,P01897,CLUBHOUSE
A007542,P01898,WIFI
A007543,P01898,GARDEN
A007544,P01898,GYM
A007545,P01899,LIFT
A007546,P01899,GYM
A007547,P01899,CLUBHOUSE
A007548,P01899,SWIMMING_POOL
A007549,P01899,SECURITY
A007550,P01899,GARDEN
A007551,P01900,WIFI
A007552,P01900,POWER_BACKUP
A007553,P01900,LIFT
A007554,P01901,SECURITY
A007555,P01901,AIR_CONDITIONING
A007556,P01901,POWER_BACKUP
A007557,P01902,AIR_CONDITIONING
A007558,P01902,WIFI
A007559,P01902,LIFT
A007560,P01903,LIFT
A007561,P01903,GYM
A007562,P01904,SWIMMING_POOL
A007563,P01904,AIR_CONDITIONING
A007564,P01904,LIFT
A007565,P01904,SECURITY
A007566,P01904,GYM
A007567,P01904,WIFI
A007568,P01905,SECURITY
A007569,P01905,GYM
A007570,P01905,CLUBHOUSE
A007571,P01905,LIFT
A007572,P01905,PARKING
A007573,P01906,SECURITY
A007574,P01906,LIFT
A007575,P01906,AIR_CONDITIONING
A007576,P01906,GYM
A007577,P01906,WIFI
A007578,P01906,PARKING
A007579,P01907,PARKING
A007580,P01907,GARDEN
A007581,P01907,LIFT
A007582,P01907,SWIMMING_POOL
A007583,P01907,CLUBHOUSE
A007584,P01908,SWIMMING_POOL
A007585,P01908,SECURITY
A007586,P01908,WIFI
A007587,P01908,GYM
A007588,P01909,CLUBHOUSE
A007589,P01909,SECURITY
A007590,P01910,GARDEN
A007591,P01910,CLUBHOUSE
A007592,P01910,POWER_BACKUP
A007593,P01911,LIFT
A007594,P01911,SWIMMING_POOL
A007595,P01911,SECURITY
A007596,P01912,CLUBHOUSE
A007597,P01912,SECURITY
A007598,P01913,AIR_CONDITIONING
A007599,P01913,LIFT
A007600,P01913,POWER_BACKUP
A007601,P01914,GYM
A007602,P01914,SWIMMING_POOL
A007603,P01914,CLUBHOUSE
A007604,P01914,LIFT
A007605,P01914,WIFI
A007606,P01915,PARKING
A007607,P01915,LIFT
A007608,P01915,SECURITY
A007609,P01916,GARDEN
A007610,P01916,POWER_BACKUP
A007611,P01916,SECURITY
A007612,P01916,LIFT
A007613,P01917,LIFT
A007614,P01917,SECURITY
A007615,P01917,GYM
A007616,P01917,CLUBHOUSE
A007617,P01917,WIFI
A007618,P01917,AIR_CONDITIONING
A007619,P01918,PARKING
A007620,P01918,GARDEN
A007621,P01918,SECURITY
A007622,P01918,CLUBHOUSE
A007623,P01918,GYM
A007624,P01918,AIR_CONDITIONING
A007625,P01919,POWER_BACKUP
A007626,P01919,CLUBHOUSE
A007627,P01919,AIR_CONDITIONING
A007628,P01919,SWIMMING_POOL
A007629,P01920,LIFT
A007630,P01920,SECURITY
A007631,P01921,LIFT
A007632,P01921,GARDEN
A007633,P01921,SWIMMING_POOL
A007634,P01921,SECURITY
A007635,P01921,GYM
A007636,P01922,GARDEN
A007637,P01922,SWIMMING_POOL
A007638,P01922,WIFI
A007639,P01923,LIFT
A007640,P01923,AIR_CONDITIONING
A007641,P01923,GARDEN
A007642,P01923,CLUBHOUSE
A007643,P01923,POWER_BACKUP
A007644,P01923,GYM
A007645,P01924,CLUBHOUSE
A007646,P01924,WIFI
A007647,P01924,AIR_CONDITIONING
A007648,P01924,LIFT
A007649,P01925,AIR_CONDITIONING
A007650,P01925,CLUBHOUSE
A007651,P01925,WIFI
A007652,P01925,SWIMMING_POOL
A007653,P01926,GARDEN
A007654,P01926,GYM
A007655,P01927,AIR_CONDITIONING
A007656,P01927,POWER_BACKUP
A007657,P01927,LIFT
A007658,P01928,SECURITY
A007659,P01928,WIFI
A007660,P01928,AIR_CONDITIONING
A007661,P01929,AIR_CONDITIONING
A007662,P01929,GYM
A007663,P01929,SECURITY
A007664,P01929,LIFT
A007665,P01929,SWIMMING_POOL
A007666,P01930,SECURITY
A007667,P01930,AIR_CONDITIONING
A007668,P01930,GYM
A007669,P01931,CLUBHOUSE
A007670,P01931,WIFI
A007671,P01931,GYM
A007672,P01931,AIR_CONDITIONING
A007673,P01931,SWIMMING_POOL
A007674,P01931,GARDEN
A007675,P01932,WIFI
A007676,P01932,POWER_BACKUP
A007677,P01932,SWIMMING_POOL
A007678,P01932,CLUBHOUSE
A007679,P01932,PARKING
A007680,P01932,GARDEN
A007681,P01933,GYM
A007682,P01933,LIFT
A007683,P01934,WIFI
A007684,P01934,CLUBHOUSE
A007685,P01935,GYM
A007686,P01935,SWIMMING_POOL
A007687,P01935,POWER_BACKUP
A007688,P01935,WIFI
A007689,P01935,CLUBHOUSE
A007690,P01936,LIFT
A007691,P01936,PARKING
A007692,P01936,SECURITY
A007693,P01936,CLUBHOUSE
A007694,P01936,WIFI
A007695,P01936,GYM
A007696,P01937,LIFT
A007697,P01937,POWER_BACKUP
A007698,P01937,PARKING
A007699,P01937,GARDEN
A007700,P01938,LIFT
A007701,P01938,POWER_BACKUP
A007702,P01938,AIR_CONDITIONING
A007703,P01938,GARDEN
A007704,P01938,CLUBHOUSE
A007705,P01939,CLUBHOUSE
A007706,P01939,GARDEN
A007707,P01940,WIFI
A007708,P01940,PARKING
A007709,P01940,SWIMMING_POOL
A007710,P01940,POWER_BACKUP
A007711,P01941,SECURITY
A007712,P01941,GARDEN
A007713,P01941,SWIMMING_POOL
A007714,P01942,SECURITY
A007715,P01942,GARDEN
A007716,P01942,GYM
A007717,P01942,CLUBHOUSE
A007718,P01942,AIR_CONDITIONING
A007719,P01942,LIFT
A007720,P01943,GYM
A007721,P01943,CLUBHOUSE
A007722,P01943,PARKING
A007723,P01943,SECURITY
A007724,P01944,POWER_BACKUP
A007725,P01944,PARKING
A007726,P01944,GYM
A007727,P01944,AIR_CONDITIONING
A007728,P01945,WIFI
A007729,P01945,PARKING
A007730,P01945,GARDEN
A007731,P01945,LIFT
A007732,P01946,WIFI
A007733,P01946,GARDEN
A007734,P01946,SECURITY
A007735,P01947,WIFI
A007736,P01947,LIFT
A007737,P01947,POWER_BACKUP
A007738,P01948,GARDEN
A007739,P01948,CLUBHOUSE
A007740,P01948,SWIMMING_POOL
A007741,P01949,GARDEN
A007742,P01949,LIFT
A007743,P01949,SWIMMING_POOL
A007744,P01949,WIFI
A007745,P01949,SECURITY
A007746,P01950,LIFT
A007747,P01950,WIFI
A007748,P01950,SWIMMING_POOL
A007749,P01950,POWER_BACKUP
A007750,P01950,GYM
A007751,P01951,LIFT
A007752,P01951,SWIMMING_POOL
A007753,P01951,GYM
A007754,P01951,GARDEN
A007755,P01952,GARDEN
A007756,P01952,SECURITY
A007757,P01953,AIR_CONDITIONING
A007758,P01953,GYM
A007759,P01953,SWIMMING_POOL
A007760,P01953,LIFT
A007761,P01953,CLUBHOUSE
A007762,P01954,SWIMMING_POOL
A007763,P01954,POWER_BACKUP
A007764,P01954,PARKING
A007765,P01954,SECURITY
A007766,P01955,AIR_CONDITIONING
A007767,P01955,LIFT
A007768,P01955,POWER_BACKUP
A007769,P01956,CLUBHOUSE
A007770,P01956,POWER_BACKUP
A007771,P01956,GYM
A007772,P01956,PARKING
A007773,P01957,SWIMMING_POOL
A007774,P01957,PARKING
A007775,P01957,GARDEN
A007776,P01957,WIFI
A007777,P01958,GYM
A007778,P01958,LIFT
A007779,P01959,SWIMMING_POOL
A007780,P01959,POWER_BACKUP
A007781,P01959,SECURITY
A007782,P01959,AIR_CONDITIONING
A007783,P01959,WIFI
A007784,P01959,GARDEN
A007785,P01960,LIFT
A007786,P01960,SWIMMING_POOL
A007787,P01960,SECURITY
A007788,P01960,PARKING
A007789,P01961,POWER_BACKUP
A007790,P01961,GARDEN
A007791,P01961,SWIMMING_POOL
A007792,P01961,PARKING
A007793,P01962,SWIMMING_POOL
A007794,P01962,CLUBHOUSE
A007795,P01963,GYM
A007796,P01963,PARKING
A007797,P01963,WIFI
A007798,P01963,GARDEN
A007799,P01963,AIR_CONDITIONING
A007800,P01963,CLUBHOUSE
A007801,P01964,AIR_CONDITIONING
A007802,P01964,GYM
A007803,P01965,SECURITY
A007804,P01965,SWIMMING_POOL
A007805,P01965,GARDEN
A007806,P01965,CLUBHOUSE
A007807,P01966,SWIMMING_POOL
A007808,P01966,AIR_CONDITIONING
A007809,P01966,CLUBHOUSE
A007810,P01966,LIFT
A007811,P01966,PARKING
A007812,P01967,GARDEN
A007813,P01967,PARKING
A007814,P01968,GYM
A007815,P01968,WIFI
A007816,P01968,AIR_CONDITIONING
A007817,P01968,SECURITY
A007818,P01968,SWIMMING_POOL
A007819,P01968,PARKING
A007820,P01969,SWIMMING_POOL
A007821,P01969,CLUBHOUSE
A007822,P01970,POWER_BACKUP
A007823,P01970,CLUBHOUSE
A007824,P01970,AIR_CONDITIONING
A007825,P01971,SWIMMING_POOL
A007826,P01971,AIR_CONDITIONING
A007827,P01971,POWER_BACKUP
A007828,P01971,LIFT
A007829,P01971,CLUBHOUSE
A007830,P01972,LIFT
A007831,P01972,GYM
A007832,P01972,AIR_CONDITIONING
A007833,P01972,SECURITY
A007834,P01973,SECURITY
A007835,P01973,PARKING
A007836,P01973,AIR_CONDITIONING
A007837,P01974,AIR_CONDITIONING
A007838,P01974,LIFT
A007839,P01974,WIFI
A007840,P01974,SWIMMING_POOL
A007841,P01974,GARDEN
A007842,P01974,PARKING
A007843,P01975,PARKING
A007844,P01975,GARDEN
A007845,P01975,SWIMMING_POOL
A007846,P01975,LIFT
A007847,P01975,SECURITY
A007848,P01975,POWER_BACKUP
A007849,P01976,GARDEN
A007850,P01976,GYM
A007851,P01976,AIR_CONDITIONING
A007852,P01977,SECURITY
A007853,P01977,CLUBHOUSE
A007854,P01978,PARKING
A007855,P01978,LIFT
A007856,P01978,AIR_CONDITIONING
A007857,P01978,GYM
A007858,P01978,WIFI
A007859,P01979,GYM
A007860,P01979,WIFI
A007861,P01979,SECURITY
A007862,P01979,LIFT
A007863,P01980,GARDEN
A007864,P01980,CLUBHOUSE
A007865,P01980,AIR_CONDITIONING
A007866,P01980,PARKING
A007867,P01980,SWIMMING_POOL
A007868,P01981,GARDEN
A007869,P01981,GYM
A007870,P01981,CLUBHOUSE
A007871,P01981,POWER_BACKUP
A007872,P01982,GARDEN
A007873,P01982,CLUBHOUSE
A007874,P01982,POWER_BACKUP
A007875,P01982,SWIMMING_POOL
A007876,P01983,PARKING
A007877,P01983,LIFT
A007878,P01984,CLUBHOUSE
A007879,P01984,GYM
A007880,P01984,PARKING
A007881,P01984,WIFI
A007882,P01984,POWER_BACKUP
A007883,P01984,AIR_CONDITIONING
A007884,P01985,CLUBHOUSE
A007885,P01985,WIFI
A007886,P01985,SWIMMING_POOL
A007887,P01985,GARDEN
A007888,P01986,CLUBHOUSE
A007889,P01986,GARDEN
A007890,P01986,GYM
A007891,P01986,SWIMMING_POOL
A007892,P01986,SECURITY
A007893,P01987,SWIMMING_POOL
A007894,P01987,POWER_BACKUP
A007895,P01987,SECURITY
A007896,P01987,GYM
A007897,P01987,CLUBHOUSE
A007898,P01988,GARDEN
A007899,P01988,PARKING
A007900,P01989,SECURITY
A007901,P01989,LIFT
A007902,P01990,WIFI
A007903,P01990,SWIMMING_POOL
A007904,P01990,GARDEN
A007905,P01990,LIFT
A007906,P01990,POWER_BACKUP
A007907,P01991,AIR_CONDITIONING
A007908,P01991,PARKING
A007909,P01992,GYM
A007910,P01992,GARDEN
A007911,P01993,POWER_BACKUP
A007912,P01993,SWIMMING_POOL
A007913,P01994,CLUBHOUSE
A007914,P01994,SWIMMING_POOL
A007915,P01995,GARDEN
A007916,P01995,WIFI
A007917,P01996,GARDEN
A007918,P01996,LIFT
A007919,P01996,WIFI
A007920,P01996,CLUBHOUSE
A007921,P01996,SWIMMING_POOL
A007922,P01996,POWER_BACKUP
A007923,P01997,SECURITY
A007924,P01997,LIFT
A007925,P01998,CLUBHOUSE
A007926,P01998,GARDEN
A007927,P01998,AIR_CONDITIONING
A007928,P01998,PARKING
A007929,P01999,GARDEN
A007930,P01999,POWER_BACKUP
A007931,P01999,WIFI
A007932,P02000,AIR_CONDITIONING
A007933,P02000,SWIMMING_POOL
A007934,P02000,GARDEN
A007935,P02000,SECURITY
A007936,P02000,GYM
A007937,P02001,WIFI
A007938,P02001,AIR_CONDITIONING
A007939,P02001,SECURITY
A007940,P02001,CLUBHOUSE
A007941,P02001,GARDEN
A007942,P02001,GYM
A007943,P02002,AIR_CONDITIONING
A007944,P02002,LIFT
A007945,P02002,GYM
A007946,P02002,PARKING
A007947,P02002,GARDEN
A007948,P02002,SWIMMING_POOL
A007949,P02003,AIR_CONDITIONING
A007950,P02003,PARKING
A007951,P02003,GARDEN
A007952,P02004,CLUBHOUSE
A007953,P02004,SWIMMING_POOL
A007954,P02004,AIR_CONDITIONING
A007955,P02004,GARDEN
A007956,P02004,PARKING
A007957,P02004,WIFI
A007958,P02005,CLUBHOUSE
A007959,P02005,LIFT
A007960,P02005,GARDEN
A007961,P02005,GYM
A007962,P02005,SWIMMING_POOL
A007963,P02005,WIFI
A007964,P02006,WIFI
A007965,P02006,POWER_BACKUP
A007966,P02007,GARDEN
A007967,P02007,CLUBHOUSE
A007968,P02007,POWER_BACKUP
A007969,P02007,AIR_CONDITIONING
A007970,P02008,POWER_BACKUP
A007971,P02008,CLUBHOUSE
A007972,P02009,POWER_BACKUP
A007973,P02009,GARDEN
A007974,P02009,AIR_CONDITIONING
A007975,P02009,SWIMMING_POOL
A007976,P02010,SECURITY
A007977,P02010,AIR_CONDITIONING
A007978,P02010,POWER_BACKUP
A007979,P02010,LIFT
A007980,P02011,AIR_CONDITIONING
A007981,P02011,SWIMMING_POOL
A007982,P02011,POWER_BACKUP
A007983,P02011,GARDEN
A007984,P02012,WIFI
A007985,P02012,SWIMMING_POOL
A007986,P02012,PARKING
A007987,P02012,CLUBHOUSE
A007988,P02013,PARKING
A007989,P02013,GARDEN
A007990,P02014,AIR_CONDITIONING
A007991,P02014,PARKING
A007992,P02014,LIFT
A007993,P02015,WIFI
A007994,P02015,GARDEN
A007995,P02015,LIFT
A007996,P02015,PARKING
A007997,P02016,WIFI
A007998,P02016,GYM
A007999,P02016,SWIMMING_POOL
A008000,P02016,SECURITY
A008001,P02016,AIR_CONDITIONING
A008002,P02016,POWER_BACKUP
A008003,P02017,SECURITY
A008004,P02017,SWIMMING_POOL
A008005,P02017,AIR_CONDITIONING
A008006,P02017,GYM
A008007,P02018,GARDEN
A008008,P02018,PARKING
A008009,P02018,AIR_CONDITIONING
A008010,P02018,WIFI
A008011,P02019,POWER_BACKUP
A008012,P02019,LIFT
A008013,P02020,CLUBHOUSE
A008014,P02020,WIFI
A008015,P02020,PARKING
A008016,P02020,POWER_BACKUP
A008017,P02020,SWIMMING_POOL
A008018,P02021,AIR_CONDITIONING
A008019,P02021,SWIMMING_POOL
A008020,P02021,GYM
A008021,P02021,CLUBHOUSE
A008022,P02021,LIFT
A008023,P02021,POWER_BACKUP
A008024,P02022,CLUBHOUSE
A008025,P02022,GARDEN
A008026,P02022,SECURITY
A008027,P02022,AIR_CONDITIONING
A008028,P02023,PARKING
A008029,P02023,GARDEN
A008030,P02023,AIR_CONDITIONING
A008031,P02023,GYM
A008032,P02023,POWER_BACKUP
A008033,P02023,CLUBHOUSE
A008034,P02024,SWIMMING_POOL
A008035,P02024,PARKING
A008036,P02024,GARDEN
A008037,P02024,GYM
A008038,P02024,SECURITY
A008039,P02025,GYM
A008040,P02025,SECURITY
A008041,P02025,PARKING
A008042,P02025,CLUBHOUSE
A008043,P02025,WIFI
A008044,P02026,WIFI
A008045,P02026,AIR_CONDITIONING
A008046,P02027,AIR_CONDITIONING
A008047,P02027,CLUBHOUSE
A008048,P02027,POWER_BACKUP
A008049,P02027,GARDEN
A008050,P02027,LIFT
A008051,P02028,POWER_BACKUP
A008052,P02028,WIFI
A008053,P02028,LIFT
A008054,P02029,POWER_BACKUP
A008055,P02029,WIFI
A008056,P02030,GYM
A008057,P02030,SWIMMING_POOL
A008058,P02030,GARDEN
A008059,P02030,CLUBHOUSE
A008060,P02030,SECURITY
A008061,P02031,LIFT
A008062,P02031,PARKING
A008063,P02031,AIR_CONDITIONING
A008064,P02031,GARDEN
A008065,P02032,GARDEN
A008066,P02032,LIFT
A008067,P02033,PARKING
A008068,P02033,CLUBHOUSE
A008069,P02033,LIFT
A008070,P02033,SWIMMING_POOL
A008071,P02033,WIFI
A008072,P02034,GARDEN
A008073,P02034,WIFI
A008074,P02034,POWER_BACKUP
A008075,P02034,SECURITY
A008076,P02034,GYM
A008077,P02034,AIR_CONDITIONING
A008078,P02035,CLUBHOUSE
A008079,P02035,GARDEN
A008080,P02036,WIFI
A008081,P02036,SECURITY
A008082,P02036,AIR_CONDITIONING
A008083,P02036,LIFT
A008084,P02037,WIFI
A008085,P02037,LIFT
A008086,P02038,CLUBHOUSE
A008087,P02038,LIFT
A008088,P02038,WIFI
A008089,P02038,AIR_CONDITIONING
A008090,P02038,PARKING
A008091,P02038,GYM
A008092,P02039,LIFT
A008093,P02039,WIFI
A008094,P02040,SECURITY
A008095,P02040,CLUBHOUSE
A008096,P02040,GYM
A008097,P02040,LIFT
A008098,P02040,PARKING
A008099,P02041,POWER_BACKUP
A008100,P02041,GYM
A008101,P02041,WIFI
A008102,P02042,WIFI
A008103,P02042,POWER_BACKUP
A008104,P02043,AIR_CONDITIONING
A008105,P02043,GYM
A008106,P02043,SECURITY
A008107,P02043,GARDEN
A008108,P02043,SWIMMING_POOL
A008109,P02044,WIFI
A008110,P02044,SWIMMING_POOL
A008111,P02045,SECURITY
A008112,P02045,LIFT
A008113,P02045,PARKING
A008114,P02046,SECURITY
A008115,P02046,GYM
A008116,P02046,WIFI
A008117,P02046,CLUBHOUSE
A008118,P02047,POWER_BACKUP
A008119,P02047,LIFT
A008120,P02047,GARDEN
A008121,P02047,SECURITY
A008122,P02048,PARKING
A008123,P02048,WIFI
A008124,P02048,POWER_BACKUP
A008125,P02048,LIFT
A008126,P02048,CLUBHOUSE
A008127,P02049,LIFT
A008128,P02049,SWIMMING_POOL
A008129,P02049,PARKING
A008130,P02049,POWER_BACKUP
A008131,P02050,SWIMMING_POOL
A008132,P02050,PARKING
A008133,P02050,GYM
A008134,P02050,AIR_CONDITIONING
A008135,P02051,POWER_BACKUP
A008136,P02051,PARKING
A008137,P02051,GARDEN
A008138,P02051,WIFI
A008139,P02051,CLUBHOUSE
A008140,P02052,SECURITY
A008141,P02052,GARDEN
A008142,P02052,WIFI
A008143,P02053,GYM
A008144,P02053,SECURITY
A008145,P02054,PARKING
A008146,P02054,POWER_BACKUP
A008147,P02055,SECURITY
A008148,P02055,SWIMMING_POOL
A008149,P02055,WIFI
A008150,P02055,AIR_CONDITIONING
A008151,P02055,PARKING
A008152,P02056,GYM
A008153,P02056,WIFI
A008154,P02057,AIR_CONDITIONING
A008155,P02057,LIFT
A008156,P02057,PARKING
A008157,P02057,POWER_BACKUP
A008158,P02058,CLUBHOUSE
A008159,P02058,AIR_CONDITIONING
A008160,P02059,POWER_BACKUP
A008161,P02059,AIR_CONDITIONING
A008162,P02060,POWER_BACKUP
A008163,P02060,WIFI
A008164,P02060,GARDEN
A008165,P02060,GYM
A008166,P02061,AIR_CONDITIONING
A008167,P02061,LIFT
A008168,P02061,SECURITY
A008169,P02061,WIFI
A008170,P02062,GARDEN
A008171,P02062,LIFT
A008172,P02063,LIFT
A008173,P02063,SECURITY
A008174,P02063,PARKING
A008175,P02063,GYM
A008176,P02063,POWER_BACKUP
A008177,P02064,SWIMMING_POOL
A008178,P02064,CLUBHOUSE
A008179,P02064,GARDEN
A008180,P02064,PARKING
A008181,P02064,AIR_CONDITIONING
A008182,P02064,SECURITY
A008183,P02065,GYM
A008184,P02065,SWIMMING_POOL
A008185,P02066,GARDEN
A008186,P02066,LIFT
A008187,P02066,AIR_CONDITIONING
A008188,P02066,WIFI
A008189,P02066,GYM
A008190,P02067,LIFT
A008191,P02067,CLUBHOUSE
A008192,P02068,GARDEN
A008193,P02068,SECURITY
A008194,P02069,GYM
A008195,P02069,SECURITY
A008196,P02069,GARDEN
A008197,P02069,SWIMMING_POOL
A008198,P02069,AIR_CONDITIONING
A008199,P02069,CLUBHOUSE
A008200,P02070,POWER_BACKUP
A008201,P02070,LIFT
A008202,P02070,SWIMMING_POOL
A008203,P02070,GARDEN
A008204,P02070,AIR_CONDITIONING
A008205,P02070,GYM
A008206,P02071,POWER_BACKUP
A008207,P02071,SECURITY
A008208,P02071,WIFI
A008209,P02072,GARDEN
A008210,P02072,SWIMMING_POOL
A008211,P02072,LIFT
A008212,P02072,PARKING
A008213,P02072,POWER_BACKUP
A008214,P02073,SECURITY
A008215,P02073,AIR_CONDITIONING
A008216,P02074,SWIMMING_POOL
A008217,P02074,WIFI
A008218,P02074,LIFT
A008219,P02074,AIR_CONDITIONING
A008220,P02074,SECURITY
A008221,P02075,SWIMMING_POOL
A008222,P02075,GARDEN
A008223,P02075,CLUBHOUSE
A008224,P02075,LIFT
A008225,P02075,AIR_CONDITIONING
A008226,P02075,GYM
A008227,P02076,GYM
A008228,P02076,AIR_CONDITIONING
A008229,P02076,SWIMMING_POOL
A008230,P02076,SECURITY
A008231,P02076,LIFT
A008232,P02076,WIFI
A008233,P02077,WIFI
A008234,P02077,PARKING
A008235,P02077,GARDEN
A008236,P02077,CLUBHOUSE
A008237,P02077,SWIMMING_POOL
A008238,P02078,SWIMMING_POOL
A008239,P02078,GARDEN
A008240,P02078,AIR_CONDITIONING
A008241,P02078,PARKING
A008242,P02078,LIFT
A008243,P02079,SECURITY
A008244,P02079,PARKING
A008245,P02079,WIFI
A008246,P02080,AIR_CONDITIONING
A008247,P02080,SECURITY
A008248,P02080,CLUBHOUSE
A008249,P02080,SWIMMING_POOL
A008250,P02080,GYM
A008251,P02080,GARDEN
A008252,P02081,GARDEN
A008253,P02081,WIFI
A008254,P02081,SECURITY
A008255,P02081,AIR_CONDITIONING
A008256,P02081,PARKING
A008257,P02081,LIFT
A008258,P02082,POWER_BACKUP
A008259,P02082,CLUBHOUSE
A008260,P02082,SWIMMING_POOL
A008261,P02082,WIFI
A008262,P02082,LIFT
A008263,P02083,SECURITY
A008264,P02083,PARKING
A008265,P02083,LIFT
A008266,P02083,AIR_CONDITIONING
A008267,P02084,LIFT
A008268,P02084,AIR_CONDITIONING
A008269,P02084,GYM
A008270,P02085,WIFI
A008271,P02085,POWER_BACKUP
A008272,P02085,SECURITY
A008273,P02085,GARDEN
A008274,P02086,CLUBHOUSE
A008275,P02086,AIR_CONDITIONING
A008276,P02086,LIFT
A008277,P02086,WIFI
A008278,P02086,PARKING
A008279,P02086,GARDEN
A008280,P02087,GYM
A008281,P02087,LIFT
A008282,P02088,AIR_CONDITIONING
A008283,P02088,PARKING
A008284,P02088,GYM
A008285,P02088,POWER_BACKUP
A008286,P02089,POWER_BACKUP
A008287,P02089,SECURITY
A008288,P02089,WIFI
A008289,P02089,SWIMMING_POOL
A008290,P02090,LIFT
A008291,P02090,AIR_CONDITIONING
A008292,P02090,CLUBHOUSE
A008293,P02090,PARKING
A008294,P02091,LIFT
A008295,P02091,SECURITY
A008296,P02091,SWIMMING_POOL
A008297,P02091,WIFI
A008298,P02091,GYM
A008299,P02091,CLUBHOUSE
A008300,P02092,GYM
A008301,P02092,GARDEN
A008302,P02092,POWER_BACKUP
A008303,P02092,LIFT
A008304,P02092,AIR_CONDITIONING
A008305,P02092,PARKING
A008306,P02093,CLUBHOUSE
A008307,P02093,POWER_BACKUP
A008308,P02093,GARDEN
A008309,P02093,LIFT
A008310,P02093,SECURITY
A008311,P02094,GYM
A008312,P02094,WIFI
A008313,P02095,LIFT
A008314,P02095,WIFI
A008315,P02095,POWER_BACKUP
A008316,P02095,PARKING
A008317,P02096,POWER_BACKUP
A008318,P02096,SECURITY
A008319,P02097,GYM
A008320,P02097,AIR_CONDITIONING
A008321,P02097,CLUBHOUSE
A008322,P02097,WIFI
A008323,P02098,GYM
A008324,P02098,GARDEN
A008325,P02098,CLUBHOUSE
A008326,P02098,WIFI
A008327,P02098,AIR_CONDITIONING
A008328,P02099,POWER_BACKUP
A008329,P02099,PARKING
A008330,P02100,GYM
A008331,P02100,CLUBHOUSE
A008332,P02100,PARKING
A008333,P02100,AIR_CONDITIONING
A008334,P02100,SWIMMING_POOL
A008335,P02101,LIFT
A008336,P02101,SECURITY
A008337,P02101,WIFI
A008338,P02101,SWIMMING_POOL
A008339,P02101,CLUBHOUSE
A008340,P02102,AIR_CONDITIONING
A008341,P02102,CLUBHOUSE
A008342,P02102,POWER_BACKUP
A008343,P02102,GARDEN
A008344,P02103,PARKING
A008345,P02103,LIFT
A008346,P02103,WIFI
A008347,P02103,CLUBHOUSE
A008348,P02103,GARDEN
A008349,P02104,SECURITY
A008350,P02104,AIR_CONDITIONING
A008351,P02104,GARDEN
A008352,P02105,GARDEN
A008353,P02105,SWIMMING_POOL
A008354,P02106,AIR_CONDITIONING
A008355,P02106,SWIMMING_POOL
A008356,P02106,SECURITY
A008357,P02106,GARDEN
A008358,P02106,GYM
A008359,P02106,WIFI
A008360,P02107,WIFI
A008361,P02107,CLUBHOUSE
A008362,P02107,GYM
A008363,P02107,GARDEN
A008364,P02107,AIR_CONDITIONING
A008365,P02108,SECURITY
A008366,P02108,PARKING
A008367,P02108,SWIMMING_POOL
A008368,P02109,WIFI
A008369,P02109,CLUBHOUSE
A008370,P02109,POWER_BACKUP
A008371,P02109,PARKING
A008372,P02109,SECURITY
A008373,P02109,LIFT
A008374,P02110,WIFI
A008375,P02110,CLUBHOUSE
A008376,P02110,POWER_BACKUP
A008377,P02110,SECURITY
A008378,P02110,GYM
A008379,P02111,GARDEN
A008380,P02111,POWER_BACKUP
A008381,P02112,WIFI
A008382,P02112,PARKING
A008383,P02112,SWIMMING_POOL
A008384,P02112,SECURITY
A008385,P02112,LIFT
A008386,P02112,POWER_BACKUP
A008387,P02113,WIFI
A008388,P02113,SECURITY
A008389,P02113,SWIMMING_POOL
A008390,P02113,LIFT
A008391,P02113,AIR_CONDITIONING
A008392,P02113,CLUBHOUSE
A008393,P02114,WIFI
A008394,P02114,AIR_CONDITIONING
A008395,P02114,CLUBHOUSE
A008396,P02115,AIR_CONDITIONING
A008397,P02115,POWER_BACKUP
A008398,P02116,POWER_BACKUP
A008399,P02116,GYM
A008400,P02117,SECURITY
A008401,P02117,POWER_BACKUP
A008402,P02117,GARDEN
A008403,P02118,SECURITY
A008404,P02118,GYM
A008405,P02119,CLUBHOUSE
A008406,P02119,GARDEN
A008407,P02119,POWER_BACKUP
A008408,P02119,PARKING
A008409,P02120,LIFT
A008410,P02120,SECURITY
A008411,P02120,SWIMMING_POOL
A008412,P02120,WIFI
A008413,P02121,SWIMMING_POOL
A008414,P02121,GYM
A008415,P02121,PARKING
A008416,P02121,WIFI
A008417,P02121,GARDEN
A008418,P02122,POWER_BACKUP
A008419,P02122,PARKING
A008420,P02122,LIFT
A008421,P02122,GARDEN
A008422,P02122,GYM
A008423,P02122,WIFI
A008424,P02123,LIFT
A008425,P02123,SWIMMING_POOL
A008426,P02123,SECURITY
A008427,P02123,GARDEN
A008428,P02124,PARKING
A008429,P02124,WIFI
A008430,P02124,GYM
A008431,P02124,GARDEN
A008432,P02125,WIFI
A008433,P02125,GARDEN
A008434,P02125,SWIMMING_POOL
A008435,P02125,LIFT
A008436,P02126,LIFT
A008437,P02126,SECURITY
A008438,P02126,AIR_CONDITIONING
A008439,P02126,GARDEN
A008440,P02126,WIFI
A008441,P02126,GYM
A008442,P02127,GYM
A008443,P02127,AIR_CONDITIONING
A008444,P02127,LIFT
A008445,P02127,SWIMMING_POOL
A008446,P02128,AIR_CONDITIONING
A008447,P02128,GYM
A008448,P02129,SECURITY
A008449,P02129,GYM
A008450,P02129,GARDEN
A008451,P02129,POWER_BACKUP
A008452,P02130,WIFI
A008453,P02130,CLUBHOUSE
A008454,P02130,LIFT
A008455,P02130,SWIMMING_POOL
A008456,P02131,GYM
A008457,P02131,SECURITY
A008458,P02131,CLUBHOUSE
A008459,P02131,GARDEN
A008460,P02131,POWER_BACKUP
A008461,P02131,AIR_CONDITIONING
A008462,P02132,POWER_BACKUP
A008463,P02132,AIR_CONDITIONING
A008464,P02132,PARKING
A008465,P02132,LIFT
A008466,P02132,SWIMMING_POOL
A008467,P02132,SECURITY
A008468,P02133,LIFT
A008469,P02133,GARDEN
A008470,P02133,AIR_CONDITIONING
A008471,P02134,SECURITY
A008472,P02134,CLUBHOUSE
A008473,P02135,WIFI
A008474,P02135,GYM
A008475,P02135,GARDEN
A008476,P02135,PARKING
A008477,P02135,SECURITY
A008478,P02136,SWIMMING_POOL
A008479,P02136,SECURITY
A008480,P02136,GARDEN
A008481,P02136,AIR_CONDITIONING
A008482,P02136,LIFT
A008483,P02137,PARKING
A008484,P02137,SECURITY
A008485,P02137,LIFT
A008486,P02138,LIFT
A008487,P02138,PARKING
A008488,P02138,AIR_CONDITIONING
A008489,P02138,SWIMMING_POOL
A008490,P02138,CLUBHOUSE
A008491,P02139,PARKING
A008492,P02139,GARDEN
A008493,P02140,GYM
A008494,P02140,WIFI
A008495,P02140,SECURITY
A008496,P02140,LIFT
A008497,P02140,GARDEN
A008498,P02140,PARKING
A008499,P02141,SWIMMING_POOL
A008500,P02141,PARKING
A008501,P02141,AIR_CONDITIONING
A008502,P02141,GARDEN
A008503,P02141,SECURITY
A008504,P02141,POWER_BACKUP
A008505,P02142,PARKING
A008506,P02142,AIR_CONDITIONING
A008507,P02143,AIR_CONDITIONING
A008508,P02143,PARKING
A008509,P02144,POWER_BACKUP
A008510,P02144,SECURITY
A008511,P02144,AIR_CONDITIONING
A008512,P02144,PARKING
A008513,P02144,WIFI
A008514,P02145,SECURITY
A008515,P02145,POWER_BACKUP
A008516,P02146,PARKING
A008517,P02146,LIFT
A008518,P02147,POWER_BACKUP
A008519,P02147,GYM
A008520,P02148,POWER_BACKUP
A008521,P02148,SWIMMING_POOL
A008522,P02149,CLUBHOUSE
A008523,P02149,PARKING
A008524,P02149,GARDEN
A008525,P02149,WIFI
A008526,P02150,GARDEN
A008527,P02150,WIFI
A008528,P02150,AIR_CONDITIONING
A008529,P02150,GYM
A008530,P02151,GYM
A008531,P02151,SWIMMING_POOL
A008532,P02151,POWER_BACKUP
A008533,P02151,CLUBHOUSE
A008534,P02151,SECURITY
A008535,P02152,GYM
A008536,P02152,GARDEN
A008537,P02152,POWER_BACKUP
A008538,P02152,CLUBHOUSE
A008539,P02152,SECURITY
A008540,P02153,AIR_CONDITIONING
A008541,P02153,POWER_BACKUP
A008542,P02153,WIFI
A008543,P02153,PARKING
A008544,P02153,CLUBHOUSE
A008545,P02154,AIR_CONDITIONING
A008546,P02154,GYM
A008547,P02154,CLUBHOUSE
A008548,P02154,PARKING
A008549,P02154,GARDEN
A008550,P02154,POWER_BACKUP
A008551,P02155,GARDEN
A008552,P02155,CLUBHOUSE
A008553,P02155,PARKING
A008554,P02155,SECURITY
A008555,P02155,GYM
A008556,P02155,WIFI
A008557,P02156,PARKING
A008558,P02156,CLUBHOUSE
A008559,P02156,POWER_BACKUP
A008560,P02157,LIFT
A008561,P02157,WIFI
A008562,P02157,PARKING
A008563,P02158,AIR_CONDITIONING
A008564,P02158,POWER_BACKUP
A008565,P02158,GYM
A008566,P02158,GARDEN
A008567,P02158,LIFT
A008568,P02158,WIFI
A008569,P02159,POWER_BACKUP
A008570,P02159,AIR_CONDITIONING
A008571,P02159,GYM
A008572,P02159,PARKING
A008573,P02159,SECURITY
A008574,P02160,SWIMMING_POOL
A008575,P02160,GARDEN
A008576,P02160,POWER_BACKUP
A008577,P02160,AIR_CONDITIONING
A008578,P02160,PARKING
A008579,P02161,SWIMMING_POOL
A008580,P02161,GARDEN
A008581,P02161,WIFI
A008582,P02161,SECURITY
A008583,P02162,POWER_BACKUP
A008584,P02162,GARDEN
A008585,P02162,CLUBHOUSE
A008586,P02162,GYM
A008587,P02162,AIR_CONDITIONING
A008588,P02163,GYM
A008589,P02163,SWIMMING_POOL
A008590,P02163,WIFI
A008591,P02164,LIFT
A008592,P02164,SECURITY
A008593,P02164,PARKING
A008594,P02164,CLUBHOUSE
A008595,P02165,GARDEN
A008596,P02165,SWIMMING_POOL
A008597,P02166,AIR_CONDITIONING
A008598,P02166,GYM
A008599,P02166,POWER_BACKUP
A008600,P02166,PARKING
A008601,P02167,WIFI
A008602,P02167,PARKING
A008603,P02168,SECURITY
A008604,P02168,GYM
A008605,P02168,SWIMMING_POOL
A008606,P02168,AIR_CONDITIONING
A008607,P02168,GARDEN
A008608,P02168,WIFI
A008609,P02169,GARDEN
A008610,P02169,PARKING
A008611,P02169,POWER_BACKUP
A008612,P02169,CLUBHOUSE
A008613,P02170,SECURITY
A008614,P02170,AIR_CONDITIONING
A008615,P02170,GYM
A008616,P02170,GARDEN
A008617,P02170,PARKING
A008618,P02171,WIFI
A008619,P02171,GARDEN
A008620,P02171,SECURITY
A008621,P02171,LIFT
A008622,P02171,SWIMMING_POOL
A008623,P02171,PARKING
A008624,P02172,AIR_CONDITIONING
A008625,P02172,SWIMMING_POOL
A008626,P02172,SECURITY
A008627,P02173,LIFT
A008628,P02173,WIFI
A008629,P02173,SECURITY
A008630,P02173,GYM
A008631,P02174,LIFT
A008632,P02174,SECURITY
A008633,P02174,GARDEN
A008634,P02175,GARDEN
A008635,P02175,WIFI
A008636,P02175,CLUBHOUSE
A008637,P02176,AIR_CONDITIONING
A008638,P02176,SECURITY
A008639,P02176,SWIMMING_POOL
A008640,P02176,POWER_BACKUP
A008641,P02176,GYM
A008642,P02176,GARDEN
A008643,P02177,WIFI
A008644,P02177,SECURITY
A008645,P02177,PARKING
A008646,P02177,GARDEN
A008647,P02177,CLUBHOUSE
A008648,P02178,SECURITY
A008649,P02178,GYM
A008650,P02178,LIFT
A008651,P02178,SWIMMING_POOL
A008652,P02178,CLUBHOUSE
A008653,P02179,AIR_CONDITIONING
A008654,P02179,PARKING
A008655,P02179,POWER_BACKUP
A008656,P02179,CLUBHOUSE
A008657,P02180,GYM
A008658,P02180,SECURITY
A008659,P02180,GARDEN
A008660,P02180,WIFI
A008661,P02180,POWER_BACKUP
A008662,P02181,WIFI
A008663,P02181,SECURITY
A008664,P02182,GYM
A008665,P02182,POWER_BACKUP
A008666,P02182,WIFI
A008667,P02182,SECURITY
A008668,P02182,CLUBHOUSE
A008669,P02183,LIFT
A008670,P02183,AIR_CONDITIONING
A008671,P02183,GYM
A008672,P02184,WIFI
A008673,P02184,CLUBHOUSE
A008674,P02185,LIFT
A008675,P02185,AIR_CONDITIONING
A008676,P02185,GARDEN
A008677,P02185,SECURITY
A008678,P02186,SWIMMING_POOL
A008679,P02186,AIR_CONDITIONING
A008680,P02187,POWER_BACKUP
A008681,P02187,PARKING
A008682,P02187,GARDEN
A008683,P02188,SECURITY
A008684,P02188,AIR_CONDITIONING
A008685,P02188,GARDEN
A008686,P02188,POWER_BACKUP
A008687,P02188,WIFI
A008688,P02189,SECURITY
A008689,P02189,LIFT
A008690,P02189,GARDEN
A008691,P02189,SWIMMING_POOL
A008692,P02189,GYM
A008693,P02190,POWER_BACKUP
A008694,P02190,LIFT
A008695,P02190,PARKING
A008696,P02190,CLUBHOUSE
A008697,P02190,SECURITY
A008698,P02191,LIFT
A008699,P02191,AIR_CONDITIONING
A008700,P02192,LIFT
A008701,P02192,GARDEN
A008702,P02192,PARKING
A008703,P02192,SECURITY
A008704,P02193,LIFT
A008705,P02193,AIR_CONDITIONING
A008706,P02193,PARKING
A008707,P02193,POWER_BACKUP
A008708,P02193,GYM
A008709,P02194,GYM
A008710,P02194,SWIMMING_POOL
A008711,P02194,CLUBHOUSE
A008712,P02194,LIFT
A008713,P02194,GARDEN
A008714,P02195,LIFT
A008715,P02195,GARDEN
A008716,P02195,POWER_BACKUP
A008717,P02195,SECURITY
A008718,P02195,GYM
A008719,P02195,PARKING
A008720,P02196,GARDEN
A008721,P02196,SWIMMING_POOL
A008722,P02196,SECURITY
A008723,P02196,CLUBHOUSE
A008724,P02197,GARDEN
A008725,P02197,POWER_BACKUP
A008726,P02197,WIFI
A008727,P02197,PARKING
A008728,P02197,AIR_CONDITIONING
A008729,P02197,GYM
A008730,P02198,SWIMMING_POOL
A008731,P02198,SECURITY
A008732,P02198,WIFI
A008733,P02198,GARDEN
A008734,P02198,POWER_BACKUP
A008735,P02198,AIR_CONDITIONING
A008736,P02199,CLUBHOUSE
A008737,P02199,SECURITY
A008738,P02199,GARDEN
A008739,P02200,POWER_BACKUP
A008740,P02200,PARKING
A008741,P02200,SWIMMING_POOL
A008742,P02201,PARKING
A008743,P02201,WIFI
A008744,P02202,AIR_CONDITIONING
A008745,P02202,GYM
A008746,P02202,SECURITY
A008747,P02202,GARDEN
A008748,P02202,CLUBHOUSE
A008749,P02202,SWIMMING_POOL
A008750,P02203,GARDEN
A008751,P02203,AIR_CONDITIONING
A008752,P02203,SWIMMING_POOL
A008753,P02203,POWER_BACKUP
A008754,P02204,LIFT
A008755,P02204,GYM
A008756,P02204,SECURITY
A008757,P02204,CLUBHOUSE
A008758,P02204,PARKING
A008759,P02204,WIFI
A008760,P02205,GYM
A008761,P02205,PARKING
A008762,P02205,SECURITY
A008763,P02205,POWER_BACKUP
A008764,P02205,LIFT
A008765,P02205,GARDEN
A008766,P02206,GARDEN
A008767,P02206,LIFT
A008768,P02207,PARKING
A008769,P02207,GARDEN
A008770,P02208,WIFI
A008771,P02208,SECURITY
A008772,P02208,LIFT
A008773,P02208,AIR_CONDITIONING
A008774,P02209,CLUBHOUSE
A008775,P02209,SECURITY
A008776,P02210,GARDEN
A008777,P02210,SECURITY
A008778,P02210,CLUBHOUSE
A008779,P02210,SWIMMING_POOL
A008780,P02210,LIFT
A008781,P02210,GYM
A008782,P02211,SWIMMING_POOL
A008783,P02211,SECURITY
A008784,P02212,GYM
A008785,P02212,CLUBHOUSE
A008786,P02212,GARDEN
A008787,P02212,PARKING
A008788,P02212,SWIMMING_POOL
A008789,P02212,POWER_BACKUP
A008790,P02213,LIFT
A008791,P02213,GARDEN
A008792,P02213,WIFI
A008793,P02213,POWER_BACKUP
A008794,P02213,GYM
A008795,P02214,POWER_BACKUP
A008796,P02214,AIR_CONDITIONING
A008797,P02215,PARKING
A008798,P02215,POWER_BACKUP
A008799,P02215,SWIMMING_POOL
A008800,P02215,CLUBHOUSE
A008801,P02215,GARDEN
A008802,P02216,CLUBHOUSE
A008803,P02216,GARDEN
A008804,P02216,AIR_CONDITIONING
A008805,P02216,SECURITY
A008806,P02216,GYM
A008807,P02216,POWER_BACKUP
A008808,P02217,GARDEN
A008809,P02217,PARKING
A008810,P02217,WIFI
A008811,P02218,CLUBHOUSE
A008812,P02218,PARKING
A008813,P02218,LIFT
A008814,P02218,AIR_CONDITIONING
A008815,P02218,WIFI
A008816,P02218,SECURITY
A008817,P02219,GARDEN
A008818,P02219,CLUBHOUSE
A008819,P02219,LIFT
A008820,P02220,LIFT
A008821,P02220,SECURITY
A008822,P02221,AIR_CONDITIONING
A008823,P02221,SECURITY
A008824,P02222,WIFI
A008825,P02222,CLUBHOUSE
A008826,P02222,SWIMMING_POOL
A008827,P02222,POWER_BACKUP
A008828,P02223,SWIMMING_POOL
A008829,P02223,CLUBHOUSE
A008830,P02223,POWER_BACKUP
A008831,P02224,POWER_BACKUP
A008832,P02224,AIR_CONDITIONING
A008833,P02224,SWIMMING_POOL
A008834,P02225,POWER_BACKUP
A008835,P02225,SWIMMING_POOL
A008836,P02225,GYM
A008837,P02226,LIFT
A008838,P02226,POWER_BACKUP
A008839,P02226,SWIMMING_POOL
A008840,P02226,CLUBHOUSE
A008841,P02226,GYM
A008842,P02227,AIR_CONDITIONING
A008843,P02227,POWER_BACKUP
A008844,P02227,LIFT
A008845,P02227,PARKING
A008846,P02228,SWIMMING_POOL
A008847,P02228,WIFI
A008848,P02229,SECURITY
A008849,P02229,CLUBHOUSE
A008850,P02229,SWIMMING_POOL
A008851,P02230,SECURITY
A008852,P02230,POWER_BACKUP
A008853,P02230,GYM
A008854,P02231,CLUBHOUSE
A008855,P02231,SWIMMING_POOL
A008856,P02231,AIR_CONDITIONING
A008857,P02231,WIFI
A008858,P02231,POWER_BACKUP
A008859,P02231,GYM
A008860,P02232,CLUBHOUSE
A008861,P02232,WIFI
A008862,P02232,SECURITY
A008863,P02233,WIFI
A008864,P02233,SWIMMING_POOL
A008865,P02233,POWER_BACKUP
A008866,P02233,GARDEN
A008867,P02234,SWIMMING_POOL
A008868,P02234,LIFT
A008869,P02234,GARDEN
A008870,P02235,WIFI
A008871,P02235,AIR_CONDITIONING
A008872,P02235,PARKING
A008873,P02235,SWIMMING_POOL
A008874,P02235,GARDEN
A008875,P02235,SECURITY
A008876,P02236,LIFT
A008877,P02236,GARDEN
A008878,P02236,GYM
A008879,P02236,PARKING
A008880,P02236,SECURITY
A008881,P02237,CLUBHOUSE
A008882,P02237,GARDEN
A008883,P02238,SWIMMING_POOL
A008884,P02238,CLUBHOUSE
A008885,P02238,GARDEN
A008886,P02238,GYM
A008887,P02239,POWER_BACKUP
A008888,P02239,SWIMMING_POOL
A008889,P02239,GYM
A008890,P02239,AIR_CONDITIONING
A008891,P02240,LIFT
A008892,P02240,WIFI
A008893,P02240,POWER_BACKUP
A008894,P02240,CLUBHOUSE
A008895,P02240,AIR_CONDITIONING
A008896,P02241,LIFT
A008897,P02241,GYM
A008898,P02241,SECURITY
A008899,P02241,CLUBHOUSE
A008900,P02242,SECURITY
A008901,P02242,GARDEN
A008902,P02242,POWER_BACKUP
A008903,P02242,AIR_CONDITIONING
A008904,P02243,SECURITY
A008905,P02243,PARKING
A008906,P02243,SWIMMING_POOL
A008907,P02243,GYM
A008908,P02244,LIFT
A008909,P02244,POWER_BACKUP
A008910,P02244,SWIMMING_POOL
A008911,P02244,SECURITY
A008912,P02244,WIFI
A008913,P02244,GARDEN
A008914,P02245,POWER_BACKUP
A008915,P02245,GARDEN
A008916,P02245,SWIMMING_POOL
A008917,P02245,AIR_CONDITIONING
A008918,P02245,SECURITY
A008919,P02245,LIFT
A008920,P02246,GARDEN
A008921,P02246,SECURITY
A008922,P02246,SWIMMING_POOL
A008923,P02246,WIFI
A008924,P02247,SWIMMING_POOL
A008925,P02247,WIFI
A008926,P02247,POWER_BACKUP
A008927,P02247,CLUBHOUSE
A008928,P02247,GARDEN
A008929,P02248,PARKING
A008930,P02248,SWIMMING_POOL
A008931,P02248,SECURITY
A008932,P02248,GARDEN
A008933,P02248,WIFI
A008934,P02249,CLUBHOUSE
A008935,P02249,SECURITY
A008936,P02249,GARDEN
A008937,P02249,WIFI
A008938,P02250,POWER_BACKUP
A008939,P02250,CLUBHOUSE
A008940,P02250,PARKING
A008941,P02250,LIFT
A008942,P02251,SWIMMING_POOL
A008943,P02251,GYM
A008944,P02251,AIR_CONDITIONING
A008945,P02251,GARDEN
A008946,P02251,CLUBHOUSE
A008947,P02252,WIFI
A008948,P02252,POWER_BACKUP
A008949,P02252,SWIMMING_POOL
A008950,P02252,AIR_CONDITIONING
A008951,P02252,SECURITY
A008952,P02252,GARDEN
A008953,P02253,GARDEN
A008954,P02253,POWER_BACKUP
A008955,P02253,LIFT
A008956,P02253,SWIMMING_POOL
A008957,P02253,CLUBHOUSE
A008958,P02254,POWER_BACKUP
A008959,P02254,LIFT
A008960,P02255,PARKING
A008961,P02255,CLUBHOUSE
A008962,P02256,AIR_CONDITIONING
A008963,P02256,POWER_BACKUP
A008964,P02256,LIFT
A008965,P02256,SECURITY
A008966,P02256,WIFI
A008967,P02257,GYM
A008968,P02257,PARKING
A008969,P02257,WIFI
A008970,P02257,CLUBHOUSE
A008971,P02257,SWIMMING_POOL
A008972,P02258,GYM
A008973,P02258,CLUBHOUSE
A008974,P02259,AIR_CONDITIONING
A008975,P02259,SWIMMING_POOL
A008976,P02260,WIFI
A008977,P02260,GARDEN
A008978,P02260,GYM
A008979,P02260,CLUBHOUSE
A008980,P02260,PARKING
A008981,P02260,SECURITY
A008982,P02261,POWER_BACKUP
A008983,P02261,LIFT
A008984,P02261,GYM
A008985,P02262,SWIMMING_POOL
A008986,P02262,PARKING
A008987,P02262,GARDEN
A008988,P02262,LIFT
A008989,P02262,GYM
A008990,P02262,POWER_BACKUP
A008991,P02263,PARKING
A008992,P02263,LIFT
A008993,P02264,LIFT
A008994,P02264,GYM
A008995,P02264,SWIMMING_POOL
A008996,P02264,POWER_BACKUP
A008997,P02264,CLUBHOUSE
A008998,P02264,GARDEN
A008999,P02265,CLUBHOUSE
A009000,P02265,PARKING
A009001,P02265,GYM
A009002,P02266,LIFT
A009003,P02266,SWIMMING_POOL
A009004,P02267,WIFI
A009005,P02267,GYM
A009006,P02267,POWER_BACKUP
A009007,P02267,PARKING
A009008,P02267,CLUBHOUSE
A009009,P02267,AIR_CONDITIONING
A009010,P02268,CLUBHOUSE
A009011,P02268,WIFI
A009012,P02268,PARKING
A009013,P02268,SECURITY
A009014,P02268,SWIMMING_POOL
A009015,P02269,AIR_CONDITIONING
A009016,P02269,SWIMMING_POOL
A009017,P02269,WIFI
A009018,P02269,GARDEN
A009019,P02269,GYM
A009020,P02269,LIFT
A009021,P02270,PARKING
A009022,P02270,AIR_CONDITIONING
A009023,P02270,SWIMMING_POOL
A009024,P02270,GYM
A009025,P02270,POWER_BACKUP
A009026,P02270,WIFI
A009027,P02271,GYM
A009028,P02271,CLUBHOUSE
A009029,P02271,WIFI
A009030,P02272,GYM
A009031,P02272,AIR_CONDITIONING
A009032,P02272,WIFI
A009033,P02272,GARDEN
A009034,P02273,POWER_BACKUP
A009035,P02273,SWIMMING_POOL
A009036,P02274,SWIMMING_POOL
A009037,P02274,POWER_BACKUP
A009038,P02274,GARDEN
A009039,P02275,PARKING
A009040,P02275,SWIMMING_POOL
A009041,P02275,AIR_CONDITIONING
A009042,P02275,CLUBHOUSE
A009043,P02275,GYM
A009044,P02276,PARKING
A009045,P02276,CLUBHOUSE
A009046,P02276,POWER_BACKUP
A009047,P02277,LIFT
A009048,P02277,GARDEN
A009049,P02277,WIFI
A009050,P02277,CLUBHOUSE
A009051,P02277,SECURITY
A009052,P02278,PARKING
A009053,P02278,SECURITY
A009054,P02278,GARDEN
A009055,P02278,AIR_CONDITIONING
A009056,P02279,AIR_CONDITIONING
A009057,P02279,SECURITY
A009058,P02279,PARKING
A009059,P02279,CLUBHOUSE
A009060,P02280,SECURITY
A009061,P02280,GARDEN
A009062,P02280,CLUBHOUSE
A009063,P02281,GYM
A009064,P02281,AIR_CONDITIONING
A009065,P02282,WIFI
A009066,P02282,GYM
A009067,P02282,POWER_BACKUP
A009068,P02282,SECURITY
A009069,P02283,SECURITY
A009070,P02283,CLUBHOUSE
A009071,P02283,GYM
A009072,P02283,POWER_BACKUP
A009073,P02283,LIFT
A009074,P02283,GARDEN
A009075,P02284,SECURITY
A009076,P02284,AIR_CONDITIONING
A009077,P02284,CLUBHOUSE
A009078,P02285,LIFT
A009079,P02285,AIR_CONDITIONING
A009080,P02285,GYM
A009081,P02285,POWER_BACKUP
A009082,P02285,PARKING
A009083,P02285,WIFI
A009084,P02286,GARDEN
A009085,P02286,PARKING
A009086,P02286,SECURITY
A009087,P02286,POWER_BACKUP
A009088,P02287,GYM
A009089,P02287,GARDEN
A009090,P02287,PARKING
A009091,P02288,AIR_CONDITIONING
A009092,P02288,CLUBHOUSE
A009093,P02288,SECURITY
A009094,P02288,GARDEN
A009095,P02288,POWER_BACKUP
A009096,P02288,GYM
A009097,P02289,WIFI
A009098,P02289,SECURITY
A009099,P02289,POWER_BACKUP
A009100,P02289,GYM
A009101,P02289,AIR_CONDITIONING
A009102,P02289,CLUBHOUSE
A009103,P02290,CLUBHOUSE
A009104,P02290,SWIMMING_POOL
A009105,P02290,SECURITY
A009106,P02290,GYM
A009107,P02291,LIFT
A009108,P02291,POWER_BACKUP
A009109,P02292,WIFI
A009110,P02292,CLUBHOUSE
A009111,P02292,SWIMMING_POOL
A009112,P02292,GARDEN
A009113,P02293,GARDEN
A009114,P02293,WIFI
A009115,P02293,AIR_CONDITIONING
A009116,P02293,SWIMMING_POOL
A009117,P02293,GYM
A009118,P02294,CLUBHOUSE
A009119,P02294,POWER_BACKUP
A009120,P02294,SECURITY
A009121,P02294,GARDEN
A009122,P02294,LIFT
A009123,P02294,PARKING
A009124,P02295,GARDEN
A009125,P02295,SECURITY
A009126,P02295,WIFI
A009127,P02295,AIR_CONDITIONING
A009128,P02295,POWER_BACKUP
A009129,P02295,LIFT
A009130,P02296,SWIMMING_POOL
A009131,P02296,POWER_BACKUP
A009132,P02297,GARDEN
A009133,P02297,PARKING
A009134,P02297,WIFI
A009135,P02297,GYM
A009136,P02298,SWIMMING_POOL
A009137,P02298,PARKING
A009138,P02298,SECURITY
A009139,P02298,GARDEN
A009140,P02298,AIR_CONDITIONING
A009141,P02299,GARDEN
A009142,P02299,SWIMMING_POOL
A009143,P02299,CLUBHOUSE
A009144,P02299,AIR_CONDITIONING
A009145,P02300,SWIMMING_POOL
A009146,P02300,LIFT
A009147,P02300,GARDEN
A009148,P02301,LIFT
A009149,P02301,PARKING
A009150,P02301,SECURITY
A009151,P02302,GYM
A009152,P02302,SECURITY
A009153,P02302,GARDEN
A009154,P02302,CLUBHOUSE
A009155,P02303,POWER_BACKUP
A009156,P02303,SWIMMING_POOL
A009157,P02304,POWER_BACKUP
A009158,P02304,LIFT
A009159,P02304,AIR_CONDITIONING
A009160,P02304,GYM
A009161,P02304,PARKING
A009162,P02304,CLUBHOUSE
A009163,P02305,CLUBHOUSE
A009164,P02305,PARKING
A009165,P02306,AIR_CONDITIONING
A009166,P02306,SWIMMING_POOL
A009167,P02306,POWER_BACKUP
A009168,P02306,LIFT
A009169,P02306,SECURITY
A009170,P02306,WIFI
A009171,P02307,CLUBHOUSE
A009172,P02307,LIFT
A009173,P02307,SECURITY
A009174,P02307,GARDEN
A009175,P02307,PARKING
A009176,P02308,GARDEN
A009177,P02308,PARKING
A009178,P02309,POWER_BACKUP
A009179,P02309,AIR_CONDITIONING
A009180,P02309,CLUBHOUSE
A009181,P02309,LIFT
A009182,P02309,GARDEN
A009183,P02310,GARDEN
A009184,P02310,CLUBHOUSE
A009185,P02310,AIR_CONDITIONING
A009186,P02310,LIFT
A009187,P02310,GYM
A009188,P02310,PARKING
A009189,P02311,SECURITY
A009190,P02311,GARDEN
A009191,P02311,AIR_CONDITIONING
A009192,P02311,LIFT
A009193,P02311,GYM
A009194,P02311,WIFI
A009195,P02312,LIFT
A009196,P02312,POWER_BACKUP
A009197,P02312,CLUBHOUSE
A009198,P02313,LIFT
A009199,P02313,SWIMMING_POOL
A009200,P02313,AIR_CONDITIONING
A009201,P02314,AIR_CONDITIONING
A009202,P02314,WIFI
A009203,P02314,CLUBHOUSE
A009204,P02315,SWIMMING_POOL
A009205,P02315,SECURITY
A009206,P02315,POWER_BACKUP
A009207,P02315,AIR_CONDITIONING
A009208,P02316,SECURITY
A009209,P02316,LIFT
A009210,P02316,WIFI
A009211,P02316,POWER_BACKUP
A009212,P02316,GARDEN
A009213,P02316,PARKING
A009214,P02317,CLUBHOUSE
A009215,P02317,SWIMMING_POOL
A009216,P02318,POWER_BACKUP
A009217,P02318,LIFT
A009218,P02318,WIFI
A009219,P02318,GARDEN
A009220,P02318,SWIMMING_POOL
A009221,P02319,WIFI
A009222,P02319,GYM
A009223,P02319,LIFT
A009224,P02320,GYM
A009225,P02320,AIR_CONDITIONING
A009226,P02320,CLUBHOUSE
A009227,P02321,CLUBHOUSE
A009228,P02321,SWIMMING_POOL
A009229,P02321,LIFT
A009230,P02321,SECURITY
A009231,P02321,GYM
A009232,P02321,AIR_CONDITIONING
A009233,P02322,AIR_CONDITIONING
A009234,P02322,CLUBHOUSE
A009235,P02322,POWER_BACKUP
A009236,P02322,PARKING
A009237,P02322,WIFI
A009238,P02323,CLUBHOUSE
A009239,P02323,GYM
A009240,P02323,POWER_BACKUP
A009241,P02323,LIFT
A009242,P02324,AIR_CONDITIONING
A009243,P02324,SECURITY
A009244,P02324,PARKING
A009245,P02324,LIFT
A009246,P02325,SECURITY
A009247,P02325,GARDEN
A009248,P02325,CLUBHOUSE
A009249,P02325,PARKING
A009250,P02325,POWER_BACKUP
A009251,P02325,SWIMMING_POOL
A009252,P02326,GYM
A009253,P02326,LIFT
A009254,P02326,POWER_BACKUP
A009255,P02326,CLUBHOUSE
A009256,P02326,SWIMMING_POOL
A009257,P02326,WIFI
A009258,P02327,CLUBHOUSE
A009259,P02327,GYM
A009260,P02327,LIFT
A009261,P02327,SECURITY
A009262,P02328,AIR_CONDITIONING
A009263,P02328,GARDEN
A009264,P02329,CLUBHOUSE
A009265,P02329,WIFI
A009266,P02329,PARKING
A009267,P02330,GYM
A009268,P02330,SECURITY
A009269,P02331,GARDEN
A009270,P02331,AIR_CONDITIONING
A009271,P02331,CLUBHOUSE
A009272,P02331,SWIMMING_POOL
A009273,P02332,CLUBHOUSE
A009274,P02332,WIFI
A009275,P02332,SECURITY
A009276,P02332,PARKING
A009277,P02332,SWIMMING_POOL
A009278,P02332,LIFT
A009279,P02333,GYM
A009280,P02333,SWIMMING_POOL
A009281,P02333,POWER_BACKUP
A009282,P02333,AIR_CONDITIONING
A009283,P02334,WIFI
A009284,P02334,LIFT
A009285,P02334,GARDEN
A009286,P02334,SECURITY
A009287,P02335,SWIMMING_POOL
A009288,P02335,CLUBHOUSE
A009289,P02335,SECURITY
A009290,P02335,AIR_CONDITIONING
A009291,P02335,POWER_BACKUP
A009292,P02335,WIFI
A009293,P02336,LIFT
A009294,P02336,PARKING
A009295,P02336,GYM
A009296,P02337,POWER_BACKUP
A009297,P02337,GARDEN
A009298,P02338,GARDEN
A009299,P02338,POWER_BACKUP
A009300,P02338,GYM
A009301,P02339,CLUBHOUSE
A009302,P02339,SECURITY
A009303,P02339,LIFT
A009304,P02339,POWER_BACKUP
A009305,P02339,PARKING
A009306,P02339,AIR_CONDITIONING
A009307,P02340,WIFI
A009308,P02340,POWER_BACKUP
A009309,P02340,AIR_CONDITIONING
A009310,P02340,PARKING
A009311,P02340,GARDEN
A009312,P02340,SECURITY
A009313,P02341,GYM
A009314,P02341,AIR_CONDITIONING
A009315,P02341,LIFT
A009316,P02342,POWER_BACKUP
A009317,P02342,PARKING
A009318,P02342,SWIMMING_POOL
A009319,P02343,POWER_BACKUP
A009320,P02343,SECURITY
A009321,P02343,GYM
A009322,P02343,SWIMMING_POOL
A009323,P02343,WIFI
A009324,P02344,GYM
A009325,P02344,AIR_CONDITIONING
A009326,P02344,WIFI
A009327,P02344,SECURITY
A009328,P02344,PARKING
A009329,P02344,POWER_BACKUP
A009330,P02345,CLUBHOUSE
A009331,P02345,SWIMMING_POOL
A009332,P02345,PARKING
A009333,P02346,SWIMMING_POOL
A009334,P02346,SECURITY
A009335,P02346,WIFI
A009336,P02347,SECURITY
A009337,P02347,GARDEN
A009338,P02347,PARKING
A009339,P02347,LIFT
A009340,P02348,SECURITY
A009341,P02348,SWIMMING_POOL
A009342,P02348,LIFT
A009343,P02348,PARKING
A009344,P02348,POWER_BACKUP
A009345,P02349,AIR_CONDITIONING
A009346,P02349,SWIMMING_POOL
A009347,P02350,WIFI
A009348,P02350,GYM
A009349,P02351,CLUBHOUSE
A009350,P02351,AIR_CONDITIONING
A009351,P02351,WIFI
A009352,P02351,LIFT
A009353,P02352,WIFI
A009354,P02352,POWER_BACKUP
A009355,P02352,PARKING
A009356,P02352,LIFT
A009357,P02353,AIR_CONDITIONING
A009358,P02353,POWER_BACKUP
A009359,P02353,LIFT
A009360,P02354,GARDEN
A009361,P02354,POWER_BACKUP
A009362,P02354,WIFI
A009363,P02354,CLUBHOUSE
A009364,P02354,SECURITY
A009365,P02354,PARKING
A009366,P02355,POWER_BACKUP
A009367,P02355,LIFT
A009368,P02355,SECURITY
A009369,P02355,GARDEN
A009370,P02356,CLUBHOUSE
A009371,P02356,POWER_BACKUP
A009372,P02357,GYM
A009373,P02357,SECURITY
A009374,P02358,GARDEN
A009375,P02358,LIFT
A009376,P02359,WIFI
A009377,P02359,SWIMMING_POOL
A009378,P02359,POWER_BACKUP
A009379,P02359,CLUBHOUSE
A009380,P02360,SECURITY
A009381,P02360,GYM
A009382,P02360,GARDEN
A009383,P02360,CLUBHOUSE
A009384,P02360,PARKING
A009385,P02360,POWER_BACKUP
A009386,P02361,LIFT
A009387,P02361,SWIMMING_POOL
A009388,P02361,GYM
A009389,P02361,SECURITY
A009390,P02361,PARKING
A009391,P02361,AIR_CONDITIONING
A009392,P02362,WIFI
A009393,P02362,AIR_CONDITIONING
A009394,P02362,SWIMMING_POOL
A009395,P02362,GYM
A009396,P02362,SECURITY
A009397,P02363,SECURITY
A009398,P02363,GARDEN
A009399,P02363,CLUBHOUSE
A009400,P02363,AIR_CONDITIONING
A009401,P02363,WIFI
A009402,P02364,WIFI
A009403,P02364,CLUBHOUSE
A009404,P02364,LIFT
A009405,P02364,POWER_BACKUP
A009406,P02364,SWIMMING_POOL
A009407,P02365,GARDEN
A009408,P02365,WIFI
A009409,P02365,CLUBHOUSE
A009410,P02365,LIFT
A009411,P02366,SECURITY
A009412,P02366,CLUBHOUSE
A009413,P02366,SWIMMING_POOL
A009414,P02366,WIFI
A009415,P02366,POWER_BACKUP
A009416,P02366,PARKING
A009417,P02367,GYM
A009418,P02367,AIR_CONDITIONING
A009419,P02368,SWIMMING_POOL
A009420,P02368,SECURITY
A009421,P02368,PARKING
A009422,P02368,CLUBHOUSE
A009423,P02368,AIR_CONDITIONING
A009424,P02369,SECURITY
A009425,P02369,GYM
A009426,P02369,CLUBHOUSE
A009427,P02370,PARKING
A009428,P02370,AIR_CONDITIONING
A009429,P02371,CLUBHOUSE
A009430,P02371,GARDEN
A009431,P02371,POWER_BACKUP
A009432,P02371,WIFI
A009433,P02372,SECURITY
A009434,P02372,GYM
A009435,P02372,AIR_CONDITIONING
A009436,P02372,POWER_BACKUP
A009437,P02373,AIR_CONDITIONING
A009438,P02373,GARDEN
A009439,P02374,POWER_BACKUP
A009440,P02374,WIFI
A009441,P02374,SECURITY
A009442,P02375,POWER_BACKUP
A009443,P02375,SWIMMING_POOL
A009444,P02375,AIR_CONDITIONING
A009445,P02375,LIFT
A009446,P02376,LIFT
A009447,P02376,SECURITY
A009448,P02376,GARDEN
A009449,P02377,GARDEN
A009450,P02377,CLUBHOUSE
A009451,P02378,SECURITY
A009452,P02378,AIR_CONDITIONING
A009453,P02378,GYM
A009454,P02378,LIFT
A009455,P02378,SWIMMING_POOL
A009456,P02378,POWER_BACKUP
A009457,P02379,CLUBHOUSE
A009458,P02379,POWER_BACKUP
A009459,P02380,LIFT
A009460,P02380,PARKING
A009461,P02380,GARDEN
A009462,P02381,SECURITY
A009463,P02381,WIFI
A009464,P02382,SWIMMING_POOL
A009465,P02382,LIFT
A009466,P02382,WIFI
A009467,P02382,AIR_CONDITIONING
A009468,P02383,WIFI
A009469,P02383,AIR_CONDITIONING
A009470,P02383,SECURITY
A009471,P02383,GYM
A009472,P02384,SWIMMING_POOL
A009473,P02384,CLUBHOUSE
A009474,P02384,SECURITY
A009475,P02385,GARDEN
A009476,P02385,SWIMMING_POOL
A009477,P02385,WIFI
A009478,P02385,PARKING
A009479,P02385,CLUBHOUSE
A009480,P02385,GYM
A009481,P02386,GYM
A009482,P02386,SECURITY
A009483,P02386,LIFT
A009484,P02386,WIFI
A009485,P02386,AIR_CONDITIONING
A009486,P02387,GARDEN
A009487,P02387,LIFT
A009488,P02387,WIFI
A009489,P02387,PARKING
A009490,P02388,GYM
A009491,P02388,SECURITY
A009492,P02388,SWIMMING_POOL
A009493,P02388,POWER_BACKUP
A009494,P02388,CLUBHOUSE
A009495,P02389,GYM
A009496,P02389,SWIMMING_POOL
A009497,P02390,AIR_CONDITIONING
A009498,P02390,WIFI
A009499,P02390,POWER_BACKUP
A009500,P02391,WIFI
A009501,P02391,SECURITY
A009502,P02391,POWER_BACKUP
A009503,P02391,GYM
A009504,P02391,AIR_CONDITIONING
A009505,P02391,GARDEN
A009506,P02392,SWIMMING_POOL
A009507,P02392,POWER_BACKUP
A009508,P02393,GYM
A009509,P02393,GARDEN
A009510,P02393,PARKING
A009511,P02393,POWER_BACKUP
A009512,P02393,AIR_CONDITIONING
A009513,P02393,SECURITY
A009514,P02394,SECURITY
A009515,P02394,WIFI
A009516,P02395,LIFT
A009517,P02395,AIR_CONDITIONING
A009518,P02395,WIFI
A009519,P02396,GARDEN
A009520,P02396,GYM
A009521,P02396,SWIMMING_POOL
A009522,P02396,WIFI
A009523,P02396,LIFT
A009524,P02396,PARKING
A009525,P02397,AIR_CONDITIONING
A009526,P02397,WIFI
A009527,P02398,LIFT
A009528,P02398,CLUBHOUSE
A009529,P02398,GYM
A009530,P02398,GARDEN
A009531,P02399,SECURITY
A009532,P02399,WIFI
A009533,P02399,POWER_BACKUP
A009534,P02399,LIFT
A009535,P02399,GYM
A009536,P02399,CLUBHOUSE
A009537,P02400,POWER_BACKUP
A009538,P02400,SECURITY
A009539,P02400,GYM
A009540,P02400,WIFI
A009541,P02400,PARKING
A009542,P02400,AIR_CONDITIONING
A009543,P02401,PARKING
A009544,P02401,SWIMMING_POOL
A009545,P02401,CLUBHOUSE
A009546,P02401,SECURITY
A009547,P02401,GARDEN
A009548,P02401,GYM
A009549,P02402,GYM
A009550,P02402,AIR_CONDITIONING
A009551,P02402,GARDEN
A009552,P02402,SWIMMING_POOL
A009553,P02402,POWER_BACKUP
A009554,P02402,PARKING
A009555,P02403,WIFI
A009556,P02403,SWIMMING_POOL
A009557,P02403,POWER_BACKUP
A009558,P02403,GYM
A009559,P02403,LIFT
A009560,P02403,PARKING
A009561,P02404,AIR_CONDITIONING
A009562,P02404,GARDEN
A009563,P02404,LIFT
A009564,P02404,SWIMMING_POOL
A009565,P02405,CLUBHOUSE
A009566,P02405,AIR_CONDITIONING
A009567,P02405,LIFT
A009568,P02405,SECURITY
A009569,P02405,POWER_BACKUP
A009570,P02406,POWER_BACKUP
A009571,P02406,CLUBHOUSE
A009572,P02407,GARDEN
A009573,P02407,SECURITY
A009574,P02408,AIR_CONDITIONING
A009575,P02408,POWER_BACKUP
A009576,P02408,SECURITY
A009577,P02408,GYM
A009578,P02408,LIFT
A009579,P02409,WIFI
A009580,P02409,PARKING
A009581,P02409,AIR_CONDITIONING
A009582,P02410,AIR_CONDITIONING
A009583,P02410,GYM
A009584,P02410,SWIMMING_POOL
A009585,P02410,PARKING
A009586,P02411,PARKING
A009587,P02411,LIFT
A009588,P02411,GYM
A009589,P02411,WIFI
A009590,P02411,POWER_BACKUP
A009591,P02411,AIR_CONDITIONING
A009592,P02412,PARKING
A009593,P02412,WIFI
A009594,P02412,SECURITY
A009595,P02412,GYM
A009596,P02412,AIR_CONDITIONING
A009597,P02413,PARKING
A009598,P02413,GARDEN
A009599,P02414,PARKING
A009600,P02414,LIFT
A009601,P02414,AIR_CONDITIONING
A009602,P02414,GARDEN
A009603,P02414,WIFI
A009604,P02414,SECURITY
A009605,P02415,WIFI
A009606,P02415,LIFT
A009607,P02416,CLUBHOUSE
A009608,P02416,POWER_BACKUP
A009609,P02417,GYM
A009610,P02417,POWER_BACKUP
A009611,P02417,WIFI
A009612,P02417,CLUBHOUSE
A009613,P02417,SECURITY
A009614,P02417,AIR_CONDITIONING
A009615,P02418,SECURITY
A009616,P02418,WIFI
A009617,P02418,PARKING
A009618,P02418,LIFT
A009619,P02418,AIR_CONDITIONING
A009620,P02418,SWIMMING_POOL
A009621,P02419,CLUBHOUSE
A009622,P02419,GYM
A009623,P02420,CLUBHOUSE
A009624,P02420,SECURITY
A009625,P02420,GARDEN
A009626,P02420,PARKING
A009627,P02421,GARDEN
A009628,P02421,PARKING
A009629,P02421,POWER_BACKUP
A009630,P02422,PARKING
A009631,P02422,SWIMMING_POOL
A009632,P02422,AIR_CONDITIONING
A009633,P02422,LIFT
A009634,P02422,WIFI
A009635,P02423,AIR_CONDITIONING
A009636,P02423,SWIMMING_POOL
A009637,P02423,CLUBHOUSE
A009638,P02423,WIFI
A009639,P02423,GARDEN
A009640,P02423,POWER_BACKUP
A009641,P02424,POWER_BACKUP
A009642,P02424,CLUBHOUSE
A009643,P02424,SECURITY
A009644,P02424,SWIMMING_POOL
A009645,P02424,GARDEN
A009646,P02424,LIFT
A009647,P02425,LIFT
A009648,P02425,SECURITY
A009649,P02425,CLUBHOUSE
A009650,P02426,SWIMMING_POOL
A009651,P02426,SECURITY
A009652,P02426,WIFI
A009653,P02426,GYM
A009654,P02427,WIFI
A009655,P02427,AIR_CONDITIONING
A009656,P02427,POWER_BACKUP
A009657,P02427,CLUBHOUSE
A009658,P02427,LIFT
A009659,P02427,SWIMMING_POOL
A009660,P02428,POWER_BACKUP
A009661,P02428,WIFI
A009662,P02428,SWIMMING_POOL
A009663,P02428,GYM
A009664,P02428,SECURITY
A009665,P02429,PARKING
A009666,P02429,WIFI
A009667,P02430,LIFT
A009668,P02430,SECURITY
A009669,P02430,POWER_BACKUP
A009670,P02430,CLUBHOUSE
A009671,P02431,LIFT
A009672,P02431,AIR_CONDITIONING
A009673,P02431,PARKING
A009674,P02431,SWIMMING_POOL
A009675,P02432,LIFT
A009676,P02432,AIR_CONDITIONING
A009677,P02432,CLUBHOUSE
A009678,P02432,GYM
A009679,P02432,SECURITY
A009680,P02432,POWER_BACKUP
A009681,P02433,SWIMMING_POOL
A009682,P02433,WIFI
A009683,P02434,PARKING
A009684,P02434,POWER_BACKUP
A009685,P02434,SECURITY
A009686,P02434,WIFI
A009687,P02435,PARKING
A009688,P02435,POWER_BACKUP
A009689,P02435,SWIMMING_POOL
A009690,P02435,WIFI
A009691,P02436,WIFI
A009692,P02436,GARDEN
A009693,P02437,LIFT
A009694,P02437,SECURITY
A009695,P02437,GARDEN
A009696,P02438,SECURITY
A009697,P02438,GYM
A009698,P02439,SECURITY
A009699,P02439,AIR_CONDITIONING
A009700,P02439,CLUBHOUSE
A009701,P02439,WIFI
A009702,P02439,GARDEN
A009703,P02439,GYM
A009704,P02440,GYM
A009705,P02440,POWER_BACKUP
A009706,P02440,LIFT
A009707,P02440,SWIMMING_POOL
A009708,P02441,WIFI
A009709,P02441,GYM
A009710,P02441,CLUBHOUSE
A009711,P02441,GARDEN
A009712,P02442,GARDEN
A009713,P02442,POWER_BACKUP
A009714,P02442,CLUBHOUSE
A009715,P02442,LIFT
A009716,P02442,PARKING
A009717,P02443,CLUBHOUSE
A009718,P02443,WIFI
A009719,P02443,LIFT
A009720,P02444,AIR_CONDITIONING
A009721,P02444,PARKING
A009722,P02445,LIFT
A009723,P02445,CLUBHOUSE
A009724,P02445,WIFI
A009725,P02445,SECURITY
A009726,P02446,SWIMMING_POOL
A009727,P02446,PARKING
A009728,P02446,AIR_CONDITIONING
A009729,P02446,GARDEN
A009730,P02447,SECURITY
A009731,P02447,GYM
A009732,P02447,POWER_BACKUP
A009733,P02447,SWIMMING_POOL
A009734,P02448,CLUBHOUSE
A009735,P02448,WIFI
A009736,P02448,AIR_CONDITIONING
A009737,P02448,SWIMMING_POOL
A009738,P02448,SECURITY
A009739,P02449,AIR_CONDITIONING
A009740,P02449,LIFT
A009741,P02450,AIR_CONDITIONING
A009742,P02450,SWIMMING_POOL
A009743,P02450,POWER_BACKUP
A009744,P02450,SECURITY
A009745,P02451,SWIMMING_POOL
A009746,P02451,LIFT
A009747,P02451,SECURITY
A009748,P02451,GARDEN
A009749,P02451,CLUBHOUSE
A009750,P02451,PARKING
A009751,P02452,AIR_CONDITIONING
A009752,P02452,SECURITY
A009753,P02452,GARDEN
A009754,P02452,PARKING
A009755,P02453,SWIMMING_POOL
A009756,P02453,CLUBHOUSE
A009757,P02453,WIFI
A009758,P02453,GARDEN
A009759,P02453,PARKING
A009760,P02454,WIFI
A009761,P02454,CLUBHOUSE
A009762,P02454,GYM
A009763,P02454,PARKING
A009764,P02454,GARDEN
A009765,P02455,PARKING
A009766,P02455,LIFT
A009767,P02455,GARDEN
A009768,P02455,CLUBHOUSE
A009769,P02455,POWER_BACKUP
A009770,P02456,PARKING
A009771,P02456,GARDEN
A009772,P02457,WIFI
A009773,P02457,SECURITY
A009774,P02457,POWER_BACKUP
A009775,P02457,SWIMMING_POOL
A009776,P02458,SECURITY
A009777,P02458,GYM
A009778,P02458,POWER_BACKUP
A009779,P02458,SWIMMING_POOL
A009780,P02458,AIR_CONDITIONING
A009781,P02458,CLUBHOUSE
A009782,P02459,LIFT
A009783,P02459,POWER_BACKUP
A009784,P02459,SECURITY
A009785,P02460,SECURITY
A009786,P02460,WIFI
A009787,P02460,GARDEN
A009788,P02460,GYM
A009789,P02460,SWIMMING_POOL
A009790,P02460,PARKING
A009791,P02461,POWER_BACKUP
A009792,P02461,SWIMMING_POOL
A009793,P02461,LIFT
A009794,P02461,GARDEN
A009795,P02461,WIFI
A009796,P02461,PARKING
A009797,P02462,GARDEN
A009798,P02462,SECURITY
A009799,P02462,SWIMMING_POOL
A009800,P02462,POWER_BACKUP
A009801,P02462,PARKING
A009802,P02462,LIFT
A009803,P02463,AIR_CONDITIONING
A009804,P02463,SWIMMING_POOL
A009805,P02463,CLUBHOUSE
A009806,P02464,POWER_BACKUP
A009807,P02464,WIFI
A009808,P02464,SECURITY
A009809,P02464,SWIMMING_POOL
A009810,P02464,AIR_CONDITIONING
A009811,P02465,SECURITY
A009812,P02465,CLUBHOUSE
A009813,P02465,SWIMMING_POOL
A009814,P02465,WIFI
A009815,P02465,LIFT
A009816,P02465,GYM
A009817,P02466,POWER_BACKUP
A009818,P02466,CLUBHOUSE
A009819,P02467,GARDEN
A009820,P02467,WIFI
A009821,P02467,LIFT
A009822,P02468,POWER_BACKUP
A009823,P02468,SECURITY
A009824,P02468,PARKING
A009825,P02469,LIFT
A009826,P02469,POWER_BACKUP
A009827,P02469,GYM
A009828,P02469,AIR_CONDITIONING
A009829,P02469,PARKING
A009830,P02469,CLUBHOUSE
A009831,P02470,GYM
A009832,P02470,POWER_BACKUP
A009833,P02470,GARDEN
A009834,P02470,AIR_CONDITIONING
A009835,P02470,CLUBHOUSE
A009836,P02470,SECURITY
A009837,P02471,SWIMMING_POOL
A009838,P02471,AIR_CONDITIONING
A009839,P02471,POWER_BACKUP
A009840,P02471,LIFT
A009841,P02472,SWIMMING_POOL
A009842,P02472,CLUBHOUSE
A009843,P02472,SECURITY
A009844,P02472,WIFI
A009845,P02472,GARDEN
A009846,P02473,PARKING
A009847,P02473,POWER_BACKUP
A009848,P02473,GYM
A009849,P02474,GARDEN
A009850,P02474,PARKING
A009851,P02474,CLUBHOUSE
A009852,P02475,GARDEN
A009853,P02475,AIR_CONDITIONING
A009854,P02475,WIFI
A009855,P02475,LIFT
A009856,P02475,GYM
A009857,P02475,SECURITY
A009858,P02476,CLUBHOUSE
A009859,P02476,GYM
A009860,P02476,GARDEN
A009861,P02476,POWER_BACKUP
A009862,P02476,WIFI
A009863,P02476,AIR_CONDITIONING
A009864,P02477,CLUBHOUSE
A009865,P02477,AIR_CONDITIONING
A009866,P02477,SECURITY
A009867,P02477,GARDEN
A009868,P02478,GARDEN
A009869,P02478,POWER_BACKUP
A009870,P02478,AIR_CONDITIONING
A009871,P02478,GYM
A009872,P02478,SECURITY
A009873,P02479,SECURITY
A009874,P02479,SWIMMING_POOL
A009875,P02480,GARDEN
A009876,P02480,LIFT
A009877,P02480,CLUBHOUSE
A009878,P02480,SECURITY
A009879,P02480,GYM
A009880,P02480,AIR_CONDITIONING
A009881,P02481,GYM
A009882,P02481,POWER_BACKUP
A009883,P02482,AIR_CONDITIONING
A009884,P02482,SECURITY
A009885,P02482,GARDEN
A009886,P02482,PARKING
A009887,P02482,WIFI
A009888,P02483,GYM
A009889,P02483,CLUBHOUSE
A009890,P02483,AIR_CONDITIONING
A009891,P02483,GARDEN
A009892,P02484,CLUBHOUSE
A009893,P02484,WIFI
A009894,P02484,AIR_CONDITIONING
A009895,P02485,LIFT
A009896,P02485,POWER_BACKUP
A009897,P02485,GYM
A009898,P02485,CLUBHOUSE
A009899,P02485,AIR_CONDITIONING
A009900,P02486,PARKING
A009901,P02486,AIR_CONDITIONING
A009902,P02487,PARKING
A009903,P02487,GYM
A009904,P02487,WIFI
A009905,P02488,SWIMMING_POOL
A009906,P02488,SECURITY
A009907,P02488,CLUBHOUSE
A009908,P02488,POWER_BACKUP
A009909,P02488,AIR_CONDITIONING
A009910,P02489,GARDEN
A009911,P02489,CLUBHOUSE
A009912,P02489,SWIMMING_POOL
A009913,P02489,PARKING
A009914,P02489,LIFT
A009915,P02489,GYM
A009916,P02490,CLUBHOUSE
A009917,P02490,GYM
A009918,P02491,PARKING
A009919,P02491,SECURITY
A009920,P02491,LIFT
A009921,P02492,LIFT
A009922,P02492,GARDEN
A009923,P02492,CLUBHOUSE
A009924,P02492,POWER_BACKUP
A009925,P02492,PARKING
A009926,P02493,LIFT
A009927,P02493,POWER_BACKUP
A009928,P02493,SWIMMING_POOL
A009929,P02493,WIFI
A009930,P02493,AIR_CONDITIONING
A009931,P02494,PARKING
A009932,P02494,AIR_CONDITIONING
A009933,P02494,SWIMMING_POOL
A009934,P02494,POWER_BACKUP
A009935,P02495,CLUBHOUSE
A009936,P02495,POWER_BACKUP
A009937,P02495,LIFT
A009938,P02495,SECURITY
A009939,P02496,WIFI
A009940,P02496,PARKING
A009941,P02497,PARKING
A009942,P02497,LIFT
A009943,P02497,SWIMMING_POOL
A009944,P02497,CLUBHOUSE
A009945,P02497,SECURITY
A009946,P02497,AIR_CONDITIONING
A009947,P02498,POWER_BACKUP
A009948,P02498,GYM
A009949,P02499,GARDEN
A009950,P02499,AIR_CONDITIONING
A009951,P02499,CLUBHOUSE
A009952,P02499,LIFT
A009953,P02499,SWIMMING_POOL
A009954,P02500,WIFI
A009955,P02500,GARDEN
A009956,P02500,CLUBHOUSE
A009957,P02500,LIFT
A009958,P02500,AIR_CONDITIONING
A009959,P02500,SECURITY
A009960,P02501,GYM
A009961,P02501,GARDEN
A009962,P02501,SWIMMING_POOL
A009963,P02502,SECURITY
A009964,P02502,PARKING
A009965,P02503,GARDEN
A009966,P02503,LIFT
A009967,P02503,GYM
A009968,P02504,SWIMMING_POOL
A009969,P02504,GYM
A009970,P02504,AIR_CONDITIONING
A009971,P02504,GARDEN
A009972,P02504,WIFI
A009973,P02504,PARKING
A009974,P02505,WIFI
A009975,P02505,SECURITY
A009976,P02506,POWER_BACKUP
A009977,P02506,WIFI
A009978,P02507,LIFT
A009979,P02507,SECURITY
A009980,P02507,GYM
A009981,P02507,WIFI
A009982,P02507,AIR_CONDITIONING
A009983,P02508,AIR_CONDITIONING
A009984,P02508,GARDEN
A009985,P02508,WIFI
A009986,P02508,PARKING
A009987,P02509,PARKING
A009988,P02509,LIFT
A009989,P02509,GYM
A009990,P02510,POWER_BACKUP
A009991,P02510,SWIMMING_POOL
A009992,P02510,WIFI
A009993,P02510,LIFT
A009994,P02511,CLUBHOUSE
A009995,P02511,SWIMMING_POOL
A009996,P02511,AIR_CONDITIONING
A009997,P02511,PARKING
A009998,P02511,LIFT
A009999,P02511,GARDEN
A010000,P02512,GYM
A010001,P02512,CLUBHOUSE
A010002,P02512,POWER_BACKUP
A010003,P02512,SWIMMING_POOL
A010004,P02512,AIR_CONDITIONING
A010005,P02512,WIFI
A010006,P02513,SECURITY
A010007,P02513,LIFT
A010008,P02513,PARKING
A010009,P02514,AIR_CONDITIONING
A010010,P02514,WIFI
A010011,P02514,CLUBHOUSE
A010012,P02514,POWER_BACKUP
A010013,P02514,SWIMMING_POOL
A010014,P02515,GARDEN
A010015,P02515,LIFT
A010016,P02515,POWER_BACKUP
A010017,P02515,WIFI
A010018,P02515,PARKING
A010019,P02516,WIFI
A010020,P02516,POWER_BACKUP
A010021,P02516,GYM
A010022,P02516,PARKING
A010023,P02517,LIFT
A010024,P02517,PARKING
A010025,P02517,AIR_CONDITIONING
A010026,P02517,WIFI
A010027,P02517,GARDEN
A010028,P02517,POWER_BACKUP
A010029,P02518,POWER_BACKUP
A010030,P02518,GYM
A010031,P02518,LIFT
A010032,P02518,WIFI
A010033,P02519,CLUBHOUSE
A010034,P02519,GARDEN
A010035,P02519,PARKING
A010036,P02520,GYM
A010037,P02520,LIFT
A010038,P02521,WIFI
A010039,P02521,LIFT
A010040,P02521,GYM
A010041,P02522,GARDEN
A010042,P02522,SWIMMING_POOL
A010043,P02522,CLUBHOUSE
A010044,P02522,POWER_BACKUP
A010045,P02522,SECURITY
A010046,P02523,POWER_BACKUP
A010047,P02523,AIR_CONDITIONING
A010048,P02523,LIFT
A010049,P02523,SWIMMING_POOL
A010050,P02524,WIFI
A010051,P02524,POWER_BACKUP
A010052,P02524,GARDEN
A010053,P02525,GARDEN
A010054,P02525,GYM
A010055,P02526,PARKING
A010056,P02526,CLUBHOUSE
A010057,P02526,AIR_CONDITIONING
A010058,P02526,GYM
A010059,P02527,SECURITY
A010060,P02527,GARDEN
A010061,P02527,LIFT
A010062,P02527,WIFI
A010063,P02527,CLUBHOUSE
A010064,P02527,PARKING
A010065,P02528,POWER_BACKUP
A010066,P02528,SWIMMING_POOL
A010067,P02529,AIR_CONDITIONING
A010068,P02529,POWER_BACKUP
A010069,P02530,GARDEN
A010070,P02530,SECURITY
A010071,P02530,SWIMMING_POOL
A010072,P02530,WIFI
A010073,P02530,LIFT
A010074,P02530,CLUBHOUSE
A010075,P02531,CLUBHOUSE
A010076,P02531,AIR_CONDITIONING
A010077,P02531,PARKING
A010078,P02531,SECURITY
A010079,P02532,LIFT
A010080,P02532,WIFI
A010081,P02532,POWER_BACKUP
A010082,P02532,SECURITY
A010083,P02532,CLUBHOUSE
A010084,P02532,SWIMMING_POOL
A010085,P02533,LIFT
A010086,P02533,CLUBHOUSE
A010087,P02533,GARDEN
A010088,P02533,WIFI
A010089,P02533,POWER_BACKUP
A010090,P02534,PARKING
A010091,P02534,AIR_CONDITIONING
A010092,P02534,LIFT
A010093,P02534,SECURITY
A010094,P02534,POWER_BACKUP
A010095,P02534,GYM
A010096,P02535,SWIMMING_POOL
A010097,P02535,AIR_CONDITIONING
A010098,P02535,PARKING
A010099,P02535,GARDEN
A010100,P02535,GYM
A010101,P02535,POWER_BACKUP
A010102,P02536,LIFT
A010103,P02536,CLUBHOUSE
A010104,P02536,SECURITY
A010105,P02536,WIFI
A010106,P02536,AIR_CONDITIONING
A010107,P02537,CLUBHOUSE
A010108,P02537,SWIMMING_POOL
A010109,P02538,SWIMMING_POOL
A010110,P02538,WIFI
A010111,P02539,SECURITY
A010112,P02539,SWIMMING_POOL
A010113,P02539,AIR_CONDITIONING
A010114,P02539,WIFI
A010115,P02540,SWIMMING_POOL
A010116,P02540,LIFT
A010117,P02540,POWER_BACKUP
A010118,P02540,SECURITY
A010119,P02540,GYM
A010120,P02540,WIFI
A010121,P02541,WIFI
A010122,P02541,POWER_BACKUP
A010123,P02541,CLUBHOUSE
A010124,P02541,SECURITY
A010125,P02541,SWIMMING_POOL
A010126,P02541,GARDEN
A010127,P02542,GARDEN
A010128,P02542,GYM
A010129,P02542,SWIMMING_POOL
A010130,P02542,POWER_BACKUP
A010131,P02543,AIR_CONDITIONING
A010132,P02543,GARDEN
A010133,P02543,WIFI
A010134,P02544,GYM
A010135,P02544,SWIMMING_POOL
A010136,P02544,GARDEN
A010137,P02544,AIR_CONDITIONING
A010138,P02544,SECURITY
A010139,P02545,PARKING
A010140,P02545,SECURITY
A010141,P02545,GYM
A010142,P02546,GARDEN
A010143,P02546,PARKING
A010144,P02547,CLUBHOUSE
A010145,P02547,PARKING
A010146,P02548,SWIMMING_POOL
A010147,P02548,POWER_BACKUP
A010148,P02548,CLUBHOUSE
A010149,P02548,AIR_CONDITIONING
A010150,P02548,SECURITY
A010151,P02548,LIFT
A010152,P02549,GARDEN
A010153,P02549,WIFI
A010154,P02549,SECURITY
A010155,P02549,SWIMMING_POOL
A010156,P02550,CLUBHOUSE
A010157,P02550,PARKING
A010158,P02550,POWER_BACKUP
A010159,P02550,AIR_CONDITIONING
A010160,P02551,PARKING
A010161,P02551,GARDEN
A010162,P02551,POWER_BACKUP
A010163,P02551,SECURITY
A010164,P02551,GYM
A010165,P02551,CLUBHOUSE
A010166,P02552,PARKING
A010167,P02552,GYM
A010168,P02552,CLUBHOUSE
A010169,P02553,GYM
A010170,P02553,SWIMMING_POOL
A010171,P02554,GARDEN
A010172,P02554,SECURITY
A010173,P02554,WIFI
A010174,P02554,CLUBHOUSE
A010175,P02555,GYM
A010176,P02555,CLUBHOUSE
A010177,P02555,AIR_CONDITIONING
A010178,P02555,GARDEN
A010179,P02556,PARKING
A010180,P02556,GYM
A010181,P02556,SECURITY
A010182,P02556,SWIMMING_POOL
A010183,P02556,CLUBHOUSE
A010184,P02557,SWIMMING_POOL
A010185,P02557,POWER_BACKUP
A010186,P02557,GYM
A010187,P02557,LIFT
A010188,P02558,PARKING
A010189,P02558,POWER_BACKUP
A010190,P02558,SECURITY
A010191,P02558,CLUBHOUSE
A010192,P02559,CLUBHOUSE
A010193,P02559,POWER_BACKUP
A010194,P02559,SWIMMING_POOL
A010195,P02559,PARKING
A010196,P02559,LIFT
A010197,P02560,AIR_CONDITIONING
A010198,P02560,GYM
A010199,P02560,SECURITY
A010200,P02560,SWIMMING_POOL
A010201,P02561,SWIMMING_POOL
A010202,P02561,WIFI
A010203,P02562,GYM
A010204,P02562,LIFT
A010205,P02562,POWER_BACKUP
A010206,P02562,GARDEN
A010207,P02562,SECURITY
A010208,P02562,AIR_CONDITIONING
A010209,P02563,GARDEN
A010210,P02563,AIR_CONDITIONING
A010211,P02563,GYM
A010212,P02564,LIFT
A010213,P02564,CLUBHOUSE
A010214,P02564,GARDEN
A010215,P02564,AIR_CONDITIONING
A010216,P02564,SWIMMING_POOL
A010217,P02565,SECURITY
A010218,P02565,PARKING
A010219,P02565,GARDEN
A010220,P02565,GYM
A010221,P02566,GYM
A010222,P02566,SECURITY
A010223,P02566,POWER_BACKUP
A010224,P02566,LIFT
A010225,P02566,GARDEN
A010226,P02566,AIR_CONDITIONING
A010227,P02567,SWIMMING_POOL
A010228,P02567,CLUBHOUSE
A010229,P02567,LIFT
A010230,P02567,GYM
A010231,P02567,PARKING
A010232,P02568,GARDEN
A010233,P02568,SWIMMING_POOL
A010234,P02568,POWER_BACKUP
A010235,P02568,AIR_CONDITIONING
A010236,P02568,GYM
A010237,P02568,SECURITY
A010238,P02569,LIFT
A010239,P02569,CLUBHOUSE
A010240,P02570,LIFT
A010241,P02570,PARKING
A010242,P02570,GYM
A010243,P02571,GARDEN
A010244,P02571,POWER_BACKUP
A010245,P02571,AIR_CONDITIONING
A010246,P02571,SWIMMING_POOL
A010247,P02571,PARKING
A010248,P02571,SECURITY
A010249,P02572,GYM
A010250,P02572,POWER_BACKUP
A010251,P02572,SECURITY
A010252,P02572,AIR_CONDITIONING
A010253,P02572,PARKING
A010254,P02573,SECURITY
A010255,P02573,PARKING
A010256,P02573,GARDEN
A010257,P02573,CLUBHOUSE
A010258,P02573,SWIMMING_POOL
A010259,P02573,AIR_CONDITIONING
A010260,P02574,GARDEN
A010261,P02574,SWIMMING_POOL
A010262,P02574,AIR_CONDITIONING
A010263,P02574,POWER_BACKUP
A010264,P02574,LIFT
A010265,P02575,SECURITY
A010266,P02575,AIR_CONDITIONING
A010267,P02575,PARKING
A010268,P02575,POWER_BACKUP
A010269,P02576,POWER_BACKUP
A010270,P02576,LIFT
A010271,P02576,SWIMMING_POOL
A010272,P02576,GYM
A010273,P02577,GYM
A010274,P02577,GARDEN
A010275,P02577,POWER_BACKUP
A010276,P02578,SWIMMING_POOL
A010277,P02578,CLUBHOUSE
A010278,P02578,GARDEN
A010279,P02579,POWER_BACKUP
A010280,P02579,WIFI
A010281,P02579,GYM
A010282,P02579,SWIMMING_POOL
A010283,P02580,CLUBHOUSE
A010284,P02580,SECURITY
A010285,P02580,GARDEN
A010286,P02581,CLUBHOUSE
A010287,P02581,WIFI
A010288,P02581,GYM
A010289,P02581,SWIMMING_POOL
A010290,P02582,GYM
A010291,P02582,CLUBHOUSE
A010292,P02582,POWER_BACKUP
A010293,P02583,GYM
A010294,P02583,AIR_CONDITIONING
A010295,P02583,GARDEN
A010296,P02583,POWER_BACKUP
A010297,P02584,AIR_CONDITIONING
A010298,P02584,SECURITY
A010299,P02585,GARDEN
A010300,P02585,CLUBHOUSE
A010301,P02586,LIFT
A010302,P02586,PARKING
A010303,P02586,CLUBHOUSE
A010304,P02586,GARDEN
A010305,P02586,AIR_CONDITIONING
A010306,P02587,LIFT
A010307,P02587,GYM
A010308,P02587,AIR_CONDITIONING
A010309,P02587,POWER_BACKUP
A010310,P02588,SECURITY
A010311,P02588,POWER_BACKUP
A010312,P02588,SWIMMING_POOL
A010313,P02588,GARDEN
A010314,P02589,CLUBHOUSE
A010315,P02589,LIFT
A010316,P02589,WIFI
A010317,P02589,SWIMMING_POOL
A010318,P02589,SECURITY
A010319,P02590,SECURITY
A010320,P02590,PARKING
A010321,P02590,GARDEN
A010322,P02590,WIFI
A010323,P02590,LIFT
A010324,P02590,CLUBHOUSE
A010325,P02591,CLUBHOUSE
A010326,P02591,PARKING
A010327,P02591,POWER_BACKUP
A010328,P02591,LIFT
A010329,P02591,WIFI
A010330,P02592,LIFT
A010331,P02592,SWIMMING_POOL
A010332,P02592,GYM
A010333,P02592,PARKING
A010334,P02592,POWER_BACKUP
A010335,P02593,PARKING
A010336,P02593,GYM
A010337,P02593,GARDEN
A010338,P02593,SECURITY
A010339,P02594,CLUBHOUSE
A010340,P02594,WIFI
A010341,P02594,PARKING
A010342,P02595,SECURITY
A010343,P02595,AIR_CONDITIONING
A010344,P02596,SECURITY
A010345,P02596,LIFT
A010346,P02596,SWIMMING_POOL
A010347,P02597,PARKING
A010348,P02597,SECURITY
A010349,P02597,GYM
A010350,P02597,LIFT
A010351,P02598,AIR_CONDITIONING
A010352,P02598,GYM
A010353,P02598,LIFT
A010354,P02598,SWIMMING_POOL
A010355,P02598,GARDEN
A010356,P02598,POWER_BACKUP
A010357,P02599,LIFT
A010358,P02599,CLUBHOUSE
A010359,P02599,WIFI
A010360,P02599,SWIMMING_POOL
A010361,P02600,SECURITY
A010362,P02600,WIFI
A010363,P02600,CLUBHOUSE
A010364,P02600,GYM
A010365,P02601,SWIMMING_POOL
A010366,P02601,SECURITY
A010367,P02601,WIFI
A010368,P02601,PARKING
A010369,P02602,SWIMMING_POOL
A010370,P02602,LIFT
A010371,P02602,GARDEN
A010372,P02602,PARKING
A010373,P02603,AIR_CONDITIONING
A010374,P02603,CLUBHOUSE
A010375,P02603,LIFT
A010376,P02603,SECURITY
A010377,P02604,POWER_BACKUP
A010378,P02604,SWIMMING_POOL
A010379,P02604,GARDEN
A010380,P02604,WIFI
A010381,P02604,GYM
A010382,P02605,WIFI
A010383,P02605,GARDEN
A010384,P02605,CLUBHOUSE
A010385,P02605,PARKING
A010386,P02605,GYM
A010387,P02606,CLUBHOUSE
A010388,P02606,LIFT
A010389,P02606,SWIMMING_POOL
A010390,P02606,GARDEN
A010391,P02606,POWER_BACKUP
A010392,P02606,WIFI
A010393,P02607,CLUBHOUSE
A010394,P02607,AIR_CONDITIONING
A010395,P02608,GYM
A010396,P02608,LIFT
A010397,P02608,SWIMMING_POOL
A010398,P02608,WIFI
A010399,P02608,CLUBHOUSE
A010400,P02608,POWER_BACKUP
A010401,P02609,GARDEN
A010402,P02609,GYM
A010403,P02609,POWER_BACKUP
A010404,P02609,CLUBHOUSE
A010405,P02609,PARKING
A010406,P02610,SECURITY
A010407,P02610,WIFI
A010408,P02610,LIFT
A010409,P02611,CLUBHOUSE
A010410,P02611,AIR_CONDITIONING
A010411,P02611,SECURITY
A010412,P02611,SWIMMING_POOL
A010413,P02611,GARDEN
A010414,P02611,POWER_BACKUP
A010415,P02612,SECURITY
A010416,P02612,CLUBHOUSE
A010417,P02612,SWIMMING_POOL
A010418,P02612,LIFT
A010419,P02613,POWER_BACKUP
A010420,P02613,LIFT
A010421,P02613,GARDEN
A010422,P02613,PARKING
A010423,P02613,GYM
A010424,P02614,WIFI
A010425,P02614,GARDEN
A010426,P02614,CLUBHOUSE
A010427,P02615,AIR_CONDITIONING
A010428,P02615,CLUBHOUSE
A010429,P02615,SECURITY
A010430,P02615,LIFT
A010431,P02615,PARKING
A010432,P02615,POWER_BACKUP
A010433,P02616,POWER_BACKUP
A010434,P02616,WIFI
A010435,P02617,SWIMMING_POOL
A010436,P02617,WIFI
A010437,P02617,PARKING
A010438,P02617,GYM
A010439,P02618,GYM
A010440,P02618,CLUBHOUSE
A010441,P02618,SECURITY
A010442,P02619,CLUBHOUSE
A010443,P02619,POWER_BACKUP
A010444,P02619,AIR_CONDITIONING
A010445,P02619,SWIMMING_POOL
A010446,P02620,WIFI
A010447,P02620,AIR_CONDITIONING
A010448,P02620,SWIMMING_POOL
A010449,P02620,CLUBHOUSE
A010450,P02620,GYM
A010451,P02621,SWIMMING_POOL
A010452,P02621,SECURITY
A010453,P02621,WIFI
A010454,P02621,CLUBHOUSE
A010455,P02621,LIFT
A010456,P02621,PARKING
A010457,P02622,GYM
A010458,P02622,POWER_BACKUP
A010459,P02622,WIFI
A010460,P02623,SWIMMING_POOL
A010461,P02623,GARDEN
A010462,P02623,WIFI
A010463,P02623,CLUBHOUSE
A010464,P02623,POWER_BACKUP
A010465,P02623,AIR_CONDITIONING
A010466,P02624,SWIMMING_POOL
A010467,P02624,CLUBHOUSE
A010468,P02624,LIFT
A010469,P02624,GARDEN
A010470,P02625,LIFT
A010471,P02625,POWER_BACKUP
A010472,P02625,GARDEN
A010473,P02626,GARDEN
A010474,P02626,CLUBHOUSE
A010475,P02626,SWIMMING_POOL
A010476,P02627,SWIMMING_POOL
A010477,P02627,GARDEN
A010478,P02627,CLUBHOUSE
A010479,P02627,SECURITY
A010480,P02628,WIFI
A010481,P02628,POWER_BACKUP
A010482,P02628,GYM
A010483,P02628,SWIMMING_POOL
A010484,P02629,GYM
A010485,P02629,GARDEN
A010486,P02630,SECURITY
A010487,P02630,LIFT
A010488,P02630,GARDEN
A010489,P02630,SWIMMING_POOL
A010490,P02630,PARKING
A010491,P02631,SWIMMING_POOL
A010492,P02631,POWER_BACKUP
A010493,P02632,LIFT
A010494,P02632,SWIMMING_POOL
A010495,P02633,SECURITY
A010496,P02633,LIFT
A010497,P02634,AIR_CONDITIONING
A010498,P02634,SECURITY
A010499,P02634,GYM
A010500,P02634,CLUBHOUSE
A010501,P02634,LIFT
A010502,P02634,SWIMMING_POOL
A010503,P02635,GYM
A010504,P02635,AIR_CONDITIONING
A010505,P02635,LIFT
A010506,P02636,AIR_CONDITIONING
A010507,P02636,WIFI
A010508,P02636,POWER_BACKUP
A010509,P02636,LIFT
A010510,P02636,SWIMMING_POOL
A010511,P02637,WIFI
A010512,P02637,POWER_BACKUP
A010513,P02638,SWIMMING_POOL
A010514,P02638,WIFI
A010515,P02638,SECURITY
A010516,P02639,LIFT
A010517,P02639,SWIMMING_POOL
A010518,P02639,SECURITY
A010519,P02639,GARDEN
A010520,P02639,WIFI
A010521,P02640,WIFI
A010522,P02640,CLUBHOUSE
A010523,P02640,GYM
A010524,P02640,SWIMMING_POOL
A010525,P02640,SECURITY
A010526,P02641,AIR_CONDITIONING
A010527,P02641,GARDEN
A010528,P02642,GARDEN
A010529,P02642,POWER_BACKUP
A010530,P02642,WIFI
A010531,P02643,WIFI
A010532,P02643,PARKING
A010533,P02643,POWER_BACKUP
A010534,P02643,SECURITY
A010535,P02644,GARDEN
A010536,P02644,SECURITY
A010537,P02644,POWER_BACKUP
A010538,P02644,PARKING
A010539,P02644,SWIMMING_POOL
A010540,P02644,AIR_CONDITIONING
A010541,P02645,POWER_BACKUP
A010542,P02645,SWIMMING_POOL
A010543,P02645,AIR_CONDITIONING
A010544,P02646,GYM
A010545,P02646,AIR_CONDITIONING
A010546,P02647,WIFI
A010547,P02647,LIFT
A010548,P02647,PARKING
A010549,P02648,GYM
A010550,P02648,LIFT
A010551,P02649,GARDEN
A010552,P02649,PARKING
A010553,P02649,SWIMMING_POOL
A010554,P02649,GYM
A010555,P02650,SECURITY
A010556,P02650,PARKING
A010557,P02650,WIFI
A010558,P02650,SWIMMING_POOL
A010559,P02650,CLUBHOUSE
A010560,P02650,GYM
A010561,P02651,GYM
A010562,P02651,WIFI
A010563,P02652,GYM
A010564,P02652,GARDEN
A010565,P02652,POWER_BACKUP
A010566,P02653,POWER_BACKUP
A010567,P02653,CLUBHOUSE
A010568,P02654,LIFT
A010569,P02654,PARKING
A010570,P02654,CLUBHOUSE
A010571,P02654,GARDEN
A010572,P02654,SWIMMING_POOL
A010573,P02654,AIR_CONDITIONING
A010574,P02655,POWER_BACKUP
A010575,P02655,SECURITY
A010576,P02655,AIR_CONDITIONING
A010577,P02655,GYM
A010578,P02655,SWIMMING_POOL
A010579,P02656,PARKING
A010580,P02656,POWER_BACKUP
A010581,P02656,CLUBHOUSE
A010582,P02656,GARDEN
A010583,P02656,WIFI
A010584,P02657,SWIMMING_POOL
A010585,P02657,POWER_BACKUP
A010586,P02657,CLUBHOUSE
A010587,P02657,SECURITY
A010588,P02658,WIFI
A010589,P02658,LIFT
A010590,P02659,PARKING
A010591,P02659,GYM
A010592,P02660,SECURITY
A010593,P02660,CLUBHOUSE
A010594,P02660,PARKING
A010595,P02660,GYM
A010596,P02660,POWER_BACKUP
A010597,P02660,AIR_CONDITIONING
A010598,P02661,GYM
A010599,P02661,WIFI
A010600,P02661,LIFT
A010601,P02661,SECURITY
A010602,P02662,SECURITY
A010603,P02662,POWER_BACKUP
A010604,P02662,PARKING
A010605,P02662,CLUBHOUSE
A010606,P02663,GARDEN
A010607,P02663,CLUBHOUSE
A010608,P02663,SWIMMING_POOL
A010609,P02663,POWER_BACKUP
A010610,P02663,PARKING
A010611,P02663,SECURITY
A010612,P02664,GYM
A010613,P02664,WIFI
A010614,P02664,POWER_BACKUP
A010615,P02665,AIR_CONDITIONING
A010616,P02665,PARKING
A010617,P02665,CLUBHOUSE
A010618,P02665,GYM
A010619,P02666,PARKING
A010620,P02666,AIR_CONDITIONING
A010621,P02666,SWIMMING_POOL
A010622,P02666,SECURITY
A010623,P02666,CLUBHOUSE
A010624,P02666,WIFI
A010625,P02667,POWER_BACKUP
A010626,P02667,WIFI
A010627,P02668,SECURITY
A010628,P02668,CLUBHOUSE
A010629,P02668,POWER_BACKUP
A010630,P02668,LIFT
A010631,P02668,SWIMMING_POOL
A010632,P02669,LIFT
A010633,P02669,POWER_BACKUP
A010634,P02670,SECURITY
A010635,P02670,AIR_CONDITIONING
A010636,P02670,GYM
A010637,P02670,PARKING
A010638,P02670,SWIMMING_POOL
A010639,P02671,GYM
A010640,P02671,SECURITY
A010641,P02672,AIR_CONDITIONING
A010642,P02672,LIFT
A010643,P02672,GYM
A010644,P02673,AIR_CONDITIONING
A010645,P02673,PARKING
A010646,P02673,CLUBHOUSE
A010647,P02673,GYM
A010648,P02673,POWER_BACKUP
A010649,P02674,AIR_CONDITIONING
A010650,P02674,LIFT
A010651,P02674,SWIMMING_POOL
A010652,P02674,GARDEN
A010653,P02674,CLUBHOUSE
A010654,P02675,GYM
A010655,P02675,SECURITY
A010656,P02675,GARDEN
A010657,P02675,CLUBHOUSE
A010658,P02675,SWIMMING_POOL
A010659,P02675,LIFT
A010660,P02676,GARDEN
A010661,P02676,CLUBHOUSE
A010662,P02676,LIFT
A010663,P02676,PARKING
A010664,P02677,WIFI
A010665,P02677,SECURITY
A010666,P02677,GYM
A010667,P02677,CLUBHOUSE
A010668,P02677,LIFT
A010669,P02678,GARDEN
A010670,P02678,SWIMMING_POOL
A010671,P02678,POWER_BACKUP
A010672,P02678,GYM
A010673,P02679,WIFI
A010674,P02679,GYM
A010675,P02679,PARKING
A010676,P02680,SECURITY
A010677,P02680,LIFT
A010678,P02680,PARKING
A010679,P02681,CLUBHOUSE
A010680,P02681,PARKING
A010681,P02681,SECURITY
A010682,P02682,LIFT
A010683,P02682,POWER_BACKUP
A010684,P02682,SECURITY
A010685,P02682,GARDEN
A010686,P02683,POWER_BACKUP
A010687,P02683,SECURITY
A010688,P02683,AIR_CONDITIONING
A010689,P02683,LIFT
A010690,P02683,SWIMMING_POOL
A010691,P02684,POWER_BACKUP
A010692,P02684,LIFT
A010693,P02684,GYM
A010694,P02684,AIR_CONDITIONING
A010695,P02684,SWIMMING_POOL
A010696,P02685,WIFI
A010697,P02685,GYM
A010698,P02685,CLUBHOUSE
A010699,P02686,LIFT
A010700,P02686,GYM
A010701,P02686,SECURITY
A010702,P02687,LIFT
A010703,P02687,WIFI
A010704,P02687,SECURITY
A010705,P02687,GARDEN
A010706,P02688,SWIMMING_POOL
A010707,P02688,GARDEN
A010708,P02688,GYM
A010709,P02688,CLUBHOUSE
A010710,P02688,WIFI
A010711,P02688,LIFT
A010712,P02689,GYM
A010713,P02689,SWIMMING_POOL
A010714,P02689,GARDEN
A010715,P02689,AIR_CONDITIONING
A010716,P02689,LIFT
A010717,P02689,PARKING
A010718,P02690,SWIMMING_POOL
A010719,P02690,POWER_BACKUP
A010720,P02691,PARKING
A010721,P02691,CLUBHOUSE
A010722,P02692,AIR_CONDITIONING
A010723,P02692,GYM
A010724,P02693,WIFI
A010725,P02693,CLUBHOUSE
A010726,P02693,GYM
A010727,P02693,GARDEN
A010728,P02693,POWER_BACKUP
A010729,P02693,SECURITY
A010730,P02694,POWER_BACKUP
A010731,P02694,SECURITY
A010732,P02694,GYM
A010733,P02694,LIFT
A010734,P02694,AIR_CONDITIONING
A010735,P02694,GARDEN
A010736,P02695,POWER_BACKUP
A010737,P02695,GYM
A010738,P02695,CLUBHOUSE
A010739,P02695,AIR_CONDITIONING
A010740,P02695,SECURITY
A010741,P02695,PARKING
A010742,P02696,PARKING
A010743,P02696,SECURITY
A010744,P02696,WIFI
A010745,P02696,LIFT
A010746,P02697,GYM
A010747,P02697,CLUBHOUSE
A010748,P02697,GARDEN
A010749,P02697,SWIMMING_POOL
A010750,P02698,GYM
A010751,P02698,PARKING
A010752,P02698,WIFI
A010753,P02698,SECURITY
A010754,P02698,LIFT
A010755,P02699,PARKING
A010756,P02699,GARDEN
A010757,P02699,LIFT
A010758,P02700,POWER_BACKUP
A010759,P02700,GYM
A010760,P02700,GARDEN
A010761,P02701,SECURITY
A010762,P02701,WIFI
A010763,P02701,SWIMMING_POOL
A010764,P02701,AIR_CONDITIONING
A010765,P02701,POWER_BACKUP
A010766,P02701,LIFT
A010767,P02702,GYM
A010768,P02702,SECURITY
A010769,P02703,GARDEN
A010770,P02703,GYM
A010771,P02703,SWIMMING_POOL
A010772,P02703,WIFI
A010773,P02703,POWER_BACKUP
A010774,P02703,PARKING
A010775,P02704,SECURITY
A010776,P02704,LIFT
A010777,P02704,PARKING
A010778,P02704,WIFI
A010779,P02705,PARKING
A010780,P02705,GARDEN
A010781,P02705,SWIMMING_POOL
A010782,P02705,LIFT
A010783,P02705,POWER_BACKUP
A010784,P02706,GYM
A010785,P02706,SWIMMING_POOL
A010786,P02706,PARKING
A010787,P02706,AIR_CONDITIONING
A010788,P02706,GARDEN
A010789,P02706,WIFI
A010790,P02707,PARKING
A010791,P02707,LIFT
A010792,P02707,CLUBHOUSE
A010793,P02707,SECURITY
A010794,P02708,PARKING
A010795,P02708,SWIMMING_POOL
A010796,P02708,SECURITY
A010797,P02708,CLUBHOUSE
A010798,P02709,GARDEN
A010799,P02709,POWER_BACKUP
A010800,P02709,GYM
A010801,P02710,CLUBHOUSE
A010802,P02710,PARKING
A010803,P02710,SECURITY
A010804,P02710,GYM
A010805,P02710,GARDEN
A010806,P02711,SECURITY
A010807,P02711,SWIMMING_POOL
A010808,P02711,LIFT
A010809,P02711,GARDEN
A010810,P02712,LIFT
A010811,P02712,AIR_CONDITIONING
A010812,P02712,SWIMMING_POOL
A010813,P02712,PARKING
A010814,P02713,POWER_BACKUP
A010815,P02713,CLUBHOUSE
A010816,P02713,AIR_CONDITIONING
A010817,P02713,SWIMMING_POOL
A010818,P02713,LIFT
A010819,P02714,SECURITY
A010820,P02714,AIR_CONDITIONING
A010821,P02714,WIFI
A010822,P02714,POWER_BACKUP
A010823,P02714,GARDEN
A010824,P02715,PARKING
A010825,P02715,GARDEN
A010826,P02716,GARDEN
A010827,P02716,CLUBHOUSE
A010828,P02716,AIR_CONDITIONING
A010829,P02716,GYM
A010830,P02717,POWER_BACKUP
A010831,P02717,CLUBHOUSE
A010832,P02717,SWIMMING_POOL
A010833,P02717,WIFI
A010834,P02717,PARKING
A010835,P02717,GARDEN
A010836,P02718,LIFT
A010837,P02718,GARDEN
A010838,P02719,GARDEN
A010839,P02719,SWIMMING_POOL
A010840,P02719,AIR_CONDITIONING
A010841,P02719,LIFT
A010842,P02719,SECURITY
A010843,P02720,WIFI
A010844,P02720,CLUBHOUSE
A010845,P02720,GARDEN
A010846,P02720,AIR_CONDITIONING
A010847,P02720,LIFT
A010848,P02720,PARKING
A010849,P02721,SECURITY
A010850,P02721,GARDEN
A010851,P02721,AIR_CONDITIONING
A010852,P02721,LIFT
A010853,P02722,LIFT
A010854,P02722,WIFI
A010855,P02722,AIR_CONDITIONING
A010856,P02722,CLUBHOUSE
A010857,P02722,SECURITY
A010858,P02722,GARDEN
A010859,P02723,SWIMMING_POOL
A010860,P02723,LIFT
A010861,P02723,AIR_CONDITIONING
A010862,P02723,SECURITY
A010863,P02724,SECURITY
A010864,P02724,GARDEN
A010865,P02724,LIFT
A010866,P02724,CLUBHOUSE
A010867,P02724,POWER_BACKUP
A010868,P02725,POWER_BACKUP
A010869,P02725,SWIMMING_POOL
A010870,P02725,SECURITY
A010871,P02725,AIR_CONDITIONING
A010872,P02725,GYM
A010873,P02725,CLUBHOUSE
A010874,P02726,POWER_BACKUP
A010875,P02726,LIFT
A010876,P02727,WIFI
A010877,P02727,POWER_BACKUP
A010878,P02727,GARDEN
A010879,P02728,POWER_BACKUP
A010880,P02728,GYM
A010881,P02729,PARKING
A010882,P02729,GYM
A010883,P02729,WIFI
A010884,P02729,GARDEN
A010885,P02730,AIR_CONDITIONING
A010886,P02730,GARDEN
A010887,P02730,CLUBHOUSE
A010888,P02730,WIFI
A010889,P02730,SECURITY
A010890,P02730,GYM
A010891,P02731,CLUBHOUSE
A010892,P02731,POWER_BACKUP
A010893,P02731,GARDEN
A010894,P02731,SECURITY
A010895,P02732,AIR_CONDITIONING
A010896,P02732,WIFI
A010897,P02732,GARDEN
A010898,P02732,GYM
A010899,P02733,SWIMMING_POOL
A010900,P02733,GARDEN
A010901,P02733,PARKING
A010902,P02733,SECURITY
A010903,P02733,POWER_BACKUP
A010904,P02733,WIFI
A010905,P02734,GARDEN
A010906,P02734,SECURITY
A010907,P02735,AIR_CONDITIONING
A010908,P02735,WIFI
A010909,P02735,SWIMMING_POOL
A010910,P02735,CLUBHOUSE
A010911,P02735,LIFT
A010912,P02735,GARDEN
A010913,P02736,GYM
A010914,P02736,GARDEN
A010915,P02736,CLUBHOUSE
A010916,P02736,POWER_BACKUP
A010917,P02737,GYM
A010918,P02737,LIFT
A010919,P02737,POWER_BACKUP
A010920,P02737,SECURITY
A010921,P02737,CLUBHOUSE
A010922,P02737,PARKING
A010923,P02738,GYM
A010924,P02738,LIFT
A010925,P02738,SWIMMING_POOL
A010926,P02738,PARKING
A010927,P02739,AIR_CONDITIONING
A010928,P02739,SECURITY
A010929,P02739,GYM
A010930,P02740,SECURITY
A010931,P02740,GARDEN
A010932,P02740,PARKING
A010933,P02740,LIFT
A010934,P02741,SWIMMING_POOL
A010935,P02741,PARKING
A010936,P02741,WIFI
A010937,P02741,AIR_CONDITIONING
A010938,P02741,GYM
A010939,P02741,SECURITY
A010940,P02742,POWER_BACKUP
A010941,P02742,SWIMMING_POOL
A010942,P02742,GARDEN
A010943,P02742,CLUBHOUSE
A010944,P02742,GYM
A010945,P02743,SWIMMING_POOL
A010946,P02743,CLUBHOUSE
A010947,P02744,POWER_BACKUP
A010948,P02744,SECURITY
A010949,P02744,AIR_CONDITIONING
A010950,P02744,GYM
A010951,P02744,LIFT
A010952,P02744,CLUBHOUSE
A010953,P02745,AIR_CONDITIONING
A010954,P02745,POWER_BACKUP
A010955,P02745,PARKING
A010956,P02745,LIFT
A010957,P02746,AIR_CONDITIONING
A010958,P02746,CLUBHOUSE
A010959,P02746,SECURITY
A010960,P02747,WIFI
A010961,P02747,GYM
A010962,P02747,POWER_BACKUP
A010963,P02747,SECURITY
A010964,P02748,GYM
A010965,P02748,SECURITY
A010966,P02748,GARDEN
A010967,P02749,AIR_CONDITIONING
A010968,P02749,GARDEN
A010969,P02749,POWER_BACKUP
A010970,P02749,PARKING
A010971,P02750,GARDEN
A010972,P02750,GYM
A010973,P02750,PARKING
A010974,P02750,SWIMMING_POOL
A010975,P02750,CLUBHOUSE
A010976,P02750,AIR_CONDITIONING
A010977,P02751,GYM
A010978,P02751,AIR_CONDITIONING
A010979,P02751,SECURITY
A010980,P02751,WIFI
A010981,P02752,SECURITY
A010982,P02752,WIFI
A010983,P02752,LIFT
A010984,P02752,PARKING
A010985,P02752,GARDEN
A010986,P02753,GARDEN
A010987,P02753,SWIMMING_POOL
A010988,P02753,CLUBHOUSE
A010989,P02753,GYM
A010990,P02753,WIFI
A010991,P02753,POWER_BACKUP
A010992,P02754,POWER_BACKUP
A010993,P02754,WIFI
A010994,P02754,LIFT
A010995,P02754,AIR_CONDITIONING
A010996,P02754,GYM
A010997,P02755,WIFI
A010998,P02755,POWER_BACKUP
A010999,P02755,LIFT
A011000,P02755,GYM
A011001,P02755,AIR_CONDITIONING
A011002,P02755,SECURITY
A011003,P02756,GYM
A011004,P02756,LIFT
A011005,P02756,CLUBHOUSE
A011006,P02756,PARKING
A011007,P02756,WIFI
A011008,P02757,GARDEN
A011009,P02757,PARKING
A011010,P02757,GYM
A011011,P02758,SWIMMING_POOL
A011012,P02758,LIFT
A011013,P02759,SECURITY
A011014,P02759,PARKING
A011015,P02760,PARKING
A011016,P02760,GYM
A011017,P02760,SECURITY
A011018,P02761,GARDEN
A011019,P02761,CLUBHOUSE
A011020,P02761,SWIMMING_POOL
A011021,P02761,LIFT
A011022,P02761,POWER_BACKUP
A011023,P02761,GYM
A011024,P02762,SECURITY
A011025,P02762,CLUBHOUSE
A011026,P02762,POWER_BACKUP
A011027,P02762,PARKING
A011028,P02762,AIR_CONDITIONING
A011029,P02762,WIFI
A011030,P02763,AIR_CONDITIONING
A011031,P02763,SECURITY
A011032,P02763,GARDEN
A011033,P02763,GYM
A011034,P02763,PARKING
A011035,P02763,CLUBHOUSE
A011036,P02764,SWIMMING_POOL
A011037,P02764,GYM
A011038,P02764,WIFI
A011039,P02765,WIFI
A011040,P02765,PARKING
A011041,P02765,AIR_CONDITIONING
A011042,P02765,SECURITY
A011043,P02765,LIFT
A011044,P02765,CLUBHOUSE
A011045,P02766,PARKING
A011046,P02766,GARDEN
A011047,P02766,CLUBHOUSE
A011048,P02766,WIFI
A011049,P02767,POWER_BACKUP
A011050,P02767,SWIMMING_POOL
A011051,P02767,CLUBHOUSE
A011052,P02767,LIFT
A011053,P02767,AIR_CONDITIONING
A011054,P02767,SECURITY
A011055,P02768,PARKING
A011056,P02768,GYM
A011057,P02768,SWIMMING_POOL
A011058,P02769,LIFT
A011059,P02769,POWER_BACKUP
A011060,P02769,AIR_CONDITIONING
A011061,P02769,CLUBHOUSE
A011062,P02769,GYM
A011063,P02770,AIR_CONDITIONING
A011064,P02770,SWIMMING_POOL
A011065,P02771,SECURITY
A011066,P02771,WIFI
A011067,P02771,LIFT
A011068,P02771,GYM
A011069,P02771,AIR_CONDITIONING
A011070,P02771,PARKING
A011071,P02772,SECURITY
A011072,P02772,CLUBHOUSE
A011073,P02772,POWER_BACKUP
A011074,P02772,AIR_CONDITIONING
A011075,P02772,SWIMMING_POOL
A011076,P02772,GYM
A011077,P02773,SECURITY
A011078,P02773,PARKING
A011079,P02774,PARKING
A011080,P02774,GARDEN
A011081,P02774,SECURITY
A011082,P02774,CLUBHOUSE
A011083,P02774,AIR_CONDITIONING
A011084,P02775,SWIMMING_POOL
A011085,P02775,PARKING
A011086,P02775,GARDEN
A011087,P02775,CLUBHOUSE
A011088,P02775,SECURITY
A011089,P02776,SECURITY
A011090,P02776,CLUBHOUSE
A011091,P02776,SWIMMING_POOL
A011092,P02777,GYM
A011093,P02777,SWIMMING_POOL
A011094,P02777,SECURITY
A011095,P02777,GARDEN
A011096,P02777,POWER_BACKUP
A011097,P02778,POWER_BACKUP
A011098,P02778,SWIMMING_POOL
A011099,P02779,GARDEN
A011100,P02779,POWER_BACKUP
A011101,P02779,CLUBHOUSE
A011102,P02779,WIFI
A011103,P02780,CLUBHOUSE
A011104,P02780,WIFI
A011105,P02781,WIFI
A011106,P02781,GARDEN
A011107,P02781,LIFT
A011108,P02781,SWIMMING_POOL
A011109,P02781,GYM
A011110,P02781,SECURITY
A011111,P02782,CLUBHOUSE
A011112,P02782,AIR_CONDITIONING
A011113,P02782,GARDEN
A011114,P02782,SECURITY
A011115,P02783,POWER_BACKUP
A011116,P02783,CLUBHOUSE
A011117,P02784,SECURITY
A011118,P02784,PARKING
A011119,P02784,CLUBHOUSE
A011120,P02784,AIR_CONDITIONING
A011121,P02784,GYM
A011122,P02785,SWIMMING_POOL
A011123,P02785,LIFT
A011124,P02785,WIFI
A011125,P02785,AIR_CONDITIONING
A011126,P02785,SECURITY
A011127,P02786,WIFI
A011128,P02786,CLUBHOUSE
A011129,P02786,AIR_CONDITIONING
A011130,P02786,POWER_BACKUP
A011131,P02786,LIFT
A011132,P02787,PARKING
A011133,P02787,WIFI
A011134,P02787,SECURITY
A011135,P02787,AIR_CONDITIONING
A011136,P02787,SWIMMING_POOL
A011137,P02788,POWER_BACKUP
A011138,P02788,GARDEN
A011139,P02788,WIFI
A011140,P02788,AIR_CONDITIONING
A011141,P02789,WIFI
A011142,P02789,AIR_CONDITIONING
A011143,P02790,PARKING
A011144,P02790,POWER_BACKUP
A011145,P02790,CLUBHOUSE
A011146,P02790,LIFT
A011147,P02791,AIR_CONDITIONING
A011148,P02791,LIFT
A011149,P02791,GARDEN
A011150,P02791,PARKING
A011151,P02791,GYM
A011152,P02792,GYM
A011153,P02792,LIFT
A011154,P02792,CLUBHOUSE
A011155,P02793,WIFI
A011156,P02793,PARKING
A011157,P02794,SWIMMING_POOL
A011158,P02794,POWER_BACKUP
A011159,P02794,WIFI
A011160,P02794,PARKING
A011161,P02794,CLUBHOUSE
A011162,P02795,SWIMMING_POOL
A011163,P02795,PARKING
A011164,P02796,SWIMMING_POOL
A011165,P02796,WIFI
A011166,P02796,SECURITY
A011167,P02796,AIR_CONDITIONING
A011168,P02796,CLUBHOUSE
A011169,P02797,PARKING
A011170,P02797,GARDEN
A011171,P02797,POWER_BACKUP
A011172,P02797,SWIMMING_POOL
A011173,P02798,CLUBHOUSE
A011174,P02798,LIFT
A011175,P02798,WIFI
A011176,P02799,GARDEN
A011177,P02799,LIFT
A011178,P02799,PARKING
A011179,P02799,WIFI
A011180,P02799,SWIMMING_POOL
A011181,P02799,AIR_CONDITIONING
A011182,P02800,GARDEN
A011183,P02800,WIFI
A011184,P02800,PARKING
A011185,P02800,AIR_CONDITIONING
A011186,P02800,SECURITY
A011187,P02801,WIFI
A011188,P02801,AIR_CONDITIONING
A011189,P02801,LIFT
A011190,P02801,SWIMMING_POOL
A011191,P02802,LIFT
A011192,P02802,PARKING
A011193,P02802,AIR_CONDITIONING
A011194,P02802,WIFI
A011195,P02803,POWER_BACKUP
A011196,P02803,CLUBHOUSE
A011197,P02803,SECURITY
A011198,P02803,SWIMMING_POOL
A011199,P02803,PARKING
A011200,P02803,LIFT
A011201,P02804,WIFI
A011202,P02804,PARKING
A011203,P02804,GARDEN
A011204,P02804,GYM
A011205,P02804,CLUBHOUSE
A011206,P02804,SWIMMING_POOL
A011207,P02805,POWER_BACKUP
A011208,P02805,GYM
A011209,P02805,SWIMMING_POOL
A011210,P02805,AIR_CONDITIONING
A011211,P02805,GARDEN
A011212,P02806,POWER_BACKUP
A011213,P02806,GYM
A011214,P02806,AIR_CONDITIONING
A011215,P02806,WIFI
A011216,P02806,CLUBHOUSE
A011217,P02807,SWIMMING_POOL
A011218,P02807,PARKING
A011219,P02807,GARDEN
A011220,P02808,AIR_CONDITIONING
A011221,P02808,CLUBHOUSE
A011222,P02808,PARKING
A011223,P02808,POWER_BACKUP
A011224,P02808,WIFI
A011225,P02808,GARDEN
A011226,P02809,PARKING
A011227,P02809,AIR_CONDITIONING
A011228,P02810,SWIMMING_POOL
A011229,P02810,LIFT
A011230,P02810,CLUBHOUSE
A011231,P02811,SECURITY
A011232,P02811,LIFT
A011233,P02811,GYM
A011234,P02811,POWER_BACKUP
A011235,P02812,PARKING
A011236,P02812,WIFI
A011237,P02812,CLUBHOUSE
A011238,P02812,POWER_BACKUP
A011239,P02812,AIR_CONDITIONING
A011240,P02813,WIFI
A011241,P02813,SWIMMING_POOL
A011242,P02813,AIR_CONDITIONING
A011243,P02813,GYM
A011244,P02814,CLUBHOUSE
A011245,P02814,PARKING
A011246,P02814,LIFT
A011247,P02815,PARKING
A011248,P02815,GYM
A011249,P02816,LIFT
A011250,P02816,GARDEN
A011251,P02816,SECURITY
A011252,P02816,AIR_CONDITIONING
A011253,P02816,GYM
A011254,P02817,PARKING
A011255,P02817,LIFT
A011256,P02817,GYM
A011257,P02817,POWER_BACKUP
A011258,P02817,SECURITY
A011259,P02817,AIR_CONDITIONING
A011260,P02818,LIFT
A011261,P02818,GARDEN
A011262,P02818,POWER_BACKUP
A011263,P02818,WIFI
A011264,P02818,SECURITY
A011265,P02818,SWIMMING_POOL
A011266,P02819,CLUBHOUSE
A011267,P02819,LIFT
A011268,P02819,GARDEN
A011269,P02819,SECURITY
A011270,P02820,CLUBHOUSE
A011271,P02820,WIFI
A011272,P02820,SWIMMING_POOL
A011273,P02820,PARKING
A011274,P02820,LIFT
A011275,P02820,GYM
A011276,P02821,CLUBHOUSE
A011277,P02821,GYM
A011278,P02822,POWER_BACKUP
A011279,P02822,AIR_CONDITIONING
A011280,P02822,SECURITY
A011281,P02823,CLUBHOUSE
A011282,P02823,LIFT
A011283,P02824,CLUBHOUSE
A011284,P02824,GYM
A011285,P02824,WIFI
A011286,P02824,AIR_CONDITIONING
A011287,P02825,WIFI
A011288,P02825,PARKING
A011289,P02825,CLUBHOUSE
A011290,P02825,LIFT
A011291,P02826,LIFT
A011292,P02826,PARKING
A011293,P02827,SECURITY
A011294,P02827,GYM
A011295,P02827,AIR_CONDITIONING
A011296,P02827,POWER_BACKUP
A011297,P02827,SWIMMING_POOL
A011298,P02828,GARDEN
A011299,P02828,SWIMMING_POOL
A011300,P02828,GYM
A011301,P02828,SECURITY
A011302,P02828,LIFT
A011303,P02828,AIR_CONDITIONING
A011304,P02829,SWIMMING_POOL
A011305,P02829,LIFT
A011306,P02830,WIFI
A011307,P02830,POWER_BACKUP
A011308,P02830,SECURITY
A011309,P02831,CLUBHOUSE
A011310,P02831,GARDEN
A011311,P02832,POWER_BACKUP
A011312,P02832,LIFT
A011313,P02832,GYM
A011314,P02832,AIR_CONDITIONING
A011315,P02832,GARDEN
A011316,P02832,CLUBHOUSE
A011317,P02833,PARKING
A011318,P02833,SECURITY
A011319,P02833,AIR_CONDITIONING
A011320,P02833,SWIMMING_POOL
A011321,P02834,WIFI
A011322,P02834,AIR_CONDITIONING
A011323,P02834,SWIMMING_POOL
A011324,P02834,CLUBHOUSE
A011325,P02834,GARDEN
A011326,P02834,GYM
A011327,P02835,LIFT
A011328,P02835,GYM
A011329,P02835,WIFI
A011330,P02835,SWIMMING_POOL
A011331,P02835,GARDEN
A011332,P02836,WIFI
A011333,P02836,AIR_CONDITIONING
A011334,P02837,POWER_BACKUP
A011335,P02837,CLUBHOUSE
A011336,P02838,PARKING
A011337,P02838,GYM
A011338,P02838,POWER_BACKUP
A011339,P02839,SWIMMING_POOL
A011340,P02839,SECURITY
A011341,P02839,GYM
A011342,P02839,PARKING
A011343,P02840,POWER_BACKUP
A011344,P02840,GARDEN
A011345,P02840,SECURITY
A011346,P02840,CLUBHOUSE
A011347,P02840,SWIMMING_POOL
A011348,P02840,GYM
A011349,P02841,SECURITY
A011350,P02841,WIFI
A011351,P02841,GARDEN
A011352,P02841,PARKING
A011353,P02841,LIFT
A011354,P02842,SECURITY
A011355,P02842,GYM
A011356,P02842,POWER_BACKUP
A011357,P02842,GARDEN
A011358,P02842,SWIMMING_POOL
A011359,P02842,AIR_CONDITIONING
A011360,P02843,GARDEN
A011361,P02843,AIR_CONDITIONING
A011362,P02843,GYM
A011363,P02843,PARKING
A011364,P02843,SWIMMING_POOL
A011365,P02843,POWER_BACKUP
A011366,P02844,WIFI
A011367,P02844,SWIMMING_POOL
A011368,P02845,AIR_CONDITIONING
A011369,P02845,POWER_BACKUP
A011370,P02845,PARKING
A011371,P02846,GARDEN
A011372,P02846,PARKING
A011373,P02846,SECURITY
A011374,P02846,POWER_BACKUP
A011375,P02847,AIR_CONDITIONING
A011376,P02847,PARKING
A011377,P02847,POWER_BACKUP
A011378,P02848,WIFI
A011379,P02848,SECURITY
A011380,P02848,POWER_BACKUP
A011381,P02849,PARKING
A011382,P02849,GARDEN
A011383,P02849,AIR_CONDITIONING
A011384,P02849,WIFI
A011385,P02849,POWER_BACKUP
A011386,P02849,LIFT
A011387,P02850,GYM
A011388,P02850,WIFI
A011389,P02851,LIFT
A011390,P02851,SWIMMING_POOL
A011391,P02851,GARDEN
A011392,P02851,POWER_BACKUP
A011393,P02851,GYM
A011394,P02852,GYM
A011395,P02852,PARKING
A011396,P02852,WIFI
A011397,P02853,SECURITY
A011398,P02853,LIFT
A011399,P02853,POWER_BACKUP
A011400,P02853,CLUBHOUSE
A011401,P02853,SWIMMING_POOL
A011402,P02853,AIR_CONDITIONING
A011403,P02854,GARDEN
A011404,P02854,SWIMMING_POOL
A011405,P02854,AIR_CONDITIONING
A011406,P02854,SECURITY
A011407,P02855,GARDEN
A011408,P02855,SWIMMING_POOL
A011409,P02855,LIFT
A011410,P02855,SECURITY
A011411,P02856,PARKING
A011412,P02856,AIR_CONDITIONING
A011413,P02857,GYM
A011414,P02857,AIR_CONDITIONING
A011415,P02858,GARDEN
A011416,P02858,SWIMMING_POOL
A011417,P02859,LIFT
A011418,P02859,PARKING
A011419,P02859,SECURITY
A011420,P02859,SWIMMING_POOL
A011421,P02859,WIFI
A011422,P02860,CLUBHOUSE
A011423,P02860,SECURITY
A011424,P02860,SWIMMING_POOL
A011425,P02860,GARDEN
A011426,P02861,SECURITY
A011427,P02861,WIFI
A011428,P02861,AIR_CONDITIONING
A011429,P02861,POWER_BACKUP
A011430,P02862,LIFT
A011431,P02862,GARDEN
A011432,P02862,SWIMMING_POOL
A011433,P02862,PARKING
A011434,P02862,SECURITY
A011435,P02863,GYM
A011436,P02863,PARKING
A011437,P02863,SWIMMING_POOL
A011438,P02864,AIR_CONDITIONING
A011439,P02864,WIFI
A011440,P02864,PARKING
A011441,P02864,GARDEN
A011442,P02864,CLUBHOUSE
A011443,P02864,SWIMMING_POOL
A011444,P02865,GYM
A011445,P02865,LIFT
A011446,P02866,SECURITY
A011447,P02866,SWIMMING_POOL
A011448,P02866,PARKING
A011449,P02866,WIFI
A011450,P02867,GYM
A011451,P02867,POWER_BACKUP
A011452,P02868,SECURITY
A011453,P02868,GYM
A011454,P02868,SWIMMING_POOL
A011455,P02868,AIR_CONDITIONING
A011456,P02868,POWER_BACKUP
A011457,P02869,GYM
A011458,P02869,AIR_CONDITIONING
A011459,P02869,POWER_BACKUP
A011460,P02869,LIFT
A011461,P02869,GARDEN
A011462,P02870,AIR_CONDITIONING
A011463,P02870,GYM
A011464,P02870,SWIMMING_POOL
A011465,P02871,GARDEN
A011466,P02871,CLUBHOUSE
A011467,P02871,SECURITY
A011468,P02871,POWER_BACKUP
A011469,P02872,GYM
A011470,P02872,SECURITY
A011471,P02872,CLUBHOUSE
A011472,P02873,AIR_CONDITIONING
A011473,P02873,CLUBHOUSE
A011474,P02874,SWIMMING_POOL
A011475,P02874,CLUBHOUSE
A011476,P02875,WIFI
A011477,P02875,SECURITY
A011478,P02875,GARDEN
A011479,P02875,PARKING
A011480,P02875,SWIMMING_POOL
A011481,P02875,CLUBHOUSE
A011482,P02876,SECURITY
A011483,P02876,PARKING
A011484,P02876,GARDEN
A011485,P02876,POWER_BACKUP
A011486,P02876,CLUBHOUSE
A011487,P02876,SWIMMING_POOL
A011488,P02877,LIFT
A011489,P02877,AIR_CONDITIONING
A011490,P02877,POWER_BACKUP
A011491,P02877,WIFI
A011492,P02878,LIFT
A011493,P02878,AIR_CONDITIONING
A011494,P02878,SWIMMING_POOL
A011495,P02878,PARKING
A011496,P02879,AIR_CONDITIONING
A011497,P02879,LIFT
A011498,P02880,GYM
A011499,P02880,WIFI
A011500,P02880,LIFT
A011501,P02880,GARDEN
A011502,P02880,AIR_CONDITIONING
A011503,P02880,SWIMMING_POOL
A011504,P02881,SWIMMING_POOL
A011505,P02881,GARDEN
A011506,P02882,LIFT
A011507,P02882,PARKING
A011508,P02882,GARDEN
A011509,P02882,POWER_BACKUP
A011510,P02883,CLUBHOUSE
A011511,P02883,PARKING
A011512,P02883,SWIMMING_POOL
A011513,P02883,GYM
A011514,P02884,SWIMMING_POOL
A011515,P02884,LIFT
A011516,P02884,POWER_BACKUP
A011517,P02884,WIFI
A011518,P02885,WIFI
A011519,P02885,POWER_BACKUP
A011520,P02885,GARDEN
A011521,P02886,SECURITY
A011522,P02886,WIFI
A011523,P02886,POWER_BACKUP
A011524,P02886,AIR_CONDITIONING
A011525,P02887,CLUBHOUSE
A011526,P02887,GARDEN
A011527,P02887,SECURITY
A011528,P02887,SWIMMING_POOL
A011529,P02888,LIFT
A011530,P02888,SECURITY
A011531,P02888,WIFI
A011532,P02888,POWER_BACKUP
A011533,P02888,AIR_CONDITIONING
A011534,P02888,PARKING
A011535,P02889,PARKING
A011536,P02889,SECURITY
A011537,P02889,GYM
A011538,P02889,GARDEN
A011539,P02890,SECURITY
A011540,P02890,CLUBHOUSE
A011541,P02890,SWIMMING_POOL
A011542,P02890,PARKING
A011543,P02890,AIR_CONDITIONING
A011544,P02891,GARDEN
A011545,P02891,PARKING
A011546,P02892,POWER_BACKUP
A011547,P02892,AIR_CONDITIONING
A011548,P02893,WIFI
A011549,P02893,AIR_CONDITIONING
A011550,P02893,LIFT
A011551,P02894,POWER_BACKUP
A011552,P02894,GYM
A011553,P02894,LIFT
A011554,P02894,AIR_CONDITIONING
A011555,P02894,PARKING
A011556,P02895,SECURITY
A011557,P02895,WIFI
A011558,P02895,AIR_CONDITIONING
A011559,P02895,GARDEN
A011560,P02895,PARKING
A011561,P02896,SWIMMING_POOL
A011562,P02896,POWER_BACKUP
A011563,P02896,AIR_CONDITIONING
A011564,P02897,GYM
A011565,P02897,AIR_CONDITIONING
A011566,P02897,GARDEN
A011567,P02898,SWIMMING_POOL
A011568,P02898,PARKING
A011569,P02898,WIFI
A011570,P02899,CLUBHOUSE
A011571,P02899,LIFT
A011572,P02899,AIR_CONDITIONING
A011573,P02899,SECURITY
A011574,P02899,PARKING
A011575,P02899,WIFI
A011576,P02900,GYM
A011577,P02900,CLUBHOUSE
A011578,P02900,SECURITY
A011579,P02901,GYM
A011580,P02901,POWER_BACKUP
A011581,P02902,LIFT
A011582,P02902,SECURITY
A011583,P02902,POWER_BACKUP
A011584,P02902,GYM
A011585,P02902,GARDEN
A011586,P02902,WIFI
A011587,P02903,WIFI
A011588,P02903,GYM
A011589,P02904,GARDEN
A011590,P02904,LIFT
A011591,P02904,WIFI
A011592,P02904,AIR_CONDITIONING
A011593,P02904,POWER_BACKUP
A011594,P02905,CLUBHOUSE
A011595,P02905,POWER_BACKUP
A011596,P02905,SECURITY
A011597,P02906,SWIMMING_POOL
A011598,P02906,GARDEN
A011599,P02906,GYM
A011600,P02907,POWER_BACKUP
A011601,P02907,GYM
A011602,P02907,LIFT
A011603,P02907,AIR_CONDITIONING
A011604,P02907,CLUBHOUSE
A011605,P02908,GYM
A011606,P02908,POWER_BACKUP
A011607,P02908,AIR_CONDITIONING
A011608,P02908,CLUBHOUSE
A011609,P02909,LIFT
A011610,P02909,GARDEN
A011611,P02909,SECURITY
A011612,P02909,GYM
A011613,P02909,AIR_CONDITIONING
A011614,P02910,SWIMMING_POOL
A011615,P02910,PARKING
A011616,P02910,GARDEN
A011617,P02910,GYM
A011618,P02911,GARDEN
A011619,P02911,GYM
A011620,P02911,WIFI
A011621,P02912,SWIMMING_POOL
A011622,P02912,POWER_BACKUP
A011623,P02912,LIFT
A011624,P02912,GYM
A011625,P02912,PARKING
A011626,P02912,AIR_CONDITIONING
A011627,P02913,PARKING
A011628,P02913,SECURITY
A011629,P02913,LIFT
A011630,P02914,SECURITY
A011631,P02914,GYM
A011632,P02914,AIR_CONDITIONING
A011633,P02914,SWIMMING_POOL
A011634,P02914,PARKING
A011635,P02914,POWER_BACKUP
A011636,P02915,GYM
A011637,P02915,AIR_CONDITIONING
A011638,P02915,LIFT
A011639,P02916,CLUBHOUSE
A011640,P02916,SECURITY
A011641,P02917,SECURITY
A011642,P02917,AIR_CONDITIONING
A011643,P02917,GARDEN
A011644,P02918,AIR_CONDITIONING
A011645,P02918,LIFT
A011646,P02918,CLUBHOUSE
A011647,P02918,GARDEN
A011648,P02918,GYM
A011649,P02918,SWIMMING_POOL
A011650,P02919,POWER_BACKUP
A011651,P02919,LIFT
A011652,P02919,SWIMMING_POOL
A011653,P02919,CLUBHOUSE
A011654,P02919,AIR_CONDITIONING
A011655,P02919,WIFI
A011656,P02920,GARDEN
A011657,P02920,SECURITY
A011658,P02920,WIFI
A011659,P02921,GYM
A011660,P02921,AIR_CONDITIONING
A011661,P02922,GARDEN
A011662,P02922,AIR_CONDITIONING
A011663,P02923,WIFI
A011664,P02923,PARKING
A011665,P02923,SWIMMING_POOL
A011666,P02924,SWIMMING_POOL
A011667,P02924,GARDEN
A011668,P02924,CLUBHOUSE
A011669,P02924,PARKING
A011670,P02924,LIFT
A011671,P02925,SWIMMING_POOL
A011672,P02925,SECURITY
A011673,P02925,GYM
A011674,P02925,WIFI
A011675,P02926,WIFI
A011676,P02926,LIFT
A011677,P02926,AIR_CONDITIONING
A011678,P02926,GYM
A011679,P02926,GARDEN
A011680,P02926,CLUBHOUSE
A011681,P02927,SWIMMING_POOL
A011682,P02927,PARKING
A011683,P02927,GARDEN
A011684,P02927,SECURITY
A011685,P02928,LIFT
A011686,P02928,CLUBHOUSE
A011687,P02928,PARKING
A011688,P02928,SWIMMING_POOL
A011689,P02928,SECURITY
A011690,P02928,AIR_CONDITIONING
A011691,P02929,CLUBHOUSE
A011692,P02929,PARKING
A011693,P02929,LIFT
A011694,P02929,WIFI
A011695,P02930,CLUBHOUSE
A011696,P02930,LIFT
A011697,P02930,AIR_CONDITIONING
A011698,P02930,POWER_BACKUP
A011699,P02930,WIFI
A011700,P02930,GARDEN
A011701,P02931,LIFT
A011702,P02931,PARKING
A011703,P02932,GARDEN
A011704,P02932,SECURITY
A011705,P02932,LIFT
A011706,P02933,LIFT
A011707,P02933,SECURITY
A011708,P02933,GYM
A011709,P02933,SWIMMING_POOL
A011710,P02933,WIFI
A011711,P02934,PARKING
A011712,P02934,SECURITY
A011713,P02934,GYM
A011714,P02934,POWER_BACKUP
A011715,P02934,GARDEN
A011716,P02934,WIFI
A011717,P02935,AIR_CONDITIONING
A011718,P02935,PARKING
A011719,P02935,SWIMMING_POOL
A011720,P02935,WIFI
A011721,P02935,POWER_BACKUP
A011722,P02936,PARKING
A011723,P02936,GYM
A011724,P02937,PARKING
A011725,P02937,POWER_BACKUP
A011726,P02937,GARDEN
A011727,P02938,CLUBHOUSE
A011728,P02938,GYM
A011729,P02939,POWER_BACKUP
A011730,P02939,LIFT
A011731,P02939,PARKING
A011732,P02939,WIFI
A011733,P02939,CLUBHOUSE
A011734,P02939,GYM
A011735,P02940,LIFT
A011736,P02940,PARKING
A011737,P02940,CLUBHOUSE
A011738,P02940,SWIMMING_POOL
A011739,P02940,SECURITY
A011740,P02941,CLUBHOUSE
A011741,P02941,AIR_CONDITIONING
A011742,P02941,GARDEN
A011743,P02941,LIFT
A011744,P02942,AIR_CONDITIONING
A011745,P02942,POWER_BACKUP
A011746,P02942,GARDEN
A011747,P02942,SECURITY
A011748,P02942,CLUBHOUSE
A011749,P02943,WIFI
A011750,P02943,GYM
A011751,P02943,LIFT
A011752,P02943,SWIMMING_POOL
A011753,P02943,CLUBHOUSE
A011754,P02943,AIR_CONDITIONING
A011755,P02944,GYM
A011756,P02944,SECURITY
A011757,P02944,POWER_BACKUP
A011758,P02944,GARDEN
A011759,P02945,LIFT
A011760,P02945,PARKING
A011761,P02945,POWER_BACKUP
A011762,P02946,POWER_BACKUP
A011763,P02946,GARDEN
A011764,P02946,CLUBHOUSE
A011765,P02946,WIFI
A011766,P02946,GYM
A011767,P02947,POWER_BACKUP
A011768,P02947,AIR_CONDITIONING
A011769,P02947,PARKING
A011770,P02948,AIR_CONDITIONING
A011771,P02948,PARKING
A011772,P02948,CLUBHOUSE
A011773,P02948,GARDEN
A011774,P02948,LIFT
A011775,P02949,SWIMMING_POOL
A011776,P02949,WIFI
A011777,P02949,CLUBHOUSE
A011778,P02949,SECURITY
A011779,P02949,GARDEN
A011780,P02950,SWIMMING_POOL
A011781,P02950,PARKING
A011782,P02950,LIFT
A011783,P02950,SECURITY
A011784,P02950,AIR_CONDITIONING
A011785,P02951,LIFT
A011786,P02951,SWIMMING_POOL
A011787,P02951,GYM
A011788,P02952,CLUBHOUSE
A011789,P02952,LIFT
A011790,P02952,AIR_CONDITIONING
A011791,P02952,GARDEN
A011792,P02953,CLUBHOUSE
A011793,P02953,SECURITY
A011794,P02953,POWER_BACKUP
A011795,P02953,LIFT
A011796,P02954,PARKING
A011797,P02954,CLUBHOUSE
A011798,P02954,SECURITY
A011799,P02955,AIR_CONDITIONING
A011800,P02955,WIFI
A011801,P02955,GARDEN
A011802,P02955,SWIMMING_POOL
A011803,P02955,PARKING
A011804,P02956,POWER_BACKUP
A011805,P02956,CLUBHOUSE
A011806,P02956,PARKING
A011807,P02956,LIFT
A011808,P02956,SWIMMING_POOL
A011809,P02956,GARDEN
A011810,P02957,POWER_BACKUP
A011811,P02957,LIFT
A011812,P02957,WIFI
A011813,P02957,GARDEN
A011814,P02957,PARKING
A011815,P02957,CLUBHOUSE
A011816,P02958,SECURITY
A011817,P02958,LIFT
A011818,P02958,AIR_CONDITIONING
A011819,P02958,GARDEN
A011820,P02958,GYM
A011821,P02958,SWIMMING_POOL
A011822,P02959,PARKING
A011823,P02959,SWIMMING_POOL
A011824,P02959,CLUBHOUSE
A011825,P02959,LIFT
A011826,P02959,WIFI
A011827,P02960,WIFI
A011828,P02960,SECURITY
A011829,P02960,POWER_BACKUP
A011830,P02960,CLUBHOUSE
A011831,P02961,POWER_BACKUP
A011832,P02961,CLUBHOUSE
A011833,P02961,LIFT
A011834,P02962,CLUBHOUSE
A011835,P02962,AIR_CONDITIONING
A011836,P02962,WIFI
A011837,P02962,PARKING
A011838,P02962,GYM
A011839,P02963,LIFT
A011840,P02963,SECURITY
A011841,P02963,AIR_CONDITIONING
A011842,P02963,SWIMMING_POOL
A011843,P02964,GYM
A011844,P02964,GARDEN
A011845,P02964,SWIMMING_POOL
A011846,P02964,POWER_BACKUP
A011847,P02965,GYM
A011848,P02965,LIFT
A011849,P02966,POWER_BACKUP
A011850,P02966,LIFT
A011851,P02967,POWER_BACKUP
A011852,P02967,GYM
A011853,P02967,PARKING
A011854,P02967,CLUBHOUSE
A011855,P02967,SWIMMING_POOL
A011856,P02968,WIFI
A011857,P02968,AIR_CONDITIONING
A011858,P02968,PARKING
A011859,P02968,SWIMMING_POOL
A011860,P02968,LIFT
A011861,P02968,SECURITY
A011862,P02969,LIFT
A011863,P02969,PARKING
A011864,P02969,SWIMMING_POOL
A011865,P02969,SECURITY
A011866,P02970,WIFI
A011867,P02970,SWIMMING_POOL
A011868,P02971,GYM
A011869,P02971,CLUBHOUSE
A011870,P02971,WIFI
A011871,P02971,AIR_CONDITIONING
A011872,P02972,POWER_BACKUP
A011873,P02972,LIFT
A011874,P02972,SWIMMING_POOL
A011875,P02973,SWIMMING_POOL
A011876,P02973,SECURITY
A011877,P02973,CLUBHOUSE
A011878,P02973,GARDEN
A011879,P02973,WIFI
A011880,P02973,GYM
A011881,P02974,POWER_BACKUP
A011882,P02974,SECURITY
A011883,P02974,PARKING
A011884,P02974,GYM
A011885,P02975,PARKING
A011886,P02975,AIR_CONDITIONING
A011887,P02975,WIFI
A011888,P02976,GYM
A011889,P02976,SWIMMING_POOL
A011890,P02976,AIR_CONDITIONING
A011891,P02976,SECURITY
A011892,P02976,PARKING
A011893,P02977,AIR_CONDITIONING
A011894,P02977,GYM
A011895,P02977,GARDEN
A011896,P02977,POWER_BACKUP
A011897,P02977,SECURITY
A011898,P02978,SWIMMING_POOL
A011899,P02978,AIR_CONDITIONING
A011900,P02978,GARDEN
A011901,P02978,WIFI
A011902,P02978,PARKING
A011903,P02979,GYM
A011904,P02979,SWIMMING_POOL
A011905,P02979,WIFI
A011906,P02979,AIR_CONDITIONING
A011907,P02979,PARKING
A011908,P02979,POWER_BACKUP
A011909,P02980,LIFT
A011910,P02980,POWER_BACKUP
A011911,P02980,SWIMMING_POOL
A011912,P02980,WIFI
A011913,P02981,PARKING
A011914,P02981,SECURITY
A011915,P02981,CLUBHOUSE
A011916,P02981,LIFT
A011917,P02982,AIR_CONDITIONING
A011918,P02982,WIFI
A011919,P02983,CLUBHOUSE
A011920,P02983,AIR_CONDITIONING
A011921,P02983,LIFT
A011922,P02983,SWIMMING_POOL
A011923,P02984,PARKING
A011924,P02984,GYM
A011925,P02984,AIR_CONDITIONING
A011926,P02984,LIFT
A011927,P02985,LIFT
A011928,P02985,PARKING
A011929,P02985,SWIMMING_POOL
A011930,P02986,GARDEN
A011931,P02986,POWER_BACKUP
A011932,P02986,WIFI
A011933,P02986,SECURITY
A011934,P02987,SECURITY
A011935,P02987,SWIMMING_POOL
A011936,P02987,WIFI
A011937,P02988,AIR_CONDITIONING
A011938,P02988,GYM
A011939,P02988,LIFT
A011940,P02988,SECURITY
A011941,P02989,POWER_BACKUP
A011942,P02989,SECURITY
A011943,P02989,AIR_CONDITIONING
A011944,P02990,SWIMMING_POOL
A011945,P02990,GARDEN
A011946,P02990,AIR_CONDITIONING
A011947,P02990,SECURITY
A011948,P02990,PARKING
A011949,P02991,GARDEN
A011950,P02991,PARKING
A011951,P02991,GYM
A011952,P02991,POWER_BACKUP
A011953,P02991,CLUBHOUSE
A011954,P02991,SECURITY
A011955,P02992,GYM
A011956,P02992,SWIMMING_POOL
A011957,P02992,CLUBHOUSE
A011958,P02992,WIFI
A011959,P02993,GYM
A011960,P02993,SWIMMING_POOL
A011961,P02993,CLUBHOUSE
A011962,P02993,SECURITY
A011963,P02994,GARDEN
A011964,P02994,LIFT
A011965,P02994,GYM
A011966,P02994,SWIMMING_POOL
A011967,P02994,PARKING
A011968,P02995,POWER_BACKUP
A011969,P02995,SWIMMING_POOL
A011970,P02995,AIR_CONDITIONING
A011971,P02996,CLUBHOUSE
A011972,P02996,LIFT
A011973,P02996,PARKING
A011974,P02996,SWIMMING_POOL
A011975,P02996,AIR_CONDITIONING
A011976,P02997,WIFI
A011977,P02997,GYM
A011978,P02997,GARDEN
A011979,P02998,AIR_CONDITIONING
A011980,P02998,CLUBHOUSE
A011981,P02998,GYM
A011982,P02998,WIFI
A011983,P02999,CLUBHOUSE
A011984,P02999,GARDEN
A011985,P02999,LIFT
A011986,P02999,POWER_BACKUP
A011987,P02999,SECURITY
A011988,P02999,AIR_CONDITIONING
A011989,P03000,GYM
A011990,P03000,LIFT
A011991,P03000,GARDEN
A011992,P03000,PARKING
A011993,P03000,WIFI
A011994,P03000,CLUBHOUSE
A011995,P03001,POWER_BACKUP
A011996,P03001,AIR_CONDITIONING
A011997,P03001,SECURITY
A011998,P03001,WIFI
A011999,P03001,LIFT
A012000,P03001,GYM
A012001,P03002,LIFT
A012002,P03002,CLUBHOUSE
A012003,P03003,AIR_CONDITIONING
A012004,P03003,SECURITY
A012005,P03003,GARDEN
A012006,P03003,WIFI
A012007,P03004,SWIMMING_POOL
A012008,P03004,POWER_BACKUP
A012009,P03004,GARDEN
A012010,P03005,GARDEN
A012011,P03005,SECURITY
A012012,P03005,WIFI
A012013,P03005,PARKING
A012014,P03006,SECURITY
A012015,P03006,POWER_BACKUP
A012016,P03006,AIR_CONDITIONING
A012017,P03006,GARDEN
A012018,P03006,WIFI
A012019,P03006,PARKING
A012020,P03007,CLUBHOUSE
A012021,P03007,SECURITY
A012022,P03007,GARDEN
A012023,P03007,POWER_BACKUP
A012024,P03007,AIR_CONDITIONING
A012025,P03007,SWIMMING_POOL
A012026,P03008,GARDEN
A012027,P03008,PARKING
A012028,P03008,SWIMMING_POOL
A012029,P03008,SECURITY
A012030,P03009,CLUBHOUSE
A012031,P03009,GYM
A012032,P03009,AIR_CONDITIONING
A012033,P03010,POWER_BACKUP
A012034,P03010,PARKING
A012035,P03010,WIFI
A012036,P03010,SECURITY
A012037,P03011,PARKING
A012038,P03011,CLUBHOUSE
A012039,P03011,WIFI
A012040,P03011,AIR_CONDITIONING
A012041,P03012,SWIMMING_POOL
A012042,P03012,POWER_BACKUP
A012043,P03012,SECURITY
A012044,P03012,PARKING
A012045,P03012,GARDEN
A012046,P03012,WIFI
A012047,P03013,GARDEN
A012048,P03013,SECURITY
A012049,P03013,SWIMMING_POOL
A012050,P03013,GYM
A012051,P03014,SWIMMING_POOL
A012052,P03014,AIR_CONDITIONING
A012053,P03014,PARKING
A012054,P03014,WIFI
A012055,P03014,POWER_BACKUP
A012056,P03014,LIFT
A012057,P03015,WIFI
A012058,P03015,GYM
A012059,P03015,LIFT
A012060,P03015,POWER_BACKUP
A012061,P03016,PARKING
A012062,P03016,POWER_BACKUP
A012063,P03016,CLUBHOUSE
A012064,P03016,SWIMMING_POOL
A012065,P03017,POWER_BACKUP
A012066,P03017,SECURITY
A012067,P03018,LIFT
A012068,P03018,GARDEN
A012069,P03018,PARKING
A012070,P03018,SECURITY
A012071,P03018,AIR_CONDITIONING
A012072,P03019,PARKING
A012073,P03019,GYM
A012074,P03019,GARDEN
A012075,P03019,SECURITY
A012076,P03019,CLUBHOUSE
A012077,P03019,SWIMMING_POOL
A012078,P03020,SWIMMING_POOL
A012079,P03020,GARDEN
A012080,P03020,PARKING
A012081,P03020,LIFT
A012082,P03021,GYM
A012083,P03021,WIFI
A012084,P03021,POWER_BACKUP
A012085,P03021,LIFT
A012086,P03022,PARKING
A012087,P03022,GYM
A012088,P03022,AIR_CONDITIONING
A012089,P03022,SECURITY
A012090,P03022,POWER_BACKUP
A012091,P03022,SWIMMING_POOL
A012092,P03023,SECURITY
A012093,P03023,POWER_BACKUP
A012094,P03023,AIR_CONDITIONING
A012095,P03023,GARDEN
A012096,P03024,GARDEN
A012097,P03024,WIFI
A012098,P03024,SECURITY
A012099,P03024,GYM
A012100,P03025,GARDEN
A012101,P03025,GYM
A012102,P03025,PARKING
A012103,P03025,CLUBHOUSE
A012104,P03025,SECURITY
A012105,P03025,AIR_CONDITIONING
A012106,P03026,AIR_CONDITIONING
A012107,P03026,SWIMMING_POOL
A012108,P03027,POWER_BACKUP
A012109,P03027,SECURITY
A012110,P03028,GARDEN
A012111,P03028,WIFI
A012112,P03028,SWIMMING_POOL
A012113,P03028,LIFT
A012114,P03028,CLUBHOUSE
A012115,P03029,WIFI
A012116,P03029,POWER_BACKUP
A012117,P03030,WIFI
A012118,P03030,LIFT
A012119,P03030,PARKING
A012120,P03030,GARDEN
A012121,P03030,CLUBHOUSE
A012122,P03030,SWIMMING_POOL
A012123,P03031,SWIMMING_POOL
A012124,P03031,POWER_BACKUP
A012125,P03032,LIFT
A012126,P03032,WIFI
A012127,P03032,CLUBHOUSE
A012128,P03033,POWER_BACKUP
A012129,P03033,CLUBHOUSE
A012130,P03033,PARKING
A012131,P03033,SECURITY
A012132,P03033,SWIMMING_POOL
A012133,P03034,POWER_BACKUP
A012134,P03034,SWIMMING_POOL
A012135,P03034,GYM
A012136,P03034,GARDEN
A012137,P03034,PARKING
A012138,P03035,WIFI
A012139,P03035,LIFT
A012140,P03035,SECURITY
A012141,P03036,GYM
A012142,P03036,LIFT
A012143,P03036,SWIMMING_POOL
A012144,P03037,LIFT
A012145,P03037,POWER_BACKUP
A012146,P03037,SWIMMING_POOL
A012147,P03038,GARDEN
A012148,P03038,GYM
A012149,P03038,SWIMMING_POOL
A012150,P03038,CLUBHOUSE
A012151,P03038,SECURITY
A012152,P03038,AIR_CONDITIONING
A012153,P03039,SECURITY
A012154,P03039,SWIMMING_POOL
A012155,P03039,LIFT
A012156,P03040,CLUBHOUSE
A012157,P03040,LIFT
A012158,P03040,PARKING
A012159,P03040,SWIMMING_POOL
A012160,P03040,WIFI
A012161,P03041,AIR_CONDITIONING
A012162,P03041,PARKING
A012163,P03041,WIFI
A012164,P03041,CLUBHOUSE
A012165,P03042,CLUBHOUSE
A012166,P03042,SECURITY
A012167,P03042,GYM
A012168,P03043,CLUBHOUSE
A012169,P03043,PARKING
A012170,P03044,LIFT
A012171,P03044,CLUBHOUSE
A012172,P03044,SECURITY
A012173,P03044,POWER_BACKUP
A012174,P03044,AIR_CONDITIONING
A012175,P03044,PARKING
A012176,P03045,SWIMMING_POOL
A012177,P03045,PARKING
A012178,P03045,SECURITY
A012179,P03045,LIFT
A012180,P03046,AIR_CONDITIONING
A012181,P03046,LIFT
A012182,P03046,PARKING
A012183,P03046,CLUBHOUSE
A012184,P03047,CLUBHOUSE
A012185,P03047,POWER_BACKUP
A012186,P03048,CLUBHOUSE
A012187,P03048,PARKING
A012188,P03048,WIFI
A012189,P03049,CLUBHOUSE
A012190,P03049,GARDEN
A012191,P03049,WIFI
A012192,P03049,POWER_BACKUP
A012193,P03049,AIR_CONDITIONING
A012194,P03050,GYM
A012195,P03050,CLUBHOUSE
A012196,P03050,LIFT
A012197,P03051,GYM
A012198,P03051,GARDEN
A012199,P03051,LIFT
A012200,P03051,PARKING
A012201,P03051,CLUBHOUSE
A012202,P03052,PARKING
A012203,P03052,SECURITY
A012204,P03052,LIFT
A012205,P03053,AIR_CONDITIONING
A012206,P03053,WIFI
A012207,P03053,GARDEN
A012208,P03053,POWER_BACKUP
A012209,P03054,SECURITY
A012210,P03054,POWER_BACKUP
A012211,P03055,PARKING
A012212,P03055,CLUBHOUSE
A012213,P03055,GARDEN
A012214,P03055,SECURITY
A012215,P03056,GYM
A012216,P03056,PARKING
A012217,P03056,GARDEN
A012218,P03056,AIR_CONDITIONING
A012219,P03056,SECURITY
A012220,P03056,LIFT
A012221,P03057,GARDEN
A012222,P03057,SWIMMING_POOL
A012223,P03057,GYM
A012224,P03057,PARKING
A012225,P03057,CLUBHOUSE
A012226,P03057,LIFT
A012227,P03058,GYM
A012228,P03058,AIR_CONDITIONING
A012229,P03059,SECURITY
A012230,P03059,WIFI
A012231,P03059,SWIMMING_POOL
A012232,P03059,AIR_CONDITIONING
A012233,P03059,LIFT
A012234,P03060,LIFT
A012235,P03060,AIR_CONDITIONING
A012236,P03060,PARKING
A012237,P03060,WIFI
A012238,P03061,GYM
A012239,P03061,AIR_CONDITIONING
A012240,P03061,PARKING
A012241,P03062,PARKING
A012242,P03062,CLUBHOUSE
A012243,P03063,GYM
A012244,P03063,LIFT
A012245,P03063,SECURITY
A012246,P03063,CLUBHOUSE
A012247,P03063,WIFI
A012248,P03063,PARKING
A012249,P03064,AIR_CONDITIONING
A012250,P03064,SECURITY
A012251,P03064,GARDEN
A012252,P03064,GYM
A012253,P03064,CLUBHOUSE
A012254,P03064,LIFT
A012255,P03065,WIFI
A012256,P03065,GARDEN
A012257,P03065,PARKING
A012258,P03065,POWER_BACKUP
A012259,P03066,SECURITY
A012260,P03066,GARDEN
A012261,P03066,CLUBHOUSE
A012262,P03066,PARKING
A012263,P03066,LIFT
A012264,P03067,SWIMMING_POOL
A012265,P03067,LIFT
A012266,P03067,CLUBHOUSE
A012267,P03068,CLUBHOUSE
A012268,P03068,PARKING
A012269,P03068,LIFT
A012270,P03069,AIR_CONDITIONING
A012271,P03069,PARKING
A012272,P03069,WIFI
A012273,P03070,SECURITY
A012274,P03070,CLUBHOUSE
A012275,P03071,GARDEN
A012276,P03071,SWIMMING_POOL
A012277,P03071,SECURITY
A012278,P03071,LIFT
A012279,P03071,CLUBHOUSE
A012280,P03072,GYM
A012281,P03072,POWER_BACKUP
A012282,P03072,PARKING
A012283,P03073,CLUBHOUSE
A012284,P03073,SECURITY
A012285,P03073,AIR_CONDITIONING
A012286,P03073,GARDEN
A012287,P03073,SWIMMING_POOL
A012288,P03073,LIFT
A012289,P03074,POWER_BACKUP
A012290,P03074,AIR_CONDITIONING
A012291,P03075,AIR_CONDITIONING
A012292,P03075,GARDEN
A012293,P03075,LIFT
A012294,P03075,SWIMMING_POOL
A012295,P03075,POWER_BACKUP
A012296,P03076,SECURITY
A012297,P03076,AIR_CONDITIONING
A012298,P03076,GARDEN
A012299,P03076,LIFT
A012300,P03077,POWER_BACKUP
A012301,P03077,SWIMMING_POOL
A012302,P03077,GYM
A012303,P03077,PARKING
A012304,P03077,SECURITY
A012305,P03077,CLUBHOUSE
A012306,P03078,LIFT
A012307,P03078,GYM
A012308,P03078,PARKING
A012309,P03079,GYM
A012310,P03079,CLUBHOUSE
A012311,P03080,SECURITY
A012312,P03080,LIFT
A012313,P03080,PARKING
A012314,P03081,SECURITY
A012315,P03081,GARDEN
A012316,P03081,SWIMMING_POOL
A012317,P03081,WIFI
A012318,P03081,POWER_BACKUP
A012319,P03082,GYM
A012320,P03082,AIR_CONDITIONING
A012321,P03082,WIFI
A012322,P03082,CLUBHOUSE
A012323,P03082,SECURITY
A012324,P03082,LIFT
A012325,P03083,SECURITY
A012326,P03083,SWIMMING_POOL
A012327,P03083,GARDEN
A012328,P03083,LIFT
A012329,P03083,WIFI
A012330,P03083,POWER_BACKUP
A012331,P03084,POWER_BACKUP
A012332,P03084,SWIMMING_POOL
A012333,P03084,LIFT
A012334,P03085,WIFI
A012335,P03085,PARKING
A012336,P03086,PARKING
A012337,P03086,GARDEN
A012338,P03086,GYM
A012339,P03087,POWER_BACKUP
A012340,P03087,SWIMMING_POOL
A012341,P03087,CLUBHOUSE
A012342,P03087,GYM
A012343,P03087,GARDEN
A012344,P03088,POWER_BACKUP
A012345,P03088,SECURITY
A012346,P03089,WIFI
A012347,P03089,POWER_BACKUP
A012348,P03090,LIFT
A012349,P03090,PARKING
A012350,P03090,WIFI
A012351,P03090,AIR_CONDITIONING
A012352,P03090,GARDEN
A012353,P03090,SWIMMING_POOL
A012354,P03091,GARDEN
A012355,P03091,CLUBHOUSE
A012356,P03091,GYM
A012357,P03091,SECURITY
A012358,P03091,SWIMMING_POOL
A012359,P03092,GARDEN
A012360,P03092,POWER_BACKUP
A012361,P03093,PARKING
A012362,P03093,GARDEN
A012363,P03093,GYM
A012364,P03094,AIR_CONDITIONING
A012365,P03094,POWER_BACKUP
A012366,P03094,LIFT
A012367,P03094,GARDEN
A012368,P03094,PARKING
A012369,P03094,SECURITY
A012370,P03095,POWER_BACKUP
A012371,P03095,SWIMMING_POOL
A012372,P03095,AIR_CONDITIONING
A012373,P03095,PARKING
A012374,P03096,SWIMMING_POOL
A012375,P03096,AIR_CONDITIONING
A012376,P03096,GARDEN
A012377,P03096,SECURITY
A012378,P03096,GYM
A012379,P03097,CLUBHOUSE
A012380,P03097,GYM
A012381,P03097,SECURITY
A012382,P03097,WIFI
A012383,P03097,SWIMMING_POOL
A012384,P03097,LIFT
A012385,P03098,LIFT
A012386,P03098,SWIMMING_POOL
A012387,P03098,GYM
A012388,P03098,AIR_CONDITIONING
A012389,P03098,CLUBHOUSE
A012390,P03099,POWER_BACKUP
A012391,P03099,PARKING
A012392,P03100,SWIMMING_POOL
A012393,P03100,POWER_BACKUP
A012394,P03101,AIR_CONDITIONING
A012395,P03101,SWIMMING_POOL
A012396,P03102,GARDEN
A012397,P03102,AIR_CONDITIONING
A012398,P03102,WIFI
A012399,P03103,WIFI
A012400,P03103,GARDEN
A012401,P03103,CLUBHOUSE
A012402,P03103,SWIMMING_POOL
A012403,P03103,GYM
A012404,P03103,PARKING
A012405,P03104,CLUBHOUSE
A012406,P03104,WIFI
A012407,P03104,SECURITY
A012408,P03105,SWIMMING_POOL
A012409,P03105,POWER_BACKUP
A012410,P03105,SECURITY
A012411,P03105,PARKING
A012412,P03106,WIFI
A012413,P03106,GARDEN
A012414,P03106,SWIMMING_POOL
A012415,P03106,GYM
A012416,P03106,LIFT
A012417,P03107,GYM
A012418,P03107,PARKING
A012419,P03107,AIR_CONDITIONING
A012420,P03107,LIFT
A012421,P03108,CLUBHOUSE
A012422,P03108,PARKING
A012423,P03108,GYM
A012424,P03108,SWIMMING_POOL
A012425,P03108,POWER_BACKUP
A012426,P03108,WIFI
A012427,P03109,PARKING
A012428,P03109,WIFI
A012429,P03110,AIR_CONDITIONING
A012430,P03110,POWER_BACKUP
A012431,P03110,GARDEN
A012432,P03110,WIFI
A012433,P03111,SECURITY
A012434,P03111,WIFI
A012435,P03111,PARKING
A012436,P03111,POWER_BACKUP
A012437,P03111,AIR_CONDITIONING
A012438,P03111,GYM
A012439,P03112,POWER_BACKUP
A012440,P03112,CLUBHOUSE
A012441,P03112,AIR_CONDITIONING
A012442,P03112,LIFT
A012443,P03112,WIFI
A012444,P03112,GYM
A012445,P03113,WIFI
A012446,P03113,SECURITY
A012447,P03113,POWER_BACKUP
A012448,P03113,SWIMMING_POOL
A012449,P03114,LIFT
A012450,P03114,GYM
A012451,P03114,PARKING
A012452,P03114,WIFI
A012453,P03114,CLUBHOUSE
A012454,P03114,SECURITY
A012455,P03115,SECURITY
A012456,P03115,PARKING
A012457,P03116,PARKING
A012458,P03116,GYM
A012459,P03116,LIFT
A012460,P03116,WIFI
A012461,P03117,SECURITY
A012462,P03117,PARKING
A012463,P03117,POWER_BACKUP
A012464,P03117,SWIMMING_POOL
A012465,P03117,WIFI
A012466,P03117,CLUBHOUSE
A012467,P03118,LIFT
A012468,P03118,WIFI
A012469,P03118,AIR_CONDITIONING
A012470,P03118,SECURITY
A012471,P03118,CLUBHOUSE
A012472,P03118,GYM
A012473,P03119,GARDEN
A012474,P03119,AIR_CONDITIONING
A012475,P03119,WIFI
A012476,P03119,LIFT
A012477,P03119,POWER_BACKUP
A012478,P03120,SWIMMING_POOL
A012479,P03120,GYM
A012480,P03121,GARDEN
A012481,P03121,AIR_CONDITIONING
A012482,P03121,CLUBHOUSE
A012483,P03121,WIFI
A012484,P03121,GYM
A012485,P03122,POWER_BACKUP
A012486,P03122,GARDEN
A012487,P03122,WIFI
A012488,P03123,CLUBHOUSE
A012489,P03123,WIFI
A012490,P03123,LIFT
A012491,P03123,GARDEN
A012492,P03124,SECURITY
A012493,P03124,AIR_CONDITIONING
A012494,P03124,WIFI
A012495,P03124,PARKING
A012496,P03124,CLUBHOUSE
A012497,P03124,SWIMMING_POOL
A012498,P03125,GYM
A012499,P03125,SECURITY
A012500,P03125,CLUBHOUSE
A012501,P03125,LIFT
A012502,P03126,LIFT
A012503,P03126,AIR_CONDITIONING
A012504,P03127,SECURITY
A012505,P03127,SWIMMING_POOL
A012506,P03127,LIFT
A012507,P03127,WIFI
A012508,P03127,PARKING
A012509,P03128,GARDEN
A012510,P03128,CLUBHOUSE
A012511,P03129,POWER_BACKUP
A012512,P03129,SWIMMING_POOL
A012513,P03129,PARKING
A012514,P03129,GARDEN
A012515,P03129,GYM
A012516,P03130,WIFI
A012517,P03130,PARKING
A012518,P03130,POWER_BACKUP
A012519,P03130,SWIMMING_POOL
A012520,P03131,LIFT
A012521,P03131,AIR_CONDITIONING
A012522,P03131,GARDEN
A012523,P03131,POWER_BACKUP
A012524,P03132,SECURITY
A012525,P03132,WIFI
A012526,P03132,PARKING
A012527,P03132,AIR_CONDITIONING
A012528,P03133,POWER_BACKUP
A012529,P03133,AIR_CONDITIONING
A012530,P03133,LIFT
A012531,P03133,SECURITY
A012532,P03133,CLUBHOUSE
A012533,P03133,GYM
A012534,P03134,CLUBHOUSE
A012535,P03134,WIFI
A012536,P03135,CLUBHOUSE
A012537,P03135,SWIMMING_POOL
A012538,P03135,AIR_CONDITIONING
A012539,P03135,POWER_BACKUP
A012540,P03135,GARDEN
A012541,P03135,GYM
A012542,P03136,SWIMMING_POOL
A012543,P03136,PARKING
A012544,P03136,POWER_BACKUP
A012545,P03136,LIFT
A012546,P03137,WIFI
A012547,P03137,AIR_CONDITIONING
A012548,P03137,GYM
A012549,P03137,SWIMMING_POOL
A012550,P03138,LIFT
A012551,P03138,CLUBHOUSE
A012552,P03138,SECURITY
A012553,P03138,AIR_CONDITIONING
A012554,P03138,POWER_BACKUP
A012555,P03138,SWIMMING_POOL
A012556,P03139,AIR_CONDITIONING
A012557,P03139,CLUBHOUSE
A012558,P03139,LIFT
A012559,P03139,WIFI
A012560,P03139,PARKING
A012561,P03139,SECURITY
A012562,P03140,LIFT
A012563,P03140,GARDEN
A012564,P03141,GARDEN
A012565,P03141,GYM
A012566,P03141,PARKING
A012567,P03141,SWIMMING_POOL
A012568,P03141,SECURITY
A012569,P03141,LIFT
A012570,P03142,SWIMMING_POOL
A012571,P03142,WIFI
A012572,P03142,CLUBHOUSE
A012573,P03142,AIR_CONDITIONING
A012574,P03142,POWER_BACKUP
A012575,P03143,SECURITY
A012576,P03143,CLUBHOUSE
A012577,P03143,GYM
A012578,P03143,LIFT
A012579,P03144,POWER_BACKUP
A012580,P03144,CLUBHOUSE
A012581,P03145,CLUBHOUSE
A012582,P03145,PARKING
A012583,P03145,SECURITY
A012584,P03145,LIFT
A012585,P03145,WIFI
A012586,P03145,AIR_CONDITIONING
A012587,P03146,SWIMMING_POOL
A012588,P03146,GYM
A012589,P03147,POWER_BACKUP
A012590,P03147,SECURITY
A012591,P03147,GARDEN
A012592,P03147,WIFI
A012593,P03148,SWIMMING_POOL
A012594,P03148,POWER_BACKUP
A012595,P03149,GARDEN
A012596,P03149,LIFT
A012597,P03150,SWIMMING_POOL
A012598,P03150,GARDEN
A012599,P03151,SWIMMING_POOL
A012600,P03151,AIR_CONDITIONING
A012601,P03151,GYM
A012602,P03151,POWER_BACKUP
A012603,P03152,POWER_BACKUP
A012604,P03152,GYM
A012605,P03152,AIR_CONDITIONING
A012606,P03153,AIR_CONDITIONING
A012607,P03153,GARDEN
A012608,P03153,PARKING
A012609,P03153,POWER_BACKUP
A012610,P03153,CLUBHOUSE
A012611,P03154,POWER_BACKUP
A012612,P03154,LIFT
A012613,P03155,CLUBHOUSE
A012614,P03155,GYM
A012615,P03156,CLUBHOUSE
A012616,P03156,WIFI
A012617,P03156,PARKING
A012618,P03157,CLUBHOUSE
A012619,P03157,WIFI
A012620,P03158,CLUBHOUSE
A012621,P03158,POWER_BACKUP
A012622,P03159,PARKING
A012623,P03159,CLUBHOUSE
A012624,P03159,POWER_BACKUP
A012625,P03159,AIR_CONDITIONING
A012626,P03160,AIR_CONDITIONING
A012627,P03160,LIFT
A012628,P03160,POWER_BACKUP
A012629,P03161,POWER_BACKUP
A012630,P03161,PARKING
A012631,P03161,WIFI
A012632,P03162,PARKING
A012633,P03162,CLUBHOUSE
A012634,P03162,AIR_CONDITIONING
A012635,P03162,GARDEN
A012636,P03162,GYM
A012637,P03162,WIFI
A012638,P03163,POWER_BACKUP
A012639,P03163,PARKING
A012640,P03163,GARDEN
A012641,P03163,WIFI
A012642,P03163,LIFT
A012643,P03164,POWER_BACKUP
A012644,P03164,SWIMMING_POOL
A012645,P03164,PARKING
A012646,P03165,AIR_CONDITIONING
A012647,P03165,LIFT
A012648,P03165,POWER_BACKUP
A012649,P03165,SECURITY
A012650,P03165,GARDEN
A012651,P03166,CLUBHOUSE
A012652,P03166,WIFI
A012653,P03166,AIR_CONDITIONING
A012654,P03167,AIR_CONDITIONING
A012655,P03167,PARKING
A012656,P03168,GARDEN
A012657,P03168,WIFI
A012658,P03169,WIFI
A012659,P03169,POWER_BACKUP
A012660,P03169,SWIMMING_POOL
A012661,P03169,PARKING
A012662,P03170,PARKING
A012663,P03170,CLUBHOUSE
A012664,P03170,GYM
A012665,P03170,WIFI
A012666,P03170,SWIMMING_POOL
A012667,P03170,SECURITY
A012668,P03171,AIR_CONDITIONING
A012669,P03171,WIFI
A012670,P03171,POWER_BACKUP
A012671,P03172,SECURITY
A012672,P03172,WIFI
A012673,P03172,CLUBHOUSE
A012674,P03172,SWIMMING_POOL
A012675,P03173,WIFI
A012676,P03173,PARKING
A012677,P03173,GARDEN
A012678,P03173,LIFT
A012679,P03173,POWER_BACKUP
A012680,P03174,SECURITY
A012681,P03174,SWIMMING_POOL
A012682,P03174,GARDEN
A012683,P03174,POWER_BACKUP
A012684,P03174,CLUBHOUSE
A012685,P03174,WIFI
A012686,P03175,CLUBHOUSE
A012687,P03175,GYM
A012688,P03175,SWIMMING_POOL
A012689,P03175,PARKING
A012690,P03176,GYM
A012691,P03176,GARDEN
A012692,P03176,POWER_BACKUP
A012693,P03176,PARKING
A012694,P03176,WIFI
A012695,P03177,POWER_BACKUP
A012696,P03177,GYM
A012697,P03177,GARDEN
A012698,P03177,SECURITY
A012699,P03177,LIFT
A012700,P03178,GYM
A012701,P03178,GARDEN
A012702,P03178,SWIMMING_POOL
A012703,P03178,PARKING
A012704,P03179,GARDEN
A012705,P03179,POWER_BACKUP
A012706,P03179,PARKING
A012707,P03179,LIFT
A012708,P03179,CLUBHOUSE
A012709,P03179,WIFI
A012710,P03180,SECURITY
A012711,P03180,PARKING
A012712,P03180,GYM
A012713,P03180,POWER_BACKUP
A012714,P03181,SECURITY
A012715,P03181,SWIMMING_POOL
A012716,P03181,WIFI
A012717,P03182,GYM
A012718,P03182,CLUBHOUSE
A012719,P03182,LIFT
A012720,P03182,SWIMMING_POOL
A012721,P03182,AIR_CONDITIONING
A012722,P03183,SWIMMING_POOL
A012723,P03183,POWER_BACKUP
A012724,P03184,PARKING
A012725,P03184,SECURITY
A012726,P03185,AIR_CONDITIONING
A012727,P03185,GARDEN
A012728,P03185,SWIMMING_POOL
A012729,P03185,SECURITY
A012730,P03185,POWER_BACKUP
A012731,P03186,AIR_CONDITIONING
A012732,P03186,GYM
A012733,P03186,SWIMMING_POOL
A012734,P03186,CLUBHOUSE
A012735,P03186,WIFI
A012736,P03187,SWIMMING_POOL
A012737,P03187,WIFI
A012738,P03187,LIFT
A012739,P03187,AIR_CONDITIONING
A012740,P03187,CLUBHOUSE
A012741,P03187,GYM
A012742,P03188,SECURITY
A012743,P03188,AIR_CONDITIONING
A012744,P03188,POWER_BACKUP
A012745,P03188,GARDEN
A012746,P03188,WIFI
A012747,P03189,WIFI
A012748,P03189,LIFT
A012749,P03189,PARKING
A012750,P03190,SWIMMING_POOL
A012751,P03190,GARDEN
A012752,P03191,GARDEN
A012753,P03191,SWIMMING_POOL
A012754,P03191,POWER_BACKUP
A012755,P03191,GYM
A012756,P03192,SECURITY
A012757,P03192,GYM
A012758,P03192,POWER_BACKUP
A012759,P03192,AIR_CONDITIONING
A012760,P03193,LIFT
A012761,P03193,SWIMMING_POOL
A012762,P03193,WIFI
A012763,P03194,WIFI
A012764,P03194,CLUBHOUSE
A012765,P03194,AIR_CONDITIONING
A012766,P03195,SWIMMING_POOL
A012767,P03195,CLUBHOUSE
A012768,P03196,LIFT
A012769,P03196,GARDEN
A012770,P03196,POWER_BACKUP
A012771,P03196,PARKING
A012772,P03197,SWIMMING_POOL
A012773,P03197,LIFT
A012774,P03197,CLUBHOUSE
A012775,P03197,AIR_CONDITIONING
A012776,P03198,GYM
A012777,P03198,GARDEN
A012778,P03199,PARKING
A012779,P03199,LIFT
A012780,P03200,WIFI
A012781,P03200,SWIMMING_POOL
A012782,P03200,POWER_BACKUP
A012783,P03200,GARDEN
A012784,P03200,GYM
A012785,P03200,PARKING
A012786,P03201,PARKING
A012787,P03201,LIFT
A012788,P03201,GARDEN
A012789,P03202,SWIMMING_POOL
A012790,P03202,CLUBHOUSE
A012791,P03202,GYM
A012792,P03202,POWER_BACKUP
A012793,P03203,AIR_CONDITIONING
A012794,P03203,LIFT
A012795,P03203,POWER_BACKUP
A012796,P03204,GYM
A012797,P03204,WIFI
A012798,P03204,SWIMMING_POOL
A012799,P03204,SECURITY
A012800,P03204,AIR_CONDITIONING
A012801,P03205,POWER_BACKUP
A012802,P03205,SECURITY
A012803,P03205,GYM
A012804,P03205,PARKING
A012805,P03205,CLUBHOUSE
A012806,P03205,SWIMMING_POOL
A012807,P03206,GARDEN
A012808,P03206,SECURITY
A012809,P03206,GYM
A012810,P03206,LIFT
A012811,P03206,PARKING
A012812,P03206,WIFI
A012813,P03207,CLUBHOUSE
A012814,P03207,POWER_BACKUP
A012815,P03207,WIFI
A012816,P03208,CLUBHOUSE
A012817,P03208,POWER_BACKUP
A012818,P03208,GARDEN
A012819,P03208,GYM
A012820,P03208,SWIMMING_POOL
A012821,P03208,SECURITY
A012822,P03209,GYM
A012823,P03209,SWIMMING_POOL
A012824,P03209,AIR_CONDITIONING
A012825,P03210,WIFI
A012826,P03210,SWIMMING_POOL
A012827,P03211,SWIMMING_POOL
A012828,P03211,AIR_CONDITIONING
A012829,P03211,PARKING
A012830,P03211,WIFI
A012831,P03211,GYM
A012832,P03212,AIR_CONDITIONING
A012833,P03212,SWIMMING_POOL
A012834,P03212,LIFT
A012835,P03212,CLUBHOUSE
A012836,P03212,SECURITY
A012837,P03212,GARDEN
A012838,P03213,LIFT
A012839,P03213,SWIMMING_POOL
A012840,P03213,SECURITY
A012841,P03213,POWER_BACKUP
A012842,P03214,POWER_BACKUP
A012843,P03214,GARDEN
A012844,P03214,SWIMMING_POOL
A012845,P03214,WIFI
A012846,P03215,POWER_BACKUP
A012847,P03215,WIFI
A012848,P03215,GYM
A012849,P03215,CLUBHOUSE
A012850,P03215,PARKING
A012851,P03215,GARDEN
A012852,P03216,GYM
A012853,P03216,GARDEN
A012854,P03216,WIFI
A012855,P03216,CLUBHOUSE
A012856,P03216,PARKING
A012857,P03217,GARDEN
A012858,P03217,GYM
A012859,P03218,SWIMMING_POOL
A012860,P03218,AIR_CONDITIONING
A012861,P03218,GARDEN
A012862,P03218,LIFT
A012863,P03218,PARKING
A012864,P03218,POWER_BACKUP
A012865,P03219,GARDEN
A012866,P03219,LIFT
A012867,P03219,AIR_CONDITIONING
A012868,P03220,GYM
A012869,P03220,LIFT
A012870,P03220,WIFI
A012871,P03220,GARDEN
A012872,P03221,POWER_BACKUP
A012873,P03221,SWIMMING_POOL
A012874,P03221,SECURITY
A012875,P03221,WIFI
A012876,P03222,WIFI
A012877,P03222,AIR_CONDITIONING
A012878,P03223,CLUBHOUSE
A012879,P03223,POWER_BACKUP
A012880,P03223,AIR_CONDITIONING
A012881,P03223,GARDEN
A012882,P03223,GYM
A012883,P03223,LIFT
A012884,P03224,GARDEN
A012885,P03224,SWIMMING_POOL
A012886,P03224,AIR_CONDITIONING
A012887,P03225,PARKING
A012888,P03225,POWER_BACKUP
A012889,P03225,GARDEN
A012890,P03225,CLUBHOUSE
A012891,P03225,SWIMMING_POOL
A012892,P03225,WIFI
A012893,P03226,SECURITY
A012894,P03226,AIR_CONDITIONING
A012895,P03226,PARKING
A012896,P03227,CLUBHOUSE
A012897,P03227,WIFI
A012898,P03227,SWIMMING_POOL
A012899,P03228,GARDEN
A012900,P03228,WIFI
A012901,P03228,SECURITY
A012902,P03228,CLUBHOUSE
A012903,P03228,SWIMMING_POOL
A012904,P03228,AIR_CONDITIONING
A012905,P03229,PARKING
A012906,P03229,POWER_BACKUP
A012907,P03230,CLUBHOUSE
A012908,P03230,SECURITY
A012909,P03230,SWIMMING_POOL
A012910,P03230,AIR_CONDITIONING
A012911,P03230,GYM
A012912,P03231,LIFT
A012913,P03231,GYM
A012914,P03231,WIFI
A012915,P03231,PARKING
A012916,P03232,AIR_CONDITIONING
A012917,P03232,SWIMMING_POOL
A012918,P03233,SECURITY
A012919,P03233,LIFT
A012920,P03233,GYM
A012921,P03234,SWIMMING_POOL
A012922,P03234,AIR_CONDITIONING
A012923,P03234,SECURITY
A012924,P03234,CLUBHOUSE
A012925,P03234,POWER_BACKUP
A012926,P03235,GARDEN
A012927,P03235,SWIMMING_POOL
A012928,P03235,POWER_BACKUP
A012929,P03236,GYM
A012930,P03236,PARKING
A012931,P03236,SECURITY
A012932,P03236,CLUBHOUSE
A012933,P03236,POWER_BACKUP
A012934,P03237,SECURITY
A012935,P03237,POWER_BACKUP
A012936,P03238,SWIMMING_POOL
A012937,P03238,GARDEN
A012938,P03238,AIR_CONDITIONING
A012939,P03239,LIFT
A012940,P03239,PARKING
A012941,P03239,SWIMMING_POOL
A012942,P03240,SECURITY
A012943,P03240,AIR_CONDITIONING
A012944,P03240,LIFT
A012945,P03240,SWIMMING_POOL
A012946,P03240,CLUBHOUSE
A012947,P03240,PARKING
A012948,P03241,AIR_CONDITIONING
A012949,P03241,PARKING
A012950,P03242,PARKING
A012951,P03242,CLUBHOUSE
A012952,P03242,GYM
A012953,P03242,GARDEN
A012954,P03242,LIFT
A012955,P03243,WIFI
A012956,P03243,POWER_BACKUP
A012957,P03243,CLUBHOUSE
A012958,P03244,LIFT
A012959,P03244,CLUBHOUSE
A012960,P03244,WIFI
A012961,P03244,PARKING
A012962,P03244,GYM
A012963,P03244,POWER_BACKUP
A012964,P03245,SWIMMING_POOL
A012965,P03245,GARDEN
A012966,P03245,POWER_BACKUP
A012967,P03245,CLUBHOUSE
A012968,P03246,GYM
A012969,P03246,PARKING
A012970,P03246,WIFI
A012971,P03246,GARDEN
A012972,P03246,POWER_BACKUP
A012973,P03246,SWIMMING_POOL
A012974,P03247,PARKING
A012975,P03247,CLUBHOUSE
A012976,P03248,PARKING
A012977,P03248,WIFI
A012978,P03248,POWER_BACKUP
A012979,P03249,AIR_CONDITIONING
A012980,P03249,WIFI
A012981,P03249,GYM
A012982,P03249,SWIMMING_POOL
A012983,P03249,SECURITY
A012984,P03250,AIR_CONDITIONING
A012985,P03250,LIFT
A012986,P03251,AIR_CONDITIONING
A012987,P03251,LIFT
A012988,P03251,WIFI
A012989,P03252,GARDEN
A012990,P03252,SECURITY
A012991,P03252,SWIMMING_POOL
A012992,P03252,GYM
A012993,P03252,WIFI
A012994,P03253,POWER_BACKUP
A012995,P03253,AIR_CONDITIONING
A012996,P03254,GARDEN
A012997,P03254,WIFI
A012998,P03254,GYM
A012999,P03254,LIFT
A013000,P03255,SECURITY
A013001,P03255,AIR_CONDITIONING
A013002,P03256,GARDEN
A013003,P03256,SWIMMING_POOL
A013004,P03256,WIFI
A013005,P03256,GYM
A013006,P03256,SECURITY
A013007,P03256,AIR_CONDITIONING
A013008,P03257,WIFI
A013009,P03257,PARKING
A013010,P03257,SECURITY
A013011,P03257,LIFT
A013012,P03258,SWIMMING_POOL
A013013,P03258,CLUBHOUSE
A013014,P03258,AIR_CONDITIONING
A013015,P03258,GYM
A013016,P03258,GARDEN
A013017,P03259,LIFT
A013018,P03259,GYM
A013019,P03259,AIR_CONDITIONING
A013020,P03260,SWIMMING_POOL
A013021,P03260,GYM
A013022,P03261,WIFI
A013023,P03261,AIR_CONDITIONING
A013024,P03261,PARKING
A013025,P03261,GYM
A013026,P03261,POWER_BACKUP
A013027,P03262,PARKING
A013028,P03262,POWER_BACKUP
A013029,P03262,LIFT
A013030,P03262,WIFI
A013031,P03263,SECURITY
A013032,P03263,WIFI
A013033,P03264,WIFI
A013034,P03264,CLUBHOUSE
A013035,P03264,PARKING
A013036,P03264,SWIMMING_POOL
A013037,P03264,SECURITY
A013038,P03264,LIFT
A013039,P03265,GARDEN
A013040,P03265,SWIMMING_POOL
A013041,P03265,WIFI
A013042,P03265,SECURITY
A013043,P03266,SWIMMING_POOL
A013044,P03266,GYM
A013045,P03266,CLUBHOUSE
A013046,P03266,WIFI
A013047,P03266,PARKING
A013048,P03267,PARKING
A013049,P03267,SECURITY
A013050,P03267,POWER_BACKUP
A013051,P03267,AIR_CONDITIONING
A013052,P03267,GYM
A013053,P03268,CLUBHOUSE
A013054,P03268,POWER_BACKUP
A013055,P03269,SECURITY
A013056,P03269,GARDEN
A013057,P03269,WIFI
A013058,P03269,LIFT
A013059,P03269,CLUBHOUSE
A013060,P03269,PARKING
A013061,P03270,PARKING
A013062,P03270,POWER_BACKUP
A013063,P03270,SECURITY
A013064,P03270,GYM
A013065,P03270,AIR_CONDITIONING
A013066,P03271,CLUBHOUSE
A013067,P03271,SECURITY
A013068,P03272,AIR_CONDITIONING
A013069,P03272,CLUBHOUSE
A013070,P03272,WIFI
A013071,P03272,POWER_BACKUP
A013072,P03273,CLUBHOUSE
A013073,P03273,GARDEN
A013074,P03273,PARKING
A013075,P03273,SECURITY
A013076,P03274,GYM
A013077,P03274,WIFI
A013078,P03274,CLUBHOUSE
A013079,P03274,SWIMMING_POOL
A013080,P03274,SECURITY
A013081,P03275,AIR_CONDITIONING
A013082,P03275,GYM
A013083,P03275,SWIMMING_POOL
A013084,P03275,GARDEN
A013085,P03276,AIR_CONDITIONING
A013086,P03276,PARKING
A013087,P03277,POWER_BACKUP
A013088,P03277,LIFT
A013089,P03277,SWIMMING_POOL
A013090,P03278,SWIMMING_POOL
A013091,P03278,GYM
A013092,P03278,LIFT
A013093,P03278,AIR_CONDITIONING
A013094,P03278,POWER_BACKUP
A013095,P03279,AIR_CONDITIONING
A013096,P03279,GYM
A013097,P03279,LIFT
A013098,P03279,SECURITY
A013099,P03280,LIFT
A013100,P03280,PARKING
A013101,P03280,POWER_BACKUP
A013102,P03280,CLUBHOUSE
A013103,P03280,GYM
A013104,P03281,LIFT
A013105,P03281,AIR_CONDITIONING
A013106,P03281,GYM
A013107,P03282,LIFT
A013108,P03282,GARDEN
A013109,P03282,WIFI
A013110,P03282,GYM
A013111,P03283,GARDEN
A013112,P03283,PARKING
A013113,P03283,SECURITY
A013114,P03283,WIFI
A013115,P03283,SWIMMING_POOL
A013116,P03283,POWER_BACKUP
A013117,P03284,GYM
A013118,P03284,SWIMMING_POOL
A013119,P03285,LIFT
A013120,P03285,GARDEN
A013121,P03285,AIR_CONDITIONING
A013122,P03285,CLUBHOUSE
A013123,P03286,GARDEN
A013124,P03286,WIFI
A013125,P03286,AIR_CONDITIONING
A013126,P03286,SWIMMING_POOL
A013127,P03286,CLUBHOUSE
A013128,P03287,PARKING
A013129,P03287,LIFT
A013130,P03287,GARDEN
A013131,P03288,GYM
A013132,P03288,SWIMMING_POOL
A013133,P03289,SWIMMING_POOL
A013134,P03289,POWER_BACKUP
A013135,P03289,PARKING
A013136,P03290,GYM
A013137,P03290,SECURITY
A013138,P03290,AIR_CONDITIONING
A013139,P03291,POWER_BACKUP
A013140,P03291,PARKING
A013141,P03292,GARDEN
A013142,P03292,PARKING
A013143,P03292,GYM
A013144,P03292,LIFT
A013145,P03292,POWER_BACKUP
A013146,P03293,WIFI
A013147,P03293,SECURITY
A013148,P03293,CLUBHOUSE
A013149,P03293,AIR_CONDITIONING
A013150,P03294,CLUBHOUSE
A013151,P03294,POWER_BACKUP
A013152,P03295,GARDEN
A013153,P03295,POWER_BACKUP
A013154,P03295,PARKING
A013155,P03295,AIR_CONDITIONING
A013156,P03295,CLUBHOUSE
A013157,P03296,AIR_CONDITIONING
A013158,P03296,POWER_BACKUP
A013159,P03296,PARKING
A013160,P03296,GARDEN
A013161,P03296,CLUBHOUSE
A013162,P03296,SECURITY
A013163,P03297,AIR_CONDITIONING
A013164,P03297,GARDEN
A013165,P03297,GYM
A013166,P03297,SWIMMING_POOL
A013167,P03297,CLUBHOUSE
A013168,P03297,SECURITY
A013169,P03298,SECURITY
A013170,P03298,PARKING
A013171,P03299,GYM
A013172,P03299,GARDEN
A013173,P03299,POWER_BACKUP
A013174,P03299,SECURITY
A013175,P03299,CLUBHOUSE
A013176,P03299,SWIMMING_POOL
A013177,P03300,GYM
A013178,P03300,SWIMMING_POOL
A013179,P03300,PARKING
A013180,P03300,SECURITY
A013181,P03300,AIR_CONDITIONING
A013182,P03300,GARDEN
A013183,P03301,AIR_CONDITIONING
A013184,P03301,PARKING
A013185,P03301,CLUBHOUSE
A013186,P03302,LIFT
A013187,P03302,GYM
A013188,P03302,GARDEN
A013189,P03302,CLUBHOUSE
A013190,P03303,CLUBHOUSE
A013191,P03303,SWIMMING_POOL
A013192,P03303,GARDEN
A013193,P03303,PARKING
A013194,P03303,WIFI
A013195,P03304,LIFT
A013196,P03304,SECURITY
A013197,P03304,POWER_BACKUP
A013198,P03304,SWIMMING_POOL
A013199,P03304,AIR_CONDITIONING
A013200,P03305,GARDEN
A013201,P03305,SWIMMING_POOL
A013202,P03305,PARKING
A013203,P03305,GYM
A013204,P03305,POWER_BACKUP
A013205,P03306,SECURITY
A013206,P03306,AIR_CONDITIONING
A013207,P03306,GYM
A013208,P03306,SWIMMING_POOL
A013209,P03306,CLUBHOUSE
A013210,P03306,PARKING
A013211,P03307,PARKING
A013212,P03307,GARDEN
A013213,P03307,WIFI
A013214,P03307,SWIMMING_POOL
A013215,P03307,LIFT
A013216,P03308,SWIMMING_POOL
A013217,P03308,CLUBHOUSE
A013218,P03308,PARKING
A013219,P03309,GYM
A013220,P03309,CLUBHOUSE
A013221,P03309,PARKING
A013222,P03309,GARDEN
A013223,P03310,PARKING
A013224,P03310,WIFI
A013225,P03310,AIR_CONDITIONING
A013226,P03310,SECURITY
A013227,P03311,LIFT
A013228,P03311,CLUBHOUSE
A013229,P03311,POWER_BACKUP
A013230,P03311,PARKING
A013231,P03311,SECURITY
A013232,P03311,GARDEN
A013233,P03312,SWIMMING_POOL
A013234,P03312,CLUBHOUSE
A013235,P03312,GARDEN
A013236,P03312,SECURITY
A013237,P03312,GYM
A013238,P03313,SECURITY
A013239,P03313,CLUBHOUSE
A013240,P03313,GARDEN
A013241,P03314,AIR_CONDITIONING
A013242,P03314,SECURITY
A013243,P03314,PARKING
A013244,P03314,POWER_BACKUP
A013245,P03315,SWIMMING_POOL
A013246,P03315,PARKING
A013247,P03315,POWER_BACKUP
A013248,P03315,WIFI
A013249,P03316,PARKING
A013250,P03316,AIR_CONDITIONING
A013251,P03316,SWIMMING_POOL
A013252,P03317,SWIMMING_POOL
A013253,P03317,POWER_BACKUP
A013254,P03317,SECURITY
A013255,P03317,WIFI
A013256,P03317,CLUBHOUSE
A013257,P03317,AIR_CONDITIONING
A013258,P03318,SECURITY
A013259,P03318,GYM
A013260,P03318,POWER_BACKUP
A013261,P03318,PARKING
A013262,P03318,GARDEN
A013263,P03318,SWIMMING_POOL
A013264,P03319,SECURITY
A013265,P03319,WIFI
A013266,P03319,CLUBHOUSE
A013267,P03320,PARKING
A013268,P03320,GARDEN
A013269,P03320,SWIMMING_POOL
A013270,P03320,CLUBHOUSE
A013271,P03321,GYM
A013272,P03321,SWIMMING_POOL
A013273,P03321,LIFT
A013274,P03321,WIFI
A013275,P03321,GARDEN
A013276,P03321,POWER_BACKUP
A013277,P03322,GYM
A013278,P03322,WIFI
A013279,P03322,POWER_BACKUP
A013280,P03322,PARKING
A013281,P03323,SWIMMING_POOL
A013282,P03323,GARDEN
A013283,P03324,LIFT
A013284,P03324,AIR_CONDITIONING
A013285,P03324,PARKING
A013286,P03324,SECURITY
A013287,P03325,WIFI
A013288,P03325,CLUBHOUSE
A013289,P03326,AIR_CONDITIONING
A013290,P03326,POWER_BACKUP
A013291,P03326,GYM
A013292,P03327,POWER_BACKUP
A013293,P03327,CLUBHOUSE
A013294,P03327,GYM
A013295,P03327,PARKING
A013296,P03328,GYM
A013297,P03328,PARKING
A013298,P03328,CLUBHOUSE
A013299,P03328,AIR_CONDITIONING
A013300,P03329,SWIMMING_POOL
A013301,P03329,LIFT
A013302,P03329,GYM
A013303,P03330,POWER_BACKUP
A013304,P03330,GYM
A013305,P03331,GYM
A013306,P03331,POWER_BACKUP
A013307,P03331,SECURITY
A013308,P03331,LIFT
A013309,P03332,WIFI
A013310,P03332,SWIMMING_POOL
A013311,P03333,CLUBHOUSE
A013312,P03333,GYM
A013313,P03333,LIFT
A013314,P03334,PARKING
A013315,P03334,GYM
A013316,P03335,GYM
A013317,P03335,SWIMMING_POOL
A013318,P03336,AIR_CONDITIONING
A013319,P03336,LIFT
A013320,P03336,SWIMMING_POOL
A013321,P03337,CLUBHOUSE
A013322,P03337,GARDEN
A013323,P03337,GYM
A013324,P03337,WIFI
A013325,P03337,SWIMMING_POOL
A013326,P03338,AIR_CONDITIONING
A013327,P03338,LIFT
A013328,P03339,LIFT
A013329,P03339,GYM
A013330,P03339,AIR_CONDITIONING
A013331,P03339,SWIMMING_POOL
A013332,P03340,SECURITY
A013333,P03340,GYM
A013334,P03341,SWIMMING_POOL
A013335,P03341,SECURITY
A013336,P03342,SECURITY
A013337,P03342,POWER_BACKUP
A013338,P03342,AIR_CONDITIONING
A013339,P03342,PARKING
A013340,P03342,WIFI
A013341,P03343,SECURITY
A013342,P03343,GARDEN
A013343,P03343,WIFI
A013344,P03343,SWIMMING_POOL
A013345,P03344,PARKING
A013346,P03344,GYM
A013347,P03345,POWER_BACKUP
A013348,P03345,GARDEN
A013349,P03345,PARKING
A013350,P03345,AIR_CONDITIONING
A013351,P03345,SECURITY
A013352,P03346,PARKING
A013353,P03346,WIFI
A013354,P03347,LIFT
A013355,P03347,AIR_CONDITIONING
A013356,P03347,SWIMMING_POOL
A013357,P03348,GYM
A013358,P03348,LIFT
A013359,P03348,GARDEN
A013360,P03349,GARDEN
A013361,P03349,GYM
A013362,P03349,CLUBHOUSE
A013363,P03350,SWIMMING_POOL
A013364,P03350,AIR_CONDITIONING
A013365,P03350,PARKING
A013366,P03350,POWER_BACKUP
A013367,P03350,CLUBHOUSE
A013368,P03350,GARDEN
A013369,P03351,AIR_CONDITIONING
A013370,P03351,WIFI
A013371,P03352,GYM
A013372,P03352,SWIMMING_POOL
A013373,P03352,AIR_CONDITIONING
A013374,P03352,GARDEN
A013375,P03352,POWER_BACKUP
A013376,P03352,SECURITY
A013377,P03353,SECURITY
A013378,P03353,GARDEN
A013379,P03353,GYM
A013380,P03353,POWER_BACKUP
A013381,P03353,PARKING
A013382,P03353,SWIMMING_POOL
A013383,P03354,GYM
A013384,P03354,POWER_BACKUP
A013385,P03354,PARKING
A013386,P03354,WIFI
A013387,P03354,SWIMMING_POOL
A013388,P03355,SWIMMING_POOL
A013389,P03355,GARDEN
A013390,P03355,LIFT
A013391,P03355,SECURITY
A013392,P03355,GYM
A013393,P03355,WIFI
A013394,P03356,GYM
A013395,P03356,CLUBHOUSE
A013396,P03356,LIFT
A013397,P03357,GARDEN
A013398,P03357,WIFI
A013399,P03357,LIFT
A013400,P03357,GYM
A013401,P03357,SECURITY
A013402,P03358,SWIMMING_POOL
A013403,P03358,POWER_BACKUP
A013404,P03359,CLUBHOUSE
A013405,P03359,AIR_CONDITIONING
A013406,P03359,GYM
A013407,P03359,SWIMMING_POOL
A013408,P03359,POWER_BACKUP
A013409,P03359,WIFI
A013410,P03360,POWER_BACKUP
A013411,P03360,AIR_CONDITIONING
A013412,P03360,GYM
A013413,P03361,AIR_CONDITIONING
A013414,P03361,GYM
A013415,P03361,SWIMMING_POOL
A013416,P03362,POWER_BACKUP
A013417,P03362,GARDEN
A013418,P03362,SWIMMING_POOL
A013419,P03362,CLUBHOUSE
A013420,P03363,SECURITY
A013421,P03363,LIFT
A013422,P03363,POWER_BACKUP
A013423,P03364,SWIMMING_POOL
A013424,P03364,POWER_BACKUP
A013425,P03364,GARDEN
A013426,P03364,LIFT
A013427,P03364,WIFI
A013428,P03364,SECURITY
A013429,P03365,CLUBHOUSE
A013430,P03365,SWIMMING_POOL
A013431,P03366,WIFI
A013432,P03366,CLUBHOUSE
A013433,P03366,POWER_BACKUP
A013434,P03366,AIR_CONDITIONING
A013435,P03366,PARKING
A013436,P03366,SECURITY
A013437,P03367,PARKING
A013438,P03367,SECURITY
A013439,P03367,AIR_CONDITIONING
A013440,P03367,GARDEN
A013441,P03367,CLUBHOUSE
A013442,P03367,GYM
A013443,P03368,CLUBHOUSE
A013444,P03368,SECURITY
A013445,P03368,SWIMMING_POOL
A013446,P03368,AIR_CONDITIONING
A013447,P03368,WIFI
A013448,P03368,LIFT
A013449,P03369,CLUBHOUSE
A013450,P03369,SECURITY
A013451,P03369,PARKING
A013452,P03369,LIFT
A013453,P03369,AIR_CONDITIONING
A013454,P03370,WIFI
A013455,P03370,LIFT
A013456,P03370,CLUBHOUSE
A013457,P03371,CLUBHOUSE
A013458,P03371,PARKING
A013459,P03371,WIFI
A013460,P03371,LIFT
A013461,P03371,AIR_CONDITIONING
A013462,P03371,POWER_BACKUP
A013463,P03372,WIFI
A013464,P03372,CLUBHOUSE
A013465,P03372,SECURITY
A013466,P03372,PARKING
A013467,P03372,SWIMMING_POOL
A013468,P03373,LIFT
A013469,P03373,GARDEN
A013470,P03373,WIFI
A013471,P03374,POWER_BACKUP
A013472,P03374,PARKING
A013473,P03374,CLUBHOUSE
A013474,P03374,LIFT
A013475,P03375,SECURITY
A013476,P03375,GYM
A013477,P03375,GARDEN
A013478,P03376,GYM
A013479,P03376,SECURITY
A013480,P03377,WIFI
A013481,P03377,PARKING
A013482,P03377,CLUBHOUSE
A013483,P03377,SWIMMING_POOL
A013484,P03378,POWER_BACKUP
A013485,P03378,WIFI
A013486,P03378,SWIMMING_POOL
A013487,P03379,PARKING
A013488,P03379,CLUBHOUSE
A013489,P03380,CLUBHOUSE
A013490,P03380,LIFT
A013491,P03380,SECURITY
A013492,P03380,SWIMMING_POOL
A013493,P03381,POWER_BACKUP
A013494,P03381,SWIMMING_POOL
A013495,P03381,CLUBHOUSE
A013496,P03381,GARDEN
A013497,P03381,AIR_CONDITIONING
A013498,P03381,PARKING
A013499,P03382,LIFT
A013500,P03382,GYM
A013501,P03382,WIFI
A013502,P03382,POWER_BACKUP
A013503,P03383,CLUBHOUSE
A013504,P03383,PARKING
A013505,P03384,GARDEN
A013506,P03384,GYM
A013507,P03384,POWER_BACKUP
A013508,P03384,SWIMMING_POOL
A013509,P03384,PARKING
A013510,P03384,AIR_CONDITIONING
A013511,P03385,PARKING
A013512,P03385,GARDEN
A013513,P03385,CLUBHOUSE
A013514,P03385,GYM
A013515,P03385,LIFT
A013516,P03385,POWER_BACKUP
A013517,P03386,PARKING
A013518,P03386,SECURITY
A013519,P03386,GARDEN
A013520,P03386,POWER_BACKUP
A013521,P03386,AIR_CONDITIONING
A013522,P03387,CLUBHOUSE
A013523,P03387,SECURITY
A013524,P03387,LIFT
A013525,P03387,GYM
A013526,P03387,AIR_CONDITIONING
A013527,P03387,POWER_BACKUP
A013528,P03388,GYM
A013529,P03388,GARDEN
A013530,P03389,AIR_CONDITIONING
A013531,P03389,GYM
A013532,P03389,GARDEN
A013533,P03389,CLUBHOUSE
A013534,P03390,WIFI
A013535,P03390,SECURITY
A013536,P03391,WIFI
A013537,P03391,CLUBHOUSE
A013538,P03391,GYM
A013539,P03391,GARDEN
A013540,P03391,SWIMMING_POOL
A013541,P03392,LIFT
A013542,P03392,AIR_CONDITIONING
A013543,P03392,GARDEN
A013544,P03392,WIFI
A013545,P03392,CLUBHOUSE
A013546,P03392,GYM
A013547,P03393,PARKING
A013548,P03393,AIR_CONDITIONING
A013549,P03393,GYM
A013550,P03394,CLUBHOUSE
A013551,P03394,WIFI
A013552,P03394,GYM
A013553,P03395,PARKING
A013554,P03395,GYM
A013555,P03395,SWIMMING_POOL
A013556,P03395,WIFI
A013557,P03396,PARKING
A013558,P03396,GYM
A013559,P03396,LIFT
A013560,P03396,WIFI
A013561,P03397,WIFI
A013562,P03397,SWIMMING_POOL
A013563,P03397,POWER_BACKUP
A013564,P03398,PARKING
A013565,P03398,POWER_BACKUP
A013566,P03398,WIFI
A013567,P03398,AIR_CONDITIONING
A013568,P03398,SECURITY
A013569,P03398,GARDEN
A013570,P03399,PARKING
A013571,P03399,CLUBHOUSE
A013572,P03400,CLUBHOUSE
A013573,P03400,AIR_CONDITIONING
A013574,P03400,PARKING
A013575,P03400,LIFT
A013576,P03401,POWER_BACKUP
A013577,P03401,CLUBHOUSE
A013578,P03401,SWIMMING_POOL
A013579,P03401,GYM
A013580,P03401,WIFI
A013581,P03401,LIFT
A013582,P03402,SECURITY
A013583,P03402,WIFI
A013584,P03402,SWIMMING_POOL
A013585,P03402,POWER_BACKUP
A013586,P03402,PARKING
A013587,P03402,LIFT
A013588,P03403,PARKING
A013589,P03403,GYM
A013590,P03403,CLUBHOUSE
A013591,P03404,PARKING
A013592,P03404,POWER_BACKUP
A013593,P03404,GARDEN
A013594,P03405,SWIMMING_POOL
A013595,P03405,GYM
A013596,P03405,WIFI
A013597,P03405,SECURITY
A013598,P03406,SECURITY
A013599,P03406,LIFT
A013600,P03406,WIFI
A013601,P03406,PARKING
A013602,P03407,LIFT
A013603,P03407,SWIMMING_POOL
A013604,P03407,GYM
A013605,P03407,AIR_CONDITIONING
A013606,P03408,GARDEN
A013607,P03408,SWIMMING_POOL
A013608,P03409,PARKING
A013609,P03409,LIFT
A013610,P03409,SWIMMING_POOL
A013611,P03409,GARDEN
A013612,P03409,CLUBHOUSE
A013613,P03410,GYM
A013614,P03410,GARDEN
A013615,P03410,AIR_CONDITIONING
A013616,P03410,POWER_BACKUP
A013617,P03410,SECURITY
A013618,P03411,SECURITY
A013619,P03411,WIFI
A013620,P03411,CLUBHOUSE
A013621,P03412,SECURITY
A013622,P03412,GARDEN
A013623,P03413,LIFT
A013624,P03413,SWIMMING_POOL
A013625,P03414,AIR_CONDITIONING
A013626,P03414,GARDEN
A013627,P03415,PARKING
A013628,P03415,LIFT
A013629,P03415,WIFI
A013630,P03415,SWIMMING_POOL
A013631,P03415,CLUBHOUSE
A013632,P03415,AIR_CONDITIONING
A013633,P03416,PARKING
A013634,P03416,GYM
A013635,P03416,SECURITY
A013636,P03416,CLUBHOUSE
A013637,P03416,POWER_BACKUP
A013638,P03416,SWIMMING_POOL
A013639,P03417,WIFI
A013640,P03417,AIR_CONDITIONING
A013641,P03418,CLUBHOUSE
A013642,P03418,SECURITY
A013643,P03418,SWIMMING_POOL
A013644,P03419,SWIMMING_POOL
A013645,P03419,LIFT
A013646,P03419,WIFI
A013647,P03420,AIR_CONDITIONING
A013648,P03420,LIFT
A013649,P03420,SWIMMING_POOL
A013650,P03420,CLUBHOUSE
A013651,P03420,GYM
A013652,P03421,POWER_BACKUP
A013653,P03421,WIFI
A013654,P03421,AIR_CONDITIONING
A013655,P03421,GYM
A013656,P03421,LIFT
A013657,P03421,CLUBHOUSE
A013658,P03422,GYM
A013659,P03422,AIR_CONDITIONING
A013660,P03422,PARKING
A013661,P03422,CLUBHOUSE
A013662,P03422,LIFT
A013663,P03423,GARDEN
A013664,P03423,SECURITY
A013665,P03423,SWIMMING_POOL
A013666,P03423,POWER_BACKUP
A013667,P03423,PARKING
A013668,P03424,POWER_BACKUP
A013669,P03424,LIFT
A013670,P03424,SECURITY
A013671,P03425,SWIMMING_POOL
A013672,P03425,SECURITY
A013673,P03425,POWER_BACKUP
A013674,P03425,AIR_CONDITIONING
A013675,P03425,PARKING
A013676,P03426,SECURITY
A013677,P03426,SWIMMING_POOL
A013678,P03427,POWER_BACKUP
A013679,P03427,LIFT
A013680,P03428,SWIMMING_POOL
A013681,P03428,GARDEN
A013682,P03428,CLUBHOUSE
A013683,P03429,CLUBHOUSE
A013684,P03429,WIFI
A013685,P03429,PARKING
A013686,P03429,LIFT
A013687,P03430,SWIMMING_POOL
A013688,P03430,SECURITY
A013689,P03431,AIR_CONDITIONING
A013690,P03431,GYM
A013691,P03431,SECURITY
A013692,P03431,PARKING
A013693,P03431,CLUBHOUSE
A013694,P03432,SWIMMING_POOL
A013695,P03432,LIFT
A013696,P03433,GYM
A013697,P03433,SWIMMING_POOL
A013698,P03433,SECURITY
A013699,P03433,AIR_CONDITIONING
A013700,P03434,PARKING
A013701,P03434,AIR_CONDITIONING
A013702,P03434,WIFI
A013703,P03434,CLUBHOUSE
A013704,P03435,LIFT
A013705,P03435,PARKING
A013706,P03436,GARDEN
A013707,P03436,POWER_BACKUP
A013708,P03436,WIFI
A013709,P03436,SWIMMING_POOL
A013710,P03436,LIFT
A013711,P03436,PARKING
A013712,P03437,LIFT
A013713,P03437,AIR_CONDITIONING
A013714,P03437,GARDEN
A013715,P03437,SECURITY
A013716,P03438,POWER_BACKUP
A013717,P03438,SECURITY
A013718,P03438,CLUBHOUSE
A013719,P03439,CLUBHOUSE
A013720,P03439,LIFT
A013721,P03439,SECURITY
A013722,P03440,GYM
A013723,P03440,WIFI
A013724,P03440,SECURITY
A013725,P03441,WIFI
A013726,P03441,GARDEN
A013727,P03441,PARKING
A013728,P03441,SWIMMING_POOL
A013729,P03441,AIR_CONDITIONING
A013730,P03442,SECURITY
A013731,P03442,WIFI
A013732,P03442,GARDEN
A013733,P03442,GYM
A013734,P03442,POWER_BACKUP
A013735,P03442,PARKING
A013736,P03443,LIFT
A013737,P03443,PARKING
A013738,P03444,LIFT
A013739,P03444,PARKING
A013740,P03444,WIFI
A013741,P03445,POWER_BACKUP
A013742,P03445,WIFI
A013743,P03446,POWER_BACKUP
A013744,P03446,PARKING
A013745,P03446,LIFT
A013746,P03446,GARDEN
A013747,P03447,AIR_CONDITIONING
A013748,P03447,WIFI
A013749,P03447,GYM
A013750,P03447,GARDEN
A013751,P03447,SWIMMING_POOL
A013752,P03447,SECURITY
A013753,P03448,WIFI
A013754,P03448,PARKING
A013755,P03448,SECURITY
A013756,P03449,GYM
A013757,P03449,CLUBHOUSE
A013758,P03449,GARDEN
A013759,P03449,AIR_CONDITIONING
A013760,P03450,SWIMMING_POOL
A013761,P03450,WIFI
A013762,P03450,LIFT
A013763,P03450,GARDEN
A013764,P03451,SECURITY
A013765,P03451,POWER_BACKUP
A013766,P03451,WIFI
A013767,P03451,GYM
A013768,P03452,POWER_BACKUP
A013769,P03452,GARDEN
A013770,P03452,CLUBHOUSE
A013771,P03452,WIFI
A013772,P03453,LIFT
A013773,P03453,WIFI
A013774,P03453,GARDEN
A013775,P03454,AIR_CONDITIONING
A013776,P03454,PARKING
A013777,P03454,LIFT
A013778,P03454,GARDEN
A013779,P03454,POWER_BACKUP
A013780,P03455,SWIMMING_POOL
A013781,P03455,CLUBHOUSE
A013782,P03455,AIR_CONDITIONING
A013783,P03455,PARKING
A013784,P03455,SECURITY
A013785,P03456,POWER_BACKUP
A013786,P03456,GYM
A013787,P03456,SECURITY
A013788,P03457,CLUBHOUSE
A013789,P03457,SWIMMING_POOL
A013790,P03457,GARDEN
A013791,P03457,PARKING
A013792,P03457,POWER_BACKUP
A013793,P03457,SECURITY
A013794,P03458,WIFI
A013795,P03458,SWIMMING_POOL
A013796,P03458,LIFT
A013797,P03458,PARKING
A013798,P03459,GARDEN
A013799,P03459,LIFT
A013800,P03459,GYM
A013801,P03459,WIFI
A013802,P03460,AIR_CONDITIONING
A013803,P03460,SECURITY
A013804,P03461,PARKING
A013805,P03461,LIFT
A013806,P03461,CLUBHOUSE
A013807,P03461,SWIMMING_POOL
A013808,P03461,GARDEN
A013809,P03461,SECURITY
A013810,P03462,POWER_BACKUP
A013811,P03462,LIFT
A013812,P03462,WIFI
A013813,P03462,PARKING
A013814,P03463,SWIMMING_POOL
A013815,P03463,SECURITY
A013816,P03463,PARKING
A013817,P03463,CLUBHOUSE
A013818,P03463,GARDEN
A013819,P03463,POWER_BACKUP
A013820,P03464,GYM
A013821,P03464,SWIMMING_POOL
A013822,P03464,AIR_CONDITIONING
A013823,P03464,WIFI
A013824,P03464,GARDEN
A013825,P03464,POWER_BACKUP
A013826,P03465,GARDEN
A013827,P03465,WIFI
A013828,P03465,CLUBHOUSE
A013829,P03465,LIFT
A013830,P03466,POWER_BACKUP
A013831,P03466,GARDEN
A013832,P03466,GYM
A013833,P03466,SECURITY
A013834,P03466,LIFT
A013835,P03467,PARKING
A013836,P03467,WIFI
A013837,P03467,LIFT
A013838,P03467,AIR_CONDITIONING
A013839,P03468,POWER_BACKUP
A013840,P03468,SWIMMING_POOL
A013841,P03468,AIR_CONDITIONING
A013842,P03468,GYM
A013843,P03468,WIFI
A013844,P03468,LIFT
A013845,P03469,SECURITY
A013846,P03469,GYM
A013847,P03469,WIFI
A013848,P03469,CLUBHOUSE
A013849,P03469,GARDEN
A013850,P03470,SECURITY
A013851,P03470,PARKING
A013852,P03470,SWIMMING_POOL
A013853,P03471,GYM
A013854,P03471,SWIMMING_POOL
A013855,P03472,PARKING
A013856,P03472,GARDEN
A013857,P03472,SECURITY
A013858,P03472,POWER_BACKUP
A013859,P03472,CLUBHOUSE
A013860,P03472,AIR_CONDITIONING
A013861,P03473,CLUBHOUSE
A013862,P03473,PARKING
A013863,P03474,SECURITY
A013864,P03474,LIFT
A013865,P03474,PARKING
A013866,P03474,AIR_CONDITIONING
A013867,P03474,WIFI
A013868,P03475,CLUBHOUSE
A013869,P03475,PARKING
A013870,P03475,LIFT
A013871,P03475,WIFI
A013872,P03475,GARDEN
A013873,P03476,PARKING
A013874,P03476,AIR_CONDITIONING
A013875,P03476,SECURITY
A013876,P03476,GYM
A013877,P03476,WIFI
A013878,P03477,WIFI
A013879,P03477,LIFT
A013880,P03477,SWIMMING_POOL
A013881,P03477,CLUBHOUSE
A013882,P03477,GARDEN
A013883,P03477,SECURITY
A013884,P03478,WIFI
A013885,P03478,GARDEN
A013886,P03478,SECURITY
A013887,P03478,SWIMMING_POOL
A013888,P03479,PARKING
A013889,P03479,WIFI
A013890,P03479,LIFT
A013891,P03480,SWIMMING_POOL
A013892,P03480,POWER_BACKUP
A013893,P03480,PARKING
A013894,P03480,WIFI
A013895,P03480,CLUBHOUSE
A013896,P03481,GYM
A013897,P03481,WIFI
A013898,P03481,SWIMMING_POOL
A013899,P03482,PARKING
A013900,P03482,GYM
A013901,P03482,SECURITY
A013902,P03482,SWIMMING_POOL
A013903,P03482,POWER_BACKUP
A013904,P03483,LIFT
A013905,P03483,CLUBHOUSE
A013906,P03483,POWER_BACKUP
A013907,P03483,SECURITY
A013908,P03484,GYM
A013909,P03484,SWIMMING_POOL
A013910,P03484,PARKING
A013911,P03484,LIFT
A013912,P03485,CLUBHOUSE
A013913,P03485,SWIMMING_POOL
A013914,P03485,POWER_BACKUP
A013915,P03485,SECURITY
A013916,P03485,GARDEN
A013917,P03486,GARDEN
A013918,P03486,SWIMMING_POOL
A013919,P03486,AIR_CONDITIONING
A013920,P03486,GYM
A013921,P03487,WIFI
A013922,P03487,GARDEN
A013923,P03487,SECURITY
A013924,P03487,POWER_BACKUP
A013925,P03488,WIFI
A013926,P03488,CLUBHOUSE
A013927,P03488,POWER_BACKUP
A013928,P03488,SWIMMING_POOL
A013929,P03489,GARDEN
A013930,P03489,AIR_CONDITIONING
A013931,P03490,GARDEN
A013932,P03490,GYM
A013933,P03490,SECURITY
A013934,P03490,POWER_BACKUP
A013935,P03491,GARDEN
A013936,P03491,PARKING
A013937,P03491,LIFT
A013938,P03491,SECURITY
A013939,P03491,WIFI
A013940,P03492,AIR_CONDITIONING
A013941,P03492,PARKING
A013942,P03492,GARDEN
A013943,P03493,LIFT
A013944,P03493,SECURITY
A013945,P03493,GYM
A013946,P03493,POWER_BACKUP
A013947,P03493,GARDEN
A013948,P03494,PARKING
A013949,P03494,CLUBHOUSE
A013950,P03495,PARKING
A013951,P03495,SWIMMING_POOL
A013952,P03496,LIFT
A013953,P03496,GARDEN
A013954,P03497,LIFT
A013955,P03497,AIR_CONDITIONING
A013956,P03497,GYM
A013957,P03498,AIR_CONDITIONING
A013958,P03498,LIFT
A013959,P03498,GYM
A013960,P03499,GYM
A013961,P03499,LIFT
A013962,P03499,WIFI
A013963,P03499,SECURITY
A013964,P03500,SECURITY
A013965,P03500,CLUBHOUSE
A013966,P03501,GYM
A013967,P03501,POWER_BACKUP
A013968,P03501,CLUBHOUSE
A013969,P03501,SWIMMING_POOL
A013970,P03501,SECURITY
A013971,P03501,WIFI
A013972,P03502,GYM
A013973,P03502,POWER_BACKUP
A013974,P03502,LIFT
A013975,P03502,CLUBHOUSE
A013976,P03502,SECURITY
A013977,P03503,LIFT
A013978,P03503,SECURITY
A013979,P03503,PARKING
A013980,P03503,WIFI
A013981,P03504,POWER_BACKUP
A013982,P03504,PARKING
A013983,P03504,GYM
A013984,P03505,SWIMMING_POOL
A013985,P03505,GARDEN
A013986,P03506,SECURITY
A013987,P03506,GARDEN
A013988,P03506,LIFT
A013989,P03506,AIR_CONDITIONING
A013990,P03507,LIFT
A013991,P03507,CLUBHOUSE
A013992,P03507,GARDEN
A013993,P03507,POWER_BACKUP
A013994,P03508,POWER_BACKUP
A013995,P03508,PARKING
A013996,P03509,GYM
A013997,P03509,PARKING
A013998,P03509,POWER_BACKUP
A013999,P03509,SWIMMING_POOL
A014000,P03509,SECURITY
A014001,P03509,WIFI
A014002,P03510,AIR_CONDITIONING
A014003,P03510,POWER_BACKUP
A014004,P03511,SWIMMING_POOL
A014005,P03511,PARKING
A014006,P03511,AIR_CONDITIONING
A014007,P03512,POWER_BACKUP
A014008,P03512,SWIMMING_POOL
A014009,P03512,AIR_CONDITIONING
A014010,P03513,LIFT
A014011,P03513,AIR_CONDITIONING
A014012,P03513,GYM
A014013,P03514,WIFI
A014014,P03514,AIR_CONDITIONING
A014015,P03514,CLUBHOUSE
A014016,P03514,SECURITY
A014017,P03515,PARKING
A014018,P03515,WIFI
A014019,P03515,GYM
A014020,P03516,POWER_BACKUP
A014021,P03516,GYM
A014022,P03516,LIFT
A014023,P03516,CLUBHOUSE
A014024,P03516,SWIMMING_POOL
A014025,P03516,AIR_CONDITIONING
A014026,P03517,POWER_BACKUP
A014027,P03517,GYM
A014028,P03517,AIR_CONDITIONING
A014029,P03517,LIFT
A014030,P03517,CLUBHOUSE
A014031,P03518,GYM
A014032,P03518,LIFT
A014033,P03519,SWIMMING_POOL
A014034,P03519,SECURITY
A014035,P03520,WIFI
A014036,P03520,GARDEN
A014037,P03520,LIFT
A014038,P03520,POWER_BACKUP
A014039,P03521,POWER_BACKUP
A014040,P03521,PARKING
A014041,P03521,GYM
A014042,P03521,WIFI
A014043,P03522,PARKING
A014044,P03522,GARDEN
A014045,P03522,POWER_BACKUP
A014046,P03522,WIFI
A014047,P03522,GYM
A014048,P03523,PARKING
A014049,P03523,AIR_CONDITIONING
A014050,P03524,POWER_BACKUP
A014051,P03524,WIFI
A014052,P03524,PARKING
A014053,P03524,LIFT
A014054,P03524,AIR_CONDITIONING
A014055,P03524,GYM
A014056,P03525,AIR_CONDITIONING
A014057,P03525,PARKING
A014058,P03526,CLUBHOUSE
A014059,P03526,WIFI
A014060,P03527,SWIMMING_POOL
A014061,P03527,SECURITY
A014062,P03527,AIR_CONDITIONING
A014063,P03527,WIFI
A014064,P03527,LIFT
A014065,P03528,POWER_BACKUP
A014066,P03528,WIFI
A014067,P03528,SECURITY
A014068,P03528,AIR_CONDITIONING
A014069,P03528,PARKING
A014070,P03529,PARKING
A014071,P03529,GARDEN
A014072,P03529,GYM
A014073,P03529,SWIMMING_POOL
A014074,P03530,PARKING
A014075,P03530,WIFI
A014076,P03530,CLUBHOUSE
A014077,P03530,LIFT
A014078,P03530,SWIMMING_POOL
A014079,P03531,SWIMMING_POOL
A014080,P03531,AIR_CONDITIONING
A014081,P03532,AIR_CONDITIONING
A014082,P03532,SECURITY
A014083,P03532,SWIMMING_POOL
A014084,P03533,GARDEN
A014085,P03533,SWIMMING_POOL
A014086,P03533,PARKING
A014087,P03533,AIR_CONDITIONING
A014088,P03533,GYM
A014089,P03534,POWER_BACKUP
A014090,P03534,AIR_CONDITIONING
A014091,P03534,LIFT
A014092,P03535,POWER_BACKUP
A014093,P03535,LIFT
A014094,P03536,WIFI
A014095,P03536,GYM
A014096,P03536,POWER_BACKUP
A014097,P03537,AIR_CONDITIONING
A014098,P03537,WIFI
A014099,P03537,GARDEN
A014100,P03538,POWER_BACKUP
A014101,P03538,LIFT
A014102,P03538,CLUBHOUSE
A014103,P03538,SWIMMING_POOL
A014104,P03538,SECURITY
A014105,P03538,PARKING
A014106,P03539,SWIMMING_POOL
A014107,P03539,AIR_CONDITIONING
A014108,P03539,SECURITY
A014109,P03539,CLUBHOUSE
A014110,P03539,WIFI
A014111,P03539,POWER_BACKUP
A014112,P03540,GARDEN
A014113,P03540,POWER_BACKUP
A014114,P03540,PARKING
A014115,P03540,AIR_CONDITIONING
A014116,P03540,LIFT
A014117,P03540,GYM
A014118,P03541,GYM
A014119,P03541,CLUBHOUSE
A014120,P03541,PARKING
A014121,P03541,POWER_BACKUP
A014122,P03541,LIFT
A014123,P03542,CLUBHOUSE
A014124,P03542,LIFT
A014125,P03542,PARKING
A014126,P03543,WIFI
A014127,P03543,PARKING
A014128,P03543,GARDEN
A014129,P03543,CLUBHOUSE
A014130,P03544,GARDEN
A014131,P03544,GYM
A014132,P03544,WIFI
A014133,P03545,GARDEN
A014134,P03545,CLUBHOUSE
A014135,P03545,WIFI
A014136,P03545,LIFT
A014137,P03546,WIFI
A014138,P03546,SWIMMING_POOL
A014139,P03546,PARKING
A014140,P03547,POWER_BACKUP
A014141,P03547,GYM
A014142,P03547,CLUBHOUSE
A014143,P03547,AIR_CONDITIONING
A014144,P03547,WIFI
A014145,P03547,LIFT
A014146,P03548,SECURITY
A014147,P03548,POWER_BACKUP
A014148,P03548,CLUBHOUSE
A014149,P03548,LIFT
A014150,P03548,AIR_CONDITIONING
A014151,P03548,PARKING
A014152,P03549,SECURITY
A014153,P03549,POWER_BACKUP
A014154,P03550,GARDEN
A014155,P03550,POWER_BACKUP
A014156,P03550,CLUBHOUSE
A014157,P03550,AIR_CONDITIONING
A014158,P03550,SECURITY
A014159,P03550,LIFT
A014160,P03551,AIR_CONDITIONING
A014161,P03551,GYM
A014162,P03551,SECURITY
A014163,P03551,CLUBHOUSE
A014164,P03552,SECURITY
A014165,P03552,AIR_CONDITIONING
A014166,P03552,POWER_BACKUP
A014167,P03553,CLUBHOUSE
A014168,P03553,SWIMMING_POOL
A014169,P03553,PARKING
A014170,P03553,POWER_BACKUP
A014171,P03553,LIFT
A014172,P03553,GYM
A014173,P03554,CLUBHOUSE
A014174,P03554,LIFT
A014175,P03554,GARDEN
A014176,P03554,POWER_BACKUP
A014177,P03554,AIR_CONDITIONING
A014178,P03555,POWER_BACKUP
A014179,P03555,LIFT
A014180,P03555,SECURITY
A014181,P03556,GYM
A014182,P03556,SWIMMING_POOL
A014183,P03556,CLUBHOUSE
A014184,P03557,AIR_CONDITIONING
A014185,P03557,PARKING
A014186,P03557,GARDEN
A014187,P03557,GYM
A014188,P03558,WIFI
A014189,P03558,AIR_CONDITIONING
A014190,P03558,SWIMMING_POOL
A014191,P03558,LIFT
A014192,P03559,LIFT
A014193,P03559,GARDEN
A014194,P03559,POWER_BACKUP
A014195,P03560,PARKING
A014196,P03560,POWER_BACKUP
A014197,P03560,AIR_CONDITIONING
A014198,P03560,SWIMMING_POOL
A014199,P03560,LIFT
A014200,P03560,CLUBHOUSE
A014201,P03561,PARKING
A014202,P03561,WIFI
A014203,P03561,SECURITY
A014204,P03561,AIR_CONDITIONING
A014205,P03561,CLUBHOUSE
A014206,P03561,GYM
A014207,P03562,AIR_CONDITIONING
A014208,P03562,SECURITY
A014209,P03562,WIFI
A014210,P03562,SWIMMING_POOL
A014211,P03563,SWIMMING_POOL
A014212,P03563,WIFI
A014213,P03564,GARDEN
A014214,P03564,SWIMMING_POOL
A014215,P03564,PARKING
A014216,P03564,WIFI
A014217,P03565,CLUBHOUSE
A014218,P03565,SWIMMING_POOL
A014219,P03565,LIFT
A014220,P03566,WIFI
A014221,P03566,POWER_BACKUP
A014222,P03566,CLUBHOUSE
A014223,P03566,GYM
A014224,P03566,LIFT
A014225,P03567,LIFT
A014226,P03567,SECURITY
A014227,P03567,WIFI
A014228,P03567,AIR_CONDITIONING
A014229,P03567,CLUBHOUSE
A014230,P03567,GYM
A014231,P03568,GYM
A014232,P03568,POWER_BACKUP
A014233,P03568,WIFI
A014234,P03569,GYM
A014235,P03569,SECURITY
A014236,P03570,CLUBHOUSE
A014237,P03570,PARKING
A014238,P03570,SWIMMING_POOL
A014239,P03571,CLUBHOUSE
A014240,P03571,PARKING
A014241,P03571,GYM
A014242,P03571,LIFT
A014243,P03571,SWIMMING_POOL
A014244,P03571,POWER_BACKUP
A014245,P03572,GARDEN
A014246,P03572,CLUBHOUSE
A014247,P03573,SWIMMING_POOL
A014248,P03573,GYM
A014249,P03573,AIR_CONDITIONING
A014250,P03574,SWIMMING_POOL
A014251,P03574,LIFT
A014252,P03574,WIFI
A014253,P03574,GYM
A014254,P03574,SECURITY
A014255,P03575,POWER_BACKUP
A014256,P03575,PARKING
A014257,P03575,WIFI
A014258,P03575,LIFT
A014259,P03575,GYM
A014260,P03576,POWER_BACKUP
A014261,P03576,LIFT
A014262,P03576,GARDEN
A014263,P03577,AIR_CONDITIONING
A014264,P03577,CLUBHOUSE
A014265,P03577,WIFI
A014266,P03578,GYM
A014267,P03578,WIFI
A014268,P03578,AIR_CONDITIONING
A014269,P03579,AIR_CONDITIONING
A014270,P03579,PARKING
A014271,P03579,POWER_BACKUP
A014272,P03580,AIR_CONDITIONING
A014273,P03580,POWER_BACKUP
A014274,P03580,CLUBHOUSE
A014275,P03581,WIFI
A014276,P03581,LIFT
A014277,P03582,POWER_BACKUP
A014278,P03582,PARKING
A014279,P03582,GARDEN
A014280,P03583,LIFT
A014281,P03583,AIR_CONDITIONING
A014282,P03584,AIR_CONDITIONING
A014283,P03584,WIFI
A014284,P03584,SWIMMING_POOL
A014285,P03584,PARKING
A014286,P03584,GYM
A014287,P03585,SECURITY
A014288,P03585,AIR_CONDITIONING
A014289,P03585,POWER_BACKUP
A014290,P03585,SWIMMING_POOL
A014291,P03585,CLUBHOUSE
A014292,P03585,LIFT
A014293,P03586,POWER_BACKUP
A014294,P03586,GYM
A014295,P03586,AIR_CONDITIONING
A014296,P03586,PARKING
A014297,P03587,CLUBHOUSE
A014298,P03587,SECURITY
A014299,P03587,GARDEN
A014300,P03588,PARKING
A014301,P03588,GYM
A014302,P03588,SWIMMING_POOL
A014303,P03588,CLUBHOUSE
A014304,P03588,AIR_CONDITIONING
A014305,P03588,POWER_BACKUP
A014306,P03589,GARDEN
A014307,P03589,POWER_BACKUP
A014308,P03589,WIFI
A014309,P03589,SECURITY
A014310,P03589,AIR_CONDITIONING
A014311,P03589,LIFT
A014312,P03590,CLUBHOUSE
A014313,P03590,PARKING
A014314,P03590,LIFT
A014315,P03590,SWIMMING_POOL
A014316,P03590,WIFI
A014317,P03591,SECURITY
A014318,P03591,CLUBHOUSE
A014319,P03592,WIFI
A014320,P03592,CLUBHOUSE
A014321,P03592,SECURITY
A014322,P03592,LIFT
A014323,P03592,POWER_BACKUP
A014324,P03592,SWIMMING_POOL
A014325,P03593,PARKING
A014326,P03593,WIFI
A014327,P03594,GYM
A014328,P03594,SECURITY
A014329,P03594,PARKING
A014330,P03595,PARKING
A014331,P03595,SECURITY
A014332,P03595,CLUBHOUSE
A014333,P03595,LIFT
A014334,P03596,GYM
A014335,P03596,PARKING
A014336,P03597,AIR_CONDITIONING
A014337,P03597,GARDEN
A014338,P03597,SWIMMING_POOL
A014339,P03597,CLUBHOUSE
A014340,P03597,SECURITY
A014341,P03598,GARDEN
A014342,P03598,POWER_BACKUP
A014343,P03598,PARKING
A014344,P03598,GYM
A014345,P03599,PARKING
A014346,P03599,GYM
A014347,P03600,GARDEN
A014348,P03600,WIFI
A014349,P03600,SECURITY
A014350,P03600,SWIMMING_POOL
A014351,P03600,GYM
A014352,P03601,LIFT
A014353,P03601,SWIMMING_POOL
A014354,P03601,GYM
A014355,P03601,SECURITY
A014356,P03601,GARDEN
A014357,P03602,LIFT
A014358,P03602,SECURITY
A014359,P03602,SWIMMING_POOL
A014360,P03603,GARDEN
A014361,P03603,LIFT
A014362,P03603,SWIMMING_POOL
A014363,P03603,GYM
A014364,P03604,SWIMMING_POOL
A014365,P03604,POWER_BACKUP
A014366,P03604,LIFT
A014367,P03604,SECURITY
A014368,P03604,PARKING
A014369,P03605,CLUBHOUSE
A014370,P03605,POWER_BACKUP
A014371,P03605,SWIMMING_POOL
A014372,P03605,PARKING
A014373,P03605,SECURITY
A014374,P03606,WIFI
A014375,P03606,GARDEN
A014376,P03606,AIR_CONDITIONING
A014377,P03606,PARKING
A014378,P03607,WIFI
A014379,P03607,CLUBHOUSE
A014380,P03607,AIR_CONDITIONING
A014381,P03607,LIFT
A014382,P03608,AIR_CONDITIONING
A014383,P03608,SWIMMING_POOL
A014384,P03608,SECURITY
A014385,P03608,GYM
A014386,P03608,CLUBHOUSE
A014387,P03609,AIR_CONDITIONING
A014388,P03609,LIFT
A014389,P03609,GYM
A014390,P03609,POWER_BACKUP
A014391,P03609,SWIMMING_POOL
A014392,P03609,CLUBHOUSE
A014393,P03610,LIFT
A014394,P03610,SECURITY
A014395,P03610,PARKING
A014396,P03611,POWER_BACKUP
A014397,P03611,LIFT
A014398,P03611,WIFI
A014399,P03611,SECURITY
A014400,P03612,AIR_CONDITIONING
A014401,P03612,LIFT
A014402,P03613,POWER_BACKUP
A014403,P03613,LIFT
A014404,P03613,GARDEN
A014405,P03614,GYM
A014406,P03614,WIFI
A014407,P03614,CLUBHOUSE
A014408,P03614,PARKING
A014409,P03614,AIR_CONDITIONING
A014410,P03614,SECURITY
A014411,P03615,PARKING
A014412,P03615,POWER_BACKUP
A014413,P03615,AIR_CONDITIONING
A014414,P03615,SWIMMING_POOL
A014415,P03616,SECURITY
A014416,P03616,WIFI
A014417,P03617,GARDEN
A014418,P03617,AIR_CONDITIONING
A014419,P03617,PARKING
A014420,P03618,PARKING
A014421,P03618,WIFI
A014422,P03618,SECURITY
A014423,P03619,GYM
A014424,P03619,SWIMMING_POOL
A014425,P03619,POWER_BACKUP
A014426,P03619,CLUBHOUSE
A014427,P03619,GARDEN
A014428,P03619,PARKING
A014429,P03620,AIR_CONDITIONING
A014430,P03620,POWER_BACKUP
A014431,P03620,PARKING
A014432,P03620,GYM
A014433,P03621,PARKING
A014434,P03621,LIFT
A014435,P03621,WIFI
A014436,P03621,AIR_CONDITIONING
A014437,P03621,GARDEN
A014438,P03621,POWER_BACKUP
A014439,P03622,LIFT
A014440,P03622,SECURITY
A014441,P03623,AIR_CONDITIONING
A014442,P03623,GARDEN
A014443,P03623,SWIMMING_POOL
A014444,P03624,CLUBHOUSE
A014445,P03624,WIFI
A014446,P03625,LIFT
A014447,P03625,WIFI
A014448,P03625,GARDEN
A014449,P03625,SECURITY
A014450,P03625,PARKING
A014451,P03625,CLUBHOUSE
A014452,P03626,LIFT
A014453,P03626,AIR_CONDITIONING
A014454,P03626,SWIMMING_POOL
A014455,P03626,POWER_BACKUP
A014456,P03626,SECURITY
A014457,P03627,WIFI
A014458,P03627,GYM
A014459,P03627,PARKING
A014460,P03627,CLUBHOUSE
A014461,P03627,POWER_BACKUP
A014462,P03628,GARDEN
A014463,P03628,PARKING
A014464,P03628,AIR_CONDITIONING
A014465,P03628,SWIMMING_POOL
A014466,P03628,GYM
A014467,P03629,PARKING
A014468,P03629,LIFT
A014469,P03630,GARDEN
A014470,P03630,POWER_BACKUP
A014471,P03630,SWIMMING_POOL
A014472,P03630,AIR_CONDITIONING
A014473,P03630,SECURITY
A014474,P03631,LIFT
A014475,P03631,POWER_BACKUP
A014476,P03631,AIR_CONDITIONING
A014477,P03631,GYM
A014478,P03631,CLUBHOUSE
A014479,P03631,SWIMMING_POOL
A014480,P03632,PARKING
A014481,P03632,SWIMMING_POOL
A014482,P03632,AIR_CONDITIONING
A014483,P03632,LIFT
A014484,P03633,GYM
A014485,P03633,GARDEN
A014486,P03633,LIFT
A014487,P03633,CLUBHOUSE
A014488,P03633,WIFI
A014489,P03634,PARKING
A014490,P03634,SWIMMING_POOL
A014491,P03634,AIR_CONDITIONING
A014492,P03635,WIFI
A014493,P03635,GYM
A014494,P03635,POWER_BACKUP
A014495,P03635,LIFT
A014496,P03635,PARKING
A014497,P03635,GARDEN
A014498,P03636,WIFI
A014499,P03636,PARKING
A014500,P03636,GARDEN
A014501,P03636,CLUBHOUSE
A014502,P03636,AIR_CONDITIONING
A014503,P03636,POWER_BACKUP
A014504,P03637,POWER_BACKUP
A014505,P03637,SECURITY
A014506,P03637,PARKING
A014507,P03637,GARDEN
A014508,P03637,WIFI
A014509,P03638,PARKING
A014510,P03638,CLUBHOUSE
A014511,P03638,WIFI
A014512,P03639,LIFT
A014513,P03639,SWIMMING_POOL
A014514,P03639,GYM
A014515,P03639,SECURITY
A014516,P03639,WIFI
A014517,P03639,CLUBHOUSE
A014518,P03640,GYM
A014519,P03640,CLUBHOUSE
A014520,P03641,GARDEN
A014521,P03641,SWIMMING_POOL
A014522,P03641,SECURITY
A014523,P03641,WIFI
A014524,P03642,AIR_CONDITIONING
A014525,P03642,GARDEN
A014526,P03642,LIFT
A014527,P03642,SECURITY
A014528,P03643,POWER_BACKUP
A014529,P03643,AIR_CONDITIONING
A014530,P03643,SECURITY
A014531,P03644,SECURITY
A014532,P03644,CLUBHOUSE
A014533,P03645,SECURITY
A014534,P03645,GARDEN
A014535,P03645,WIFI
A014536,P03646,CLUBHOUSE
A014537,P03646,GARDEN
A014538,P03646,PARKING
A014539,P03646,SWIMMING_POOL
A014540,P03646,GYM
A014541,P03646,LIFT
A014542,P03647,POWER_BACKUP
A014543,P03647,GARDEN
A014544,P03647,SECURITY
A014545,P03647,LIFT
A014546,P03647,SWIMMING_POOL
A014547,P03647,PARKING
A014548,P03648,SWIMMING_POOL
A014549,P03648,AIR_CONDITIONING
A014550,P03648,SECURITY
A014551,P03649,CLUBHOUSE
A014552,P03649,SECURITY
A014553,P03650,SWIMMING_POOL
A014554,P03650,GARDEN
A014555,P03650,POWER_BACKUP
A014556,P03651,CLUBHOUSE
A014557,P03651,GYM
A014558,P03651,GARDEN
A014559,P03651,SWIMMING_POOL
A014560,P03651,LIFT
A014561,P03651,WIFI
A014562,P03652,LIFT
A014563,P03652,WIFI
A014564,P03653,PARKING
A014565,P03653,CLUBHOUSE
A014566,P03653,AIR_CONDITIONING
A014567,P03653,LIFT
A014568,P03653,SECURITY
A014569,P03653,POWER_BACKUP
A014570,P03654,CLUBHOUSE
A014571,P03654,PARKING
A014572,P03654,LIFT
A014573,P03655,AIR_CONDITIONING
A014574,P03655,SWIMMING_POOL
A014575,P03655,WIFI
A014576,P03655,POWER_BACKUP
A014577,P03655,PARKING
A014578,P03656,LIFT
A014579,P03656,CLUBHOUSE
A014580,P03656,SWIMMING_POOL
A014581,P03656,PARKING
A014582,P03656,WIFI
A014583,P03657,GYM
A014584,P03657,SECURITY
A014585,P03657,AIR_CONDITIONING
A014586,P03657,SWIMMING_POOL
A014587,P03657,PARKING
A014588,P03657,POWER_BACKUP
A014589,P03658,SECURITY
A014590,P03658,CLUBHOUSE
A014591,P03658,POWER_BACKUP
A014592,P03658,GYM
A014593,P03658,PARKING
A014594,P03659,SWIMMING_POOL
A014595,P03659,GYM
A014596,P03659,WIFI
A014597,P03659,GARDEN
A014598,P03659,LIFT
A014599,P03660,GARDEN
A014600,P03660,CLUBHOUSE
A014601,P03660,SECURITY
A014602,P03660,PARKING
A014603,P03660,WIFI
A014604,P03660,POWER_BACKUP
A014605,P03661,WIFI
A014606,P03661,SWIMMING_POOL
A014607,P03662,POWER_BACKUP
A014608,P03662,GYM
A014609,P03662,AIR_CONDITIONING
A014610,P03662,SWIMMING_POOL
A014611,P03663,SECURITY
A014612,P03663,POWER_BACKUP
A014613,P03663,GYM
A014614,P03664,SECURITY
A014615,P03664,POWER_BACKUP
A014616,P03664,GARDEN
A014617,P03664,LIFT
A014618,P03664,AIR_CONDITIONING
A014619,P03664,SWIMMING_POOL
A014620,P03665,GYM
A014621,P03665,CLUBHOUSE
A014622,P03665,POWER_BACKUP
A014623,P03666,GYM
A014624,P03666,GARDEN
A014625,P03666,WIFI
A014626,P03666,PARKING
A014627,P03667,AIR_CONDITIONING
A014628,P03667,CLUBHOUSE
A014629,P03668,SWIMMING_POOL
A014630,P03668,GYM
A014631,P03668,LIFT
A014632,P03668,SECURITY
A014633,P03669,POWER_BACKUP
A014634,P03669,WIFI
A014635,P03670,GYM
A014636,P03670,POWER_BACKUP
A014637,P03671,GYM
A014638,P03671,AIR_CONDITIONING
A014639,P03671,WIFI
A014640,P03671,LIFT
A014641,P03672,GARDEN
A014642,P03672,SWIMMING_POOL
A014643,P03672,CLUBHOUSE
A014644,P03672,POWER_BACKUP
A014645,P03672,PARKING
A014646,P03673,LIFT
A014647,P03673,CLUBHOUSE
A014648,P03673,PARKING
A014649,P03673,GYM
A014650,P03673,AIR_CONDITIONING
A014651,P03674,AIR_CONDITIONING
A014652,P03674,LIFT
A014653,P03674,CLUBHOUSE
A014654,P03674,SECURITY
A014655,P03675,SECURITY
A014656,P03675,CLUBHOUSE
A014657,P03675,AIR_CONDITIONING
A014658,P03675,POWER_BACKUP
A014659,P03676,SWIMMING_POOL
A014660,P03676,LIFT
A014661,P03676,SECURITY
A014662,P03677,PARKING
A014663,P03677,WIFI
A014664,P03677,GARDEN
A014665,P03677,SECURITY
A014666,P03678,GYM
A014667,P03678,SECURITY
A014668,P03678,POWER_BACKUP
A014669,P03678,GARDEN
A014670,P03679,SECURITY
A014671,P03679,SWIMMING_POOL
A014672,P03679,GYM
A014673,P03679,GARDEN
A014674,P03679,WIFI
A014675,P03680,SWIMMING_POOL
A014676,P03680,LIFT
A014677,P03680,AIR_CONDITIONING
A014678,P03680,GARDEN
A014679,P03680,POWER_BACKUP
A014680,P03681,SECURITY
A014681,P03681,LIFT
A014682,P03681,GYM
A014683,P03681,POWER_BACKUP
A014684,P03681,PARKING
A014685,P03681,CLUBHOUSE
A014686,P03682,GYM
A014687,P03682,POWER_BACKUP
A014688,P03682,LIFT
A014689,P03683,AIR_CONDITIONING
A014690,P03683,GARDEN
A014691,P03683,GYM
A014692,P03683,SECURITY
A014693,P03683,LIFT
A014694,P03684,GARDEN
A014695,P03684,GYM
A014696,P03684,SECURITY
A014697,P03684,LIFT
A014698,P03684,SWIMMING_POOL
A014699,P03684,AIR_CONDITIONING
A014700,P03685,POWER_BACKUP
A014701,P03685,LIFT
A014702,P03685,PARKING
A014703,P03685,GYM
A014704,P03685,SECURITY
A014705,P03685,AIR_CONDITIONING
A014706,P03686,CLUBHOUSE
A014707,P03686,SECURITY
A014708,P03687,CLUBHOUSE
A014709,P03687,GARDEN
A014710,P03687,LIFT
A014711,P03687,GYM
A014712,P03687,POWER_BACKUP
A014713,P03688,SECURITY
A014714,P03688,SWIMMING_POOL
A014715,P03688,PARKING
A014716,P03688,POWER_BACKUP
A014717,P03688,GARDEN
A014718,P03688,GYM
A014719,P03689,LIFT
A014720,P03689,POWER_BACKUP
A014721,P03689,WIFI
A014722,P03689,GYM
A014723,P03689,PARKING
A014724,P03689,SECURITY
A014725,P03690,GARDEN
A014726,P03690,SECURITY
A014727,P03690,PARKING
A014728,P03691,PARKING
A014729,P03691,AIR_CONDITIONING
A014730,P03691,LIFT
A014731,P03691,SECURITY
A014732,P03691,WIFI
A014733,P03691,CLUBHOUSE
A014734,P03692,CLUBHOUSE
A014735,P03692,AIR_CONDITIONING
A014736,P03693,LIFT
A014737,P03693,AIR_CONDITIONING
A014738,P03693,PARKING
A014739,P03693,SECURITY
A014740,P03693,SWIMMING_POOL
A014741,P03693,WIFI
A014742,P03694,SWIMMING_POOL
A014743,P03694,LIFT
A014744,P03694,SECURITY
A014745,P03694,GARDEN
A014746,P03694,GYM
A014747,P03695,PARKING
A014748,P03695,POWER_BACKUP
A014749,P03695,SECURITY
A014750,P03695,WIFI
A014751,P03695,GYM
A014752,P03696,SWIMMING_POOL
A014753,P03696,PARKING
A014754,P03696,AIR_CONDITIONING
A014755,P03696,POWER_BACKUP
A014756,P03696,SECURITY
A014757,P03697,AIR_CONDITIONING
A014758,P03697,POWER_BACKUP
A014759,P03697,LIFT
A014760,P03697,CLUBHOUSE
A014761,P03697,PARKING
A014762,P03698,SECURITY
A014763,P03698,AIR_CONDITIONING
A014764,P03698,GARDEN
A014765,P03698,GYM
A014766,P03698,PARKING
A014767,P03698,POWER_BACKUP
A014768,P03699,GARDEN
A014769,P03699,SECURITY
A014770,P03699,AIR_CONDITIONING
A014771,P03699,CLUBHOUSE
A014772,P03699,WIFI
A014773,P03699,GYM
A014774,P03700,SWIMMING_POOL
A014775,P03700,LIFT
A014776,P03700,CLUBHOUSE
A014777,P03701,PARKING
A014778,P03701,SECURITY
A014779,P03701,GYM
A014780,P03701,CLUBHOUSE
A014781,P03701,AIR_CONDITIONING
A014782,P03702,PARKING
A014783,P03702,SECURITY
A014784,P03702,GARDEN
A014785,P03702,WIFI
A014786,P03703,LIFT
A014787,P03703,AIR_CONDITIONING
A014788,P03703,SWIMMING_POOL
A014789,P03703,GARDEN
A014790,P03703,WIFI
A014791,P03703,CLUBHOUSE
A014792,P03704,SWIMMING_POOL
A014793,P03704,POWER_BACKUP
A014794,P03705,POWER_BACKUP
A014795,P03705,LIFT
A014796,P03705,GYM
A014797,P03705,WIFI
A014798,P03706,PARKING
A014799,P03706,POWER_BACKUP
A014800,P03706,CLUBHOUSE
A014801,P03706,GARDEN
A014802,P03707,SWIMMING_POOL
A014803,P03707,PARKING
A014804,P03707,POWER_BACKUP
A014805,P03707,LIFT
A014806,P03707,SECURITY
A014807,P03707,CLUBHOUSE
A014808,P03708,LIFT
A014809,P03708,GYM
A014810,P03708,GARDEN
A014811,P03708,PARKING
A014812,P03708,SECURITY
A014813,P03709,SECURITY
A014814,P03709,GYM
A014815,P03709,WIFI
A014816,P03709,SWIMMING_POOL
A014817,P03709,AIR_CONDITIONING
A014818,P03710,CLUBHOUSE
A014819,P03710,LIFT
A014820,P03711,WIFI
A014821,P03711,CLUBHOUSE
A014822,P03711,GYM
A014823,P03711,PARKING
A014824,P03711,LIFT
A014825,P03711,GARDEN
A014826,P03712,PARKING
A014827,P03712,POWER_BACKUP
A014828,P03712,LIFT
A014829,P03713,SECURITY
A014830,P03713,LIFT
A014831,P03713,CLUBHOUSE
A014832,P03714,SWIMMING_POOL
A014833,P03714,SECURITY
A014834,P03714,AIR_CONDITIONING
A014835,P03714,WIFI
A014836,P03715,GYM
A014837,P03715,POWER_BACKUP
A014838,P03715,AIR_CONDITIONING
A014839,P03715,PARKING
A014840,P03716,SECURITY
A014841,P03716,GARDEN
A014842,P03716,LIFT
A014843,P03716,AIR_CONDITIONING
A014844,P03717,SWIMMING_POOL
A014845,P03717,WIFI
A014846,P03717,GYM
A014847,P03717,POWER_BACKUP
A014848,P03717,PARKING
A014849,P03717,LIFT
A014850,P03718,SWIMMING_POOL
A014851,P03718,GYM
A014852,P03718,WIFI
A014853,P03718,POWER_BACKUP
A014854,P03718,GARDEN
A014855,P03718,PARKING
A014856,P03719,GARDEN
A014857,P03719,LIFT
A014858,P03720,SECURITY
A014859,P03720,AIR_CONDITIONING
A014860,P03720,SWIMMING_POOL
A014861,P03721,WIFI
A014862,P03721,PARKING
A014863,P03721,SECURITY
A014864,P03721,CLUBHOUSE
A014865,P03722,GYM
A014866,P03722,SWIMMING_POOL
A014867,P03722,SECURITY
A014868,P03723,AIR_CONDITIONING
A014869,P03723,POWER_BACKUP
A014870,P03723,WIFI
A014871,P03723,PARKING
A014872,P03724,CLUBHOUSE
A014873,P03724,AIR_CONDITIONING
A014874,P03725,AIR_CONDITIONING
A014875,P03725,SECURITY
A014876,P03725,SWIMMING_POOL
A014877,P03725,LIFT
A014878,P03725,CLUBHOUSE
A014879,P03726,SWIMMING_POOL
A014880,P03726,WIFI
A014881,P03726,GARDEN
A014882,P03726,GYM
A014883,P03726,PARKING
A014884,P03727,POWER_BACKUP
A014885,P03727,GARDEN
A014886,P03727,CLUBHOUSE
A014887,P03728,SWIMMING_POOL
A014888,P03728,GARDEN
A014889,P03728,LIFT
A014890,P03729,CLUBHOUSE
A014891,P03729,GYM
A014892,P03730,PARKING
A014893,P03730,LIFT
A014894,P03730,SWIMMING_POOL
A014895,P03730,WIFI
A014896,P03730,CLUBHOUSE
A014897,P03730,AIR_CONDITIONING
A014898,P03731,WIFI
A014899,P03731,SWIMMING_POOL
A014900,P03731,LIFT
A014901,P03732,GARDEN
A014902,P03732,LIFT
A014903,P03733,AIR_CONDITIONING
A014904,P03733,CLUBHOUSE
A014905,P03733,POWER_BACKUP
A014906,P03734,SWIMMING_POOL
A014907,P03734,LIFT
A014908,P03735,PARKING
A014909,P03735,POWER_BACKUP
A014910,P03735,SECURITY
A014911,P03735,SWIMMING_POOL
A014912,P03736,CLUBHOUSE
A014913,P03736,POWER_BACKUP
A014914,P03736,WIFI
A014915,P03737,POWER_BACKUP
A014916,P03737,GYM
A014917,P03738,POWER_BACKUP
A014918,P03738,SECURITY
A014919,P03738,AIR_CONDITIONING
A014920,P03739,POWER_BACKUP
A014921,P03739,SWIMMING_POOL
A014922,P03739,GARDEN
A014923,P03739,CLUBHOUSE
A014924,P03739,GYM
A014925,P03739,SECURITY
A014926,P03740,SECURITY
A014927,P03740,LIFT
A014928,P03740,POWER_BACKUP
A014929,P03740,GARDEN
A014930,P03740,SWIMMING_POOL
A014931,P03741,GARDEN
A014932,P03741,GYM
A014933,P03741,POWER_BACKUP
A014934,P03741,CLUBHOUSE
A014935,P03742,SWIMMING_POOL
A014936,P03742,GARDEN
A014937,P03743,AIR_CONDITIONING
A014938,P03743,LIFT
A014939,P03743,PARKING
A014940,P03743,WIFI
A014941,P03743,GARDEN
A014942,P03744,PARKING
A014943,P03744,SWIMMING_POOL
A014944,P03744,SECURITY
A014945,P03744,WIFI
A014946,P03744,POWER_BACKUP
A014947,P03745,CLUBHOUSE
A014948,P03745,SWIMMING_POOL
A014949,P03746,SWIMMING_POOL
A014950,P03746,POWER_BACKUP
A014951,P03746,WIFI
A014952,P03746,PARKING
A014953,P03747,WIFI
A014954,P03747,PARKING
A014955,P03747,AIR_CONDITIONING
A014956,P03747,GARDEN
A014957,P03747,LIFT
A014958,P03747,POWER_BACKUP
A014959,P03748,GYM
A014960,P03748,LIFT
A014961,P03748,CLUBHOUSE
A014962,P03748,SECURITY
A014963,P03748,POWER_BACKUP
A014964,P03748,WIFI
A014965,P03749,AIR_CONDITIONING
A014966,P03749,GYM
A014967,P03750,SWIMMING_POOL
A014968,P03750,POWER_BACKUP
A014969,P03750,GYM
A014970,P03750,GARDEN
A014971,P03751,LIFT
A014972,P03751,POWER_BACKUP
A014973,P03751,GARDEN
A014974,P03751,PARKING
A014975,P03751,WIFI
A014976,P03752,CLUBHOUSE
A014977,P03752,GYM
A014978,P03752,SECURITY
A014979,P03752,LIFT
A014980,P03752,SWIMMING_POOL
A014981,P03752,WIFI
A014982,P03753,POWER_BACKUP
A014983,P03753,SWIMMING_POOL
A014984,P03754,CLUBHOUSE
A014985,P03754,GARDEN
A014986,P03754,WIFI
A014987,P03755,GARDEN
A014988,P03755,LIFT
A014989,P03755,SECURITY
A014990,P03755,PARKING
A014991,P03755,GYM
A014992,P03755,CLUBHOUSE
A014993,P03756,GYM
A014994,P03756,POWER_BACKUP
A014995,P03756,WIFI
A014996,P03756,LIFT
A014997,P03756,AIR_CONDITIONING
A014998,P03757,AIR_CONDITIONING
A014999,P03757,SECURITY
A015000,P03757,PARKING
A015001,P03757,WIFI
A015002,P03758,PARKING
A015003,P03758,GARDEN
A015004,P03758,GYM
A015005,P03758,SWIMMING_POOL
A015006,P03758,AIR_CONDITIONING
A015007,P03758,LIFT
A015008,P03759,SECURITY
A015009,P03759,GYM
A015010,P03759,SWIMMING_POOL
A015011,P03759,CLUBHOUSE
A015012,P03759,POWER_BACKUP
A015013,P03760,AIR_CONDITIONING
A015014,P03760,PARKING
A015015,P03760,POWER_BACKUP
A015016,P03761,CLUBHOUSE
A015017,P03761,GYM
A015018,P03761,AIR_CONDITIONING
A015019,P03762,GARDEN
A015020,P03762,AIR_CONDITIONING
A015021,P03762,SWIMMING_POOL
A015022,P03762,CLUBHOUSE
A015023,P03762,SECURITY
A015024,P03763,SECURITY
A015025,P03763,GARDEN
A015026,P03764,AIR_CONDITIONING
A015027,P03764,SWIMMING_POOL
A015028,P03764,GARDEN
A015029,P03764,GYM
A015030,P03765,CLUBHOUSE
A015031,P03765,LIFT
A015032,P03765,GARDEN
A015033,P03765,SWIMMING_POOL
A015034,P03765,GYM
A015035,P03765,AIR_CONDITIONING
A015036,P03766,POWER_BACKUP
A015037,P03766,CLUBHOUSE
A015038,P03766,AIR_CONDITIONING
A015039,P03766,LIFT
A015040,P03766,SWIMMING_POOL
A015041,P03767,AIR_CONDITIONING
A015042,P03767,PARKING
A015043,P03768,LIFT
A015044,P03768,WIFI
A015045,P03769,WIFI
A015046,P03769,LIFT
A015047,P03770,GYM
A015048,P03770,POWER_BACKUP
A015049,P03771,GYM
A015050,P03771,SECURITY
A015051,P03772,SWIMMING_POOL
A015052,P03772,POWER_BACKUP
A015053,P03772,WIFI
A015054,P03773,GYM
A015055,P03773,AIR_CONDITIONING
A015056,P03773,SWIMMING_POOL
A015057,P03773,SECURITY
A015058,P03774,LIFT
A015059,P03774,CLUBHOUSE
A015060,P03775,SWIMMING_POOL
A015061,P03775,POWER_BACKUP
A015062,P03775,PARKING
A015063,P03775,AIR_CONDITIONING
A015064,P03776,GYM
A015065,P03776,PARKING
A015066,P03776,GARDEN
A015067,P03776,LIFT
A015068,P03776,POWER_BACKUP
A015069,P03776,WIFI
A015070,P03777,POWER_BACKUP
A015071,P03777,CLUBHOUSE
A015072,P03778,PARKING
A015073,P03778,SECURITY
A015074,P03778,LIFT
A015075,P03779,SWIMMING_POOL
A015076,P03779,POWER_BACKUP
A015077,P03779,CLUBHOUSE
A015078,P03779,GYM
A015079,P03779,WIFI
A015080,P03780,LIFT
A015081,P03780,WIFI
A015082,P03780,CLUBHOUSE
A015083,P03780,GYM
A015084,P03780,POWER_BACKUP
A015085,P03780,SECURITY
A015086,P03781,WIFI
A015087,P03781,POWER_BACKUP
A015088,P03781,GYM
A015089,P03781,CLUBHOUSE
A015090,P03781,SECURITY
A015091,P03782,PARKING
A015092,P03782,WIFI
A015093,P03782,POWER_BACKUP
A015094,P03783,SECURITY
A015095,P03783,GYM
A015096,P03783,POWER_BACKUP
A015097,P03783,CLUBHOUSE
A015098,P03784,GYM
A015099,P03784,GARDEN
A015100,P03784,AIR_CONDITIONING
A015101,P03784,LIFT
A015102,P03784,CLUBHOUSE
A015103,P03785,LIFT
A015104,P03785,GYM
A015105,P03785,WIFI
A015106,P03786,SECURITY
A015107,P03786,GYM
A015108,P03786,AIR_CONDITIONING
A015109,P03787,LIFT
A015110,P03787,CLUBHOUSE
A015111,P03787,SECURITY
A015112,P03788,AIR_CONDITIONING
A015113,P03788,GYM
A015114,P03789,POWER_BACKUP
A015115,P03789,GYM
A015116,P03789,CLUBHOUSE
A015117,P03789,SECURITY
A015118,P03789,AIR_CONDITIONING
A015119,P03790,WIFI
A015120,P03790,POWER_BACKUP
A015121,P03790,LIFT
A015122,P03790,CLUBHOUSE
A015123,P03790,AIR_CONDITIONING
A015124,P03791,GARDEN
A015125,P03791,WIFI
A015126,P03791,SWIMMING_POOL
A015127,P03791,CLUBHOUSE
A015128,P03792,AIR_CONDITIONING
A015129,P03792,GYM
A015130,P03792,WIFI
A015131,P03792,SWIMMING_POOL
A015132,P03792,CLUBHOUSE
A015133,P03793,WIFI
A015134,P03793,LIFT
A015135,P03793,GYM
A015136,P03793,CLUBHOUSE
A015137,P03793,POWER_BACKUP
A015138,P03793,PARKING
A015139,P03794,SWIMMING_POOL
A015140,P03794,GYM
A015141,P03795,LIFT
A015142,P03795,GARDEN
A015143,P03795,POWER_BACKUP
A015144,P03795,PARKING
A015145,P03795,SECURITY
A015146,P03796,PARKING
A015147,P03796,SECURITY
A015148,P03796,GARDEN
A015149,P03796,POWER_BACKUP
A015150,P03796,LIFT
A015151,P03797,WIFI
A015152,P03797,AIR_CONDITIONING
A015153,P03797,GYM
A015154,P03798,PARKING
A015155,P03798,SECURITY
A015156,P03799,LIFT
A015157,P03799,POWER_BACKUP
A015158,P03799,GARDEN
A015159,P03799,CLUBHOUSE
A015160,P03799,GYM
A015161,P03800,PARKING
A015162,P03800,CLUBHOUSE
A015163,P03800,LIFT
A015164,P03800,SWIMMING_POOL
A015165,P03801,POWER_BACKUP
A015166,P03801,LIFT
A015167,P03801,CLUBHOUSE
A015168,P03801,AIR_CONDITIONING
A015169,P03801,GYM
A015170,P03801,WIFI
A015171,P03802,SWIMMING_POOL
A015172,P03802,CLUBHOUSE
A015173,P03802,GYM
A015174,P03802,PARKING
A015175,P03802,SECURITY
A015176,P03803,PARKING
A015177,P03803,SWIMMING_POOL
A015178,P03803,SECURITY
A015179,P03803,GARDEN
A015180,P03804,WIFI
A015181,P03804,AIR_CONDITIONING
A015182,P03805,AIR_CONDITIONING
A015183,P03805,PARKING
A015184,P03805,GYM
A015185,P03806,SECURITY
A015186,P03806,GARDEN
A015187,P03806,POWER_BACKUP
A015188,P03807,LIFT
A015189,P03807,SECURITY
A015190,P03807,AIR_CONDITIONING
A015191,P03807,SWIMMING_POOL
A015192,P03807,GYM
A015193,P03808,POWER_BACKUP
A015194,P03808,GYM
A015195,P03808,AIR_CONDITIONING
A015196,P03808,PARKING
A015197,P03808,LIFT
A015198,P03809,GARDEN
A015199,P03809,GYM
A015200,P03809,POWER_BACKUP
A015201,P03809,SWIMMING_POOL
A015202,P03809,PARKING
A015203,P03809,SECURITY
A015204,P03810,AIR_CONDITIONING
A015205,P03810,SWIMMING_POOL
A015206,P03810,POWER_BACKUP
A015207,P03811,SWIMMING_POOL
A015208,P03811,PARKING
A015209,P03812,GARDEN
A015210,P03812,CLUBHOUSE
A015211,P03812,GYM
A015212,P03812,SECURITY
A015213,P03812,PARKING
A015214,P03812,AIR_CONDITIONING
A015215,P03813,AIR_CONDITIONING
A015216,P03813,CLUBHOUSE
A015217,P03814,WIFI
A015218,P03814,LIFT
A015219,P03814,SWIMMING_POOL
A015220,P03814,AIR_CONDITIONING
A015221,P03814,GYM
A015222,P03815,WIFI
A015223,P03815,POWER_BACKUP
A015224,P03815,GYM
A015225,P03816,SWIMMING_POOL
A015226,P03816,PARKING
A015227,P03816,LIFT
A015228,P03816,AIR_CONDITIONING
A015229,P03816,GYM
A015230,P03817,CLUBHOUSE
A015231,P03817,LIFT
A015232,P03817,GYM
A015233,P03818,SWIMMING_POOL
A015234,P03818,LIFT
A015235,P03819,SWIMMING_POOL
A015236,P03819,LIFT
A015237,P03819,PARKING
A015238,P03820,GARDEN
A015239,P03820,GYM
A015240,P03820,WIFI
A015241,P03821,AIR_CONDITIONING
A015242,P03821,CLUBHOUSE
A015243,P03821,WIFI
A015244,P03821,GARDEN
A015245,P03821,SWIMMING_POOL
A015246,P03821,LIFT
A015247,P03822,AIR_CONDITIONING
A015248,P03822,POWER_BACKUP
A015249,P03822,LIFT
A015250,P03822,WIFI
A015251,P03823,PARKING
A015252,P03823,POWER_BACKUP
A015253,P03823,GARDEN
A015254,P03823,SECURITY
A015255,P03824,WIFI
A015256,P03824,LIFT
A015257,P03824,GYM
A015258,P03825,PARKING
A015259,P03825,POWER_BACKUP
A015260,P03825,CLUBHOUSE
A015261,P03825,WIFI
A015262,P03825,LIFT
A015263,P03825,SWIMMING_POOL
A015264,P03826,CLUBHOUSE
A015265,P03826,AIR_CONDITIONING
A015266,P03826,SECURITY
A015267,P03826,GARDEN
A015268,P03827,WIFI
A015269,P03827,PARKING
A015270,P03827,GYM
A015271,P03827,SECURITY
A015272,P03828,POWER_BACKUP
A015273,P03828,LIFT
A015274,P03828,AIR_CONDITIONING
A015275,P03828,SECURITY
A015276,P03828,PARKING
A015277,P03829,AIR_CONDITIONING
A015278,P03829,POWER_BACKUP
A015279,P03829,PARKING
A015280,P03829,GARDEN
A015281,P03830,CLUBHOUSE
A015282,P03830,WIFI
A015283,P03830,LIFT
A015284,P03830,SECURITY
A015285,P03831,WIFI
A015286,P03831,AIR_CONDITIONING
A015287,P03831,GYM
A015288,P03832,PARKING
A015289,P03832,AIR_CONDITIONING
A015290,P03832,GYM
A015291,P03832,GARDEN
A015292,P03833,SWIMMING_POOL
A015293,P03833,CLUBHOUSE
A015294,P03833,AIR_CONDITIONING
A015295,P03833,LIFT
A015296,P03834,PARKING
A015297,P03834,SWIMMING_POOL
A015298,P03834,SECURITY
A015299,P03834,POWER_BACKUP
A015300,P03834,GARDEN
A015301,P03834,CLUBHOUSE
A015302,P03835,SECURITY
A015303,P03835,GYM
A015304,P03835,LIFT
A015305,P03835,AIR_CONDITIONING
A015306,P03835,PARKING
A015307,P03836,GARDEN
A015308,P03836,SECURITY
A015309,P03837,LIFT
A015310,P03837,GARDEN
A015311,P03837,SECURITY
A015312,P03837,CLUBHOUSE
A015313,P03838,POWER_BACKUP
A015314,P03838,GARDEN
A015315,P03838,GYM
A015316,P03839,SECURITY
A015317,P03839,CLUBHOUSE
A015318,P03839,PARKING
A015319,P03839,AIR_CONDITIONING
A015320,P03839,GYM
A015321,P03840,POWER_BACKUP
A015322,P03840,AIR_CONDITIONING
A015323,P03840,WIFI
A015324,P03841,PARKING
A015325,P03841,CLUBHOUSE
A015326,P03841,GYM
A015327,P03841,LIFT
A015328,P03841,SWIMMING_POOL
A015329,P03841,WIFI
A015330,P03842,WIFI
A015331,P03842,SECURITY
A015332,P03842,PARKING
A015333,P03842,GARDEN
A015334,P03842,GYM
A015335,P03842,AIR_CONDITIONING
A015336,P03843,SWIMMING_POOL
A015337,P03843,SECURITY
A015338,P03843,GYM
A015339,P03843,GARDEN
A015340,P03843,AIR_CONDITIONING
A015341,P03843,CLUBHOUSE
A015342,P03844,LIFT
A015343,P03844,SWIMMING_POOL
A015344,P03844,POWER_BACKUP
A015345,P03844,PARKING
A015346,P03844,CLUBHOUSE
A015347,P03844,GYM
A015348,P03845,LIFT
A015349,P03845,POWER_BACKUP
A015350,P03845,PARKING
A015351,P03845,SECURITY
A015352,P03845,WIFI
A015353,P03845,GYM
A015354,P03846,POWER_BACKUP
A015355,P03846,PARKING
A015356,P03847,SECURITY
A015357,P03847,CLUBHOUSE
A015358,P03847,PARKING
A015359,P03848,GARDEN
A015360,P03848,GYM
A015361,P03848,AIR_CONDITIONING
A015362,P03848,PARKING
A015363,P03848,SECURITY
A015364,P03848,WIFI
A015365,P03849,GARDEN
A015366,P03849,SECURITY
A015367,P03849,CLUBHOUSE
A015368,P03849,AIR_CONDITIONING
A015369,P03849,WIFI
A015370,P03850,WIFI
A015371,P03850,GYM
A015372,P03850,LIFT
A015373,P03850,SECURITY
A015374,P03851,PARKING
A015375,P03851,WIFI
A015376,P03851,GARDEN
A015377,P03852,PARKING
A015378,P03852,GARDEN
A015379,P03852,SWIMMING_POOL
A015380,P03852,SECURITY
A015381,P03853,POWER_BACKUP
A015382,P03853,AIR_CONDITIONING
A015383,P03854,WIFI
A015384,P03854,LIFT
A015385,P03854,CLUBHOUSE
A015386,P03854,AIR_CONDITIONING
A015387,P03855,POWER_BACKUP
A015388,P03855,CLUBHOUSE
A015389,P03855,GYM
A015390,P03856,POWER_BACKUP
A015391,P03856,PARKING
A015392,P03856,LIFT
A015393,P03857,PARKING
A015394,P03857,WIFI
A015395,P03857,SWIMMING_POOL
A015396,P03857,LIFT
A015397,P03857,SECURITY
A015398,P03857,CLUBHOUSE
A015399,P03858,WIFI
A015400,P03858,AIR_CONDITIONING
A015401,P03858,GYM
A015402,P03858,PARKING
A015403,P03858,SECURITY
A015404,P03859,LIFT
A015405,P03859,POWER_BACKUP
A015406,P03860,AIR_CONDITIONING
A015407,P03860,POWER_BACKUP
A015408,P03860,CLUBHOUSE
A015409,P03861,GARDEN
A015410,P03861,CLUBHOUSE
A015411,P03862,SECURITY
A015412,P03862,AIR_CONDITIONING
A015413,P03863,POWER_BACKUP
A015414,P03863,PARKING
A015415,P03863,AIR_CONDITIONING
A015416,P03863,LIFT
A015417,P03863,SWIMMING_POOL
A015418,P03863,SECURITY
A015419,P03864,SECURITY
A015420,P03864,PARKING
A015421,P03865,PARKING
A015422,P03865,SECURITY
A015423,P03866,LIFT
A015424,P03866,SWIMMING_POOL
A015425,P03867,WIFI
A015426,P03867,SWIMMING_POOL
A015427,P03867,GARDEN
A015428,P03867,SECURITY
A015429,P03867,GYM
A015430,P03868,SWIMMING_POOL
A015431,P03868,AIR_CONDITIONING
A015432,P03868,SECURITY
A015433,P03868,WIFI
A015434,P03868,POWER_BACKUP
A015435,P03869,AIR_CONDITIONING
A015436,P03869,POWER_BACKUP
A015437,P03869,GYM
A015438,P03869,PARKING
A015439,P03869,LIFT
A015440,P03869,CLUBHOUSE
A015441,P03870,GARDEN
A015442,P03870,SECURITY
A015443,P03871,PARKING
A015444,P03871,GYM
A015445,P03871,SECURITY
A015446,P03871,WIFI
A015447,P03872,SECURITY
A015448,P03872,WIFI
A015449,P03873,PARKING
A015450,P03873,SECURITY
A015451,P03873,WIFI
A015452,P03874,AIR_CONDITIONING
A015453,P03874,GARDEN
A015454,P03875,GYM
A015455,P03875,POWER_BACKUP
A015456,P03876,LIFT
A015457,P03876,AIR_CONDITIONING
A015458,P03876,SWIMMING_POOL
A015459,P03876,GARDEN
A015460,P03877,GYM
A015461,P03877,WIFI
A015462,P03877,GARDEN
A015463,P03878,SECURITY
A015464,P03878,LIFT
A015465,P03878,PARKING
A015466,P03878,SWIMMING_POOL
A015467,P03879,GYM
A015468,P03879,CLUBHOUSE
A015469,P03879,LIFT
A015470,P03879,PARKING
A015471,P03879,WIFI
A015472,P03880,CLUBHOUSE
A015473,P03880,SECURITY
A015474,P03880,GYM
A015475,P03881,WIFI
A015476,P03881,PARKING
A015477,P03881,AIR_CONDITIONING
A015478,P03881,GYM
A015479,P03881,CLUBHOUSE
A015480,P03882,SWIMMING_POOL
A015481,P03882,POWER_BACKUP
A015482,P03883,LIFT
A015483,P03883,POWER_BACKUP
A015484,P03883,SWIMMING_POOL
A015485,P03883,PARKING
A015486,P03883,GARDEN
A015487,P03884,SWIMMING_POOL
A015488,P03884,LIFT
A015489,P03884,AIR_CONDITIONING
A015490,P03884,GARDEN
A015491,P03884,SECURITY
A015492,P03885,GARDEN
A015493,P03885,SWIMMING_POOL
A015494,P03885,WIFI
A015495,P03885,POWER_BACKUP
A015496,P03886,WIFI
A015497,P03886,GARDEN
A015498,P03886,PARKING
A015499,P03886,POWER_BACKUP
A015500,P03887,PARKING
A015501,P03887,GYM
A015502,P03887,SECURITY
A015503,P03888,SECURITY
A015504,P03888,CLUBHOUSE
A015505,P03888,GYM
A015506,P03888,SWIMMING_POOL
A015507,P03889,GYM
A015508,P03889,AIR_CONDITIONING
A015509,P03889,SECURITY
A015510,P03890,GARDEN
A015511,P03890,PARKING
A015512,P03891,SWIMMING_POOL
A015513,P03891,AIR_CONDITIONING
A015514,P03891,PARKING
A015515,P03892,WIFI
A015516,P03892,GYM
A015517,P03892,GARDEN
A015518,P03892,POWER_BACKUP
A015519,P03892,SECURITY
A015520,P03892,LIFT
A015521,P03893,GYM
A015522,P03893,PARKING
A015523,P03894,LIFT
A015524,P03894,SECURITY
A015525,P03894,PARKING
A015526,P03894,GARDEN
A015527,P03894,GYM
A015528,P03894,SWIMMING_POOL
A015529,P03895,CLUBHOUSE
A015530,P03895,GARDEN
A015531,P03895,PARKING
A015532,P03895,SECURITY
A015533,P03896,WIFI
A015534,P03896,SWIMMING_POOL
A015535,P03896,GARDEN
A015536,P03896,POWER_BACKUP
A015537,P03896,CLUBHOUSE
A015538,P03896,PARKING
A015539,P03897,LIFT
A015540,P03897,SECURITY
A015541,P03898,CLUBHOUSE
A015542,P03898,WIFI
A015543,P03898,AIR_CONDITIONING
A015544,P03898,GYM
A015545,P03899,LIFT
A015546,P03899,GYM
A015547,P03899,SECURITY
A015548,P03899,WIFI
A015549,P03899,PARKING
A015550,P03899,SWIMMING_POOL
A015551,P03900,SECURITY
A015552,P03900,CLUBHOUSE
A015553,P03900,AIR_CONDITIONING
A015554,P03900,LIFT
A015555,P03900,PARKING
A015556,P03901,PARKING
A015557,P03901,GYM
A015558,P03901,AIR_CONDITIONING
A015559,P03901,CLUBHOUSE
A015560,P03901,POWER_BACKUP
A015561,P03901,GARDEN
A015562,P03902,SWIMMING_POOL
A015563,P03902,GARDEN
A015564,P03902,SECURITY
A015565,P03902,POWER_BACKUP
A015566,P03902,LIFT
A015567,P03903,POWER_BACKUP
A015568,P03903,SECURITY
A015569,P03904,LIFT
A015570,P03904,GYM
A015571,P03905,SWIMMING_POOL
A015572,P03905,LIFT
A015573,P03905,SECURITY
A015574,P03905,POWER_BACKUP
A015575,P03905,AIR_CONDITIONING
A015576,P03906,SECURITY
A015577,P03906,WIFI
A015578,P03906,SWIMMING_POOL
A015579,P03906,PARKING
A015580,P03907,SWIMMING_POOL
A015581,P03907,PARKING
A015582,P03907,LIFT
A015583,P03907,CLUBHOUSE
A015584,P03907,AIR_CONDITIONING
A015585,P03908,SWIMMING_POOL
A015586,P03908,CLUBHOUSE
A015587,P03908,POWER_BACKUP
A015588,P03908,LIFT
A015589,P03909,LIFT
A015590,P03909,PARKING
A015591,P03910,GYM
A015592,P03910,LIFT
A015593,P03910,CLUBHOUSE
A015594,P03910,WIFI
A015595,P03911,AIR_CONDITIONING
A015596,P03911,GYM
A015597,P03912,SECURITY
A015598,P03912,GYM
A015599,P03912,CLUBHOUSE
A015600,P03913,GYM
A015601,P03913,WIFI
A015602,P03913,LIFT
A015603,P03913,SWIMMING_POOL
A015604,P03913,CLUBHOUSE
A015605,P03913,GARDEN
A015606,P03914,CLUBHOUSE
A015607,P03914,POWER_BACKUP
A015608,P03915,LIFT
A015609,P03915,GARDEN
A015610,P03915,GYM
A015611,P03915,SECURITY
A015612,P03915,AIR_CONDITIONING
A015613,P03916,AIR_CONDITIONING
A015614,P03916,WIFI
A015615,P03916,LIFT
A015616,P03916,GYM
A015617,P03916,GARDEN
A015618,P03916,SECURITY
A015619,P03917,CLUBHOUSE
A015620,P03917,PARKING
A015621,P03917,GARDEN
A015622,P03918,AIR_CONDITIONING
A015623,P03918,SECURITY
A015624,P03918,POWER_BACKUP
A015625,P03918,SWIMMING_POOL
A015626,P03918,PARKING
A015627,P03919,POWER_BACKUP
A015628,P03919,AIR_CONDITIONING
A015629,P03920,WIFI
A015630,P03920,GYM
A015631,P03920,SWIMMING_POOL
A015632,P03920,PARKING
A015633,P03920,GARDEN
A015634,P03920,CLUBHOUSE
A015635,P03921,SWIMMING_POOL
A015636,P03921,WIFI
A015637,P03921,GARDEN
A015638,P03921,AIR_CONDITIONING
A015639,P03921,CLUBHOUSE
A015640,P03921,SECURITY
A015641,P03922,POWER_BACKUP
A015642,P03922,CLUBHOUSE
A015643,P03922,WIFI
A015644,P03923,WIFI
A015645,P03923,GARDEN
A015646,P03923,AIR_CONDITIONING
A015647,P03924,CLUBHOUSE
A015648,P03924,WIFI
A015649,P03925,AIR_CONDITIONING
A015650,P03925,LIFT
A015651,P03925,PARKING
A015652,P03926,SWIMMING_POOL
A015653,P03926,CLUBHOUSE
A015654,P03926,SECURITY
A015655,P03926,AIR_CONDITIONING
A015656,P03926,POWER_BACKUP
A015657,P03927,SWIMMING_POOL
A015658,P03927,GARDEN
A015659,P03927,CLUBHOUSE
A015660,P03928,WIFI
A015661,P03928,PARKING
A015662,P03928,LIFT
A015663,P03928,GARDEN
A015664,P03928,SWIMMING_POOL
A015665,P03928,POWER_BACKUP
A015666,P03929,WIFI
A015667,P03929,POWER_BACKUP
A015668,P03929,LIFT
A015669,P03929,SWIMMING_POOL
A015670,P03929,CLUBHOUSE
A015671,P03929,AIR_CONDITIONING
A015672,P03930,SWIMMING_POOL
A015673,P03930,SECURITY
A015674,P03931,GYM
A015675,P03931,AIR_CONDITIONING
A015676,P03931,PARKING
A015677,P03932,POWER_BACKUP
A015678,P03932,GYM
A015679,P03933,SECURITY
A015680,P03933,LIFT
A015681,P03933,GARDEN
A015682,P03933,GYM
A015683,P03934,AIR_CONDITIONING
A015684,P03934,SECURITY
A015685,P03934,POWER_BACKUP
A015686,P03934,GYM
A015687,P03935,SECURITY
A015688,P03935,CLUBHOUSE
A015689,P03936,CLUBHOUSE
A015690,P03936,LIFT
A015691,P03936,GARDEN
A015692,P03937,AIR_CONDITIONING
A015693,P03937,PARKING
A015694,P03937,CLUBHOUSE
A015695,P03937,SWIMMING_POOL
A015696,P03937,LIFT
A015697,P03938,LIFT
A015698,P03938,SWIMMING_POOL
A015699,P03938,AIR_CONDITIONING
A015700,P03938,CLUBHOUSE
A015701,P03938,GARDEN
A015702,P03938,WIFI
A015703,P03939,GARDEN
A015704,P03939,SWIMMING_POOL
A015705,P03939,SECURITY
A015706,P03939,LIFT
A015707,P03940,CLUBHOUSE
A015708,P03940,AIR_CONDITIONING
A015709,P03941,CLUBHOUSE
A015710,P03941,GYM
A015711,P03942,CLUBHOUSE
A015712,P03942,POWER_BACKUP
A015713,P03942,AIR_CONDITIONING
A015714,P03942,PARKING
A015715,P03942,SECURITY
A015716,P03942,LIFT
A015717,P03943,LIFT
A015718,P03943,CLUBHOUSE
A015719,P03943,AIR_CONDITIONING
A015720,P03944,PARKING
A015721,P03944,GYM
A015722,P03945,GYM
A015723,P03945,GARDEN
A015724,P03946,POWER_BACKUP
A015725,P03946,AIR_CONDITIONING
A015726,P03946,SWIMMING_POOL
A015727,P03947,PARKING
A015728,P03947,POWER_BACKUP
A015729,P03948,GYM
A015730,P03948,WIFI
A015731,P03948,GARDEN
A015732,P03948,SECURITY
A015733,P03948,PARKING
A015734,P03949,SECURITY
A015735,P03949,WIFI
A015736,P03949,LIFT
A015737,P03950,GARDEN
A015738,P03950,SECURITY
A015739,P03951,SECURITY
A015740,P03951,PARKING
A015741,P03951,CLUBHOUSE
A015742,P03952,GYM
A015743,P03952,WIFI
A015744,P03952,AIR_CONDITIONING
A015745,P03952,LIFT
A015746,P03953,AIR_CONDITIONING
A015747,P03953,PARKING
A015748,P03954,SECURITY
A015749,P03954,POWER_BACKUP
A015750,P03954,AIR_CONDITIONING
A015751,P03954,GARDEN
A015752,P03955,POWER_BACKUP
A015753,P03955,GARDEN
A015754,P03955,WIFI
A015755,P03955,AIR_CONDITIONING
A015756,P03955,GYM
A015757,P03955,SWIMMING_POOL
A015758,P03956,GYM
A015759,P03956,WIFI
A015760,P03956,LIFT
A015761,P03956,PARKING
A015762,P03956,GARDEN
A015763,P03957,SWIMMING_POOL
A015764,P03957,PARKING
A015765,P03957,POWER_BACKUP
A015766,P03957,GARDEN
A015767,P03957,GYM
A015768,P03957,CLUBHOUSE
A015769,P03958,GYM
A015770,P03958,GARDEN
A015771,P03959,GARDEN
A015772,P03959,GYM
A015773,P03959,POWER_BACKUP
A015774,P03960,WIFI
A015775,P03960,SECURITY
A015776,P03960,PARKING
A015777,P03960,GARDEN
A015778,P03961,POWER_BACKUP
A015779,P03961,SECURITY
A015780,P03962,SWIMMING_POOL
A015781,P03962,SECURITY
A015782,P03963,AIR_CONDITIONING
A015783,P03963,GARDEN
A015784,P03963,PARKING
A015785,P03963,GYM
A015786,P03963,SWIMMING_POOL
A015787,P03964,GARDEN
A015788,P03964,GYM
A015789,P03964,CLUBHOUSE
A015790,P03965,SWIMMING_POOL
A015791,P03965,GARDEN
A015792,P03965,LIFT
A015793,P03965,WIFI
A015794,P03965,AIR_CONDITIONING
A015795,P03965,POWER_BACKUP
A015796,P03966,SWIMMING_POOL
A015797,P03966,AIR_CONDITIONING
A015798,P03966,GYM
A015799,P03966,POWER_BACKUP
A015800,P03967,GARDEN
A015801,P03967,AIR_CONDITIONING
A015802,P03967,PARKING
A015803,P03968,WIFI
A015804,P03968,PARKING
A015805,P03968,GARDEN
A015806,P03969,POWER_BACKUP
A015807,P03969,WIFI
A015808,P03970,POWER_BACKUP
A015809,P03970,AIR_CONDITIONING
A015810,P03970,LIFT
A015811,P03970,SWIMMING_POOL
A015812,P03970,GARDEN
A015813,P03970,PARKING
A015814,P03971,POWER_BACKUP
A015815,P03971,SWIMMING_POOL
A015816,P03971,PARKING
A015817,P03971,WIFI
A015818,P03971,GYM
A015819,P03971,CLUBHOUSE
A015820,P03972,GARDEN
A015821,P03972,LIFT
A015822,P03972,CLUBHOUSE
A015823,P03973,AIR_CONDITIONING
A015824,P03973,WIFI
A015825,P03973,CLUBHOUSE
A015826,P03973,LIFT
A015827,P03973,PARKING
A015828,P03974,LIFT
A015829,P03974,GARDEN
A015830,P03975,AIR_CONDITIONING
A015831,P03975,GYM
A015832,P03975,CLUBHOUSE
A015833,P03976,CLUBHOUSE
A015834,P03976,GYM
A015835,P03976,LIFT
A015836,P03976,PARKING
A015837,P03976,AIR_CONDITIONING
A015838,P03977,LIFT
A015839,P03977,SWIMMING_POOL
A015840,P03977,GARDEN
A015841,P03977,WIFI
A015842,P03977,GYM
A015843,P03977,POWER_BACKUP
A015844,P03978,SECURITY
A015845,P03978,WIFI
A015846,P03978,LIFT
A015847,P03978,PARKING
A015848,P03978,SWIMMING_POOL
A015849,P03979,GYM
A015850,P03979,POWER_BACKUP
A015851,P03980,GYM
A015852,P03980,POWER_BACKUP
A015853,P03980,LIFT
A015854,P03981,GYM
A015855,P03981,SWIMMING_POOL
A015856,P03981,CLUBHOUSE
A015857,P03981,WIFI
A015858,P03982,SWIMMING_POOL
A015859,P03982,AIR_CONDITIONING
A015860,P03982,SECURITY
A015861,P03982,CLUBHOUSE
A015862,P03983,SWIMMING_POOL
A015863,P03983,WIFI
A015864,P03983,PARKING
A015865,P03983,SECURITY
A015866,P03984,POWER_BACKUP
A015867,P03984,GARDEN
A015868,P03984,GYM
A015869,P03984,SWIMMING_POOL
A015870,P03985,CLUBHOUSE
A015871,P03985,LIFT
A015872,P03985,WIFI
A015873,P03985,POWER_BACKUP
A015874,P03985,PARKING
A015875,P03986,PARKING
A015876,P03986,AIR_CONDITIONING
A015877,P03986,SECURITY
A015878,P03986,WIFI
A015879,P03986,GARDEN
A015880,P03987,SWIMMING_POOL
A015881,P03987,LIFT
A015882,P03988,PARKING
A015883,P03988,LIFT
A015884,P03988,POWER_BACKUP
A015885,P03988,GYM
A015886,P03988,GARDEN
A015887,P03989,WIFI
A015888,P03989,LIFT
A015889,P03989,AIR_CONDITIONING
A015890,P03989,PARKING
A015891,P03989,GYM
A015892,P03990,GARDEN
A015893,P03990,SECURITY
A015894,P03990,AIR_CONDITIONING
A015895,P03990,PARKING
A015896,P03990,POWER_BACKUP
A015897,P03990,SWIMMING_POOL
A015898,P03991,WIFI
A015899,P03991,PARKING
A015900,P03991,LIFT
A015901,P03991,SECURITY
A015902,P03992,GYM
A015903,P03992,GARDEN
A015904,P03992,SWIMMING_POOL
A015905,P03992,PARKING
A015906,P03993,POWER_BACKUP
A015907,P03993,WIFI
A015908,P03993,GYM
A015909,P03994,LIFT
A015910,P03994,AIR_CONDITIONING
A015911,P03995,WIFI
A015912,P03995,SWIMMING_POOL
A015913,P03995,LIFT
A015914,P03995,CLUBHOUSE
A015915,P03995,PARKING
A015916,P03995,GARDEN
A015917,P03996,GYM
A015918,P03996,CLUBHOUSE
A015919,P03996,POWER_BACKUP
A015920,P03997,LIFT
A015921,P03997,GARDEN
A015922,P03997,WIFI
A015923,P03997,SECURITY
A015924,P03997,PARKING
A015925,P03997,SWIMMING_POOL
A015926,P03998,GYM
A015927,P03998,GARDEN
A015928,P03998,CLUBHOUSE
A015929,P03998,WIFI
A015930,P03998,POWER_BACKUP
A015931,P03998,AIR_CONDITIONING
A015932,P03999,WIFI
A015933,P03999,POWER_BACKUP
A015934,P03999,AIR_CONDITIONING
A015935,P04000,LIFT
A015936,P04000,GARDEN
A015937,P04001,LIFT
A015938,P04001,GARDEN
A015939,P04001,WIFI
A015940,P04001,SWIMMING_POOL
A015941,P04001,AIR_CONDITIONING
A015942,P04002,PARKING
A015943,P04002,SWIMMING_POOL
A015944,P04002,POWER_BACKUP
A015945,P04002,SECURITY
A015946,P04003,WIFI
A015947,P04003,GYM
A015948,P04003,CLUBHOUSE
A015949,P04003,GARDEN
A015950,P04004,CLUBHOUSE
A015951,P04004,POWER_BACKUP
A015952,P04004,GYM
A015953,P04004,LIFT
A015954,P04004,SECURITY
A015955,P04005,POWER_BACKUP
A015956,P04005,SECURITY
A015957,P04005,PARKING
A015958,P04005,CLUBHOUSE
A015959,P04005,WIFI
A015960,P04005,GARDEN
A015961,P04006,LIFT
A015962,P04006,SWIMMING_POOL
A015963,P04006,PARKING
A015964,P04006,GARDEN
A015965,P04007,CLUBHOUSE
A015966,P04007,GARDEN
A015967,P04007,AIR_CONDITIONING
A015968,P04007,GYM
A015969,P04007,PARKING
A015970,P04007,POWER_BACKUP
A015971,P04008,PARKING
A015972,P04008,CLUBHOUSE
A015973,P04008,AIR_CONDITIONING
A015974,P04008,GYM
A015975,P04009,POWER_BACKUP
A015976,P04009,LIFT
A015977,P04009,AIR_CONDITIONING
A015978,P04009,SECURITY
A015979,P04010,SWIMMING_POOL
A015980,P04010,GARDEN
A015981,P04010,PARKING
A015982,P04010,GYM
A015983,P04010,CLUBHOUSE
A015984,P04011,AIR_CONDITIONING
A015985,P04011,CLUBHOUSE
A015986,P04012,AIR_CONDITIONING
A015987,P04012,GYM
A015988,P04012,GARDEN
A015989,P04012,PARKING
A015990,P04012,POWER_BACKUP
A015991,P04013,SECURITY
A015992,P04013,LIFT
A015993,P04013,PARKING
A015994,P04013,CLUBHOUSE
A015995,P04014,GARDEN
A015996,P04014,SECURITY
A015997,P04014,SWIMMING_POOL
A015998,P04014,CLUBHOUSE
A015999,P04015,SWIMMING_POOL
A016000,P04015,PARKING
A016001,P04015,GARDEN
A016002,P04015,POWER_BACKUP
A016003,P04015,LIFT
A016004,P04015,CLUBHOUSE
A016005,P04016,SECURITY
A016006,P04016,GARDEN
A016007,P04016,SWIMMING_POOL
A016008,P04016,WIFI
A016009,P04016,PARKING
A016010,P04017,CLUBHOUSE
A016011,P04017,WIFI
A016012,P04017,AIR_CONDITIONING
A016013,P04017,LIFT
A016014,P04018,AIR_CONDITIONING
A016015,P04018,PARKING
A016016,P04018,POWER_BACKUP
A016017,P04019,SECURITY
A016018,P04019,LIFT
A016019,P04019,PARKING
A016020,P04020,SECURITY
A016021,P04020,POWER_BACKUP
A016022,P04020,LIFT
A016023,P04020,GARDEN
A016024,P04021,LIFT
A016025,P04021,PARKING
A016026,P04021,POWER_BACKUP
A016027,P04021,GARDEN
A016028,P04022,GYM
A016029,P04022,SWIMMING_POOL
A016030,P04022,PARKING
A016031,P04022,POWER_BACKUP
A016032,P04023,SWIMMING_POOL
A016033,P04023,LIFT
A016034,P04023,PARKING
A016035,P04023,GARDEN
A016036,P04024,WIFI
A016037,P04024,SECURITY
A016038,P04024,POWER_BACKUP
A016039,P04025,AIR_CONDITIONING
A016040,P04025,PARKING
A016041,P04025,SECURITY
A016042,P04025,SWIMMING_POOL
A016043,P04025,LIFT
A016044,P04025,CLUBHOUSE
A016045,P04026,SWIMMING_POOL
A016046,P04026,GARDEN
A016047,P04027,WIFI
A016048,P04027,AIR_CONDITIONING
A016049,P04027,CLUBHOUSE
A016050,P04028,GYM
A016051,P04028,WIFI
A016052,P04028,CLUBHOUSE
A016053,P04028,LIFT
A016054,P04028,GARDEN
A016055,P04029,SECURITY
A016056,P04029,GYM
A016057,P04029,LIFT
A016058,P04030,POWER_BACKUP
A016059,P04030,WIFI
A016060,P04030,GARDEN
A016061,P04030,SECURITY
A016062,P04031,POWER_BACKUP
A016063,P04031,AIR_CONDITIONING
A016064,P04031,GYM
A016065,P04031,WIFI
A016066,P04031,GARDEN
A016067,P04032,SWIMMING_POOL
A016068,P04032,POWER_BACKUP
A016069,P04033,POWER_BACKUP
A016070,P04033,CLUBHOUSE
A016071,P04033,GYM
A016072,P04033,PARKING
A016073,P04033,WIFI
A016074,P04033,SECURITY
A016075,P04034,AIR_CONDITIONING
A016076,P04034,WIFI
A016077,P04034,CLUBHOUSE
A016078,P04034,LIFT
A016079,P04035,SWIMMING_POOL
A016080,P04035,SECURITY
A016081,P04035,WIFI
A016082,P04035,GYM
A016083,P04035,LIFT
A016084,P04035,CLUBHOUSE
A016085,P04036,PARKING
A016086,P04036,LIFT
A016087,P04036,GARDEN
A016088,P04037,SECURITY
A016089,P04037,GYM
A016090,P04037,LIFT
A016091,P04038,GYM
A016092,P04038,SECURITY
A016093,P04038,AIR_CONDITIONING
A016094,P04038,PARKING
A016095,P04038,SWIMMING_POOL
A016096,P04038,WIFI
A016097,P04039,POWER_BACKUP
A016098,P04039,WIFI
A016099,P04039,GYM
A016100,P04039,LIFT
A016101,P04039,SECURITY
A016102,P04040,SWIMMING_POOL
A016103,P04040,LIFT
A016104,P04040,SECURITY
A016105,P04040,GARDEN
A016106,P04040,AIR_CONDITIONING
A016107,P04040,GYM
A016108,P04041,AIR_CONDITIONING
A016109,P04041,SWIMMING_POOL
A016110,P04041,LIFT
A016111,P04042,PARKING
A016112,P04042,LIFT
A016113,P04042,GARDEN
A016114,P04042,SECURITY
A016115,P04043,AIR_CONDITIONING
A016116,P04043,GYM
A016117,P04043,LIFT
A016118,P04044,POWER_BACKUP
A016119,P04044,SWIMMING_POOL
A016120,P04044,PARKING
A016121,P04044,GARDEN
A016122,P04044,LIFT
A016123,P04044,WIFI
A016124,P04045,SECURITY
A016125,P04045,CLUBHOUSE
A016126,P04045,POWER_BACKUP
A016127,P04045,AIR_CONDITIONING
A016128,P04045,PARKING
A016129,P04046,AIR_CONDITIONING
A016130,P04046,LIFT
A016131,P04046,WIFI
A016132,P04047,POWER_BACKUP
A016133,P04047,SECURITY
A016134,P04048,PARKING
A016135,P04048,POWER_BACKUP
A016136,P04048,LIFT
A016137,P04048,WIFI
A016138,P04048,SECURITY
A016139,P04049,LIFT
A016140,P04049,AIR_CONDITIONING
A016141,P04049,PARKING
A016142,P04049,CLUBHOUSE
A016143,P04049,POWER_BACKUP
A016144,P04049,SWIMMING_POOL
A016145,P04050,WIFI
A016146,P04050,AIR_CONDITIONING
A016147,P04051,GYM
A016148,P04051,LIFT
A016149,P04051,GARDEN
A016150,P04051,CLUBHOUSE
A016151,P04052,PARKING
A016152,P04052,CLUBHOUSE
A016153,P04053,SWIMMING_POOL
A016154,P04053,LIFT
A016155,P04054,PARKING
A016156,P04054,GARDEN
A016157,P04054,LIFT
A016158,P04055,WIFI
A016159,P04055,SWIMMING_POOL
A016160,P04055,SECURITY
A016161,P04056,POWER_BACKUP
A016162,P04056,SECURITY
A016163,P04056,GARDEN
A016164,P04056,GYM
A016165,P04056,WIFI
A016166,P04056,AIR_CONDITIONING
A016167,P04057,GYM
A016168,P04057,POWER_BACKUP
A016169,P04057,AIR_CONDITIONING
A016170,P04057,WIFI
A016171,P04058,SECURITY
A016172,P04058,GARDEN
A016173,P04058,GYM
A016174,P04058,PARKING
A016175,P04058,CLUBHOUSE
A016176,P04058,AIR_CONDITIONING
A016177,P04059,GARDEN
A016178,P04059,SWIMMING_POOL
A016179,P04059,POWER_BACKUP
A016180,P04059,SECURITY
A016181,P04059,WIFI
A016182,P04060,CLUBHOUSE
A016183,P04060,AIR_CONDITIONING
A016184,P04060,SECURITY
A016185,P04061,LIFT
A016186,P04061,GARDEN
A016187,P04061,PARKING
A016188,P04061,SECURITY
A016189,P04061,CLUBHOUSE
A016190,P04062,SWIMMING_POOL
A016191,P04062,AIR_CONDITIONING
A016192,P04063,GARDEN
A016193,P04063,POWER_BACKUP
A016194,P04063,SWIMMING_POOL
A016195,P04063,LIFT
A016196,P04063,PARKING
A016197,P04064,WIFI
A016198,P04064,LIFT
A016199,P04065,POWER_BACKUP
A016200,P04065,AIR_CONDITIONING
A016201,P04065,PARKING
A016202,P04066,CLUBHOUSE
A016203,P04066,LIFT
A016204,P04066,POWER_BACKUP
A016205,P04066,WIFI
A016206,P04066,AIR_CONDITIONING
A016207,P04067,SECURITY
A016208,P04067,PARKING
A016209,P04067,GYM
A016210,P04067,POWER_BACKUP
A016211,P04067,AIR_CONDITIONING
A016212,P04067,CLUBHOUSE
A016213,P04068,PARKING
A016214,P04068,LIFT
A016215,P04068,SWIMMING_POOL
A016216,P04068,AIR_CONDITIONING
A016217,P04068,CLUBHOUSE
A016218,P04069,CLUBHOUSE
A016219,P04069,AIR_CONDITIONING
A016220,P04069,PARKING
A016221,P04070,GARDEN
A016222,P04070,SWIMMING_POOL
A016223,P04070,CLUBHOUSE
A016224,P04070,POWER_BACKUP
A016225,P04071,SWIMMING_POOL
A016226,P04071,CLUBHOUSE
A016227,P04072,GYM
A016228,P04072,CLUBHOUSE
A016229,P04073,WIFI
A016230,P04073,SWIMMING_POOL
A016231,P04074,SWIMMING_POOL
A016232,P04074,CLUBHOUSE
A016233,P04075,LIFT
A016234,P04075,SWIMMING_POOL
A016235,P04075,PARKING
A016236,P04076,POWER_BACKUP
A016237,P04076,WIFI
A016238,P04076,LIFT
A016239,P04076,GYM
A016240,P04077,CLUBHOUSE
A016241,P04077,SWIMMING_POOL
A016242,P04078,GYM
A016243,P04078,GARDEN
A016244,P04079,POWER_BACKUP
A016245,P04079,AIR_CONDITIONING
A016246,P04079,CLUBHOUSE
A016247,P04079,PARKING
A016248,P04080,POWER_BACKUP
A016249,P04080,GARDEN
A016250,P04080,LIFT
A016251,P04080,WIFI
A016252,P04080,PARKING
A016253,P04081,POWER_BACKUP
A016254,P04081,GARDEN
A016255,P04081,PARKING
A016256,P04082,POWER_BACKUP
A016257,P04082,PARKING
A016258,P04082,WIFI
A016259,P04082,GYM
A016260,P04083,AIR_CONDITIONING
A016261,P04083,LIFT
A016262,P04083,GYM
A016263,P04083,GARDEN
A016264,P04083,SECURITY
A016265,P04084,WIFI
A016266,P04084,SWIMMING_POOL
A016267,P04084,AIR_CONDITIONING
A016268,P04085,SECURITY
A016269,P04085,GARDEN
A016270,P04085,GYM
A016271,P04085,WIFI
A016272,P04085,CLUBHOUSE
A016273,P04085,LIFT
A016274,P04086,GARDEN
A016275,P04086,SWIMMING_POOL
A016276,P04086,CLUBHOUSE
A016277,P04086,AIR_CONDITIONING
A016278,P04086,LIFT
A016279,P04087,GYM
A016280,P04087,WIFI
A016281,P04088,WIFI
A016282,P04088,PARKING
A016283,P04088,CLUBHOUSE
A016284,P04088,LIFT
A016285,P04088,GARDEN
A016286,P04089,GARDEN
A016287,P04089,CLUBHOUSE
A016288,P04089,WIFI
A016289,P04089,LIFT
A016290,P04089,SWIMMING_POOL
A016291,P04090,GARDEN
A016292,P04090,PARKING
A016293,P04091,GARDEN
A016294,P04091,AIR_CONDITIONING
A016295,P04092,GARDEN
A016296,P04092,POWER_BACKUP
A016297,P04092,WIFI
A016298,P04092,CLUBHOUSE
A016299,P04093,WIFI
A016300,P04093,SECURITY
A016301,P04093,GYM
A016302,P04093,PARKING
A016303,P04093,SWIMMING_POOL
A016304,P04093,POWER_BACKUP
A016305,P04094,GYM
A016306,P04094,POWER_BACKUP
A016307,P04094,WIFI
A016308,P04095,CLUBHOUSE
A016309,P04095,LIFT
A016310,P04095,POWER_BACKUP
A016311,P04095,SWIMMING_POOL
A016312,P04096,PARKING
A016313,P04096,SECURITY
A016314,P04096,GARDEN
A016315,P04096,LIFT
A016316,P04096,POWER_BACKUP
A016317,P04097,WIFI
A016318,P04097,SWIMMING_POOL
A016319,P04097,POWER_BACKUP
A016320,P04098,GARDEN
A016321,P04098,AIR_CONDITIONING
A016322,P04098,CLUBHOUSE
A016323,P04098,SWIMMING_POOL
A016324,P04099,PARKING
A016325,P04099,WIFI
A016326,P04099,SECURITY
A016327,P04099,GARDEN
A016328,P04099,AIR_CONDITIONING
A016329,P04100,AIR_CONDITIONING
A016330,P04100,CLUBHOUSE
A016331,P04100,WIFI
A016332,P04100,PARKING
A016333,P04100,POWER_BACKUP
A016334,P04100,LIFT
A016335,P04101,WIFI
A016336,P04101,POWER_BACKUP
A016337,P04101,SECURITY
A016338,P04101,AIR_CONDITIONING
A016339,P04102,AIR_CONDITIONING
A016340,P04102,SWIMMING_POOL
A016341,P04102,GARDEN
A016342,P04102,GYM
A016343,P04102,CLUBHOUSE
A016344,P04103,LIFT
A016345,P04103,GARDEN
A016346,P04103,SWIMMING_POOL
A016347,P04104,PARKING
A016348,P04104,CLUBHOUSE
A016349,P04104,GYM
A016350,P04104,SWIMMING_POOL
A016351,P04105,CLUBHOUSE
A016352,P04105,GARDEN
A016353,P04105,WIFI
A016354,P04105,POWER_BACKUP
A016355,P04105,PARKING
A016356,P04105,AIR_CONDITIONING
A016357,P04106,SWIMMING_POOL
A016358,P04106,PARKING
A016359,P04106,CLUBHOUSE
A016360,P04107,POWER_BACKUP
A016361,P04107,GYM
A016362,P04108,POWER_BACKUP
A016363,P04108,WIFI
A016364,P04108,AIR_CONDITIONING
A016365,P04108,GARDEN
A016366,P04108,SECURITY
A016367,P04108,SWIMMING_POOL
A016368,P04109,LIFT
A016369,P04109,SWIMMING_POOL
A016370,P04110,PARKING
A016371,P04110,POWER_BACKUP
A016372,P04110,SWIMMING_POOL
A016373,P04110,GARDEN
A016374,P04110,GYM
A016375,P04110,SECURITY
A016376,P04111,SECURITY
A016377,P04111,PARKING
A016378,P04111,GARDEN
A016379,P04111,LIFT
A016380,P04111,CLUBHOUSE
A016381,P04112,SWIMMING_POOL
A016382,P04112,WIFI
A016383,P04113,AIR_CONDITIONING
A016384,P04113,SECURITY
A016385,P04113,GARDEN
A016386,P04113,PARKING
A016387,P04113,WIFI
A016388,P04114,GARDEN
A016389,P04114,SWIMMING_POOL
A016390,P04114,WIFI
A016391,P04115,PARKING
A016392,P04115,AIR_CONDITIONING
A016393,P04115,GARDEN
A016394,P04116,SWIMMING_POOL
A016395,P04116,AIR_CONDITIONING
A016396,P04116,LIFT
A016397,P04116,GYM
A016398,P04117,AIR_CONDITIONING
A016399,P04117,GYM
A016400,P04117,SECURITY
A016401,P04117,POWER_BACKUP
A016402,P04117,SWIMMING_POOL
A016403,P04118,WIFI
A016404,P04118,AIR_CONDITIONING
A016405,P04118,LIFT
A016406,P04118,GYM
A016407,P04119,GYM
A016408,P04119,POWER_BACKUP
A016409,P04119,AIR_CONDITIONING
A016410,P04119,GARDEN
A016411,P04119,LIFT
A016412,P04120,LIFT
A016413,P04120,SECURITY
A016414,P04120,POWER_BACKUP
A016415,P04120,AIR_CONDITIONING
A016416,P04120,WIFI
A016417,P04120,CLUBHOUSE
A016418,P04121,POWER_BACKUP
A016419,P04121,GYM
A016420,P04121,WIFI
A016421,P04122,PARKING
A016422,P04122,SECURITY
A016423,P04122,GARDEN
A016424,P04123,AIR_CONDITIONING
A016425,P04123,CLUBHOUSE
A016426,P04123,SWIMMING_POOL
A016427,P04123,SECURITY
A016428,P04124,PARKING
A016429,P04124,LIFT
A016430,P04125,GYM
A016431,P04125,AIR_CONDITIONING
A016432,P04125,GARDEN
A016433,P04125,WIFI
A016434,P04125,PARKING
A016435,P04126,AIR_CONDITIONING
A016436,P04126,LIFT
A016437,P04126,CLUBHOUSE
A016438,P04127,CLUBHOUSE
A016439,P04127,GYM
A016440,P04128,SWIMMING_POOL
A016441,P04128,GARDEN
A016442,P04128,WIFI
A016443,P04129,AIR_CONDITIONING
A016444,P04129,SWIMMING_POOL
A016445,P04129,GARDEN
A016446,P04129,POWER_BACKUP
A016447,P04129,CLUBHOUSE
A016448,P04130,GARDEN
A016449,P04130,POWER_BACKUP
A016450,P04130,PARKING
A016451,P04130,GYM
A016452,P04130,LIFT
A016453,P04131,POWER_BACKUP
A016454,P04131,GYM
A016455,P04131,WIFI
A016456,P04131,LIFT
A016457,P04132,POWER_BACKUP
A016458,P04132,SWIMMING_POOL
A016459,P04132,SECURITY
A016460,P04132,GYM
A016461,P04133,LIFT
A016462,P04133,PARKING
A016463,P04134,SECURITY
A016464,P04134,WIFI
A016465,P04134,SWIMMING_POOL
A016466,P04134,GARDEN
A016467,P04134,POWER_BACKUP
A016468,P04135,GYM
A016469,P04135,WIFI
A016470,P04135,SECURITY
A016471,P04135,LIFT
A016472,P04135,POWER_BACKUP
A016473,P04136,PARKING
A016474,P04136,AIR_CONDITIONING
A016475,P04136,POWER_BACKUP
A016476,P04136,SWIMMING_POOL
A016477,P04136,SECURITY
A016478,P04137,WIFI
A016479,P04137,LIFT
A016480,P04137,SWIMMING_POOL
A016481,P04138,AIR_CONDITIONING
A016482,P04138,POWER_BACKUP
A016483,P04138,GYM
A016484,P04139,SWIMMING_POOL
A016485,P04139,WIFI
A016486,P04139,LIFT
A016487,P04139,PARKING
A016488,P04139,SECURITY
A016489,P04140,GYM
A016490,P04140,POWER_BACKUP
A016491,P04140,SWIMMING_POOL
A016492,P04140,AIR_CONDITIONING
A016493,P04141,GYM
A016494,P04141,POWER_BACKUP
A016495,P04141,WIFI
A016496,P04141,LIFT
A016497,P04141,CLUBHOUSE
A016498,P04141,AIR_CONDITIONING
A016499,P04142,SWIMMING_POOL
A016500,P04142,AIR_CONDITIONING
A016501,P04142,WIFI
A016502,P04143,PARKING
A016503,P04143,WIFI
A016504,P04143,GYM
A016505,P04144,GYM
A016506,P04144,GARDEN
A016507,P04144,LIFT
A016508,P04145,PARKING
A016509,P04145,CLUBHOUSE
A016510,P04145,GYM
A016511,P04145,LIFT
A016512,P04145,POWER_BACKUP
A016513,P04146,CLUBHOUSE
A016514,P04146,GARDEN
A016515,P04146,LIFT
A016516,P04146,SECURITY
A016517,P04147,GYM
A016518,P04147,CLUBHOUSE
A016519,P04147,AIR_CONDITIONING
A016520,P04147,WIFI
A016521,P04148,POWER_BACKUP
A016522,P04148,SWIMMING_POOL
A016523,P04148,PARKING
A016524,P04148,AIR_CONDITIONING
A016525,P04149,GYM
A016526,P04149,GARDEN
A016527,P04150,LIFT
A016528,P04150,CLUBHOUSE
A016529,P04150,AIR_CONDITIONING
A016530,P04150,SECURITY
A016531,P04150,POWER_BACKUP
A016532,P04150,WIFI
A016533,P04151,SWIMMING_POOL
A016534,P04151,GYM
A016535,P04151,CLUBHOUSE
A016536,P04152,WIFI
A016537,P04152,GARDEN
A016538,P04153,LIFT
A016539,P04153,CLUBHOUSE
A016540,P04153,SWIMMING_POOL
A016541,P04153,GYM
A016542,P04153,GARDEN
A016543,P04153,AIR_CONDITIONING
A016544,P04154,WIFI
A016545,P04154,PARKING
A016546,P04155,WIFI
A016547,P04155,SWIMMING_POOL
A016548,P04155,PARKING
A016549,P04155,GYM
A016550,P04155,CLUBHOUSE
A016551,P04155,AIR_CONDITIONING
A016552,P04156,CLUBHOUSE
A016553,P04156,SWIMMING_POOL
A016554,P04156,AIR_CONDITIONING
A016555,P04157,CLUBHOUSE
A016556,P04157,POWER_BACKUP
A016557,P04157,SECURITY
A016558,P04157,PARKING
A016559,P04158,POWER_BACKUP
A016560,P04158,CLUBHOUSE
A016561,P04159,PARKING
A016562,P04159,CLUBHOUSE
A016563,P04159,AIR_CONDITIONING
A016564,P04159,LIFT
A016565,P04160,LIFT
A016566,P04160,GYM
A016567,P04161,GARDEN
A016568,P04161,GYM
A016569,P04162,AIR_CONDITIONING
A016570,P04162,CLUBHOUSE
A016571,P04162,SECURITY
A016572,P04162,SWIMMING_POOL
A016573,P04162,POWER_BACKUP
A016574,P04162,GARDEN
A016575,P04163,POWER_BACKUP
A016576,P04163,CLUBHOUSE
A016577,P04163,LIFT
A016578,P04164,AIR_CONDITIONING
A016579,P04164,SWIMMING_POOL
A016580,P04165,LIFT
A016581,P04165,SWIMMING_POOL
A016582,P04165,WIFI
A016583,P04166,PARKING
A016584,P04166,SECURITY
A016585,P04167,WIFI
A016586,P04167,POWER_BACKUP
A016587,P04167,CLUBHOUSE
A016588,P04168,SECURITY
A016589,P04168,CLUBHOUSE
A016590,P04169,AIR_CONDITIONING
A016591,P04169,PARKING
A016592,P04169,CLUBHOUSE
A016593,P04169,SECURITY
A016594,P04169,POWER_BACKUP
A016595,P04169,GYM
A016596,P04170,SWIMMING_POOL
A016597,P04170,GARDEN
A016598,P04170,PARKING
A016599,P04170,CLUBHOUSE
A016600,P04170,WIFI
A016601,P04171,AIR_CONDITIONING
A016602,P04171,SECURITY
A016603,P04171,PARKING
A016604,P04171,SWIMMING_POOL
A016605,P04171,GARDEN
A016606,P04171,LIFT
A016607,P04172,POWER_BACKUP
A016608,P04172,AIR_CONDITIONING
A016609,P04172,GYM
A016610,P04172,LIFT
A016611,P04172,CLUBHOUSE
A016612,P04172,PARKING
A016613,P04173,GARDEN
A016614,P04173,POWER_BACKUP
A016615,P04174,AIR_CONDITIONING
A016616,P04174,SECURITY
A016617,P04174,WIFI
A016618,P04175,SWIMMING_POOL
A016619,P04175,AIR_CONDITIONING
A016620,P04175,WIFI
A016621,P04175,CLUBHOUSE
A016622,P04175,PARKING
A016623,P04176,CLUBHOUSE
A016624,P04176,SWIMMING_POOL
A016625,P04176,POWER_BACKUP
A016626,P04176,PARKING
A016627,P04176,LIFT
A016628,P04176,AIR_CONDITIONING
A016629,P04177,WIFI
A016630,P04177,GYM
A016631,P04178,WIFI
A016632,P04178,AIR_CONDITIONING
A016633,P04178,PARKING
A016634,P04179,GYM
A016635,P04179,PARKING
A016636,P04179,SECURITY
A016637,P04179,WIFI
A016638,P04180,SECURITY
A016639,P04180,WIFI
A016640,P04180,GARDEN
A016641,P04180,AIR_CONDITIONING
A016642,P04181,CLUBHOUSE
A016643,P04181,POWER_BACKUP
A016644,P04181,GARDEN
A016645,P04181,SECURITY
A016646,P04182,GYM
A016647,P04182,POWER_BACKUP
A016648,P04182,WIFI
A016649,P04182,AIR_CONDITIONING
A016650,P04182,LIFT
A016651,P04183,CLUBHOUSE
A016652,P04183,LIFT
A016653,P04183,SWIMMING_POOL
A016654,P04183,POWER_BACKUP
A016655,P04183,SECURITY
A016656,P04184,CLUBHOUSE
A016657,P04184,AIR_CONDITIONING
A016658,P04184,SWIMMING_POOL
A016659,P04184,SECURITY
A016660,P04184,GYM
A016661,P04185,WIFI
A016662,P04185,LIFT
A016663,P04185,POWER_BACKUP
A016664,P04185,GYM
A016665,P04185,AIR_CONDITIONING
A016666,P04186,GYM
A016667,P04186,POWER_BACKUP
A016668,P04186,LIFT
A016669,P04186,AIR_CONDITIONING
A016670,P04186,SWIMMING_POOL
A016671,P04187,GARDEN
A016672,P04187,WIFI
A016673,P04187,AIR_CONDITIONING
A016674,P04187,PARKING
A016675,P04187,POWER_BACKUP
A016676,P04187,SWIMMING_POOL
A016677,P04188,SWIMMING_POOL
A016678,P04188,GYM
A016679,P04188,SECURITY
A016680,P04189,WIFI
A016681,P04189,PARKING
A016682,P04189,CLUBHOUSE
A016683,P04189,POWER_BACKUP
A016684,P04189,SWIMMING_POOL
A016685,P04189,AIR_CONDITIONING
A016686,P04190,AIR_CONDITIONING
A016687,P04190,SWIMMING_POOL
A016688,P04190,PARKING
A016689,P04190,GYM
A016690,P04190,SECURITY
A016691,P04190,LIFT
A016692,P04191,AIR_CONDITIONING
A016693,P04191,GYM
A016694,P04191,LIFT
A016695,P04192,GARDEN
A016696,P04192,SWIMMING_POOL
A016697,P04192,PARKING
A016698,P04192,LIFT
A016699,P04192,AIR_CONDITIONING
A016700,P04193,AIR_CONDITIONING
A016701,P04193,CLUBHOUSE
A016702,P04193,POWER_BACKUP
A016703,P04193,SWIMMING_POOL
A016704,P04194,GARDEN
A016705,P04194,CLUBHOUSE
A016706,P04194,SECURITY
A016707,P04195,SECURITY
A016708,P04195,GARDEN
A016709,P04195,SWIMMING_POOL
A016710,P04196,AIR_CONDITIONING
A016711,P04196,CLUBHOUSE
A016712,P04196,SWIMMING_POOL
A016713,P04196,LIFT
A016714,P04197,AIR_CONDITIONING
A016715,P04197,GYM
A016716,P04197,CLUBHOUSE
A016717,P04197,PARKING
A016718,P04198,GARDEN
A016719,P04198,SWIMMING_POOL
A016720,P04198,SECURITY
A016721,P04198,PARKING
A016722,P04198,LIFT
A016723,P04198,GYM
A016724,P04199,PARKING
A016725,P04199,SECURITY
A016726,P04199,CLUBHOUSE
A016727,P04199,AIR_CONDITIONING
A016728,P04199,LIFT
A016729,P04200,POWER_BACKUP
A016730,P04200,GARDEN
A016731,P04200,LIFT
A016732,P04200,SECURITY
A016733,P04201,PARKING
A016734,P04201,SECURITY
A016735,P04201,LIFT
A016736,P04201,SWIMMING_POOL
A016737,P04201,CLUBHOUSE
A016738,P04201,GYM
A016739,P04202,PARKING
A016740,P04202,WIFI
A016741,P04202,SECURITY
A016742,P04202,LIFT
A016743,P04202,GARDEN
A016744,P04203,SECURITY
A016745,P04203,GYM
A016746,P04203,CLUBHOUSE
A016747,P04203,POWER_BACKUP
A016748,P04203,GARDEN
A016749,P04203,PARKING
A016750,P04204,GYM
A016751,P04204,WIFI
A016752,P04205,GYM
A016753,P04205,LIFT
A016754,P04205,WIFI
A016755,P04205,SECURITY
A016756,P04205,POWER_BACKUP
A016757,P04206,POWER_BACKUP
A016758,P04206,WIFI
A016759,P04206,PARKING
A016760,P04206,AIR_CONDITIONING
A016761,P04206,SECURITY
A016762,P04206,LIFT
A016763,P04207,PARKING
A016764,P04207,LIFT
A016765,P04207,AIR_CONDITIONING
A016766,P04207,CLUBHOUSE
A016767,P04208,CLUBHOUSE
A016768,P04208,LIFT
A016769,P04208,GARDEN
A016770,P04208,GYM
A016771,P04209,AIR_CONDITIONING
A016772,P04209,SWIMMING_POOL
A016773,P04209,PARKING
A016774,P04209,SECURITY
A016775,P04210,GYM
A016776,P04210,SWIMMING_POOL
A016777,P04210,POWER_BACKUP
A016778,P04210,WIFI
A016779,P04210,AIR_CONDITIONING
A016780,P04210,GARDEN
A016781,P04211,CLUBHOUSE
A016782,P04211,SECURITY
A016783,P04211,SWIMMING_POOL
A016784,P04211,WIFI
A016785,P04211,LIFT
A016786,P04211,GYM
A016787,P04212,WIFI
A016788,P04212,SECURITY
A016789,P04213,CLUBHOUSE
A016790,P04213,GYM
A016791,P04214,LIFT
A016792,P04214,SECURITY
A016793,P04214,CLUBHOUSE
A016794,P04214,AIR_CONDITIONING
A016795,P04214,GYM
A016796,P04215,CLUBHOUSE
A016797,P04215,GARDEN
A016798,P04215,WIFI
A016799,P04215,SWIMMING_POOL
A016800,P04215,LIFT
A016801,P04216,GARDEN
A016802,P04216,AIR_CONDITIONING
A016803,P04216,POWER_BACKUP
A016804,P04216,PARKING
A016805,P04216,GYM
A016806,P04216,SWIMMING_POOL
A016807,P04217,CLUBHOUSE
A016808,P04217,SWIMMING_POOL
A016809,P04218,WIFI
A016810,P04218,LIFT
A016811,P04218,GYM
A016812,P04218,SWIMMING_POOL
A016813,P04218,GARDEN
A016814,P04219,GARDEN
A016815,P04219,PARKING
A016816,P04219,POWER_BACKUP
A016817,P04219,SWIMMING_POOL
A016818,P04219,AIR_CONDITIONING
A016819,P04219,LIFT
A016820,P04220,PARKING
A016821,P04220,SECURITY
A016822,P04220,GARDEN
A016823,P04220,GYM
A016824,P04221,AIR_CONDITIONING
A016825,P04221,WIFI
A016826,P04221,SWIMMING_POOL
A016827,P04221,LIFT
A016828,P04222,GYM
A016829,P04222,GARDEN
A016830,P04222,SWIMMING_POOL
A016831,P04222,PARKING
A016832,P04223,WIFI
A016833,P04223,CLUBHOUSE
A016834,P04223,GYM
A016835,P04223,SWIMMING_POOL
A016836,P04224,SECURITY
A016837,P04224,AIR_CONDITIONING
A016838,P04224,SWIMMING_POOL
A016839,P04224,POWER_BACKUP
A016840,P04224,GYM
A016841,P04224,LIFT
A016842,P04225,LIFT
A016843,P04225,AIR_CONDITIONING
A016844,P04225,POWER_BACKUP
A016845,P04225,GARDEN
A016846,P04225,CLUBHOUSE
A016847,P04225,GYM
A016848,P04226,WIFI
A016849,P04226,POWER_BACKUP
A016850,P04226,GARDEN
A016851,P04226,SWIMMING_POOL
A016852,P04226,AIR_CONDITIONING
A016853,P04227,GARDEN
A016854,P04227,LIFT
A016855,P04228,SWIMMING_POOL
A016856,P04228,PARKING
A016857,P04228,WIFI
A016858,P04228,LIFT
A016859,P04228,SECURITY
A016860,P04228,POWER_BACKUP
A016861,P04229,SECURITY
A016862,P04229,AIR_CONDITIONING
A016863,P04230,SECURITY
A016864,P04230,PARKING
A016865,P04230,CLUBHOUSE
A016866,P04230,WIFI
A016867,P04231,AIR_CONDITIONING
A016868,P04231,GYM
A016869,P04231,WIFI
A016870,P04231,GARDEN
A016871,P04232,AIR_CONDITIONING
A016872,P04232,GARDEN
A016873,P04232,PARKING
A016874,P04232,WIFI
A016875,P04232,CLUBHOUSE
A016876,P04233,CLUBHOUSE
A016877,P04233,LIFT
A016878,P04233,PARKING
A016879,P04233,POWER_BACKUP
A016880,P04234,PARKING
A016881,P04234,AIR_CONDITIONING
A016882,P04235,SWIMMING_POOL
A016883,P04235,LIFT
A016884,P04236,PARKING
A016885,P04236,POWER_BACKUP
A016886,P04236,SWIMMING_POOL
A016887,P04236,GYM
A016888,P04237,GYM
A016889,P04237,GARDEN
A016890,P04237,SWIMMING_POOL
A016891,P04237,WIFI
A016892,P04237,LIFT
A016893,P04237,POWER_BACKUP
A016894,P04238,GARDEN
A016895,P04238,CLUBHOUSE
A016896,P04238,AIR_CONDITIONING
A016897,P04238,GYM
A016898,P04239,AIR_CONDITIONING
A016899,P04239,WIFI
A016900,P04239,SECURITY
A016901,P04240,GARDEN
A016902,P04240,AIR_CONDITIONING
A016903,P04240,SECURITY
A016904,P04240,LIFT
A016905,P04240,WIFI
A016906,P04240,PARKING
A016907,P04241,SWIMMING_POOL
A016908,P04241,LIFT
A016909,P04241,GARDEN
A016910,P04242,GARDEN
A016911,P04242,GYM
A016912,P04242,SWIMMING_POOL
A016913,P04242,LIFT
A016914,P04242,AIR_CONDITIONING
A016915,P04242,WIFI
A016916,P04243,POWER_BACKUP
A016917,P04243,GARDEN
A016918,P04244,PARKING
A016919,P04244,GYM
A016920,P04244,SECURITY
A016921,P04244,WIFI
A016922,P04244,LIFT
A016923,P04244,AIR_CONDITIONING
A016924,P04245,LIFT
A016925,P04245,POWER_BACKUP
A016926,P04245,CLUBHOUSE
A016927,P04246,POWER_BACKUP
A016928,P04246,AIR_CONDITIONING
A016929,P04246,LIFT
A016930,P04246,SECURITY
A016931,P04246,CLUBHOUSE
A016932,P04247,WIFI
A016933,P04247,POWER_BACKUP
A016934,P04247,SECURITY
A016935,P04247,GARDEN
A016936,P04248,POWER_BACKUP
A016937,P04248,GYM
A016938,P04248,SWIMMING_POOL
A016939,P04248,CLUBHOUSE
A016940,P04249,CLUBHOUSE
A016941,P04249,GARDEN
A016942,P04249,SWIMMING_POOL
A016943,P04249,WIFI
A016944,P04250,CLUBHOUSE
A016945,P04250,PARKING
A016946,P04250,WIFI
A016947,P04250,AIR_CONDITIONING
A016948,P04250,LIFT
A016949,P04250,GYM
A016950,P04251,CLUBHOUSE
A016951,P04251,WIFI
A016952,P04251,GYM
A016953,P04252,GARDEN
A016954,P04252,CLUBHOUSE
A016955,P04252,PARKING
A016956,P04253,SECURITY
A016957,P04253,GARDEN
A016958,P04253,GYM
A016959,P04253,LIFT
A016960,P04254,SECURITY
A016961,P04254,AIR_CONDITIONING
A016962,P04254,GARDEN
A016963,P04254,PARKING
A016964,P04255,POWER_BACKUP
A016965,P04255,GYM
A016966,P04255,WIFI
A016967,P04256,SECURITY
A016968,P04256,AIR_CONDITIONING
A016969,P04256,GYM
A016970,P04256,LIFT
A016971,P04256,SWIMMING_POOL
A016972,P04256,GARDEN
A016973,P04257,GARDEN
A016974,P04257,SECURITY
A016975,P04257,AIR_CONDITIONING
A016976,P04257,GYM
A016977,P04258,GYM
A016978,P04258,WIFI
A016979,P04258,POWER_BACKUP
A016980,P04258,CLUBHOUSE
A016981,P04259,SWIMMING_POOL
A016982,P04259,POWER_BACKUP
A016983,P04259,SECURITY
A016984,P04259,LIFT
A016985,P04259,CLUBHOUSE
A016986,P04260,WIFI
A016987,P04260,PARKING
A016988,P04260,GARDEN
A016989,P04261,WIFI
A016990,P04261,GARDEN
A016991,P04261,POWER_BACKUP
A016992,P04261,PARKING
A016993,P04261,GYM
A016994,P04262,LIFT
A016995,P04262,PARKING
A016996,P04262,AIR_CONDITIONING
A016997,P04263,AIR_CONDITIONING
A016998,P04263,CLUBHOUSE
A016999,P04263,LIFT
A017000,P04263,PARKING
A017001,P04263,WIFI
A017002,P04264,LIFT
A017003,P04264,SWIMMING_POOL
A017004,P04264,AIR_CONDITIONING
A017005,P04264,SECURITY
A017006,P04264,PARKING
A017007,P04264,GYM
A017008,P04265,WIFI
A017009,P04265,PARKING
A017010,P04265,AIR_CONDITIONING
A017011,P04265,CLUBHOUSE
A017012,P04265,POWER_BACKUP
A017013,P04266,SECURITY
A017014,P04266,POWER_BACKUP
A017015,P04266,CLUBHOUSE
A017016,P04266,WIFI
A017017,P04266,GYM
A017018,P04267,WIFI
A017019,P04267,PARKING
A017020,P04267,SECURITY
A017021,P04267,AIR_CONDITIONING
A017022,P04267,POWER_BACKUP
A017023,P04267,CLUBHOUSE
A017024,P04268,POWER_BACKUP
A017025,P04268,GYM
A017026,P04268,SWIMMING_POOL
A017027,P04269,AIR_CONDITIONING
A017028,P04269,CLUBHOUSE
A017029,P04270,CLUBHOUSE
A017030,P04270,GARDEN
A017031,P04270,POWER_BACKUP
A017032,P04270,WIFI
A017033,P04270,AIR_CONDITIONING
A017034,P04270,SWIMMING_POOL
A017035,P04271,GARDEN
A017036,P04271,POWER_BACKUP
A017037,P04272,WIFI
A017038,P04272,GARDEN
A017039,P04272,POWER_BACKUP
A017040,P04272,GYM
A017041,P04272,LIFT
A017042,P04272,CLUBHOUSE
A017043,P04273,PARKING
A017044,P04273,SWIMMING_POOL
A017045,P04274,GARDEN
A017046,P04274,GYM
A017047,P04274,PARKING
A017048,P04274,CLUBHOUSE
A017049,P04274,SECURITY
A017050,P04275,LIFT
A017051,P04275,SECURITY
A017052,P04275,WIFI
A017053,P04275,SWIMMING_POOL
A017054,P04275,GYM
A017055,P04276,WIFI
A017056,P04276,SECURITY
A017057,P04276,POWER_BACKUP
A017058,P04276,AIR_CONDITIONING
A017059,P04276,GARDEN
A017060,P04277,SECURITY
A017061,P04277,AIR_CONDITIONING
A017062,P04277,WIFI
A017063,P04277,PARKING
A017064,P04277,CLUBHOUSE
A017065,P04277,SWIMMING_POOL
A017066,P04278,PARKING
A017067,P04278,GARDEN
A017068,P04278,SECURITY
A017069,P04278,AIR_CONDITIONING
A017070,P04279,AIR_CONDITIONING
A017071,P04279,SWIMMING_POOL
A017072,P04279,SECURITY
A017073,P04279,CLUBHOUSE
A017074,P04279,GARDEN
A017075,P04280,LIFT
A017076,P04280,WIFI
A017077,P04281,CLUBHOUSE
A017078,P04281,LIFT
A017079,P04281,SECURITY
A017080,P04281,AIR_CONDITIONING
A017081,P04282,SECURITY
A017082,P04282,LIFT
A017083,P04282,SWIMMING_POOL
A017084,P04283,AIR_CONDITIONING
A017085,P04283,GYM
A017086,P04283,POWER_BACKUP
A017087,P04283,PARKING
A017088,P04284,GARDEN
A017089,P04284,LIFT
A017090,P04285,GARDEN
A017091,P04285,LIFT
A017092,P04285,WIFI
A017093,P04285,SWIMMING_POOL
A017094,P04286,POWER_BACKUP
A017095,P04286,WIFI
A017096,P04286,GARDEN
A017097,P04287,PARKING
A017098,P04287,CLUBHOUSE
A017099,P04287,SECURITY
A017100,P04287,LIFT
A017101,P04287,SWIMMING_POOL
A017102,P04287,GARDEN
A017103,P04288,PARKING
A017104,P04288,GARDEN
A017105,P04289,SWIMMING_POOL
A017106,P04289,WIFI
A017107,P04289,SECURITY
A017108,P04289,GARDEN
A017109,P04290,LIFT
A017110,P04290,SWIMMING_POOL
A017111,P04290,PARKING
A017112,P04291,LIFT
A017113,P04291,SWIMMING_POOL
A017114,P04291,POWER_BACKUP
A017115,P04291,GARDEN
A017116,P04292,CLUBHOUSE
A017117,P04292,WIFI
A017118,P04293,POWER_BACKUP
A017119,P04293,AIR_CONDITIONING
A017120,P04293,WIFI
A017121,P04293,LIFT
A017122,P04294,LIFT
A017123,P04294,AIR_CONDITIONING
A017124,P04294,SWIMMING_POOL
A017125,P04295,LIFT
A017126,P04295,GYM
A017127,P04295,GARDEN
A017128,P04295,PARKING
A017129,P04296,GARDEN
A017130,P04296,GYM
A017131,P04296,PARKING
A017132,P04297,GYM
A017133,P04297,PARKING
A017134,P04297,WIFI
A017135,P04297,SECURITY
A017136,P04297,GARDEN
A017137,P04298,AIR_CONDITIONING
A017138,P04298,GARDEN
A017139,P04298,GYM
A017140,P04299,CLUBHOUSE
A017141,P04299,SECURITY
A017142,P04299,POWER_BACKUP
A017143,P04300,POWER_BACKUP
A017144,P04300,SECURITY
A017145,P04300,PARKING
A017146,P04301,CLUBHOUSE
A017147,P04301,SECURITY
A017148,P04301,WIFI
A017149,P04301,GARDEN
A017150,P04301,LIFT
A017151,P04301,POWER_BACKUP
A017152,P04302,GYM
A017153,P04302,AIR_CONDITIONING
A017154,P04302,SWIMMING_POOL
A017155,P04303,GYM
A017156,P04303,GARDEN
A017157,P04303,SECURITY
A017158,P04304,WIFI
A017159,P04304,GARDEN
A017160,P04304,POWER_BACKUP
A017161,P04304,AIR_CONDITIONING
A017162,P04304,SECURITY
A017163,P04305,AIR_CONDITIONING
A017164,P04305,PARKING
A017165,P04305,SWIMMING_POOL
A017166,P04305,POWER_BACKUP
A017167,P04305,SECURITY
A017168,P04306,AIR_CONDITIONING
A017169,P04306,GYM
A017170,P04306,SWIMMING_POOL
A017171,P04307,PARKING
A017172,P04307,CLUBHOUSE
A017173,P04307,SWIMMING_POOL
A017174,P04307,GARDEN
A017175,P04308,SECURITY
A017176,P04308,WIFI
A017177,P04309,POWER_BACKUP
A017178,P04309,GARDEN
A017179,P04309,WIFI
A017180,P04309,SWIMMING_POOL
A017181,P04309,SECURITY
A017182,P04310,WIFI
A017183,P04310,POWER_BACKUP
A017184,P04310,GYM
A017185,P04310,GARDEN
A017186,P04311,AIR_CONDITIONING
A017187,P04311,CLUBHOUSE
A017188,P04311,LIFT
A017189,P04311,WIFI
A017190,P04311,POWER_BACKUP
A017191,P04311,GARDEN
A017192,P04312,WIFI
A017193,P04312,GARDEN
A017194,P04313,GARDEN
A017195,P04313,PARKING
A017196,P04313,GYM
A017197,P04313,SWIMMING_POOL
A017198,P04313,LIFT
A017199,P04313,AIR_CONDITIONING
A017200,P04314,LIFT
A017201,P04314,CLUBHOUSE
A017202,P04314,SWIMMING_POOL
A017203,P04314,AIR_CONDITIONING
A017204,P04314,GARDEN
A017205,P04315,AIR_CONDITIONING
A017206,P04315,SECURITY
A017207,P04315,LIFT
A017208,P04316,LIFT
A017209,P04316,PARKING
A017210,P04316,SECURITY
A017211,P04316,GYM
A017212,P04317,AIR_CONDITIONING
A017213,P04317,GARDEN
A017214,P04317,SWIMMING_POOL
A017215,P04317,WIFI
A017216,P04317,PARKING
A017217,P04317,POWER_BACKUP
A017218,P04318,WIFI
A017219,P04318,GYM
A017220,P04318,AIR_CONDITIONING
A017221,P04318,SECURITY
A017222,P04318,LIFT
A017223,P04318,CLUBHOUSE
A017224,P04319,GYM
A017225,P04319,POWER_BACKUP
A017226,P04320,SECURITY
A017227,P04320,POWER_BACKUP
A017228,P04320,GARDEN
A017229,P04320,WIFI
A017230,P04321,GARDEN
A017231,P04321,GYM
A017232,P04321,SECURITY
A017233,P04321,AIR_CONDITIONING
A017234,P04321,CLUBHOUSE
A017235,P04322,LIFT
A017236,P04322,GARDEN
A017237,P04322,GYM
A017238,P04322,SECURITY
A017239,P04322,WIFI
A017240,P04322,PARKING
A017241,P04323,AIR_CONDITIONING
A017242,P04323,GARDEN
A017243,P04323,PARKING
A017244,P04323,GYM
A017245,P04324,GARDEN
A017246,P04324,LIFT
A017247,P04324,PARKING
A017248,P04324,CLUBHOUSE
A017249,P04325,WIFI
A017250,P04325,SWIMMING_POOL
A017251,P04325,POWER_BACKUP
A017252,P04325,LIFT
A017253,P04325,GYM
A017254,P04325,CLUBHOUSE
A017255,P04326,CLUBHOUSE
A017256,P04326,POWER_BACKUP
A017257,P04326,SECURITY
A017258,P04327,GYM
A017259,P04327,LIFT
A017260,P04327,CLUBHOUSE
A017261,P04328,AIR_CONDITIONING
A017262,P04328,GARDEN
A017263,P04328,PARKING
A017264,P04328,POWER_BACKUP
A017265,P04329,SWIMMING_POOL
A017266,P04329,WIFI
A017267,P04329,SECURITY
A017268,P04329,POWER_BACKUP
A017269,P04329,GYM
A017270,P04330,LIFT
A017271,P04330,SECURITY
A017272,P04330,POWER_BACKUP
A017273,P04330,SWIMMING_POOL
A017274,P04331,SECURITY
A017275,P04331,GYM
A017276,P04332,SECURITY
A017277,P04332,SWIMMING_POOL
A017278,P04332,LIFT
A017279,P04332,AIR_CONDITIONING
A017280,P04332,GARDEN
A017281,P04333,CLUBHOUSE
A017282,P04333,WIFI
A017283,P04333,SECURITY
A017284,P04333,SWIMMING_POOL
A017285,P04333,AIR_CONDITIONING
A017286,P04333,LIFT
A017287,P04334,CLUBHOUSE
A017288,P04334,WIFI
A017289,P04334,LIFT
A017290,P04334,SECURITY
A017291,P04335,AIR_CONDITIONING
A017292,P04335,POWER_BACKUP
A017293,P04335,GYM
A017294,P04335,CLUBHOUSE
A017295,P04335,SWIMMING_POOL
A017296,P04336,SWIMMING_POOL
A017297,P04336,GARDEN
A017298,P04336,GYM
A017299,P04336,PARKING
A017300,P04336,SECURITY
A017301,P04336,POWER_BACKUP
A017302,P04337,GYM
A017303,P04337,SECURITY
A017304,P04337,PARKING
A017305,P04337,GARDEN
A017306,P04338,GARDEN
A017307,P04338,SWIMMING_POOL
A017308,P04338,POWER_BACKUP
A017309,P04338,AIR_CONDITIONING
A017310,P04338,GYM
A017311,P04339,SECURITY
A017312,P04339,LIFT
A017313,P04339,POWER_BACKUP
A017314,P04340,LIFT
A017315,P04340,GYM
A017316,P04340,CLUBHOUSE
A017317,P04340,GARDEN
A017318,P04340,SECURITY
A017319,P04340,WIFI
A017320,P04341,GARDEN
A017321,P04341,CLUBHOUSE
A017322,P04342,SWIMMING_POOL
A017323,P04342,AIR_CONDITIONING
A017324,P04342,GARDEN
A017325,P04342,CLUBHOUSE
A017326,P04343,LIFT
A017327,P04343,GARDEN
A017328,P04343,SECURITY
A017329,P04343,SWIMMING_POOL
A017330,P04343,POWER_BACKUP
A017331,P04344,SWIMMING_POOL
A017332,P04344,PARKING
A017333,P04344,CLUBHOUSE
A017334,P04344,POWER_BACKUP
A017335,P04344,WIFI
A017336,P04345,AIR_CONDITIONING
A017337,P04345,PARKING
A017338,P04346,WIFI
A017339,P04346,GARDEN
A017340,P04346,LIFT
A017341,P04346,POWER_BACKUP
A017342,P04346,CLUBHOUSE
A017343,P04347,PARKING
A017344,P04347,SECURITY
A017345,P04347,GARDEN
A017346,P04347,AIR_CONDITIONING
A017347,P04347,CLUBHOUSE
A017348,P04347,GYM
A017349,P04348,AIR_CONDITIONING
A017350,P04348,SECURITY
A017351,P04349,PARKING
A017352,P04349,LIFT
A017353,P04349,AIR_CONDITIONING
A017354,P04349,GYM
A017355,P04349,POWER_BACKUP
A017356,P04350,GYM
A017357,P04350,GARDEN
A017358,P04350,AIR_CONDITIONING
A017359,P04351,SWIMMING_POOL
A017360,P04351,AIR_CONDITIONING
A017361,P04351,GYM
A017362,P04351,WIFI
A017363,P04351,POWER_BACKUP
A017364,P04351,GARDEN
A017365,P04352,GARDEN
A017366,P04352,WIFI
A017367,P04352,PARKING
A017368,P04352,CLUBHOUSE
A017369,P04353,AIR_CONDITIONING
A017370,P04353,GARDEN
A017371,P04353,POWER_BACKUP
A017372,P04353,SECURITY
A017373,P04353,PARKING
A017374,P04354,AIR_CONDITIONING
A017375,P04354,SWIMMING_POOL
A017376,P04354,POWER_BACKUP
A017377,P04354,LIFT
A017378,P04354,WIFI
A017379,P04354,SECURITY
A017380,P04355,SECURITY
A017381,P04355,GARDEN
A017382,P04355,SWIMMING_POOL
A017383,P04356,WIFI
A017384,P04356,LIFT
A017385,P04357,CLUBHOUSE
A017386,P04357,GARDEN
A017387,P04357,LIFT
A017388,P04358,WIFI
A017389,P04358,SECURITY
A017390,P04358,CLUBHOUSE
A017391,P04359,SECURITY
A017392,P04359,GARDEN
A017393,P04359,CLUBHOUSE
A017394,P04359,LIFT
A017395,P04359,WIFI
A017396,P04359,POWER_BACKUP
A017397,P04360,GYM
A017398,P04360,SECURITY
A017399,P04360,PARKING
A017400,P04360,AIR_CONDITIONING
A017401,P04360,CLUBHOUSE
A017402,P04361,GYM
A017403,P04361,POWER_BACKUP
A017404,P04362,PARKING
A017405,P04362,WIFI
A017406,P04362,POWER_BACKUP
A017407,P04362,GYM
A017408,P04362,GARDEN
A017409,P04362,SECURITY
A017410,P04363,CLUBHOUSE
A017411,P04363,AIR_CONDITIONING
A017412,P04363,GYM
A017413,P04364,CLUBHOUSE
A017414,P04364,GARDEN
A017415,P04364,GYM
A017416,P04364,POWER_BACKUP
A017417,P04364,SECURITY
A017418,P04364,AIR_CONDITIONING
A017419,P04365,WIFI
A017420,P04365,GARDEN
A017421,P04365,SWIMMING_POOL
A017422,P04365,SECURITY
A017423,P04365,PARKING
A017424,P04366,CLUBHOUSE
A017425,P04366,WIFI
A017426,P04366,GYM
A017427,P04366,SWIMMING_POOL
A017428,P04366,SECURITY
A017429,P04367,GARDEN
A017430,P04367,LIFT
A017431,P04367,GYM
A017432,P04367,PARKING
A017433,P04367,POWER_BACKUP
A017434,P04368,GARDEN
A017435,P04368,CLUBHOUSE
A017436,P04369,WIFI
A017437,P04369,AIR_CONDITIONING
A017438,P04369,PARKING
A017439,P04369,CLUBHOUSE
A017440,P04369,SWIMMING_POOL
A017441,P04370,PARKING
A017442,P04370,GYM
A017443,P04370,AIR_CONDITIONING
A017444,P04370,POWER_BACKUP
A017445,P04370,WIFI
A017446,P04371,CLUBHOUSE
A017447,P04371,GARDEN
A017448,P04371,LIFT
A017449,P04371,SECURITY
A017450,P04371,AIR_CONDITIONING
A017451,P04372,WIFI
A017452,P04372,POWER_BACKUP
A017453,P04372,CLUBHOUSE
A017454,P04372,AIR_CONDITIONING
A017455,P04372,LIFT
A017456,P04372,PARKING
A017457,P04373,SWIMMING_POOL
A017458,P04373,LIFT
A017459,P04374,GARDEN
A017460,P04374,WIFI
A017461,P04374,POWER_BACKUP
A017462,P04374,SWIMMING_POOL
A017463,P04375,GARDEN
A017464,P04375,POWER_BACKUP
A017465,P04375,SWIMMING_POOL
A017466,P04375,GYM
A017467,P04376,SECURITY
A017468,P04376,GARDEN
A017469,P04376,LIFT
A017470,P04376,WIFI
A017471,P04377,AIR_CONDITIONING
A017472,P04377,LIFT
A017473,P04378,SECURITY
A017474,P04378,AIR_CONDITIONING
A017475,P04379,POWER_BACKUP
A017476,P04379,AIR_CONDITIONING
A017477,P04379,WIFI
A017478,P04379,SWIMMING_POOL
A017479,P04379,GYM
A017480,P04380,POWER_BACKUP
A017481,P04380,GARDEN
A017482,P04381,SECURITY
A017483,P04381,LIFT
A017484,P04381,WIFI
A017485,P04381,PARKING
A017486,P04382,LIFT
A017487,P04382,SECURITY
A017488,P04382,AIR_CONDITIONING
A017489,P04382,SWIMMING_POOL
A017490,P04383,WIFI
A017491,P04383,GARDEN
A017492,P04383,LIFT
A017493,P04383,SECURITY
A017494,P04384,PARKING
A017495,P04384,AIR_CONDITIONING
A017496,P04385,WIFI
A017497,P04385,LIFT
A017498,P04385,GYM
A017499,P04385,POWER_BACKUP
A017500,P04385,CLUBHOUSE
A017501,P04385,AIR_CONDITIONING
A017502,P04386,GARDEN
A017503,P04386,SECURITY
A017504,P04386,SWIMMING_POOL
A017505,P04387,AIR_CONDITIONING
A017506,P04387,SWIMMING_POOL
A017507,P04387,POWER_BACKUP
A017508,P04387,LIFT
A017509,P04387,SECURITY
A017510,P04388,GYM
A017511,P04388,LIFT
A017512,P04388,SWIMMING_POOL
A017513,P04388,CLUBHOUSE
A017514,P04389,GARDEN
A017515,P04389,SECURITY
A017516,P04389,CLUBHOUSE
A017517,P04389,PARKING
A017518,P04389,LIFT
A017519,P04389,SWIMMING_POOL
A017520,P04390,POWER_BACKUP
A017521,P04390,LIFT
A017522,P04390,GYM
A017523,P04391,POWER_BACKUP
A017524,P04391,WIFI
A017525,P04391,AIR_CONDITIONING
A017526,P04391,SWIMMING_POOL
A017527,P04391,GYM
A017528,P04392,SECURITY
A017529,P04392,CLUBHOUSE
A017530,P04392,GARDEN
A017531,P04392,GYM
A017532,P04393,LIFT
A017533,P04393,PARKING
A017534,P04394,WIFI
A017535,P04394,SWIMMING_POOL
A017536,P04394,POWER_BACKUP
A017537,P04394,CLUBHOUSE
A017538,P04394,LIFT
A017539,P04395,POWER_BACKUP
A017540,P04395,CLUBHOUSE
A017541,P04395,SWIMMING_POOL
A017542,P04395,PARKING
A017543,P04396,GYM
A017544,P04396,CLUBHOUSE
A017545,P04396,SWIMMING_POOL
A017546,P04396,GARDEN
A017547,P04396,WIFI
A017548,P04396,SECURITY
A017549,P04397,SECURITY
A017550,P04397,WIFI
A017551,P04397,POWER_BACKUP
A017552,P04397,GARDEN
A017553,P04397,GYM
A017554,P04398,PARKING
A017555,P04398,WIFI
A017556,P04398,CLUBHOUSE
A017557,P04398,SECURITY
A017558,P04398,GARDEN
A017559,P04399,SECURITY
A017560,P04399,GARDEN
A017561,P04400,SECURITY
A017562,P04400,POWER_BACKUP
A017563,P04401,POWER_BACKUP
A017564,P04401,SWIMMING_POOL
A017565,P04401,WIFI
A017566,P04401,AIR_CONDITIONING
A017567,P04402,WIFI
A017568,P04402,LIFT
A017569,P04403,POWER_BACKUP
A017570,P04403,GYM
A017571,P04403,WIFI
A017572,P04404,GARDEN
A017573,P04404,LIFT
A017574,P04404,POWER_BACKUP
A017575,P04404,SECURITY
A017576,P04404,AIR_CONDITIONING
A017577,P04404,CLUBHOUSE
A017578,P04405,GYM
A017579,P04405,PARKING
A017580,P04405,GARDEN
A017581,P04405,SWIMMING_POOL
A017582,P04405,WIFI
A017583,P04405,AIR_CONDITIONING
A017584,P04406,PARKING
A017585,P04406,WIFI
A017586,P04407,SECURITY
A017587,P04407,LIFT
A017588,P04407,AIR_CONDITIONING
A017589,P04407,WIFI
A017590,P04407,POWER_BACKUP
A017591,P04408,POWER_BACKUP
A017592,P04408,GYM
A017593,P04408,WIFI
A017594,P04408,SWIMMING_POOL
A017595,P04408,AIR_CONDITIONING
A017596,P04409,SECURITY
A017597,P04409,GYM
A017598,P04409,POWER_BACKUP
A017599,P04409,CLUBHOUSE
A017600,P04409,PARKING
A017601,P04410,CLUBHOUSE
A017602,P04410,SWIMMING_POOL
A017603,P04411,PARKING
A017604,P04411,WIFI
A017605,P04411,AIR_CONDITIONING
A017606,P04411,POWER_BACKUP
A017607,P04411,GYM
A017608,P04412,SECURITY
A017609,P04412,LIFT
A017610,P04412,POWER_BACKUP
A017611,P04413,POWER_BACKUP
A017612,P04413,LIFT
A017613,P04414,SWIMMING_POOL
A017614,P04414,WIFI
A017615,P04414,GYM
A017616,P04414,LIFT
A017617,P04414,CLUBHOUSE
A017618,P04415,GARDEN
A017619,P04415,LIFT
A017620,P04415,SWIMMING_POOL
A017621,P04415,CLUBHOUSE
A017622,P04415,WIFI
A017623,P04415,SECURITY
A017624,P04416,AIR_CONDITIONING
A017625,P04416,WIFI
A017626,P04416,LIFT
A017627,P04417,CLUBHOUSE
A017628,P04417,SECURITY
A017629,P04417,GYM
A017630,P04418,SWIMMING_POOL
A017631,P04418,GYM
A017632,P04418,AIR_CONDITIONING
A017633,P04418,PARKING
A017634,P04418,CLUBHOUSE
A017635,P04419,GARDEN
A017636,P04419,WIFI
A017637,P04419,SWIMMING_POOL
A017638,P04419,CLUBHOUSE
A017639,P04420,SECURITY
A017640,P04420,LIFT
A017641,P04420,CLUBHOUSE
A017642,P04420,SWIMMING_POOL
A017643,P04421,GARDEN
A017644,P04421,WIFI
A017645,P04421,PARKING
A017646,P04421,AIR_CONDITIONING
A017647,P04421,LIFT
A017648,P04422,POWER_BACKUP
A017649,P04422,GYM
A017650,P04423,PARKING
A017651,P04423,CLUBHOUSE
A017652,P04424,SWIMMING_POOL
A017653,P04424,LIFT
A017654,P04424,PARKING
A017655,P04424,AIR_CONDITIONING
A017656,P04425,WIFI
A017657,P04425,PARKING
A017658,P04425,LIFT
A017659,P04425,SWIMMING_POOL
A017660,P04425,POWER_BACKUP
A017661,P04425,SECURITY
A017662,P04426,GYM
A017663,P04426,WIFI
A017664,P04426,CLUBHOUSE
A017665,P04426,GARDEN
A017666,P04426,LIFT
A017667,P04426,POWER_BACKUP
A017668,P04427,SWIMMING_POOL
A017669,P04427,WIFI
A017670,P04427,GYM
A017671,P04427,LIFT
A017672,P04427,POWER_BACKUP
A017673,P04428,WIFI
A017674,P04428,SECURITY
A017675,P04428,LIFT
A017676,P04428,GYM
A017677,P04429,WIFI
A017678,P04429,GARDEN
A017679,P04429,LIFT
A017680,P04430,GARDEN
A017681,P04430,GYM
A017682,P04430,WIFI
A017683,P04430,PARKING
A017684,P04430,LIFT
A017685,P04430,SWIMMING_POOL
A017686,P04431,SECURITY
A017687,P04431,WIFI
A017688,P04431,PARKING
A017689,P04431,LIFT
A017690,P04432,SECURITY
A017691,P04432,GARDEN
A017692,P04432,AIR_CONDITIONING
A017693,P04432,POWER_BACKUP
A017694,P04432,CLUBHOUSE
A017695,P04432,SWIMMING_POOL
A017696,P04433,WIFI
A017697,P04433,SWIMMING_POOL
A017698,P04433,PARKING
A017699,P04434,CLUBHOUSE
A017700,P04434,WIFI
A017701,P04434,GYM
A017702,P04434,POWER_BACKUP
A017703,P04434,PARKING
A017704,P04434,SWIMMING_POOL
A017705,P04435,SWIMMING_POOL
A017706,P04435,WIFI
A017707,P04435,CLUBHOUSE
A017708,P04435,SECURITY
A017709,P04435,GARDEN
A017710,P04435,POWER_BACKUP
A017711,P04436,GARDEN
A017712,P04436,LIFT
A017713,P04436,CLUBHOUSE
A017714,P04437,SWIMMING_POOL
A017715,P04437,PARKING
A017716,P04437,WIFI
A017717,P04437,LIFT
A017718,P04438,SWIMMING_POOL
A017719,P04438,GARDEN
A017720,P04438,CLUBHOUSE
A017721,P04438,LIFT
A017722,P04438,AIR_CONDITIONING
A017723,P04438,GYM
A017724,P04439,POWER_BACKUP
A017725,P04439,LIFT
A017726,P04439,PARKING
A017727,P04439,GARDEN
A017728,P04440,GYM
A017729,P04440,LIFT
A017730,P04440,SECURITY
A017731,P04440,WIFI
A017732,P04440,CLUBHOUSE
A017733,P04440,GARDEN
A017734,P04441,SECURITY
A017735,P04441,GARDEN
A017736,P04442,LIFT
A017737,P04442,POWER_BACKUP
A017738,P04442,PARKING
A017739,P04442,GARDEN
A017740,P04442,CLUBHOUSE
A017741,P04442,GYM
A017742,P04443,WIFI
A017743,P04443,PARKING
A017744,P04443,SECURITY
A017745,P04443,SWIMMING_POOL
A017746,P04444,AIR_CONDITIONING
A017747,P04444,POWER_BACKUP
A017748,P04445,CLUBHOUSE
A017749,P04445,WIFI
A017750,P04445,GYM
A017751,P04445,GARDEN
A017752,P04445,LIFT
A017753,P04445,AIR_CONDITIONING
A017754,P04446,WIFI
A017755,P04446,GYM
A017756,P04446,PARKING
A017757,P04447,SWIMMING_POOL
A017758,P04447,CLUBHOUSE
A017759,P04448,SWIMMING_POOL
A017760,P04448,SECURITY
A017761,P04448,POWER_BACKUP
A017762,P04449,GARDEN
A017763,P04449,LIFT
A017764,P04449,PARKING
A017765,P04449,SECURITY
A017766,P04449,AIR_CONDITIONING
A017767,P04449,GYM
A017768,P04450,CLUBHOUSE
A017769,P04450,WIFI
A017770,P04450,GYM
A017771,P04450,LIFT
A017772,P04451,SECURITY
A017773,P04451,SWIMMING_POOL
A017774,P04452,GARDEN
A017775,P04452,LIFT
A017776,P04453,PARKING
A017777,P04453,SWIMMING_POOL
A017778,P04453,SECURITY
A017779,P04453,AIR_CONDITIONING
A017780,P04453,POWER_BACKUP
A017781,P04454,CLUBHOUSE
A017782,P04454,PARKING
A017783,P04454,AIR_CONDITIONING
A017784,P04454,GYM
A017785,P04455,LIFT
A017786,P04455,WIFI
A017787,P04455,SWIMMING_POOL
A017788,P04456,GYM
A017789,P04456,WIFI
A017790,P04457,SWIMMING_POOL
A017791,P04457,POWER_BACKUP
A017792,P04457,CLUBHOUSE
A017793,P04457,PARKING
A017794,P04457,AIR_CONDITIONING
A017795,P04458,SWIMMING_POOL
A017796,P04458,PARKING
A017797,P04458,GYM
A017798,P04458,GARDEN
A017799,P04459,AIR_CONDITIONING
A017800,P04459,GARDEN
A017801,P04460,LIFT
A017802,P04460,WIFI
A017803,P04460,POWER_BACKUP
A017804,P04460,SWIMMING_POOL
A017805,P04461,GYM
A017806,P04461,SWIMMING_POOL
A017807,P04461,LIFT
A017808,P04462,SECURITY
A017809,P04462,LIFT
A017810,P04462,GYM
A017811,P04462,AIR_CONDITIONING
A017812,P04463,CLUBHOUSE
A017813,P04463,GYM
A017814,P04463,WIFI
A017815,P04463,POWER_BACKUP
A017816,P04464,PARKING
A017817,P04464,WIFI
A017818,P04465,GARDEN
A017819,P04465,SWIMMING_POOL
A017820,P04465,SECURITY
A017821,P04465,GYM
A017822,P04465,PARKING
A017823,P04465,LIFT
A017824,P04466,WIFI
A017825,P04466,AIR_CONDITIONING
A017826,P04466,GARDEN
A017827,P04467,GYM
A017828,P04467,SECURITY
A017829,P04467,CLUBHOUSE
A017830,P04468,GYM
A017831,P04468,PARKING
A017832,P04468,AIR_CONDITIONING
A017833,P04468,WIFI
A017834,P04468,SECURITY
A017835,P04468,CLUBHOUSE
A017836,P04469,GARDEN
A017837,P04469,GYM
A017838,P04469,WIFI
A017839,P04469,PARKING
A017840,P04469,SECURITY
A017841,P04470,POWER_BACKUP
A017842,P04470,GYM
A017843,P04470,PARKING
A017844,P04470,AIR_CONDITIONING
A017845,P04471,GARDEN
A017846,P04471,SECURITY
A017847,P04471,POWER_BACKUP
A017848,P04471,PARKING
A017849,P04471,LIFT
A017850,P04471,GYM
A017851,P04472,CLUBHOUSE
A017852,P04472,SWIMMING_POOL
A017853,P04472,AIR_CONDITIONING
A017854,P04473,GYM
A017855,P04473,AIR_CONDITIONING
A017856,P04473,SWIMMING_POOL
A017857,P04473,SECURITY
A017858,P04474,LIFT
A017859,P04474,AIR_CONDITIONING
A017860,P04474,CLUBHOUSE
A017861,P04475,PARKING
A017862,P04475,GYM
A017863,P04475,POWER_BACKUP
A017864,P04475,GARDEN
A017865,P04476,CLUBHOUSE
A017866,P04476,GYM
A017867,P04476,GARDEN
A017868,P04477,LIFT
A017869,P04477,POWER_BACKUP
A017870,P04477,AIR_CONDITIONING
A017871,P04477,SWIMMING_POOL
A017872,P04477,CLUBHOUSE
A017873,P04477,SECURITY
A017874,P04478,AIR_CONDITIONING
A017875,P04478,PARKING
A017876,P04479,GYM
A017877,P04479,CLUBHOUSE
A017878,P04480,WIFI
A017879,P04480,SECURITY
A017880,P04481,LIFT
A017881,P04481,SECURITY
A017882,P04482,AIR_CONDITIONING
A017883,P04482,GYM
A017884,P04482,LIFT
A017885,P04482,SECURITY
A017886,P04482,WIFI
A017887,P04483,SECURITY
A017888,P04483,SWIMMING_POOL
A017889,P04483,GARDEN
A017890,P04483,POWER_BACKUP
A017891,P04483,LIFT
A017892,P04484,PARKING
A017893,P04484,AIR_CONDITIONING
A017894,P04484,GARDEN
A017895,P04484,CLUBHOUSE
A017896,P04484,GYM
A017897,P04484,LIFT
A017898,P04485,PARKING
A017899,P04485,WIFI
A017900,P04485,CLUBHOUSE
A017901,P04485,SWIMMING_POOL
A017902,P04486,GARDEN
A017903,P04486,CLUBHOUSE
A017904,P04487,WIFI
A017905,P04487,GYM
A017906,P04487,SECURITY
A017907,P04487,CLUBHOUSE
A017908,P04487,SWIMMING_POOL
A017909,P04488,GYM
A017910,P04488,PARKING
A017911,P04488,GARDEN
A017912,P04488,LIFT
A017913,P04488,CLUBHOUSE
A017914,P04489,GYM
A017915,P04489,POWER_BACKUP
A017916,P04489,LIFT
A017917,P04490,WIFI
A017918,P04490,CLUBHOUSE
A017919,P04490,SECURITY
A017920,P04491,WIFI
A017921,P04491,SECURITY
A017922,P04491,POWER_BACKUP
A017923,P04492,CLUBHOUSE
A017924,P04492,PARKING
A017925,P04492,GARDEN
A017926,P04492,AIR_CONDITIONING
A017927,P04492,WIFI
A017928,P04493,PARKING
A017929,P04493,AIR_CONDITIONING
A017930,P04493,POWER_BACKUP
A017931,P04493,GARDEN
A017932,P04493,WIFI
A017933,P04494,GARDEN
A017934,P04494,WIFI
A017935,P04494,PARKING
A017936,P04494,AIR_CONDITIONING
A017937,P04494,POWER_BACKUP
A017938,P04494,CLUBHOUSE
A017939,P04495,CLUBHOUSE
A017940,P04495,AIR_CONDITIONING
A017941,P04496,AIR_CONDITIONING
A017942,P04496,LIFT
A017943,P04497,POWER_BACKUP
A017944,P04497,GYM
A017945,P04497,SWIMMING_POOL
A017946,P04497,AIR_CONDITIONING
A017947,P04497,SECURITY
A017948,P04497,LIFT
A017949,P04498,AIR_CONDITIONING
A017950,P04498,LIFT
A017951,P04499,POWER_BACKUP
A017952,P04499,GYM
A017953,P04499,LIFT
A017954,P04499,SWIMMING_POOL
A017955,P04499,GARDEN
A017956,P04500,AIR_CONDITIONING
A017957,P04500,LIFT
A017958,P04501,LIFT
A017959,P04501,CLUBHOUSE
A017960,P04501,WIFI
A017961,P04501,AIR_CONDITIONING
A017962,P04501,SECURITY
A017963,P04501,PARKING
A017964,P04502,PARKING
A017965,P04502,WIFI
A017966,P04502,AIR_CONDITIONING
A017967,P04503,GYM
A017968,P04503,SECURITY
A017969,P04503,CLUBHOUSE
A017970,P04504,SWIMMING_POOL
A017971,P04504,GYM
A017972,P04504,PARKING
A017973,P04505,SECURITY
A017974,P04505,GYM
A017975,P04505,POWER_BACKUP
A017976,P04505,WIFI
A017977,P04505,GARDEN
A017978,P04506,WIFI
A017979,P04506,GARDEN
A017980,P04507,SWIMMING_POOL
A017981,P04507,LIFT
A017982,P04507,PARKING
A017983,P04507,POWER_BACKUP
A017984,P04508,GYM
A017985,P04508,SWIMMING_POOL
A017986,P04508,PARKING
A017987,P04508,CLUBHOUSE
A017988,P04508,POWER_BACKUP
A017989,P04508,WIFI
A017990,P04509,CLUBHOUSE
A017991,P04509,GARDEN
A017992,P04509,SECURITY
A017993,P04509,PARKING
A017994,P04510,GYM
A017995,P04510,GARDEN
A017996,P04510,LIFT
A017997,P04511,AIR_CONDITIONING
A017998,P04511,PARKING
A017999,P04511,GYM
A018000,P04511,GARDEN
A018001,P04512,CLUBHOUSE
A018002,P04512,AIR_CONDITIONING
A018003,P04512,GYM
A018004,P04512,LIFT
A018005,P04512,PARKING
A018006,P04512,WIFI
A018007,P04513,WIFI
A018008,P04513,CLUBHOUSE
A018009,P04513,LIFT
A018010,P04513,POWER_BACKUP
A018011,P04514,SECURITY
A018012,P04514,PARKING
A018013,P04515,GARDEN
A018014,P04515,SECURITY
A018015,P04515,WIFI
A018016,P04515,CLUBHOUSE
A018017,P04516,POWER_BACKUP
A018018,P04516,CLUBHOUSE
A018019,P04516,GARDEN
A018020,P04517,AIR_CONDITIONING
A018021,P04517,SECURITY
A018022,P04517,PARKING
A018023,P04517,GARDEN
A018024,P04517,LIFT
A018025,P04517,CLUBHOUSE
A018026,P04518,POWER_BACKUP
A018027,P04518,AIR_CONDITIONING
A018028,P04518,CLUBHOUSE
A018029,P04519,GYM
A018030,P04519,AIR_CONDITIONING
A018031,P04519,WIFI
A018032,P04520,AIR_CONDITIONING
A018033,P04520,SECURITY
A018034,P04520,PARKING
A018035,P04520,GARDEN
A018036,P04521,WIFI
A018037,P04521,PARKING
A018038,P04521,AIR_CONDITIONING
A018039,P04521,GYM
A018040,P04522,SWIMMING_POOL
A018041,P04522,WIFI
A018042,P04522,AIR_CONDITIONING
A018043,P04522,POWER_BACKUP
A018044,P04522,PARKING
A018045,P04523,SECURITY
A018046,P04523,GYM
A018047,P04523,POWER_BACKUP
A018048,P04523,CLUBHOUSE
A018049,P04524,PARKING
A018050,P04524,WIFI
A018051,P04524,AIR_CONDITIONING
A018052,P04525,CLUBHOUSE
A018053,P04525,LIFT
A018054,P04526,LIFT
A018055,P04526,POWER_BACKUP
A018056,P04526,SECURITY
A018057,P04526,CLUBHOUSE
A018058,P04526,PARKING
A018059,P04527,CLUBHOUSE
A018060,P04527,PARKING
A018061,P04527,SECURITY
A018062,P04527,SWIMMING_POOL
A018063,P04528,POWER_BACKUP
A018064,P04528,CLUBHOUSE
A018065,P04529,WIFI
A018066,P04529,AIR_CONDITIONING
A018067,P04529,SWIMMING_POOL
A018068,P04529,LIFT
A018069,P04529,GYM
A018070,P04530,PARKING
A018071,P04530,POWER_BACKUP
A018072,P04530,LIFT
A018073,P04530,AIR_CONDITIONING
A018074,P04530,SWIMMING_POOL
A018075,P04531,LIFT
A018076,P04531,WIFI
A018077,P04531,GYM
A018078,P04531,SWIMMING_POOL
A018079,P04531,POWER_BACKUP
A018080,P04531,GARDEN
A018081,P04532,SECURITY
A018082,P04532,CLUBHOUSE
A018083,P04533,WIFI
A018084,P04533,LIFT
A018085,P04534,SWIMMING_POOL
A018086,P04534,WIFI
A018087,P04534,POWER_BACKUP
A018088,P04534,LIFT
A018089,P04534,CLUBHOUSE
A018090,P04535,WIFI
A018091,P04535,CLUBHOUSE
A018092,P04535,GYM
A018093,P04535,GARDEN
A018094,P04535,PARKING
A018095,P04535,SWIMMING_POOL
A018096,P04536,SWIMMING_POOL
A018097,P04536,WIFI
A018098,P04536,GARDEN
A018099,P04536,PARKING
A018100,P04537,SWIMMING_POOL
A018101,P04537,WIFI
A018102,P04538,SWIMMING_POOL
A018103,P04538,GYM
A018104,P04539,POWER_BACKUP
A018105,P04539,SWIMMING_POOL
A018106,P04539,SECURITY
A018107,P04539,PARKING
A018108,P04539,GARDEN
A018109,P04540,SECURITY
A018110,P04540,GYM
A018111,P04540,WIFI
A018112,P04540,POWER_BACKUP
A018113,P04541,GARDEN
A018114,P04541,LIFT
A018115,P04541,CLUBHOUSE
A018116,P04541,SWIMMING_POOL
A018117,P04541,AIR_CONDITIONING
A018118,P04541,WIFI
A018119,P04542,POWER_BACKUP
A018120,P04542,CLUBHOUSE
A018121,P04543,GYM
A018122,P04543,POWER_BACKUP
A018123,P04544,CLUBHOUSE
A018124,P04544,SWIMMING_POOL
A018125,P04544,POWER_BACKUP
A018126,P04545,WIFI
A018127,P04545,SWIMMING_POOL
A018128,P04545,PARKING
A018129,P04545,GARDEN
A018130,P04545,CLUBHOUSE
A018131,P04546,POWER_BACKUP
A018132,P04546,WIFI
A018133,P04547,GARDEN
A018134,P04547,SECURITY
A018135,P04547,POWER_BACKUP
A018136,P04547,AIR_CONDITIONING
A018137,P04547,SWIMMING_POOL
A018138,P04548,SWIMMING_POOL
A018139,P04548,AIR_CONDITIONING
A018140,P04549,GARDEN
A018141,P04549,AIR_CONDITIONING
A018142,P04549,GYM
A018143,P04549,SECURITY
A018144,P04550,SWIMMING_POOL
A018145,P04550,AIR_CONDITIONING
A018146,P04551,SECURITY
A018147,P04551,POWER_BACKUP
A018148,P04551,GYM
A018149,P04551,PARKING
A018150,P04552,POWER_BACKUP
A018151,P04552,WIFI
A018152,P04553,LIFT
A018153,P04553,GYM
A018154,P04554,CLUBHOUSE
A018155,P04554,PARKING
A018156,P04555,GYM
A018157,P04555,GARDEN
A018158,P04555,AIR_CONDITIONING
A018159,P04555,LIFT
A018160,P04555,CLUBHOUSE
A018161,P04555,SECURITY
A018162,P04556,WIFI
A018163,P04556,LIFT
A018164,P04556,SECURITY
A018165,P04556,SWIMMING_POOL
A018166,P04557,PARKING
A018167,P04557,SWIMMING_POOL
A018168,P04557,POWER_BACKUP
A018169,P04557,CLUBHOUSE
A018170,P04557,AIR_CONDITIONING
A018171,P04558,PARKING
A018172,P04558,GARDEN
A018173,P04559,POWER_BACKUP
A018174,P04559,AIR_CONDITIONING
A018175,P04559,LIFT
A018176,P04559,PARKING
A018177,P04559,GYM
A018178,P04560,POWER_BACKUP
A018179,P04560,SECURITY
A018180,P04560,WIFI
A018181,P04560,PARKING
A018182,P04561,CLUBHOUSE
A018183,P04561,AIR_CONDITIONING
A018184,P04561,WIFI
A018185,P04561,GARDEN
A018186,P04562,WIFI
A018187,P04562,LIFT
A018188,P04562,SWIMMING_POOL
A018189,P04563,SECURITY
A018190,P04563,LIFT
A018191,P04563,PARKING
A018192,P04563,GYM
A018193,P04564,CLUBHOUSE
A018194,P04564,WIFI
A018195,P04564,GARDEN
A018196,P04565,POWER_BACKUP
A018197,P04565,LIFT
A018198,P04565,GYM
A018199,P04565,GARDEN
A018200,P04566,AIR_CONDITIONING
A018201,P04566,GYM
A018202,P04566,SWIMMING_POOL
A018203,P04567,GYM
A018204,P04567,AIR_CONDITIONING
A018205,P04567,GARDEN
A018206,P04567,POWER_BACKUP
A018207,P04567,PARKING
A018208,P04568,SWIMMING_POOL
A018209,P04568,LIFT
A018210,P04568,GYM
A018211,P04568,CLUBHOUSE
A018212,P04568,AIR_CONDITIONING
A018213,P04569,GARDEN
A018214,P04569,PARKING
A018215,P04569,SECURITY
A018216,P04569,CLUBHOUSE
A018217,P04569,GYM
A018218,P04570,POWER_BACKUP
A018219,P04570,CLUBHOUSE
A018220,P04570,LIFT
A018221,P04570,AIR_CONDITIONING
A018222,P04570,SWIMMING_POOL
A018223,P04570,GARDEN
A018224,P04571,GYM
A018225,P04571,WIFI
A018226,P04571,LIFT
A018227,P04572,CLUBHOUSE
A018228,P04572,SECURITY
A018229,P04572,POWER_BACKUP
A018230,P04573,CLUBHOUSE
A018231,P04573,PARKING
A018232,P04573,GARDEN
A018233,P04573,POWER_BACKUP
A018234,P04573,AIR_CONDITIONING
A018235,P04574,LIFT
A018236,P04574,PARKING
A018237,P04574,POWER_BACKUP
A018238,P04575,CLUBHOUSE
A018239,P04575,PARKING
A018240,P04575,AIR_CONDITIONING
A018241,P04575,SWIMMING_POOL
A018242,P04575,LIFT
A018243,P04575,WIFI
A018244,P04576,LIFT
A018245,P04576,CLUBHOUSE
A018246,P04577,SECURITY
A018247,P04577,CLUBHOUSE
A018248,P04577,WIFI
A018249,P04578,LIFT
A018250,P04578,POWER_BACKUP
A018251,P04578,GYM
A018252,P04578,GARDEN
A018253,P04578,CLUBHOUSE
A018254,P04578,SWIMMING_POOL
A018255,P04579,SWIMMING_POOL
A018256,P04579,PARKING
A018257,P04579,SECURITY
A018258,P04579,CLUBHOUSE
A018259,P04579,AIR_CONDITIONING
A018260,P04580,CLUBHOUSE
A018261,P04580,SECURITY
A018262,P04580,GARDEN
A018263,P04580,SWIMMING_POOL
A018264,P04580,WIFI
A018265,P04580,AIR_CONDITIONING
A018266,P04581,GARDEN
A018267,P04581,AIR_CONDITIONING
A018268,P04581,SECURITY
A018269,P04582,PARKING
A018270,P04582,WIFI
A018271,P04582,POWER_BACKUP
A018272,P04582,SECURITY
A018273,P04582,LIFT
A018274,P04582,AIR_CONDITIONING
A018275,P04583,CLUBHOUSE
A018276,P04583,LIFT
A018277,P04583,SECURITY
A018278,P04583,POWER_BACKUP
A018279,P04583,SWIMMING_POOL
A018280,P04584,PARKING
A018281,P04584,SECURITY
A018282,P04584,AIR_CONDITIONING
A018283,P04585,SECURITY
A018284,P04585,WIFI
A018285,P04585,AIR_CONDITIONING
A018286,P04585,POWER_BACKUP
A018287,P04585,GYM
A018288,P04585,PARKING
A018289,P04586,SECURITY
A018290,P04586,CLUBHOUSE
A018291,P04586,SWIMMING_POOL
A018292,P04586,LIFT
A018293,P04587,SWIMMING_POOL
A018294,P04587,POWER_BACKUP
A018295,P04587,CLUBHOUSE
A018296,P04587,WIFI
A018297,P04588,AIR_CONDITIONING
A018298,P04588,GARDEN
A018299,P04588,WIFI
A018300,P04588,SECURITY
A018301,P04588,PARKING
A018302,P04589,WIFI
A018303,P04589,AIR_CONDITIONING
A018304,P04589,LIFT
A018305,P04589,POWER_BACKUP
A018306,P04589,CLUBHOUSE
A018307,P04589,PARKING
A018308,P04590,GARDEN
A018309,P04590,CLUBHOUSE
A018310,P04590,SWIMMING_POOL
A018311,P04590,WIFI
A018312,P04590,AIR_CONDITIONING
A018313,P04591,GARDEN
A018314,P04591,CLUBHOUSE
A018315,P04591,AIR_CONDITIONING
A018316,P04591,POWER_BACKUP
A018317,P04591,LIFT
A018318,P04592,WIFI
A018319,P04592,LIFT
A018320,P04592,GYM
A018321,P04593,SECURITY
A018322,P04593,LIFT
A018323,P04593,GARDEN
A018324,P04594,POWER_BACKUP
A018325,P04594,SWIMMING_POOL
A018326,P04595,SECURITY
A018327,P04595,LIFT
A018328,P04595,SWIMMING_POOL
A018329,P04595,AIR_CONDITIONING
A018330,P04595,PARKING
A018331,P04596,LIFT
A018332,P04596,GYM
A018333,P04596,WIFI
A018334,P04597,SECURITY
A018335,P04597,CLUBHOUSE
A018336,P04597,WIFI
A018337,P04597,LIFT
A018338,P04597,POWER_BACKUP
A018339,P04597,PARKING
A018340,P04598,SWIMMING_POOL
A018341,P04598,SECURITY
A018342,P04599,GARDEN
A018343,P04599,GYM
A018344,P04599,CLUBHOUSE
A018345,P04600,LIFT
A018346,P04600,POWER_BACKUP
A018347,P04601,LIFT
A018348,P04601,SWIMMING_POOL
A018349,P04601,SECURITY
A018350,P04601,WIFI
A018351,P04602,GYM
A018352,P04602,WIFI
A018353,P04602,AIR_CONDITIONING
A018354,P04603,PARKING
A018355,P04603,SWIMMING_POOL
A018356,P04603,AIR_CONDITIONING
A018357,P04603,CLUBHOUSE
A018358,P04604,SWIMMING_POOL
A018359,P04604,GARDEN
A018360,P04604,AIR_CONDITIONING
A018361,P04604,PARKING
A018362,P04604,LIFT
A018363,P04604,GYM
A018364,P04605,CLUBHOUSE
A018365,P04605,AIR_CONDITIONING
A018366,P04605,GARDEN
A018367,P04606,SECURITY
A018368,P04606,WIFI
A018369,P04606,SWIMMING_POOL
A018370,P04606,GYM
A018371,P04606,LIFT
A018372,P04606,PARKING
A018373,P04607,GARDEN
A018374,P04607,GYM
A018375,P04607,SECURITY
A018376,P04608,SWIMMING_POOL
A018377,P04608,WIFI
A018378,P04608,GYM
A018379,P04608,AIR_CONDITIONING
A018380,P04608,GARDEN
A018381,P04608,POWER_BACKUP
A018382,P04609,GYM
A018383,P04609,SECURITY
A018384,P04609,WIFI
A018385,P04609,LIFT
A018386,P04609,POWER_BACKUP
A018387,P04610,LIFT
A018388,P04610,CLUBHOUSE
A018389,P04610,PARKING
A018390,P04611,LIFT
A018391,P04611,SECURITY
A018392,P04611,PARKING
A018393,P04611,GARDEN
A018394,P04612,GYM
A018395,P04612,SWIMMING_POOL
A018396,P04612,WIFI
A018397,P04612,LIFT
A018398,P04613,LIFT
A018399,P04613,SECURITY
A018400,P04613,SWIMMING_POOL
A018401,P04613,AIR_CONDITIONING
A018402,P04614,SWIMMING_POOL
A018403,P04614,AIR_CONDITIONING
A018404,P04614,LIFT
A018405,P04614,CLUBHOUSE
A018406,P04614,WIFI
A018407,P04615,POWER_BACKUP
A018408,P04615,SECURITY
A018409,P04615,GYM
A018410,P04615,PARKING
A018411,P04616,GYM
A018412,P04616,AIR_CONDITIONING
A018413,P04616,WIFI
A018414,P04616,CLUBHOUSE
A018415,P04616,POWER_BACKUP
A018416,P04616,PARKING
A018417,P04617,AIR_CONDITIONING
A018418,P04617,PARKING
A018419,P04617,POWER_BACKUP
A018420,P04617,GYM
A018421,P04618,PARKING
A018422,P04618,GARDEN
A018423,P04618,SECURITY
A018424,P04619,SECURITY
A018425,P04619,POWER_BACKUP
A018426,P04619,WIFI
A018427,P04619,GARDEN
A018428,P04620,SWIMMING_POOL
A018429,P04620,CLUBHOUSE
A018430,P04620,SECURITY
A018431,P04620,GYM
A018432,P04620,AIR_CONDITIONING
A018433,P04621,PARKING
A018434,P04621,CLUBHOUSE
A018435,P04621,GARDEN
A018436,P04621,SWIMMING_POOL
A018437,P04621,AIR_CONDITIONING
A018438,P04622,GARDEN
A018439,P04622,SECURITY
A018440,P04622,PARKING
A018441,P04622,LIFT
A018442,P04623,WIFI
A018443,P04623,SECURITY
A018444,P04624,AIR_CONDITIONING
A018445,P04624,GYM
A018446,P04624,CLUBHOUSE
A018447,P04625,AIR_CONDITIONING
A018448,P04625,PARKING
A018449,P04626,LIFT
A018450,P04626,WIFI
A018451,P04627,WIFI
A018452,P04627,SECURITY
A018453,P04627,SWIMMING_POOL
A018454,P04627,GYM
A018455,P04628,WIFI
A018456,P04628,GYM
A018457,P04628,PARKING
A018458,P04628,SECURITY
A018459,P04628,GARDEN
A018460,P04628,POWER_BACKUP
A018461,P04629,SWIMMING_POOL
A018462,P04629,GYM
A018463,P04630,WIFI
A018464,P04630,GYM
A018465,P04630,PARKING
A018466,P04631,GARDEN
A018467,P04631,WIFI
A018468,P04631,AIR_CONDITIONING
A018469,P04631,LIFT
A018470,P04631,GYM
A018471,P04632,GARDEN
A018472,P04632,GYM
A018473,P04633,LIFT
A018474,P04633,GARDEN
A018475,P04633,AIR_CONDITIONING
A018476,P04633,CLUBHOUSE
A018477,P04633,SECURITY
A018478,P04634,GYM
A018479,P04634,PARKING
A018480,P04634,SECURITY
A018481,P04634,GARDEN
A018482,P04634,AIR_CONDITIONING
A018483,P04634,POWER_BACKUP
A018484,P04635,GARDEN
A018485,P04635,LIFT
A018486,P04636,WIFI
A018487,P04636,GARDEN
A018488,P04637,SWIMMING_POOL
A018489,P04637,GYM
A018490,P04638,LIFT
A018491,P04638,GARDEN
A018492,P04638,PARKING
A018493,P04638,SWIMMING_POOL
A018494,P04638,GYM
A018495,P04638,SECURITY
A018496,P04639,GARDEN
A018497,P04639,PARKING
A018498,P04639,WIFI
A018499,P04639,GYM
A018500,P04639,SECURITY
A018501,P04640,AIR_CONDITIONING
A018502,P04640,POWER_BACKUP
A018503,P04640,GARDEN
A018504,P04640,WIFI
A018505,P04640,CLUBHOUSE
A018506,P04640,SWIMMING_POOL
A018507,P04641,POWER_BACKUP
A018508,P04641,SWIMMING_POOL
A018509,P04642,POWER_BACKUP
A018510,P04642,PARKING
A018511,P04642,WIFI
A018512,P04642,GARDEN
A018513,P04642,SWIMMING_POOL
A018514,P04643,CLUBHOUSE
A018515,P04643,WIFI
A018516,P04643,GYM
A018517,P04644,CLUBHOUSE
A018518,P04644,POWER_BACKUP
A018519,P04644,SWIMMING_POOL
A018520,P04645,WIFI
A018521,P04645,PARKING
A018522,P04645,SECURITY
A018523,P04645,GARDEN
A018524,P04646,AIR_CONDITIONING
A018525,P04646,SWIMMING_POOL
A018526,P04647,LIFT
A018527,P04647,SECURITY
A018528,P04648,GARDEN
A018529,P04648,PARKING
A018530,P04648,WIFI
A018531,P04648,CLUBHOUSE
A018532,P04648,GYM
A018533,P04649,CLUBHOUSE
A018534,P04649,GARDEN
A018535,P04650,SWIMMING_POOL
A018536,P04650,GYM
A018537,P04650,CLUBHOUSE
A018538,P04650,LIFT
A018539,P04650,POWER_BACKUP
A018540,P04651,POWER_BACKUP
A018541,P04651,LIFT
A018542,P04652,CLUBHOUSE
A018543,P04652,PARKING
A018544,P04652,WIFI
A018545,P04652,LIFT
A018546,P04652,GYM
A018547,P04652,POWER_BACKUP
A018548,P04653,LIFT
A018549,P04653,CLUBHOUSE
A018550,P04653,SWIMMING_POOL
A018551,P04653,GYM
A018552,P04654,POWER_BACKUP
A018553,P04654,WIFI
A018554,P04654,PARKING
A018555,P04654,GYM
A018556,P04654,SECURITY
A018557,P04655,SWIMMING_POOL
A018558,P04655,LIFT
A018559,P04655,GYM
A018560,P04656,LIFT
A018561,P04656,GARDEN
A018562,P04656,SECURITY
A018563,P04657,CLUBHOUSE
A018564,P04657,PARKING
A018565,P04657,WIFI
A018566,P04657,GYM
A018567,P04657,POWER_BACKUP
A018568,P04657,SWIMMING_POOL
A018569,P04658,LIFT
A018570,P04658,AIR_CONDITIONING
A018571,P04659,GARDEN
A018572,P04659,AIR_CONDITIONING
A018573,P04659,LIFT
A018574,P04659,GYM
A018575,P04659,SWIMMING_POOL
A018576,P04660,PARKING
A018577,P04660,SECURITY
A018578,P04661,WIFI
A018579,P04661,GARDEN
A018580,P04661,CLUBHOUSE
A018581,P04662,LIFT
A018582,P04662,WIFI
A018583,P04662,GARDEN
A018584,P04662,AIR_CONDITIONING
A018585,P04663,WIFI
A018586,P04663,SECURITY
A018587,P04663,LIFT
A018588,P04663,PARKING
A018589,P04663,GARDEN
A018590,P04664,CLUBHOUSE
A018591,P04664,SWIMMING_POOL
A018592,P04664,SECURITY
A018593,P04665,GARDEN
A018594,P04665,POWER_BACKUP
A018595,P04666,SWIMMING_POOL
A018596,P04666,AIR_CONDITIONING
A018597,P04667,LIFT
A018598,P04667,SECURITY
A018599,P04667,PARKING
A018600,P04667,SWIMMING_POOL
A018601,P04668,GARDEN
A018602,P04668,GYM
A018603,P04668,WIFI
A018604,P04668,LIFT
A018605,P04669,WIFI
A018606,P04669,PARKING
A018607,P04670,POWER_BACKUP
A018608,P04670,SWIMMING_POOL
A018609,P04670,WIFI
A018610,P04670,AIR_CONDITIONING
A018611,P04670,SECURITY
A018612,P04671,SWIMMING_POOL
A018613,P04671,AIR_CONDITIONING
A018614,P04671,CLUBHOUSE
A018615,P04671,SECURITY
A018616,P04671,GARDEN
A018617,P04671,LIFT
A018618,P04672,SECURITY
A018619,P04672,CLUBHOUSE
A018620,P04672,WIFI
A018621,P04672,POWER_BACKUP
A018622,P04672,GARDEN
A018623,P04672,SWIMMING_POOL
A018624,P04673,GARDEN
A018625,P04673,POWER_BACKUP
A018626,P04673,CLUBHOUSE
A018627,P04674,GYM
A018628,P04674,LIFT
A018629,P04674,POWER_BACKUP
A018630,P04674,PARKING
A018631,P04675,CLUBHOUSE
A018632,P04675,SECURITY
A018633,P04676,GYM
A018634,P04676,WIFI
A018635,P04676,GARDEN
A018636,P04677,POWER_BACKUP
A018637,P04677,GYM
A018638,P04677,SWIMMING_POOL
A018639,P04677,PARKING
A018640,P04677,GARDEN
A018641,P04678,PARKING
A018642,P04678,WIFI
A018643,P04678,SWIMMING_POOL
A018644,P04678,POWER_BACKUP
A018645,P04678,GARDEN
A018646,P04678,LIFT
A018647,P04679,GARDEN
A018648,P04679,SECURITY
A018649,P04680,CLUBHOUSE
A018650,P04680,AIR_CONDITIONING
A018651,P04680,POWER_BACKUP
A018652,P04681,GARDEN
A018653,P04681,LIFT
A018654,P04681,SWIMMING_POOL
A018655,P04681,GYM
A018656,P04681,POWER_BACKUP
A018657,P04681,WIFI
A018658,P04682,SWIMMING_POOL
A018659,P04682,AIR_CONDITIONING
A018660,P04682,WIFI
A018661,P04682,PARKING
A018662,P04682,GYM
A018663,P04682,CLUBHOUSE
A018664,P04683,CLUBHOUSE
A018665,P04683,SWIMMING_POOL
A018666,P04683,AIR_CONDITIONING
A018667,P04684,WIFI
A018668,P04684,SECURITY
A018669,P04684,CLUBHOUSE
A018670,P04685,WIFI
A018671,P04685,PARKING
A018672,P04686,WIFI
A018673,P04686,LIFT
A018674,P04686,POWER_BACKUP
A018675,P04686,SWIMMING_POOL
A018676,P04686,GYM
A018677,P04686,PARKING
A018678,P04687,POWER_BACKUP
A018679,P04687,CLUBHOUSE
A018680,P04687,WIFI
A018681,P04687,GARDEN
A018682,P04687,SWIMMING_POOL
A018683,P04688,AIR_CONDITIONING
A018684,P04688,SWIMMING_POOL
A018685,P04688,WIFI
A018686,P04688,GYM
A018687,P04688,CLUBHOUSE
A018688,P04688,SECURITY
A018689,P04689,WIFI
A018690,P04689,POWER_BACKUP
A018691,P04689,PARKING
A018692,P04689,AIR_CONDITIONING
A018693,P04689,SECURITY
A018694,P04689,SWIMMING_POOL
A018695,P04690,SWIMMING_POOL
A018696,P04690,CLUBHOUSE
A018697,P04691,SWIMMING_POOL
A018698,P04691,GARDEN
A018699,P04691,CLUBHOUSE
A018700,P04691,AIR_CONDITIONING
A018701,P04691,POWER_BACKUP
A018702,P04691,GYM
A018703,P04692,CLUBHOUSE
A018704,P04692,PARKING
A018705,P04692,LIFT
A018706,P04692,GYM
A018707,P04693,GARDEN
A018708,P04693,PARKING
A018709,P04693,GYM
A018710,P04693,SECURITY
A018711,P04693,SWIMMING_POOL
A018712,P04693,WIFI
A018713,P04694,GYM
A018714,P04694,AIR_CONDITIONING
A018715,P04694,SECURITY
A018716,P04695,WIFI
A018717,P04695,POWER_BACKUP
A018718,P04695,CLUBHOUSE
A018719,P04695,AIR_CONDITIONING
A018720,P04695,GARDEN
A018721,P04695,LIFT
A018722,P04696,AIR_CONDITIONING
A018723,P04696,SWIMMING_POOL
A018724,P04696,PARKING
A018725,P04696,WIFI
A018726,P04697,GARDEN
A018727,P04697,PARKING
A018728,P04697,SWIMMING_POOL
A018729,P04697,SECURITY
A018730,P04697,GYM
A018731,P04697,CLUBHOUSE
A018732,P04698,GYM
A018733,P04698,SECURITY
A018734,P04698,SWIMMING_POOL
A018735,P04698,PARKING
A018736,P04698,LIFT
A018737,P04699,SECURITY
A018738,P04699,CLUBHOUSE
A018739,P04699,AIR_CONDITIONING
A018740,P04699,GARDEN
A018741,P04699,LIFT
A018742,P04699,SWIMMING_POOL
A018743,P04700,LIFT
A018744,P04700,GARDEN
A018745,P04700,SWIMMING_POOL
A018746,P04700,SECURITY
A018747,P04700,CLUBHOUSE
A018748,P04700,AIR_CONDITIONING
A018749,P04701,CLUBHOUSE
A018750,P04701,SECURITY
A018751,P04701,PARKING
A018752,P04702,AIR_CONDITIONING
A018753,P04702,GARDEN
A018754,P04702,SECURITY
A018755,P04702,SWIMMING_POOL
A018756,P04702,PARKING
A018757,P04703,GYM
A018758,P04703,LIFT
A018759,P04704,PARKING
A018760,P04704,GARDEN
A018761,P04704,LIFT
A018762,P04705,CLUBHOUSE
A018763,P04705,GARDEN
A018764,P04705,SECURITY
A018765,P04705,POWER_BACKUP
A018766,P04706,SWIMMING_POOL
A018767,P04706,LIFT
A018768,P04706,SECURITY
A018769,P04706,WIFI
A018770,P04706,AIR_CONDITIONING
A018771,P04706,GARDEN
A018772,P04707,CLUBHOUSE
A018773,P04707,PARKING
A018774,P04707,LIFT
A018775,P04707,GYM
A018776,P04707,AIR_CONDITIONING
A018777,P04708,SWIMMING_POOL
A018778,P04708,WIFI
A018779,P04708,AIR_CONDITIONING
A018780,P04709,SWIMMING_POOL
A018781,P04709,WIFI
A018782,P04709,CLUBHOUSE
A018783,P04709,SECURITY
A018784,P04709,LIFT
A018785,P04709,GARDEN
A018786,P04710,GARDEN
A018787,P04710,CLUBHOUSE
A018788,P04711,SECURITY
A018789,P04711,PARKING
A018790,P04712,SECURITY
A018791,P04712,GARDEN
A018792,P04712,CLUBHOUSE
A018793,P04712,PARKING
A018794,P04712,GYM
A018795,P04712,LIFT
A018796,P04713,GARDEN
A018797,P04713,AIR_CONDITIONING
A018798,P04713,SECURITY
A018799,P04713,POWER_BACKUP
A018800,P04713,LIFT
A018801,P04714,CLUBHOUSE
A018802,P04714,SWIMMING_POOL
A018803,P04714,AIR_CONDITIONING
A018804,P04714,SECURITY
A018805,P04714,POWER_BACKUP
A018806,P04714,PARKING
A018807,P04715,LIFT
A018808,P04715,AIR_CONDITIONING
A018809,P04715,SWIMMING_POOL
A018810,P04715,POWER_BACKUP
A018811,P04715,GARDEN
A018812,P04715,CLUBHOUSE
A018813,P04716,LIFT
A018814,P04716,CLUBHOUSE
A018815,P04716,PARKING
A018816,P04716,AIR_CONDITIONING
A018817,P04717,LIFT
A018818,P04717,PARKING
A018819,P04717,GYM
A018820,P04717,SWIMMING_POOL
A018821,P04718,POWER_BACKUP
A018822,P04718,WIFI
A018823,P04718,PARKING
A018824,P04718,CLUBHOUSE
A018825,P04718,SECURITY
A018826,P04718,GARDEN
A018827,P04719,GYM
A018828,P04719,PARKING
A018829,P04719,GARDEN
A018830,P04719,SWIMMING_POOL
A018831,P04719,POWER_BACKUP
A018832,P04719,LIFT
A018833,P04720,POWER_BACKUP
A018834,P04720,PARKING
A018835,P04720,GARDEN
A018836,P04720,WIFI
A018837,P04720,LIFT
A018838,P04720,SWIMMING_POOL
A018839,P04721,SWIMMING_POOL
A018840,P04721,PARKING
A018841,P04721,GARDEN
A018842,P04722,PARKING
A018843,P04722,LIFT
A018844,P04723,POWER_BACKUP
A018845,P04723,LIFT
A018846,P04723,WIFI
A018847,P04723,SECURITY
A018848,P04724,AIR_CONDITIONING
A018849,P04724,SECURITY
A018850,P04725,SECURITY
A018851,P04725,GARDEN
A018852,P04725,AIR_CONDITIONING
A018853,P04725,PARKING
A018854,P04726,SWIMMING_POOL
A018855,P04726,PARKING
A018856,P04727,POWER_BACKUP
A018857,P04727,LIFT
A018858,P04727,SECURITY
A018859,P04728,SWIMMING_POOL
A018860,P04728,WIFI
A018861,P04728,GYM
A018862,P04728,CLUBHOUSE
A018863,P04728,SECURITY
A018864,P04728,AIR_CONDITIONING
A018865,P04729,GYM
A018866,P04729,SECURITY
A018867,P04730,AIR_CONDITIONING
A018868,P04730,GARDEN
A018869,P04730,WIFI
A018870,P04730,SWIMMING_POOL
A018871,P04730,PARKING
A018872,P04731,POWER_BACKUP
A018873,P04731,CLUBHOUSE
A018874,P04731,SECURITY
A018875,P04731,WIFI
A018876,P04731,AIR_CONDITIONING
A018877,P04732,SWIMMING_POOL
A018878,P04732,LIFT
A018879,P04732,AIR_CONDITIONING
A018880,P04732,WIFI
A018881,P04733,PARKING
A018882,P04733,WIFI
A018883,P04733,GARDEN
A018884,P04733,SECURITY
A018885,P04733,SWIMMING_POOL
A018886,P04733,AIR_CONDITIONING
A018887,P04734,LIFT
A018888,P04734,AIR_CONDITIONING
A018889,P04734,PARKING
A018890,P04734,WIFI
A018891,P04734,GARDEN
A018892,P04734,CLUBHOUSE
A018893,P04735,GYM
A018894,P04735,LIFT
A018895,P04735,WIFI
A018896,P04736,SECURITY
A018897,P04736,SWIMMING_POOL
A018898,P04736,PARKING
A018899,P04736,AIR_CONDITIONING
A018900,P04737,AIR_CONDITIONING
A018901,P04737,GYM
A018902,P04738,PARKING
A018903,P04738,SECURITY
A018904,P04738,CLUBHOUSE
A018905,P04738,GYM
A018906,P04738,GARDEN
A018907,P04739,CLUBHOUSE
A018908,P04739,POWER_BACKUP
A018909,P04740,CLUBHOUSE
A018910,P04740,PARKING
A018911,P04741,AIR_CONDITIONING
A018912,P04741,WIFI
A018913,P04741,SWIMMING_POOL
A018914,P04741,GYM
A018915,P04741,LIFT
A018916,P04742,CLUBHOUSE
A018917,P04742,AIR_CONDITIONING
A018918,P04743,PARKING
A018919,P04743,GYM
A018920,P04743,SECURITY
A018921,P04743,GARDEN
A018922,P04743,LIFT
A018923,P04744,GARDEN
A018924,P04744,CLUBHOUSE
A018925,P04744,POWER_BACKUP
A018926,P04744,AIR_CONDITIONING
A018927,P04744,PARKING
A018928,P04744,GYM
A018929,P04745,LIFT
A018930,P04745,POWER_BACKUP
A018931,P04746,POWER_BACKUP
A018932,P04746,LIFT
A018933,P04746,WIFI
A018934,P04747,CLUBHOUSE
A018935,P04747,WIFI
A018936,P04747,SWIMMING_POOL
A018937,P04748,CLUBHOUSE
A018938,P04748,SECURITY
A018939,P04748,POWER_BACKUP
A018940,P04748,GARDEN
A018941,P04748,GYM
A018942,P04748,PARKING
A018943,P04749,POWER_BACKUP
A018944,P04749,CLUBHOUSE
A018945,P04749,PARKING
A018946,P04749,GARDEN
A018947,P04750,SWIMMING_POOL
A018948,P04750,LIFT
A018949,P04750,AIR_CONDITIONING
A018950,P04750,GARDEN
A018951,P04750,SECURITY
A018952,P04750,POWER_BACKUP
A018953,P04751,POWER_BACKUP
A018954,P04751,SECURITY
A018955,P04751,AIR_CONDITIONING
A018956,P04751,PARKING
A018957,P04752,AIR_CONDITIONING
A018958,P04752,POWER_BACKUP
A018959,P04753,CLUBHOUSE
A018960,P04753,WIFI
A018961,P04753,LIFT
A018962,P04753,GYM
A018963,P04754,WIFI
A018964,P04754,AIR_CONDITIONING
A018965,P04754,SECURITY
A018966,P04754,GARDEN
A018967,P04754,CLUBHOUSE
A018968,P04754,LIFT
A018969,P04755,GYM
A018970,P04755,GARDEN
A018971,P04755,SECURITY
A018972,P04756,SWIMMING_POOL
A018973,P04756,AIR_CONDITIONING
A018974,P04756,GYM
A018975,P04756,SECURITY
A018976,P04756,PARKING
A018977,P04756,POWER_BACKUP
A018978,P04757,GYM
A018979,P04757,GARDEN
A018980,P04758,PARKING
A018981,P04758,LIFT
A018982,P04759,CLUBHOUSE
A018983,P04759,LIFT
A018984,P04759,AIR_CONDITIONING
A018985,P04759,GARDEN
A018986,P04759,SECURITY
A018987,P04759,POWER_BACKUP
A018988,P04760,POWER_BACKUP
A018989,P04760,GYM
A018990,P04760,SECURITY
A018991,P04760,AIR_CONDITIONING
A018992,P04760,LIFT
A018993,P04760,WIFI
A018994,P04761,SECURITY
A018995,P04761,PARKING
A018996,P04762,WIFI
A018997,P04762,PARKING
A018998,P04762,CLUBHOUSE
A018999,P04762,AIR_CONDITIONING
A019000,P04763,PARKING
A019001,P04763,LIFT
A019002,P04763,POWER_BACKUP
A019003,P04763,CLUBHOUSE
A019004,P04763,SECURITY
A019005,P04764,WIFI
A019006,P04764,CLUBHOUSE
A019007,P04764,PARKING
A019008,P04764,LIFT
A019009,P04764,AIR_CONDITIONING
A019010,P04764,SWIMMING_POOL
A019011,P04765,SWIMMING_POOL
A019012,P04765,GARDEN
A019013,P04765,LIFT
A019014,P04765,AIR_CONDITIONING
A019015,P04765,POWER_BACKUP
A019016,P04765,GYM
A019017,P04766,GYM
A019018,P04766,GARDEN
A019019,P04766,PARKING
A019020,P04766,SWIMMING_POOL
A019021,P04767,CLUBHOUSE
A019022,P04767,POWER_BACKUP
A019023,P04767,SWIMMING_POOL
A019024,P04767,PARKING
A019025,P04768,AIR_CONDITIONING
A019026,P04768,WIFI
A019027,P04768,POWER_BACKUP
A019028,P04768,PARKING
A019029,P04769,GARDEN
A019030,P04769,PARKING
A019031,P04770,CLUBHOUSE
A019032,P04770,WIFI
A019033,P04770,GARDEN
A019034,P04770,SECURITY
A019035,P04771,GARDEN
A019036,P04771,SECURITY
A019037,P04772,CLUBHOUSE
A019038,P04772,AIR_CONDITIONING
A019039,P04772,SECURITY
A019040,P04772,PARKING
A019041,P04772,WIFI
A019042,P04772,LIFT
A019043,P04773,CLUBHOUSE
A019044,P04773,POWER_BACKUP
A019045,P04773,PARKING
A019046,P04773,LIFT
A019047,P04773,GARDEN
A019048,P04774,PARKING
A019049,P04774,POWER_BACKUP
A019050,P04774,SWIMMING_POOL
A019051,P04774,WIFI
A019052,P04774,AIR_CONDITIONING
A019053,P04775,GARDEN
A019054,P04775,GYM
A019055,P04775,WIFI
A019056,P04775,LIFT
A019057,P04775,POWER_BACKUP
A019058,P04775,SECURITY
A019059,P04776,SECURITY
A019060,P04776,GARDEN
A019061,P04776,SWIMMING_POOL
A019062,P04776,CLUBHOUSE
A019063,P04776,LIFT
A019064,P04776,PARKING
A019065,P04777,SWIMMING_POOL
A019066,P04777,LIFT
A019067,P04777,CLUBHOUSE
A019068,P04778,GYM
A019069,P04778,POWER_BACKUP
A019070,P04778,LIFT
A019071,P04778,GARDEN
A019072,P04779,PARKING
A019073,P04779,POWER_BACKUP
A019074,P04779,CLUBHOUSE
A019075,P04779,AIR_CONDITIONING
A019076,P04779,GARDEN
A019077,P04780,GARDEN
A019078,P04780,SWIMMING_POOL
A019079,P04780,POWER_BACKUP
A019080,P04780,WIFI
A019081,P04780,LIFT
A019082,P04780,CLUBHOUSE
A019083,P04781,SECURITY
A019084,P04781,GARDEN
A019085,P04782,CLUBHOUSE
A019086,P04782,PARKING
A019087,P04783,AIR_CONDITIONING
A019088,P04783,GARDEN
A019089,P04783,PARKING
A019090,P04784,WIFI
A019091,P04784,AIR_CONDITIONING
A019092,P04784,LIFT
A019093,P04784,CLUBHOUSE
A019094,P04784,POWER_BACKUP
A019095,P04784,GYM
A019096,P04785,CLUBHOUSE
A019097,P04785,GYM
A019098,P04785,SWIMMING_POOL
A019099,P04786,LIFT
A019100,P04786,GYM
A019101,P04786,AIR_CONDITIONING
A019102,P04786,CLUBHOUSE
A019103,P04786,GARDEN
A019104,P04786,SECURITY
A019105,P04787,WIFI
A019106,P04787,POWER_BACKUP
A019107,P04787,PARKING
A019108,P04788,GYM
A019109,P04788,LIFT
A019110,P04788,SWIMMING_POOL
A019111,P04788,PARKING
A019112,P04788,WIFI
A019113,P04788,SECURITY
A019114,P04789,LIFT
A019115,P04789,POWER_BACKUP
A019116,P04789,AIR_CONDITIONING
A019117,P04789,PARKING
A019118,P04789,GARDEN
A019119,P04790,AIR_CONDITIONING
A019120,P04790,SWIMMING_POOL
A019121,P04790,LIFT
A019122,P04790,POWER_BACKUP
A019123,P04791,SWIMMING_POOL
A019124,P04791,WIFI
A019125,P04791,AIR_CONDITIONING
A019126,P04791,LIFT
A019127,P04791,CLUBHOUSE
A019128,P04791,PARKING
A019129,P04792,LIFT
A019130,P04792,PARKING
A019131,P04792,AIR_CONDITIONING
A019132,P04793,SECURITY
A019133,P04793,POWER_BACKUP
A019134,P04793,GYM
A019135,P04793,PARKING
A019136,P04794,GYM
A019137,P04794,POWER_BACKUP
A019138,P04794,GARDEN
A019139,P04794,SECURITY
A019140,P04795,WIFI
A019141,P04795,SECURITY
A019142,P04795,AIR_CONDITIONING
A019143,P04795,PARKING
A019144,P04796,POWER_BACKUP
A019145,P04796,PARKING
A019146,P04796,CLUBHOUSE
A019147,P04796,AIR_CONDITIONING
A019148,P04796,GARDEN
A019149,P04796,GYM
A019150,P04797,GYM
A019151,P04797,WIFI
A019152,P04797,AIR_CONDITIONING
A019153,P04798,CLUBHOUSE
A019154,P04798,GYM
A019155,P04799,AIR_CONDITIONING
A019156,P04799,PARKING
A019157,P04799,SWIMMING_POOL
A019158,P04799,GYM
A019159,P04799,GARDEN
A019160,P04799,CLUBHOUSE
A019161,P04800,AIR_CONDITIONING
A019162,P04800,CLUBHOUSE
A019163,P04800,WIFI
A019164,P04801,AIR_CONDITIONING
A019165,P04801,GYM
A019166,P04801,PARKING
A019167,P04801,WIFI
A019168,P04801,SECURITY
A019169,P04802,SWIMMING_POOL
A019170,P04802,SECURITY
A019171,P04802,WIFI
A019172,P04802,AIR_CONDITIONING
A019173,P04802,POWER_BACKUP
A019174,P04803,CLUBHOUSE
A019175,P04803,POWER_BACKUP
A019176,P04803,WIFI
A019177,P04803,AIR_CONDITIONING
A019178,P04804,CLUBHOUSE
A019179,P04804,WIFI
A019180,P04805,AIR_CONDITIONING
A019181,P04805,PARKING
A019182,P04805,SWIMMING_POOL
A019183,P04805,SECURITY
A019184,P04806,GARDEN
A019185,P04806,CLUBHOUSE
A019186,P04806,GYM
A019187,P04807,POWER_BACKUP
A019188,P04807,SWIMMING_POOL
A019189,P04807,LIFT
A019190,P04807,GYM
A019191,P04807,CLUBHOUSE
A019192,P04807,GARDEN
A019193,P04808,WIFI
A019194,P04808,CLUBHOUSE
A019195,P04808,SECURITY
A019196,P04808,PARKING
A019197,P04808,POWER_BACKUP
A019198,P04809,LIFT
A019199,P04809,AIR_CONDITIONING
A019200,P04809,CLUBHOUSE
A019201,P04809,SWIMMING_POOL
A019202,P04809,GYM
A019203,P04810,GYM
A019204,P04810,LIFT
A019205,P04810,AIR_CONDITIONING
A019206,P04811,SWIMMING_POOL
A019207,P04811,LIFT
A019208,P04811,GYM
A019209,P04812,SECURITY
A019210,P04812,GARDEN
A019211,P04812,GYM
A019212,P04812,WIFI
A019213,P04812,PARKING
A019214,P04812,SWIMMING_POOL
A019215,P04813,GYM
A019216,P04813,PARKING
A019217,P04813,AIR_CONDITIONING
A019218,P04813,POWER_BACKUP
A019219,P04813,LIFT
A019220,P04814,LIFT
A019221,P04814,CLUBHOUSE
A019222,P04815,AIR_CONDITIONING
A019223,P04815,WIFI
A019224,P04815,PARKING
A019225,P04815,CLUBHOUSE
A019226,P04815,SWIMMING_POOL
A019227,P04815,LIFT
A019228,P04816,POWER_BACKUP
A019229,P04816,CLUBHOUSE
A019230,P04816,SWIMMING_POOL
A019231,P04817,GYM
A019232,P04817,POWER_BACKUP
A019233,P04817,WIFI
A019234,P04817,PARKING
A019235,P04817,GARDEN
A019236,P04818,CLUBHOUSE
A019237,P04818,GYM
A019238,P04819,SECURITY
A019239,P04819,PARKING
A019240,P04819,GYM
A019241,P04820,GYM
A019242,P04820,GARDEN
A019243,P04820,PARKING
A019244,P04821,WIFI
A019245,P04821,CLUBHOUSE
A019246,P04821,LIFT
A019247,P04822,SWIMMING_POOL
A019248,P04822,CLUBHOUSE
A019249,P04822,GARDEN
A019250,P04823,WIFI
A019251,P04823,CLUBHOUSE
A019252,P04823,SECURITY
A019253,P04823,GYM
A019254,P04824,CLUBHOUSE
A019255,P04824,GYM
A019256,P04824,LIFT
A019257,P04824,WIFI
A019258,P04825,GYM
A019259,P04825,SECURITY
A019260,P04825,WIFI
A019261,P04826,GYM
A019262,P04826,PARKING
A019263,P04826,POWER_BACKUP
A019264,P04826,WIFI
A019265,P04826,CLUBHOUSE
A019266,P04826,GARDEN
A019267,P04827,GARDEN
A019268,P04827,AIR_CONDITIONING
A019269,P04827,LIFT
A019270,P04827,POWER_BACKUP
A019271,P04827,WIFI
A019272,P04827,SECURITY
A019273,P04828,SWIMMING_POOL
A019274,P04828,WIFI
A019275,P04828,PARKING
A019276,P04828,AIR_CONDITIONING
A019277,P04828,SECURITY
A019278,P04828,POWER_BACKUP
A019279,P04829,WIFI
A019280,P04829,CLUBHOUSE
A019281,P04830,SECURITY
A019282,P04830,PARKING
A019283,P04831,GARDEN
A019284,P04831,LIFT
A019285,P04831,AIR_CONDITIONING
A019286,P04831,POWER_BACKUP
A019287,P04832,LIFT
A019288,P04832,CLUBHOUSE
A019289,P04833,GYM
A019290,P04833,LIFT
A019291,P04833,CLUBHOUSE
A019292,P04834,SECURITY
A019293,P04834,CLUBHOUSE
A019294,P04835,LIFT
A019295,P04835,SECURITY
A019296,P04835,WIFI
A019297,P04836,LIFT
A019298,P04836,WIFI
A019299,P04836,SECURITY
A019300,P04836,AIR_CONDITIONING
A019301,P04836,GYM
A019302,P04836,SWIMMING_POOL
A019303,P04837,SECURITY
A019304,P04837,WIFI
A019305,P04837,PARKING
A019306,P04837,CLUBHOUSE
A019307,P04837,LIFT
A019308,P04838,AIR_CONDITIONING
A019309,P04838,PARKING
A019310,P04838,LIFT
A019311,P04838,POWER_BACKUP
A019312,P04839,PARKING
A019313,P04839,POWER_BACKUP
A019314,P04839,GARDEN
A019315,P04839,SWIMMING_POOL
A019316,P04840,WIFI
A019317,P04840,AIR_CONDITIONING
A019318,P04840,CLUBHOUSE
A019319,P04840,SWIMMING_POOL
A019320,P04841,GYM
A019321,P04841,AIR_CONDITIONING
A019322,P04841,GARDEN
A019323,P04841,POWER_BACKUP
A019324,P04841,WIFI
A019325,P04842,GARDEN
A019326,P04842,GYM
A019327,P04842,POWER_BACKUP
A019328,P04842,SWIMMING_POOL
A019329,P04843,POWER_BACKUP
A019330,P04843,AIR_CONDITIONING
A019331,P04843,SWIMMING_POOL
A019332,P04844,LIFT
A019333,P04844,PARKING
A019334,P04844,AIR_CONDITIONING
A019335,P04844,CLUBHOUSE
A019336,P04844,WIFI
A019337,P04845,GYM
A019338,P04845,PARKING
A019339,P04845,WIFI
A019340,P04845,CLUBHOUSE
A019341,P04845,GARDEN
A019342,P04846,WIFI
A019343,P04846,GARDEN
A019344,P04846,CLUBHOUSE
A019345,P04847,LIFT
A019346,P04847,WIFI
A019347,P04847,GYM
A019348,P04847,AIR_CONDITIONING
A019349,P04847,SWIMMING_POOL
A019350,P04847,CLUBHOUSE
A019351,P04848,GARDEN
A019352,P04848,AIR_CONDITIONING
A019353,P04848,LIFT
A019354,P04848,SECURITY
A019355,P04848,GYM
A019356,P04848,SWIMMING_POOL
A019357,P04849,GYM
A019358,P04849,SWIMMING_POOL
A019359,P04849,POWER_BACKUP
A019360,P04849,LIFT
A019361,P04850,PARKING
A019362,P04850,CLUBHOUSE
A019363,P04851,LIFT
A019364,P04851,PARKING
A019365,P04851,GARDEN
A019366,P04851,SECURITY
A019367,P04851,WIFI
A019368,P04851,CLUBHOUSE
A019369,P04852,LIFT
A019370,P04852,AIR_CONDITIONING
A019371,P04852,POWER_BACKUP
A019372,P04852,SECURITY
A019373,P04852,CLUBHOUSE
A019374,P04852,GARDEN
A019375,P04853,POWER_BACKUP
A019376,P04853,GYM
A019377,P04853,SWIMMING_POOL
A019378,P04853,SECURITY
A019379,P04853,PARKING
A019380,P04854,POWER_BACKUP
A019381,P04854,GARDEN
A019382,P04854,PARKING
A019383,P04854,LIFT
A019384,P04854,SWIMMING_POOL
A019385,P04855,SECURITY
A019386,P04855,GYM
A019387,P04855,AIR_CONDITIONING
A019388,P04856,SECURITY
A019389,P04856,POWER_BACKUP
A019390,P04857,SECURITY
A019391,P04857,CLUBHOUSE
A019392,P04857,POWER_BACKUP
A019393,P04857,GARDEN
A019394,P04857,AIR_CONDITIONING
A019395,P04857,LIFT
A019396,P04858,PARKING
A019397,P04858,LIFT
A019398,P04858,GYM
A019399,P04859,AIR_CONDITIONING
A019400,P04859,WIFI
A019401,P04859,CLUBHOUSE
A019402,P04860,AIR_CONDITIONING
A019403,P04860,CLUBHOUSE
A019404,P04860,SWIMMING_POOL
A019405,P04860,POWER_BACKUP
A019406,P04861,SWIMMING_POOL
A019407,P04861,AIR_CONDITIONING
A019408,P04861,POWER_BACKUP
A019409,P04861,GYM
A019410,P04862,AIR_CONDITIONING
A019411,P04862,LIFT
A019412,P04862,WIFI
A019413,P04863,LIFT
A019414,P04863,SWIMMING_POOL
A019415,P04863,SECURITY
A019416,P04863,CLUBHOUSE
A019417,P04863,AIR_CONDITIONING
A019418,P04863,GARDEN
A019419,P04864,WIFI
A019420,P04864,POWER_BACKUP
A019421,P04864,LIFT
A019422,P04865,GARDEN
A019423,P04865,GYM
A019424,P04866,LIFT
A019425,P04866,CLUBHOUSE
A019426,P04867,POWER_BACKUP
A019427,P04867,WIFI
A019428,P04867,LIFT
A019429,P04868,PARKING
A019430,P04868,AIR_CONDITIONING
A019431,P04869,AIR_CONDITIONING
A019432,P04869,GYM
A019433,P04869,WIFI
A019434,P04869,CLUBHOUSE
A019435,P04869,GARDEN
A019436,P04869,POWER_BACKUP
A019437,P04870,SECURITY
A019438,P04870,WIFI
A019439,P04871,GYM
A019440,P04871,POWER_BACKUP
A019441,P04871,LIFT
A019442,P04871,SWIMMING_POOL
A019443,P04871,AIR_CONDITIONING
A019444,P04871,SECURITY
A019445,P04872,POWER_BACKUP
A019446,P04872,AIR_CONDITIONING
A019447,P04872,SWIMMING_POOL
A019448,P04872,CLUBHOUSE
A019449,P04872,PARKING
A019450,P04873,CLUBHOUSE
A019451,P04873,PARKING
A019452,P04874,LIFT
A019453,P04874,SECURITY
A019454,P04874,SWIMMING_POOL
A019455,P04874,AIR_CONDITIONING
A019456,P04875,PARKING
A019457,P04875,AIR_CONDITIONING
A019458,P04875,POWER_BACKUP
A019459,P04876,CLUBHOUSE
A019460,P04876,POWER_BACKUP
A019461,P04876,PARKING
A019462,P04876,SWIMMING_POOL
A019463,P04876,WIFI
A019464,P04877,POWER_BACKUP
A019465,P04877,WIFI
A019466,P04877,CLUBHOUSE
A019467,P04878,AIR_CONDITIONING
A019468,P04878,SWIMMING_POOL
A019469,P04878,WIFI
A019470,P04878,LIFT
A019471,P04878,POWER_BACKUP
A019472,P04879,WIFI
A019473,P04879,GYM
A019474,P04879,POWER_BACKUP
A019475,P04879,CLUBHOUSE
A019476,P04879,AIR_CONDITIONING
A019477,P04879,SWIMMING_POOL
A019478,P04880,POWER_BACKUP
A019479,P04880,LIFT
A019480,P04880,SECURITY
A019481,P04880,PARKING
A019482,P04880,AIR_CONDITIONING
A019483,P04880,WIFI
A019484,P04881,SECURITY
A019485,P04881,AIR_CONDITIONING
A019486,P04881,CLUBHOUSE
A019487,P04881,GARDEN
A019488,P04882,GYM
A019489,P04882,LIFT
A019490,P04883,GARDEN
A019491,P04883,LIFT
A019492,P04883,PARKING
A019493,P04883,AIR_CONDITIONING
A019494,P04883,GYM
A019495,P04883,SECURITY
A019496,P04884,LIFT
A019497,P04884,GYM
A019498,P04884,SWIMMING_POOL
A019499,P04884,CLUBHOUSE
A019500,P04884,PARKING
A019501,P04885,PARKING
A019502,P04885,CLUBHOUSE
A019503,P04885,GARDEN
A019504,P04886,SWIMMING_POOL
A019505,P04886,AIR_CONDITIONING
A019506,P04886,POWER_BACKUP
A019507,P04886,SECURITY
A019508,P04886,CLUBHOUSE
A019509,P04887,SWIMMING_POOL
A019510,P04887,GARDEN
A019511,P04888,CLUBHOUSE
A019512,P04888,WIFI
A019513,P04888,AIR_CONDITIONING
A019514,P04888,GARDEN
A019515,P04888,PARKING
A019516,P04888,GYM
A019517,P04889,PARKING
A019518,P04889,WIFI
A019519,P04890,GYM
A019520,P04890,POWER_BACKUP
A019521,P04890,AIR_CONDITIONING
A019522,P04890,GARDEN
A019523,P04890,LIFT
A019524,P04890,PARKING
A019525,P04891,SECURITY
A019526,P04891,SWIMMING_POOL
A019527,P04891,PARKING
A019528,P04891,CLUBHOUSE
A019529,P04891,GARDEN
A019530,P04891,GYM
A019531,P04892,GARDEN
A019532,P04892,SECURITY
A019533,P04892,POWER_BACKUP
A019534,P04892,AIR_CONDITIONING
A019535,P04893,SWIMMING_POOL
A019536,P04893,CLUBHOUSE
A019537,P04893,LIFT
A019538,P04894,SWIMMING_POOL
A019539,P04894,SECURITY
A019540,P04894,GARDEN
A019541,P04894,CLUBHOUSE
A019542,P04894,GYM
A019543,P04894,POWER_BACKUP
A019544,P04895,AIR_CONDITIONING
A019545,P04895,GARDEN
A019546,P04896,POWER_BACKUP
A019547,P04896,GYM
A019548,P04896,SECURITY
A019549,P04896,AIR_CONDITIONING
A019550,P04897,CLUBHOUSE
A019551,P04897,LIFT
A019552,P04897,PARKING
A019553,P04897,GYM
A019554,P04897,SWIMMING_POOL
A019555,P04898,AIR_CONDITIONING
A019556,P04898,CLUBHOUSE
A019557,P04898,WIFI
A019558,P04899,LIFT
A019559,P04899,POWER_BACKUP
A019560,P04899,GARDEN
A019561,P04899,PARKING
A019562,P04899,CLUBHOUSE
A019563,P04900,AIR_CONDITIONING
A019564,P04900,CLUBHOUSE
A019565,P04900,SECURITY
A019566,P04900,SWIMMING_POOL
A019567,P04901,POWER_BACKUP
A019568,P04901,GYM
A019569,P04902,GYM
A019570,P04902,POWER_BACKUP
A019571,P04902,SECURITY
A019572,P04902,PARKING
A019573,P04903,AIR_CONDITIONING
A019574,P04903,WIFI
A019575,P04903,SECURITY
A019576,P04904,LIFT
A019577,P04904,CLUBHOUSE
A019578,P04904,SWIMMING_POOL
A019579,P04904,WIFI
A019580,P04904,POWER_BACKUP
A019581,P04905,SECURITY
A019582,P04905,LIFT
A019583,P04905,POWER_BACKUP
A019584,P04905,CLUBHOUSE
A019585,P04905,WIFI
A019586,P04906,SECURITY
A019587,P04906,POWER_BACKUP
A019588,P04907,AIR_CONDITIONING
A019589,P04907,GARDEN
A019590,P04907,SWIMMING_POOL
A019591,P04908,SWIMMING_POOL
A019592,P04908,POWER_BACKUP
A019593,P04908,GARDEN
A019594,P04909,CLUBHOUSE
A019595,P04909,LIFT
A019596,P04909,PARKING
A019597,P04909,SWIMMING_POOL
A019598,P04909,AIR_CONDITIONING
A019599,P04910,POWER_BACKUP
A019600,P04910,GYM
A019601,P04910,WIFI
A019602,P04910,GARDEN
A019603,P04911,SWIMMING_POOL
A019604,P04911,AIR_CONDITIONING
A019605,P04911,PARKING
A019606,P04912,CLUBHOUSE
A019607,P04912,AIR_CONDITIONING
A019608,P04912,GARDEN
A019609,P04912,WIFI
A019610,P04912,LIFT
A019611,P04912,POWER_BACKUP
A019612,P04913,POWER_BACKUP
A019613,P04913,SECURITY
A019614,P04913,LIFT
A019615,P04914,GYM
A019616,P04914,PARKING
A019617,P04914,SECURITY
A019618,P04914,WIFI
A019619,P04914,SWIMMING_POOL
A019620,P04915,AIR_CONDITIONING
A019621,P04915,LIFT
A019622,P04915,PARKING
A019623,P04915,SWIMMING_POOL
A019624,P04915,CLUBHOUSE
A019625,P04915,POWER_BACKUP
A019626,P04916,PARKING
A019627,P04916,LIFT
A019628,P04916,WIFI
A019629,P04916,GYM
A019630,P04916,GARDEN
A019631,P04916,POWER_BACKUP
A019632,P04917,POWER_BACKUP
A019633,P04917,PARKING
A019634,P04917,AIR_CONDITIONING
A019635,P04917,WIFI
A019636,P04918,GARDEN
A019637,P04918,SWIMMING_POOL
A019638,P04919,GYM
A019639,P04919,SECURITY
A019640,P04919,GARDEN
A019641,P04919,POWER_BACKUP
A019642,P04919,WIFI
A019643,P04919,AIR_CONDITIONING
A019644,P04920,PARKING
A019645,P04920,GYM
A019646,P04920,GARDEN
A019647,P04920,CLUBHOUSE
A019648,P04921,SWIMMING_POOL
A019649,P04921,CLUBHOUSE
A019650,P04921,SECURITY
A019651,P04922,GARDEN
A019652,P04922,GYM
A019653,P04922,POWER_BACKUP
A019654,P04922,LIFT
A019655,P04922,CLUBHOUSE
A019656,P04923,PARKING
A019657,P04923,SWIMMING_POOL
A019658,P04923,GARDEN
A019659,P04923,CLUBHOUSE
A019660,P04923,GYM
A019661,P04923,LIFT
A019662,P04924,POWER_BACKUP
A019663,P04924,GYM
A019664,P04925,AIR_CONDITIONING
A019665,P04925,CLUBHOUSE
A019666,P04925,POWER_BACKUP
A019667,P04926,POWER_BACKUP
A019668,P04926,CLUBHOUSE
A019669,P04926,LIFT
A019670,P04927,GYM
A019671,P04927,GARDEN
A019672,P04927,CLUBHOUSE
A019673,P04927,SWIMMING_POOL
A019674,P04927,WIFI
A019675,P04928,PARKING
A019676,P04928,SECURITY
A019677,P04928,GARDEN
A019678,P04929,PARKING
A019679,P04929,GARDEN
A019680,P04929,SWIMMING_POOL
A019681,P04930,GYM
A019682,P04930,PARKING
A019683,P04930,LIFT
A019684,P04931,AIR_CONDITIONING
A019685,P04931,LIFT
A019686,P04932,CLUBHOUSE
A019687,P04932,SECURITY
A019688,P04932,LIFT
A019689,P04933,GYM
A019690,P04933,LIFT
A019691,P04933,POWER_BACKUP
A019692,P04933,GARDEN
A019693,P04933,CLUBHOUSE
A019694,P04934,GYM
A019695,P04934,WIFI
A019696,P04934,POWER_BACKUP
A019697,P04934,AIR_CONDITIONING
A019698,P04934,GARDEN
A019699,P04934,LIFT
A019700,P04935,GYM
A019701,P04935,LIFT
A019702,P04935,PARKING
A019703,P04936,GYM
A019704,P04936,SWIMMING_POOL
A019705,P04936,WIFI
A019706,P04936,POWER_BACKUP
A019707,P04937,GARDEN
A019708,P04937,WIFI
A019709,P04938,SWIMMING_POOL
A019710,P04938,POWER_BACKUP
A019711,P04938,LIFT
A019712,P04938,GYM
A019713,P04938,WIFI
A019714,P04938,PARKING
A019715,P04939,PARKING
A019716,P04939,LIFT
A019717,P04939,SECURITY
A019718,P04939,GARDEN
A019719,P04940,POWER_BACKUP
A019720,P04940,WIFI
A019721,P04941,CLUBHOUSE
A019722,P04941,PARKING
A019723,P04941,GYM
A019724,P04941,AIR_CONDITIONING
A019725,P04941,WIFI
A019726,P04941,GARDEN
A019727,P04942,SWIMMING_POOL
A019728,P04942,POWER_BACKUP
A019729,P04942,GYM
A019730,P04942,PARKING
A019731,P04942,LIFT
A019732,P04943,SWIMMING_POOL
A019733,P04943,LIFT
A019734,P04943,GYM
A019735,P04943,AIR_CONDITIONING
A019736,P04943,POWER_BACKUP
A019737,P04944,LIFT
A019738,P04944,SWIMMING_POOL
A019739,P04945,WIFI
A019740,P04945,CLUBHOUSE
A019741,P04945,GYM
A019742,P04945,POWER_BACKUP
A019743,P04946,GYM
A019744,P04946,GARDEN
A019745,P04946,PARKING
A019746,P04947,WIFI
A019747,P04947,PARKING
A019748,P04947,SWIMMING_POOL
A019749,P04947,GYM
A019750,P04948,WIFI
A019751,P04948,LIFT
A019752,P04948,AIR_CONDITIONING
A019753,P04948,POWER_BACKUP
A019754,P04948,SWIMMING_POOL
A019755,P04948,GYM
A019756,P04949,SWIMMING_POOL
A019757,P04949,WIFI
A019758,P04949,CLUBHOUSE
A019759,P04950,POWER_BACKUP
A019760,P04950,GARDEN
A019761,P04950,SWIMMING_POOL
A019762,P04951,PARKING
A019763,P04951,GARDEN
A019764,P04951,SECURITY
A019765,P04951,GYM
A019766,P04952,GYM
A019767,P04952,SWIMMING_POOL
A019768,P04952,GARDEN
A019769,P04952,SECURITY
A019770,P04952,LIFT
A019771,P04953,GARDEN
A019772,P04953,AIR_CONDITIONING
A019773,P04953,CLUBHOUSE
A019774,P04953,POWER_BACKUP
A019775,P04953,PARKING
A019776,P04953,SWIMMING_POOL
A019777,P04954,AIR_CONDITIONING
A019778,P04954,CLUBHOUSE
A019779,P04954,SWIMMING_POOL
A019780,P04954,GYM
A019781,P04955,GARDEN
A019782,P04955,CLUBHOUSE
A019783,P04955,GYM
A019784,P04955,SWIMMING_POOL
A019785,P04955,SECURITY
A019786,P04955,LIFT
A019787,P04956,GARDEN
A019788,P04956,SWIMMING_POOL
A019789,P04956,SECURITY
A019790,P04956,AIR_CONDITIONING
A019791,P04956,POWER_BACKUP
A019792,P04956,GYM
A019793,P04957,CLUBHOUSE
A019794,P04957,POWER_BACKUP
A019795,P04957,PARKING
A019796,P04957,SECURITY
A019797,P04957,WIFI
A019798,P04957,LIFT
A019799,P04958,LIFT
A019800,P04958,GARDEN
A019801,P04958,GYM
A019802,P04959,CLUBHOUSE
A019803,P04959,WIFI
A019804,P04959,SWIMMING_POOL
A019805,P04959,AIR_CONDITIONING
A019806,P04959,POWER_BACKUP
A019807,P04960,SWIMMING_POOL
A019808,P04960,CLUBHOUSE
A019809,P04960,POWER_BACKUP
A019810,P04960,PARKING
A019811,P04961,SWIMMING_POOL
A019812,P04961,PARKING
A019813,P04961,CLUBHOUSE
A019814,P04961,LIFT
A019815,P04961,AIR_CONDITIONING
A019816,P04961,POWER_BACKUP
A019817,P04962,GYM
A019818,P04962,SECURITY
A019819,P04962,SWIMMING_POOL
A019820,P04962,POWER_BACKUP
A019821,P04962,WIFI
A019822,P04962,GARDEN
A019823,P04963,GARDEN
A019824,P04963,CLUBHOUSE
A019825,P04963,LIFT
A019826,P04964,POWER_BACKUP
A019827,P04964,GARDEN
A019828,P04964,SECURITY
A019829,P04964,GYM
A019830,P04964,LIFT
A019831,P04965,WIFI
A019832,P04965,GYM
A019833,P04965,GARDEN
A019834,P04965,SWIMMING_POOL
A019835,P04965,SECURITY
A019836,P04966,PARKING
A019837,P04966,WIFI
A019838,P04967,AIR_CONDITIONING
A019839,P04967,POWER_BACKUP
A019840,P04967,SWIMMING_POOL
A019841,P04967,GARDEN
A019842,P04967,GYM
A019843,P04968,GYM
A019844,P04968,CLUBHOUSE
A019845,P04968,LIFT
A019846,P04968,PARKING
A019847,P04969,AIR_CONDITIONING
A019848,P04969,LIFT
A019849,P04969,CLUBHOUSE
A019850,P04969,SWIMMING_POOL
A019851,P04970,PARKING
A019852,P04970,GARDEN
A019853,P04970,GYM
A019854,P04971,AIR_CONDITIONING
A019855,P04971,POWER_BACKUP
A019856,P04971,SWIMMING_POOL
A019857,P04971,GYM
A019858,P04971,SECURITY
A019859,P04972,CLUBHOUSE
A019860,P04972,SWIMMING_POOL
A019861,P04972,GYM
A019862,P04972,GARDEN
A019863,P04972,LIFT
A019864,P04973,SWIMMING_POOL
A019865,P04973,GYM
A019866,P04973,GARDEN
A019867,P04973,PARKING
A019868,P04973,LIFT
A019869,P04974,CLUBHOUSE
A019870,P04974,AIR_CONDITIONING
A019871,P04974,SECURITY
A019872,P04974,PARKING
A019873,P04974,SWIMMING_POOL
A019874,P04974,WIFI
A019875,P04975,POWER_BACKUP
A019876,P04975,WIFI
A019877,P04976,AIR_CONDITIONING
A019878,P04976,POWER_BACKUP
A019879,P04976,WIFI
A019880,P04976,GARDEN
A019881,P04976,LIFT
A019882,P04977,LIFT
A019883,P04977,AIR_CONDITIONING
A019884,P04977,CLUBHOUSE
A019885,P04977,POWER_BACKUP
A019886,P04977,PARKING
A019887,P04977,WIFI
A019888,P04978,GYM
A019889,P04978,LIFT
A019890,P04978,SWIMMING_POOL
A019891,P04978,PARKING
A019892,P04979,PARKING
A019893,P04979,SECURITY
A019894,P04979,CLUBHOUSE
A019895,P04980,PARKING
A019896,P04980,SWIMMING_POOL
A019897,P04980,GARDEN
A019898,P04980,LIFT
A019899,P04980,WIFI
A019900,P04980,GYM
A019901,P04981,PARKING
A019902,P04981,GYM
A019903,P04981,LIFT
A019904,P04981,SECURITY
A019905,P04982,AIR_CONDITIONING
A019906,P04982,WIFI
A019907,P04982,POWER_BACKUP
A019908,P04983,AIR_CONDITIONING
A019909,P04983,LIFT
A019910,P04983,SWIMMING_POOL
A019911,P04984,AIR_CONDITIONING
A019912,P04984,SECURITY
A019913,P04984,LIFT
A019914,P04984,SWIMMING_POOL
A019915,P04985,SWIMMING_POOL
A019916,P04985,POWER_BACKUP
A019917,P04985,AIR_CONDITIONING
A019918,P04986,LIFT
A019919,P04986,POWER_BACKUP
A019920,P04986,WIFI
A019921,P04987,GYM
A019922,P04987,LIFT
A019923,P04987,AIR_CONDITIONING
A019924,P04987,CLUBHOUSE
A019925,P04988,SWIMMING_POOL
A019926,P04988,SECURITY
A019927,P04989,GARDEN
A019928,P04989,GYM
A019929,P04989,CLUBHOUSE
A019930,P04989,POWER_BACKUP
A019931,P04990,GYM
A019932,P04990,POWER_BACKUP
A019933,P04990,SECURITY
A019934,P04990,WIFI
A019935,P04991,LIFT
A019936,P04991,PARKING
A019937,P04991,WIFI
A019938,P04991,GYM
A019939,P04992,PARKING
A019940,P04992,SWIMMING_POOL
A019941,P04992,CLUBHOUSE
A019942,P04993,LIFT
A019943,P04993,AIR_CONDITIONING
A019944,P04993,GYM
A019945,P04993,SECURITY
A019946,P04993,POWER_BACKUP
A019947,P04993,CLUBHOUSE
A019948,P04994,CLUBHOUSE
A019949,P04994,PARKING
A019950,P04994,GARDEN
A019951,P04995,SWIMMING_POOL
A019952,P04995,CLUBHOUSE
A019953,P04995,POWER_BACKUP
A019954,P04995,WIFI
A019955,P04995,SECURITY
A019956,P04995,AIR_CONDITIONING
A019957,P04996,SECURITY
A019958,P04996,WIFI
A019959,P04996,LIFT
A019960,P04996,SWIMMING_POOL
A019961,P04996,CLUBHOUSE
A019962,P04996,POWER_BACKUP
A019963,P04997,POWER_BACKUP
A019964,P04997,SWIMMING_POOL
A019965,P04997,CLUBHOUSE
A019966,P04997,PARKING
A019967,P04997,LIFT
A019968,P04998,SWIMMING_POOL
A019969,P04998,AIR_CONDITIONING
A019970,P04998,POWER_BACKUP
A019971,P04998,LIFT
A019972,P04998,GARDEN
A019973,P04999,AIR_CONDITIONING
A019974,P04999,LIFT
A019975,P05000,GYM
A019976,P05000,GARDEN
A019977,P05000,AIR_CONDITIONING
A019978,P05001,GARDEN
A019979,P05001,POWER_BACKUP
A019980,P05002,CLUBHOUSE
A019981,P05002,GYM
A019982,P05003,WIFI
A019983,P05003,GARDEN
A019984,P05003,SWIMMING_POOL
A019985,P05004,GYM
A019986,P05004,POWER_BACKUP
A019987,P05004,CLUBHOUSE
A019988,P05004,AIR_CONDITIONING
A019989,P05004,LIFT
A019990,P05004,PARKING
A019991,P05005,AIR_CONDITIONING
A019992,P05005,POWER_BACKUP
A019993,P05005,GYM
A019994,P05005,CLUBHOUSE
A019995,P05005,PARKING
A019996,P05005,SWIMMING_POOL
A019997,P05006,CLUBHOUSE
A019998,P05006,POWER_BACKUP
A019999,P05006,SWIMMING_POOL
A020000,P05006,PARKING
A020001,P05007,AIR_CONDITIONING
A020002,P05007,SECURITY
A020003,P05007,GARDEN
A020004,P05008,CLUBHOUSE
A020005,P05008,PARKING
A020006,P05008,LIFT
A020007,P05009,GARDEN
A020008,P05009,PARKING
A020009,P05009,POWER_BACKUP
A020010,P05009,CLUBHOUSE
A020011,P05010,SWIMMING_POOL
A020012,P05010,GARDEN
A020013,P05011,POWER_BACKUP
A020014,P05011,PARKING
A020015,P05011,WIFI
A020016,P05012,GYM
A020017,P05012,AIR_CONDITIONING
A020018,P05012,POWER_BACKUP
A020019,P05013,CLUBHOUSE
A020020,P05013,WIFI
A020021,P05013,SECURITY
A020022,P05014,AIR_CONDITIONING
A020023,P05014,WIFI
A020024,P05014,PARKING
A020025,P05014,SECURITY
A020026,P05015,POWER_BACKUP
A020027,P05015,AIR_CONDITIONING
A020028,P05015,SECURITY
A020029,P05015,GYM
A020030,P05015,SWIMMING_POOL
A020031,P05016,SECURITY
A020032,P05016,GYM
A020033,P05016,PARKING
A020034,P05016,LIFT
A020035,P05017,AIR_CONDITIONING
A020036,P05017,SECURITY
A020037,P05017,GYM
A020038,P05017,WIFI
A020039,P05018,GARDEN
A020040,P05018,GYM
A020041,P05018,SWIMMING_POOL
A020042,P05018,SECURITY
A020043,P05018,AIR_CONDITIONING
A020044,P05018,POWER_BACKUP
A020045,P05019,POWER_BACKUP
A020046,P05019,SWIMMING_POOL
A020047,P05019,GYM
A020048,P05019,GARDEN
A020049,P05020,GYM
A020050,P05020,CLUBHOUSE
A020051,P05020,AIR_CONDITIONING
A020052,P05020,WIFI
A020053,P05021,GARDEN
A020054,P05021,WIFI
A020055,P05021,POWER_BACKUP
A020056,P05022,PARKING
A020057,P05022,CLUBHOUSE
A020058,P05023,CLUBHOUSE
A020059,P05023,SWIMMING_POOL
A020060,P05023,LIFT
A020061,P05023,AIR_CONDITIONING
A020062,P05023,GYM
A020063,P05024,AIR_CONDITIONING
A020064,P05024,GYM
A020065,P05024,POWER_BACKUP
A020066,P05024,PARKING
A020067,P05025,AIR_CONDITIONING
A020068,P05025,PARKING
A020069,P05025,SWIMMING_POOL
A020070,P05025,WIFI
A020071,P05025,POWER_BACKUP
A020072,P05026,POWER_BACKUP
A020073,P05026,SWIMMING_POOL
A020074,P05026,GARDEN
A020075,P05026,WIFI
A020076,P05026,CLUBHOUSE
A020077,P05027,SWIMMING_POOL
A020078,P05027,CLUBHOUSE
A020079,P05027,GARDEN
A020080,P05027,SECURITY
A020081,P05027,PARKING
A020082,P05028,SWIMMING_POOL
A020083,P05028,POWER_BACKUP
A020084,P05028,GARDEN
A020085,P05028,CLUBHOUSE
A020086,P05028,AIR_CONDITIONING
A020087,P05029,LIFT
A020088,P05029,PARKING
A020089,P05030,LIFT
A020090,P05030,WIFI
A020091,P05030,AIR_CONDITIONING
A020092,P05030,CLUBHOUSE
A020093,P05031,PARKING
A020094,P05031,AIR_CONDITIONING
A020095,P05031,GYM
A020096,P05031,GARDEN
A020097,P05031,CLUBHOUSE
A020098,P05031,SWIMMING_POOL
A020099,P05032,AIR_CONDITIONING
A020100,P05032,CLUBHOUSE
A020101,P05032,POWER_BACKUP
A020102,P05032,GYM
A020103,P05033,SECURITY
A020104,P05033,AIR_CONDITIONING
A020105,P05034,WIFI
A020106,P05034,LIFT
A020107,P05034,GYM
A020108,P05034,PARKING
A020109,P05035,GARDEN
A020110,P05035,PARKING
A020111,P05036,LIFT
A020112,P05036,GARDEN
A020113,P05037,AIR_CONDITIONING
A020114,P05037,SWIMMING_POOL
A020115,P05037,PARKING
A020116,P05038,GARDEN
A020117,P05038,GYM
A020118,P05039,SWIMMING_POOL
A020119,P05039,POWER_BACKUP
A020120,P05039,SECURITY
A020121,P05040,PARKING
A020122,P05040,GARDEN
A020123,P05040,LIFT
A020124,P05041,GARDEN
A020125,P05041,SWIMMING_POOL
A020126,P05041,CLUBHOUSE
A020127,P05041,POWER_BACKUP
A020128,P05041,GYM
A020129,P05042,SWIMMING_POOL
A020130,P05042,AIR_CONDITIONING
A020131,P05042,LIFT
A020132,P05042,GARDEN
A020133,P05042,POWER_BACKUP
A020134,P05043,POWER_BACKUP
A020135,P05043,CLUBHOUSE
A020136,P05044,LIFT
A020137,P05044,POWER_BACKUP
A020138,P05044,WIFI
A020139,P05045,SWIMMING_POOL
A020140,P05045,AIR_CONDITIONING
A020141,P05046,GARDEN
A020142,P05046,LIFT
A020143,P05046,WIFI
A020144,P05046,SWIMMING_POOL
A020145,P05046,PARKING
A020146,P05046,POWER_BACKUP
A020147,P05047,AIR_CONDITIONING
A020148,P05047,LIFT
A020149,P05048,PARKING
A020150,P05048,LIFT
A020151,P05048,WIFI
A020152,P05048,POWER_BACKUP
A020153,P05049,SECURITY
A020154,P05049,GYM
A020155,P05049,CLUBHOUSE
A020156,P05050,PARKING
A020157,P05050,POWER_BACKUP
A020158,P05050,SECURITY
A020159,P05050,WIFI
A020160,P05050,GYM
A020161,P05050,CLUBHOUSE
A020162,P05051,LIFT
A020163,P05051,POWER_BACKUP
A020164,P05051,PARKING
A020165,P05051,GARDEN
A020166,P05051,SWIMMING_POOL
A020167,P05051,GYM
A020168,P05052,GARDEN
A020169,P05052,CLUBHOUSE
A020170,P05052,PARKING
A020171,P05052,POWER_BACKUP
A020172,P05052,AIR_CONDITIONING
A020173,P05053,GARDEN
A020174,P05053,SECURITY
A020175,P05053,WIFI
A020176,P05053,CLUBHOUSE
A020177,P05053,PARKING
A020178,P05054,GYM
A020179,P05054,AIR_CONDITIONING
A020180,P05054,PARKING
A020181,P05054,CLUBHOUSE
A020182,P05054,SECURITY
A020183,P05055,GYM
A020184,P05055,SWIMMING_POOL
A020185,P05055,GARDEN
A020186,P05055,LIFT
A020187,P05055,SECURITY
A020188,P05056,GYM
A020189,P05056,GARDEN
A020190,P05056,POWER_BACKUP
A020191,P05057,GYM
A020192,P05057,CLUBHOUSE
A020193,P05057,SWIMMING_POOL
A020194,P05057,AIR_CONDITIONING
A020195,P05058,AIR_CONDITIONING
A020196,P05058,SECURITY
A020197,P05058,CLUBHOUSE
A020198,P05059,GARDEN
A020199,P05059,LIFT
A020200,P05059,POWER_BACKUP
A020201,P05059,GYM
A020202,P05059,WIFI
A020203,P05059,SECURITY
A020204,P05060,AIR_CONDITIONING
A020205,P05060,WIFI
A020206,P05060,LIFT
A020207,P05060,PARKING
A020208,P05060,GYM
A020209,P05060,GARDEN
A020210,P05061,GARDEN
A020211,P05061,SWIMMING_POOL
A020212,P05061,AIR_CONDITIONING
A020213,P05061,POWER_BACKUP
A020214,P05061,SECURITY
A020215,P05062,LIFT
A020216,P05062,WIFI
A020217,P05062,PARKING
A020218,P05063,GYM
A020219,P05063,POWER_BACKUP
A020220,P05064,CLUBHOUSE
A020221,P05064,PARKING
A020222,P05065,CLUBHOUSE
A020223,P05065,POWER_BACKUP
A020224,P05065,GARDEN
A020225,P05066,PARKING
A020226,P05066,GYM
A020227,P05066,LIFT
A020228,P05066,GARDEN
A020229,P05067,WIFI
A020230,P05067,SECURITY
A020231,P05067,GYM
A020232,P05067,PARKING
A020233,P05067,AIR_CONDITIONING
A020234,P05068,PARKING
A020235,P05068,WIFI
A020236,P05068,SWIMMING_POOL
A020237,P05069,AIR_CONDITIONING
A020238,P05069,PARKING
A020239,P05069,WIFI
A020240,P05069,SWIMMING_POOL
A020241,P05069,CLUBHOUSE
A020242,P05070,AIR_CONDITIONING
A020243,P05070,GARDEN
A020244,P05070,GYM
A020245,P05070,CLUBHOUSE
A020246,P05071,LIFT
A020247,P05071,POWER_BACKUP
A020248,P05072,SWIMMING_POOL
A020249,P05072,WIFI
A020250,P05072,GARDEN
A020251,P05072,SECURITY
A020252,P05072,GYM
A020253,P05072,CLUBHOUSE
A020254,P05073,SECURITY
A020255,P05073,WIFI
A020256,P05073,GARDEN
A020257,P05073,CLUBHOUSE
A020258,P05074,AIR_CONDITIONING
A020259,P05074,SECURITY
A020260,P05074,POWER_BACKUP
A020261,P05075,SWIMMING_POOL
A020262,P05075,SECURITY
A020263,P05075,GARDEN
A020264,P05075,PARKING
A020265,P05075,LIFT
A020266,P05076,LIFT
A020267,P05076,SWIMMING_POOL
A020268,P05076,GYM
A020269,P05077,GYM
A020270,P05077,CLUBHOUSE
A020271,P05077,LIFT
A020272,P05077,POWER_BACKUP
A020273,P05078,GYM
A020274,P05078,WIFI
A020275,P05078,CLUBHOUSE
A020276,P05078,POWER_BACKUP
A020277,P05078,PARKING
A020278,P05079,GYM
A020279,P05079,AIR_CONDITIONING
A020280,P05079,WIFI
A020281,P05079,GARDEN
A020282,P05079,SECURITY
A020283,P05080,PARKING
A020284,P05080,SWIMMING_POOL
A020285,P05080,GYM
A020286,P05080,SECURITY
A020287,P05081,GARDEN
A020288,P05081,AIR_CONDITIONING
A020289,P05081,WIFI
A020290,P05081,POWER_BACKUP
A020291,P05081,SWIMMING_POOL
A020292,P05082,GARDEN
A020293,P05082,CLUBHOUSE
A020294,P05083,AIR_CONDITIONING
A020295,P05083,CLUBHOUSE
A020296,P05083,SECURITY
A020297,P05083,WIFI
A020298,P05084,WIFI
A020299,P05084,AIR_CONDITIONING
A020300,P05084,GARDEN
A020301,P05084,PARKING
A020302,P05085,SECURITY
A020303,P05085,WIFI
A020304,P05085,PARKING
A020305,P05085,GARDEN
A020306,P05085,GYM
A020307,P05085,POWER_BACKUP
A020308,P05086,CLUBHOUSE
A020309,P05086,GYM
A020310,P05086,POWER_BACKUP
A020311,P05086,LIFT
A020312,P05086,AIR_CONDITIONING
A020313,P05086,SWIMMING_POOL
A020314,P05087,CLUBHOUSE
A020315,P05087,GYM
A020316,P05087,WIFI
A020317,P05087,LIFT
A020318,P05087,SWIMMING_POOL
A020319,P05087,AIR_CONDITIONING
A020320,P05088,AIR_CONDITIONING
A020321,P05088,SECURITY
A020322,P05088,WIFI
A020323,P05088,POWER_BACKUP
A020324,P05089,AIR_CONDITIONING
A020325,P05089,GYM
A020326,P05089,GARDEN
A020327,P05089,PARKING
A020328,P05089,SECURITY
A020329,P05089,LIFT
A020330,P05090,PARKING
A020331,P05090,GYM
A020332,P05091,SECURITY
A020333,P05091,PARKING
A020334,P05091,POWER_BACKUP
A020335,P05092,SECURITY
A020336,P05092,WIFI
A020337,P05092,SWIMMING_POOL
A020338,P05093,LIFT
A020339,P05093,WIFI
A020340,P05093,AIR_CONDITIONING
A020341,P05093,POWER_BACKUP
A020342,P05093,PARKING
A020343,P05094,WIFI
A020344,P05094,SECURITY
A020345,P05094,CLUBHOUSE
A020346,P05094,SWIMMING_POOL
A020347,P05095,SWIMMING_POOL
A020348,P05095,AIR_CONDITIONING
A020349,P05095,PARKING
A020350,P05095,SECURITY
A020351,P05096,GARDEN
A020352,P05096,LIFT
A020353,P05096,POWER_BACKUP
A020354,P05096,PARKING
A020355,P05097,LIFT
A020356,P05097,AIR_CONDITIONING
A020357,P05098,GARDEN
A020358,P05098,SWIMMING_POOL
A020359,P05098,AIR_CONDITIONING
A020360,P05098,POWER_BACKUP
A020361,P05098,LIFT
A020362,P05098,WIFI
A020363,P05099,GYM
A020364,P05099,PARKING
A020365,P05100,CLUBHOUSE
A020366,P05100,LIFT
A020367,P05100,GARDEN
A020368,P05100,PARKING
A020369,P05100,POWER_BACKUP
A020370,P05101,AIR_CONDITIONING
A020371,P05101,PARKING
A020372,P05102,AIR_CONDITIONING
A020373,P05102,POWER_BACKUP
A020374,P05102,SWIMMING_POOL
A020375,P05102,LIFT
A020376,P05102,CLUBHOUSE
A020377,P05103,WIFI
A020378,P05103,SWIMMING_POOL
A020379,P05103,SECURITY
A020380,P05103,AIR_CONDITIONING
A020381,P05103,GARDEN
A020382,P05103,LIFT
A020383,P05104,SWIMMING_POOL
A020384,P05104,GYM
A020385,P05104,SECURITY
A020386,P05105,POWER_BACKUP
A020387,P05105,SECURITY
A020388,P05106,AIR_CONDITIONING
A020389,P05106,WIFI
A020390,P05106,SECURITY
A020391,P05107,GARDEN
A020392,P05107,WIFI
A020393,P05107,LIFT
A020394,P05107,GYM
A020395,P05107,POWER_BACKUP
A020396,P05107,SWIMMING_POOL
A020397,P05108,POWER_BACKUP
A020398,P05108,PARKING
A020399,P05108,WIFI
A020400,P05108,LIFT
A020401,P05109,PARKING
A020402,P05109,WIFI
A020403,P05109,POWER_BACKUP
A020404,P05110,PARKING
A020405,P05110,CLUBHOUSE
A020406,P05110,SWIMMING_POOL
A020407,P05110,GARDEN
A020408,P05111,POWER_BACKUP
A020409,P05111,WIFI
A020410,P05111,SECURITY
A020411,P05111,AIR_CONDITIONING
A020412,P05111,PARKING
A020413,P05111,GARDEN
A020414,P05112,GARDEN
A020415,P05112,AIR_CONDITIONING
A020416,P05112,WIFI
A020417,P05113,WIFI
A020418,P05113,LIFT
A020419,P05113,SWIMMING_POOL
A020420,P05114,GYM
A020421,P05114,PARKING
A020422,P05114,AIR_CONDITIONING
A020423,P05114,SWIMMING_POOL
A020424,P05115,WIFI
A020425,P05115,SECURITY
A020426,P05115,POWER_BACKUP
A020427,P05115,GYM
A020428,P05115,GARDEN
A020429,P05116,WIFI
A020430,P05116,CLUBHOUSE
A020431,P05117,GARDEN
A020432,P05117,GYM
A020433,P05117,CLUBHOUSE
A020434,P05117,AIR_CONDITIONING
A020435,P05117,SWIMMING_POOL
A020436,P05117,PARKING
A020437,P05118,WIFI
A020438,P05118,SWIMMING_POOL
A020439,P05118,CLUBHOUSE
A020440,P05118,GYM
A020441,P05118,POWER_BACKUP
A020442,P05119,SWIMMING_POOL
A020443,P05119,AIR_CONDITIONING
A020444,P05119,LIFT
A020445,P05119,PARKING
A020446,P05119,WIFI
A020447,P05120,SECURITY
A020448,P05120,SWIMMING_POOL
A020449,P05121,POWER_BACKUP
A020450,P05121,WIFI
A020451,P05122,SECURITY
A020452,P05122,CLUBHOUSE
A020453,P05123,AIR_CONDITIONING
A020454,P05123,CLUBHOUSE
A020455,P05123,LIFT
A020456,P05124,GARDEN
A020457,P05124,PARKING
A020458,P05124,GYM
A020459,P05124,AIR_CONDITIONING
A020460,P05124,CLUBHOUSE
A020461,P05125,POWER_BACKUP
A020462,P05125,CLUBHOUSE
A020463,P05125,LIFT
A020464,P05125,GARDEN
A020465,P05125,GYM
A020466,P05125,PARKING
A020467,P05126,POWER_BACKUP
A020468,P05126,GYM
A020469,P05126,SECURITY
A020470,P05126,GARDEN
A020471,P05126,SWIMMING_POOL
A020472,P05126,AIR_CONDITIONING
A020473,P05127,WIFI
A020474,P05127,SECURITY
A020475,P05127,GYM
A020476,P05127,SWIMMING_POOL
A020477,P05128,WIFI
A020478,P05128,AIR_CONDITIONING
A020479,P05129,AIR_CONDITIONING
A020480,P05129,PARKING
A020481,P05129,SWIMMING_POOL
A020482,P05129,GARDEN
A020483,P05130,SWIMMING_POOL
A020484,P05130,GYM
A020485,P05130,SECURITY
A020486,P05130,PARKING
A020487,P05131,WIFI
A020488,P05131,AIR_CONDITIONING
A020489,P05131,GYM
A020490,P05131,LIFT
A020491,P05131,PARKING
A020492,P05132,WIFI
A020493,P05132,GYM
A020494,P05132,PARKING
A020495,P05132,POWER_BACKUP
A020496,P05132,GARDEN
A020497,P05133,SWIMMING_POOL
A020498,P05133,AIR_CONDITIONING
A020499,P05133,LIFT
A020500,P05133,GYM
A020501,P05134,AIR_CONDITIONING
A020502,P05134,GYM
A020503,P05134,LIFT
A020504,P05135,PARKING
A020505,P05135,AIR_CONDITIONING
A020506,P05136,POWER_BACKUP
A020507,P05136,GYM
A020508,P05136,SWIMMING_POOL
A020509,P05136,PARKING
A020510,P05137,WIFI
A020511,P05137,CLUBHOUSE
A020512,P05138,CLUBHOUSE
A020513,P05138,AIR_CONDITIONING
A020514,P05138,PARKING
A020515,P05139,WIFI
A020516,P05139,POWER_BACKUP
A020517,P05139,LIFT
A020518,P05139,SECURITY
A020519,P05140,AIR_CONDITIONING
A020520,P05140,GYM
A020521,P05140,GARDEN
A020522,P05140,SWIMMING_POOL
A020523,P05140,CLUBHOUSE
A020524,P05140,LIFT
A020525,P05141,GYM
A020526,P05141,SWIMMING_POOL
A020527,P05142,SECURITY
A020528,P05142,GARDEN
A020529,P05142,PARKING
A020530,P05142,AIR_CONDITIONING
A020531,P05142,SWIMMING_POOL
A020532,P05142,WIFI
A020533,P05143,PARKING
A020534,P05143,GARDEN
A020535,P05143,SECURITY
A020536,P05143,LIFT
A020537,P05143,SWIMMING_POOL
A020538,P05144,GARDEN
A020539,P05144,WIFI
A020540,P05145,WIFI
A020541,P05145,GYM
A020542,P05145,CLUBHOUSE
A020543,P05146,AIR_CONDITIONING
A020544,P05146,CLUBHOUSE
A020545,P05146,SWIMMING_POOL
A020546,P05146,LIFT
A020547,P05146,PARKING
A020548,P05146,WIFI
A020549,P05147,SWIMMING_POOL
A020550,P05147,POWER_BACKUP
A020551,P05147,GARDEN
A020552,P05148,SWIMMING_POOL
A020553,P05148,GARDEN
A020554,P05148,CLUBHOUSE
A020555,P05148,LIFT
A020556,P05149,GARDEN
A020557,P05149,PARKING
A020558,P05150,GYM
A020559,P05150,POWER_BACKUP
A020560,P05150,CLUBHOUSE
A020561,P05151,LIFT
A020562,P05151,WIFI
A020563,P05151,CLUBHOUSE
A020564,P05152,PARKING
A020565,P05152,SWIMMING_POOL
A020566,P05152,POWER_BACKUP
A020567,P05152,AIR_CONDITIONING
A020568,P05152,GARDEN
A020569,P05152,WIFI
A020570,P05153,GYM
A020571,P05153,POWER_BACKUP
A020572,P05154,PARKING
A020573,P05154,CLUBHOUSE
A020574,P05155,GYM
A020575,P05155,POWER_BACKUP
A020576,P05155,SWIMMING_POOL
A020577,P05155,PARKING
A020578,P05155,SECURITY
A020579,P05156,GYM
A020580,P05156,AIR_CONDITIONING
A020581,P05156,POWER_BACKUP
A020582,P05157,WIFI
A020583,P05157,GARDEN
A020584,P05157,PARKING
A020585,P05157,LIFT
A020586,P05157,SECURITY
A020587,P05157,GYM
A020588,P05158,GYM
A020589,P05158,CLUBHOUSE
A020590,P05158,SWIMMING_POOL
A020591,P05158,WIFI
A020592,P05158,PARKING
A020593,P05159,PARKING
A020594,P05159,SWIMMING_POOL
A020595,P05159,CLUBHOUSE
A020596,P05160,SECURITY
A020597,P05160,SWIMMING_POOL
A020598,P05161,CLUBHOUSE
A020599,P05161,WIFI
A020600,P05161,SWIMMING_POOL
A020601,P05161,SECURITY
A020602,P05161,PARKING
A020603,P05162,CLUBHOUSE
A020604,P05162,PARKING
A020605,P05162,LIFT
A020606,P05162,GARDEN
A020607,P05162,SECURITY
A020608,P05162,WIFI
A020609,P05163,AIR_CONDITIONING
A020610,P05163,POWER_BACKUP
A020611,P05164,SECURITY
A020612,P05164,LIFT
A020613,P05164,GARDEN
A020614,P05165,PARKING
A020615,P05165,WIFI
A020616,P05165,GARDEN
A020617,P05165,POWER_BACKUP
A020618,P05165,SWIMMING_POOL
A020619,P05165,GYM
A020620,P05166,LIFT
A020621,P05166,CLUBHOUSE
A020622,P05166,AIR_CONDITIONING
A020623,P05166,WIFI
A020624,P05166,SWIMMING_POOL
A020625,P05166,POWER_BACKUP
A020626,P05167,AIR_CONDITIONING
A020627,P05167,POWER_BACKUP
A020628,P05167,CLUBHOUSE
A020629,P05167,SECURITY
A020630,P05167,GYM
A020631,P05167,SWIMMING_POOL
A020632,P05168,PARKING
A020633,P05168,AIR_CONDITIONING
A020634,P05168,GARDEN
A020635,P05168,CLUBHOUSE
A020636,P05169,GYM
A020637,P05169,SECURITY
A020638,P05169,POWER_BACKUP
A020639,P05169,LIFT
A020640,P05170,AIR_CONDITIONING
A020641,P05170,SWIMMING_POOL
A020642,P05170,WIFI
A020643,P05170,PARKING
A020644,P05170,SECURITY
A020645,P05171,GYM
A020646,P05171,PARKING
A020647,P05171,GARDEN
A020648,P05172,GARDEN
A020649,P05172,AIR_CONDITIONING
A020650,P05172,WIFI
A020651,P05172,POWER_BACKUP
A020652,P05172,SECURITY
A020653,P05172,GYM
A020654,P05173,WIFI
A020655,P05173,GARDEN
A020656,P05173,POWER_BACKUP
A020657,P05173,AIR_CONDITIONING
A020658,P05174,POWER_BACKUP
A020659,P05174,LIFT
A020660,P05174,SECURITY
A020661,P05174,GARDEN
A020662,P05174,SWIMMING_POOL
A020663,P05174,WIFI
A020664,P05175,SWIMMING_POOL
A020665,P05175,CLUBHOUSE
A020666,P05175,LIFT
A020667,P05175,POWER_BACKUP
A020668,P05175,GARDEN
A020669,P05176,AIR_CONDITIONING
A020670,P05176,CLUBHOUSE
A020671,P05177,CLUBHOUSE
A020672,P05177,SECURITY
A020673,P05177,AIR_CONDITIONING
A020674,P05178,LIFT
A020675,P05178,WIFI
A020676,P05178,AIR_CONDITIONING
A020677,P05179,PARKING
A020678,P05179,CLUBHOUSE
A020679,P05179,GYM
A020680,P05179,AIR_CONDITIONING
A020681,P05179,WIFI
A020682,P05179,LIFT
A020683,P05180,GYM
A020684,P05180,GARDEN
A020685,P05181,WIFI
A020686,P05181,GARDEN
A020687,P05181,GYM
A020688,P05181,AIR_CONDITIONING
A020689,P05181,LIFT
A020690,P05182,LIFT
A020691,P05182,AIR_CONDITIONING
A020692,P05182,SECURITY
A020693,P05182,POWER_BACKUP
A020694,P05182,SWIMMING_POOL
A020695,P05183,AIR_CONDITIONING
A020696,P05183,SWIMMING_POOL
A020697,P05183,LIFT
A020698,P05183,POWER_BACKUP
A020699,P05184,LIFT
A020700,P05184,GARDEN
A020701,P05184,POWER_BACKUP
A020702,P05184,WIFI
A020703,P05184,PARKING
A020704,P05184,CLUBHOUSE
A020705,P05185,AIR_CONDITIONING
A020706,P05185,LIFT
A020707,P05185,GYM
A020708,P05185,CLUBHOUSE
A020709,P05185,SWIMMING_POOL
A020710,P05186,SWIMMING_POOL
A020711,P05186,GARDEN
A020712,P05186,PARKING
A020713,P05187,SWIMMING_POOL
A020714,P05187,WIFI
A020715,P05187,CLUBHOUSE
A020716,P05188,WIFI
A020717,P05188,SECURITY
A020718,P05188,SWIMMING_POOL
A020719,P05189,CLUBHOUSE
A020720,P05189,AIR_CONDITIONING
A020721,P05190,POWER_BACKUP
A020722,P05190,SWIMMING_POOL
A020723,P05190,LIFT
A020724,P05190,GYM
A020725,P05190,WIFI
A020726,P05190,AIR_CONDITIONING
A020727,P05191,POWER_BACKUP
A020728,P05191,CLUBHOUSE
A020729,P05191,LIFT
A020730,P05191,SECURITY
A020731,P05191,GYM
A020732,P05192,LIFT
A020733,P05192,SECURITY
A020734,P05192,AIR_CONDITIONING
A020735,P05192,WIFI
A020736,P05193,WIFI
A020737,P05193,CLUBHOUSE
A020738,P05194,SWIMMING_POOL
A020739,P05194,WIFI
A020740,P05194,GYM
A020741,P05194,CLUBHOUSE
A020742,P05195,POWER_BACKUP
A020743,P05195,SWIMMING_POOL
A020744,P05195,GYM
A020745,P05195,GARDEN
A020746,P05195,LIFT
A020747,P05195,WIFI
A020748,P05196,PARKING
A020749,P05196,AIR_CONDITIONING
A020750,P05197,WIFI
A020751,P05197,GYM
A020752,P05197,POWER_BACKUP
A020753,P05198,AIR_CONDITIONING
A020754,P05198,WIFI
A020755,P05198,GYM
A020756,P05199,CLUBHOUSE
A020757,P05199,PARKING
A020758,P05200,POWER_BACKUP
A020759,P05200,AIR_CONDITIONING
A020760,P05200,PARKING
A020761,P05201,SWIMMING_POOL
A020762,P05201,LIFT
A020763,P05201,AIR_CONDITIONING
A020764,P05201,SECURITY
A020765,P05201,WIFI
A020766,P05202,LIFT
A020767,P05202,SECURITY
A020768,P05202,PARKING
A020769,P05202,GYM
A020770,P05202,AIR_CONDITIONING
A020771,P05202,WIFI
A020772,P05203,POWER_BACKUP
A020773,P05203,SWIMMING_POOL
A020774,P05203,GYM
A020775,P05204,CLUBHOUSE
A020776,P05204,SECURITY
A020777,P05204,GYM
A020778,P05204,WIFI
A020779,P05205,POWER_BACKUP
A020780,P05205,GYM
A020781,P05205,SECURITY
A020782,P05205,GARDEN
A020783,P05205,PARKING
A020784,P05206,WIFI
A020785,P05206,SWIMMING_POOL
A020786,P05206,POWER_BACKUP
A020787,P05206,GYM
A020788,P05206,SECURITY
A020789,P05207,POWER_BACKUP
A020790,P05207,WIFI
A020791,P05207,PARKING
A020792,P05207,LIFT
A020793,P05207,GYM
A020794,P05207,CLUBHOUSE
A020795,P05208,POWER_BACKUP
A020796,P05208,SWIMMING_POOL
A020797,P05208,PARKING
A020798,P05208,GYM
A020799,P05208,WIFI
A020800,P05208,GARDEN
A020801,P05209,LIFT
A020802,P05209,GARDEN
A020803,P05209,SWIMMING_POOL
A020804,P05209,CLUBHOUSE
A020805,P05209,POWER_BACKUP
A020806,P05209,PARKING
A020807,P05210,GYM
A020808,P05210,PARKING
A020809,P05210,LIFT
A020810,P05211,WIFI
A020811,P05211,GARDEN
A020812,P05211,POWER_BACKUP
A020813,P05211,GYM
A020814,P05212,SECURITY
A020815,P05212,GARDEN
A020816,P05213,LIFT
A020817,P05213,CLUBHOUSE
A020818,P05213,WIFI
A020819,P05213,PARKING
A020820,P05214,SWIMMING_POOL
A020821,P05214,GYM
A020822,P05214,POWER_BACKUP
A020823,P05214,PARKING
A020824,P05215,AIR_CONDITIONING
A020825,P05215,GYM
A020826,P05215,SECURITY
A020827,P05216,CLUBHOUSE
A020828,P05216,AIR_CONDITIONING
A020829,P05216,LIFT
A020830,P05216,SWIMMING_POOL
A020831,P05216,PARKING
A020832,P05217,POWER_BACKUP
A020833,P05217,GYM
A020834,P05217,CLUBHOUSE
A020835,P05218,CLUBHOUSE
A020836,P05218,SWIMMING_POOL
A020837,P05218,AIR_CONDITIONING
A020838,P05219,PARKING
A020839,P05219,SWIMMING_POOL
A020840,P05219,CLUBHOUSE
A020841,P05219,GYM
A020842,P05220,SWIMMING_POOL
A020843,P05220,POWER_BACKUP
A020844,P05220,CLUBHOUSE
A020845,P05220,GARDEN
A020846,P05221,CLUBHOUSE
A020847,P05221,POWER_BACKUP
A020848,P05222,WIFI
A020849,P05222,AIR_CONDITIONING
A020850,P05222,PARKING
A020851,P05222,SWIMMING_POOL
A020852,P05223,LIFT
A020853,P05223,WIFI
A020854,P05223,PARKING
A020855,P05223,GARDEN
A020856,P05224,GARDEN
A020857,P05224,CLUBHOUSE
A020858,P05224,SWIMMING_POOL
A020859,P05224,PARKING
A020860,P05225,POWER_BACKUP
A020861,P05225,LIFT
A020862,P05225,GARDEN
A020863,P05226,AIR_CONDITIONING
A020864,P05226,POWER_BACKUP
A020865,P05226,WIFI
A020866,P05226,SWIMMING_POOL
A020867,P05227,CLUBHOUSE
A020868,P05227,POWER_BACKUP
A020869,P05227,GARDEN
A020870,P05227,WIFI
A020871,P05228,GYM
A020872,P05228,WIFI
A020873,P05228,AIR_CONDITIONING
A020874,P05229,CLUBHOUSE
A020875,P05229,AIR_CONDITIONING
A020876,P05229,SWIMMING_POOL
A020877,P05230,CLUBHOUSE
A020878,P05230,POWER_BACKUP
A020879,P05230,GARDEN
A020880,P05230,SWIMMING_POOL
A020881,P05231,CLUBHOUSE
A020882,P05231,POWER_BACKUP
A020883,P05231,SECURITY
A020884,P05231,GYM
A020885,P05231,PARKING
A020886,P05231,GARDEN
A020887,P05232,GYM
A020888,P05232,PARKING
A020889,P05233,GYM
A020890,P05233,SWIMMING_POOL
A020891,P05233,CLUBHOUSE
A020892,P05233,LIFT
A020893,P05233,POWER_BACKUP
A020894,P05233,SECURITY
A020895,P05234,SECURITY
A020896,P05234,GYM
A020897,P05234,SWIMMING_POOL
A020898,P05235,SECURITY
A020899,P05235,CLUBHOUSE
A020900,P05235,PARKING
A020901,P05235,GARDEN
A020902,P05236,CLUBHOUSE
A020903,P05236,SECURITY
A020904,P05236,LIFT
A020905,P05236,AIR_CONDITIONING
A020906,P05237,GYM
A020907,P05237,LIFT
A020908,P05238,SECURITY
A020909,P05238,WIFI
A020910,P05238,POWER_BACKUP
A020911,P05238,AIR_CONDITIONING
A020912,P05238,SWIMMING_POOL
A020913,P05238,CLUBHOUSE
A020914,P05239,POWER_BACKUP
A020915,P05239,WIFI
A020916,P05239,SWIMMING_POOL
A020917,P05239,CLUBHOUSE
A020918,P05239,SECURITY
A020919,P05240,SWIMMING_POOL
A020920,P05240,WIFI
A020921,P05240,AIR_CONDITIONING
A020922,P05240,PARKING
A020923,P05240,GARDEN
A020924,P05241,SWIMMING_POOL
A020925,P05241,AIR_CONDITIONING
A020926,P05241,CLUBHOUSE
A020927,P05241,LIFT
A020928,P05242,SWIMMING_POOL
A020929,P05242,WIFI
A020930,P05243,POWER_BACKUP
A020931,P05243,SWIMMING_POOL
A020932,P05243,GARDEN
A020933,P05244,GYM
A020934,P05244,POWER_BACKUP
A020935,P05244,AIR_CONDITIONING
A020936,P05245,POWER_BACKUP
A020937,P05245,SECURITY
A020938,P05245,LIFT
A020939,P05245,GARDEN
A020940,P05245,CLUBHOUSE
A020941,P05245,SWIMMING_POOL
A020942,P05246,GYM
A020943,P05246,CLUBHOUSE
A020944,P05246,AIR_CONDITIONING
A020945,P05247,SWIMMING_POOL
A020946,P05247,AIR_CONDITIONING
A020947,P05247,SECURITY
A020948,P05247,PARKING
A020949,P05247,CLUBHOUSE
A020950,P05247,POWER_BACKUP
A020951,P05248,CLUBHOUSE
A020952,P05248,GYM
A020953,P05248,POWER_BACKUP
A020954,P05248,SECURITY
A020955,P05249,GARDEN
A020956,P05249,PARKING
A020957,P05249,WIFI
A020958,P05249,POWER_BACKUP
A020959,P05249,CLUBHOUSE
A020960,P05250,CLUBHOUSE
A020961,P05250,SWIMMING_POOL
A020962,P05250,PARKING
A020963,P05250,POWER_BACKUP
A020964,P05251,WIFI
A020965,P05251,CLUBHOUSE
A020966,P05251,AIR_CONDITIONING
A020967,P05251,SWIMMING_POOL
A020968,P05252,GARDEN
A020969,P05252,WIFI
A020970,P05252,SECURITY
A020971,P05253,LIFT
A020972,P05253,GARDEN
A020973,P05253,SECURITY
A020974,P05253,GYM
A020975,P05253,CLUBHOUSE
A020976,P05254,AIR_CONDITIONING
A020977,P05254,POWER_BACKUP
A020978,P05254,LIFT
A020979,P05254,GYM
A020980,P05254,SWIMMING_POOL
A020981,P05254,SECURITY
A020982,P05255,LIFT
A020983,P05255,SECURITY
A020984,P05255,POWER_BACKUP
A020985,P05255,WIFI
A020986,P05255,PARKING
A020987,P05255,GARDEN
A020988,P05256,CLUBHOUSE
A020989,P05256,LIFT
A020990,P05256,GYM
A020991,P05256,WIFI
A020992,P05256,POWER_BACKUP
A020993,P05256,AIR_CONDITIONING
A020994,P05257,POWER_BACKUP
A020995,P05257,CLUBHOUSE
A020996,P05257,WIFI
A020997,P05257,LIFT
A020998,P05257,PARKING
A020999,P05257,GARDEN
A021000,P05258,SWIMMING_POOL
A021001,P05258,PARKING
A021002,P05258,WIFI
A021003,P05259,AIR_CONDITIONING
A021004,P05259,SECURITY
A021005,P05259,PARKING
A021006,P05259,POWER_BACKUP
A021007,P05259,CLUBHOUSE
A021008,P05259,GARDEN
A021009,P05260,PARKING
A021010,P05260,LIFT
A021011,P05260,GARDEN
A021012,P05260,SECURITY
A021013,P05260,CLUBHOUSE
A021014,P05261,SECURITY
A021015,P05261,GARDEN
A021016,P05261,PARKING
A021017,P05262,AIR_CONDITIONING
A021018,P05262,WIFI
A021019,P05263,AIR_CONDITIONING
A021020,P05263,LIFT
A021021,P05263,POWER_BACKUP
A021022,P05263,SECURITY
A021023,P05263,SWIMMING_POOL
A021024,P05264,SECURITY
A021025,P05264,AIR_CONDITIONING
A021026,P05264,CLUBHOUSE
A021027,P05264,WIFI
A021028,P05265,POWER_BACKUP
A021029,P05265,AIR_CONDITIONING
A021030,P05265,GARDEN
A021031,P05265,WIFI
A021032,P05265,GYM
A021033,P05265,PARKING
A021034,P05266,SWIMMING_POOL
A021035,P05266,LIFT
A021036,P05267,POWER_BACKUP
A021037,P05267,SWIMMING_POOL
A021038,P05267,GARDEN
A021039,P05267,SECURITY
A021040,P05268,GYM
A021041,P05268,WIFI
A021042,P05268,CLUBHOUSE
A021043,P05268,POWER_BACKUP
A021044,P05268,SECURITY
A021045,P05268,GARDEN
A021046,P05269,LIFT
A021047,P05269,PARKING
A021048,P05269,CLUBHOUSE
A021049,P05269,SWIMMING_POOL
A021050,P05269,GARDEN
A021051,P05269,AIR_CONDITIONING
A021052,P05270,SWIMMING_POOL
A021053,P05270,GYM
A021054,P05270,POWER_BACKUP
A021055,P05270,GARDEN
A021056,P05270,SECURITY
A021057,P05271,POWER_BACKUP
A021058,P05271,PARKING
A021059,P05271,SWIMMING_POOL
A021060,P05272,SECURITY
A021061,P05272,SWIMMING_POOL
A021062,P05272,POWER_BACKUP
A021063,P05272,GYM
A021064,P05272,WIFI
A021065,P05273,CLUBHOUSE
A021066,P05273,WIFI
A021067,P05273,GYM
A021068,P05273,PARKING
A021069,P05273,POWER_BACKUP
A021070,P05274,LIFT
A021071,P05274,POWER_BACKUP
A021072,P05274,WIFI
A021073,P05274,GYM
A021074,P05274,AIR_CONDITIONING
A021075,P05274,PARKING
A021076,P05275,SECURITY
A021077,P05275,AIR_CONDITIONING
A021078,P05275,SWIMMING_POOL
A021079,P05275,LIFT
A021080,P05276,POWER_BACKUP
A021081,P05276,GYM
A021082,P05276,WIFI
A021083,P05277,SWIMMING_POOL
A021084,P05277,POWER_BACKUP
A021085,P05278,LIFT
A021086,P05278,WIFI
A021087,P05278,GARDEN
A021088,P05278,SWIMMING_POOL
A021089,P05279,SWIMMING_POOL
A021090,P05279,POWER_BACKUP
A021091,P05280,SWIMMING_POOL
A021092,P05280,PARKING
A021093,P05280,GARDEN
A021094,P05280,LIFT
A021095,P05280,POWER_BACKUP
A021096,P05280,SECURITY
A021097,P05281,LIFT
A021098,P05281,GARDEN
A021099,P05282,POWER_BACKUP
A021100,P05282,AIR_CONDITIONING
A021101,P05282,LIFT
A021102,P05282,PARKING
A021103,P05282,SWIMMING_POOL
A021104,P05283,GARDEN
A021105,P05283,PARKING
A021106,P05283,SWIMMING_POOL
A021107,P05283,CLUBHOUSE
A021108,P05283,AIR_CONDITIONING
A021109,P05284,AIR_CONDITIONING
A021110,P05284,SWIMMING_POOL
A021111,P05284,GYM
A021112,P05284,LIFT
A021113,P05285,POWER_BACKUP
A021114,P05285,CLUBHOUSE
A021115,P05285,SWIMMING_POOL
A021116,P05285,GYM
A021117,P05286,GYM
A021118,P05286,AIR_CONDITIONING
A021119,P05286,GARDEN
A021120,P05286,SWIMMING_POOL
A021121,P05286,SECURITY
A021122,P05287,POWER_BACKUP
A021123,P05287,WIFI
A021124,P05288,SWIMMING_POOL
A021125,P05288,GYM
A021126,P05288,GARDEN
A021127,P05288,WIFI
A021128,P05288,CLUBHOUSE
A021129,P05288,POWER_BACKUP
A021130,P05289,GARDEN
A021131,P05289,SECURITY
A021132,P05289,WIFI
A021133,P05290,SECURITY
A021134,P05290,LIFT
A021135,P05291,GARDEN
A021136,P05291,CLUBHOUSE
A021137,P05292,SECURITY
A021138,P05292,CLUBHOUSE
A021139,P05293,WIFI
A021140,P05293,GARDEN
A021141,P05293,SWIMMING_POOL
A021142,P05294,POWER_BACKUP
A021143,P05294,SWIMMING_POOL
A021144,P05295,AIR_CONDITIONING
A021145,P05295,WIFI
A021146,P05296,CLUBHOUSE
A021147,P05296,GARDEN
A021148,P05296,AIR_CONDITIONING
A021149,P05296,WIFI
A021150,P05296,SECURITY
A021151,P05296,GYM
A021152,P05297,POWER_BACKUP
A021153,P05297,CLUBHOUSE
A021154,P05297,SWIMMING_POOL
A021155,P05298,SWIMMING_POOL
A021156,P05298,POWER_BACKUP
A021157,P05298,WIFI
A021158,P05298,CLUBHOUSE
A021159,P05298,PARKING
A021160,P05298,SECURITY
A021161,P05299,GYM
A021162,P05299,LIFT
A021163,P05299,PARKING
A021164,P05299,WIFI
A021165,P05299,POWER_BACKUP
A021166,P05299,AIR_CONDITIONING
A021167,P05300,AIR_CONDITIONING
A021168,P05300,SECURITY
A021169,P05300,GYM
A021170,P05300,SWIMMING_POOL
A021171,P05300,POWER_BACKUP
A021172,P05301,POWER_BACKUP
A021173,P05301,AIR_CONDITIONING
A021174,P05301,GARDEN
A021175,P05301,WIFI
A021176,P05301,SWIMMING_POOL
A021177,P05302,AIR_CONDITIONING
A021178,P05302,POWER_BACKUP
A021179,P05303,PARKING
A021180,P05303,LIFT
A021181,P05304,GARDEN
A021182,P05304,AIR_CONDITIONING
A021183,P05304,WIFI
A021184,P05304,SWIMMING_POOL
A021185,P05305,POWER_BACKUP
A021186,P05305,GYM
A021187,P05305,SWIMMING_POOL
A021188,P05305,LIFT
A021189,P05306,SWIMMING_POOL
A021190,P05306,GYM
A021191,P05306,AIR_CONDITIONING
A021192,P05306,GARDEN
A021193,P05307,PARKING
A021194,P05307,AIR_CONDITIONING
A021195,P05308,CLUBHOUSE
A021196,P05308,SWIMMING_POOL
A021197,P05308,GARDEN
A021198,P05309,POWER_BACKUP
A021199,P05309,CLUBHOUSE
A021200,P05310,PARKING
A021201,P05310,GARDEN
A021202,P05310,SWIMMING_POOL
A021203,P05310,AIR_CONDITIONING
A021204,P05310,WIFI
A021205,P05310,GYM
A021206,P05311,WIFI
A021207,P05311,SWIMMING_POOL
A021208,P05311,GARDEN
A021209,P05311,CLUBHOUSE
A021210,P05311,AIR_CONDITIONING
A021211,P05312,POWER_BACKUP
A021212,P05312,SWIMMING_POOL
A021213,P05312,PARKING
A021214,P05312,WIFI
A021215,P05312,GYM
A021216,P05312,GARDEN
A021217,P05313,POWER_BACKUP
A021218,P05313,GARDEN
A021219,P05314,CLUBHOUSE
A021220,P05314,GARDEN
A021221,P05314,SECURITY
A021222,P05314,WIFI
A021223,P05315,POWER_BACKUP
A021224,P05315,AIR_CONDITIONING
A021225,P05315,GYM
A021226,P05315,CLUBHOUSE
A021227,P05315,SWIMMING_POOL
A021228,P05316,GYM
A021229,P05316,WIFI
A021230,P05316,GARDEN
A021231,P05316,SECURITY
A021232,P05316,CLUBHOUSE
A021233,P05317,AIR_CONDITIONING
A021234,P05317,CLUBHOUSE
A021235,P05317,SWIMMING_POOL
A021236,P05317,LIFT
A021237,P05317,PARKING
A021238,P05318,GYM
A021239,P05318,PARKING
A021240,P05318,SWIMMING_POOL
A021241,P05319,PARKING
A021242,P05319,POWER_BACKUP
A021243,P05319,CLUBHOUSE
A021244,P05319,SWIMMING_POOL
A021245,P05319,GYM
A021246,P05320,CLUBHOUSE
A021247,P05320,LIFT
A021248,P05320,SWIMMING_POOL
A021249,P05321,CLUBHOUSE
A021250,P05321,PARKING
A021251,P05321,GYM
A021252,P05321,AIR_CONDITIONING
A021253,P05321,SECURITY
A021254,P05322,WIFI
A021255,P05322,CLUBHOUSE
A021256,P05322,GYM
A021257,P05322,LIFT
A021258,P05322,GARDEN
A021259,P05323,SECURITY
A021260,P05323,GARDEN
A021261,P05323,CLUBHOUSE
A021262,P05323,AIR_CONDITIONING
A021263,P05323,SWIMMING_POOL
A021264,P05323,LIFT
A021265,P05324,AIR_CONDITIONING
A021266,P05324,CLUBHOUSE
A021267,P05324,SECURITY
A021268,P05324,GYM
A021269,P05324,WIFI
A021270,P05324,POWER_BACKUP
A021271,P05325,PARKING
A021272,P05325,WIFI
A021273,P05325,SECURITY
A021274,P05325,GARDEN
A021275,P05325,GYM
A021276,P05325,CLUBHOUSE
A021277,P05326,SECURITY
A021278,P05326,POWER_BACKUP
A021279,P05326,LIFT
A021280,P05326,CLUBHOUSE
A021281,P05327,PARKING
A021282,P05327,WIFI
A021283,P05328,SWIMMING_POOL
A021284,P05328,PARKING
A021285,P05329,SECURITY
A021286,P05329,LIFT
A021287,P05329,GARDEN
A021288,P05329,GYM
A021289,P05329,POWER_BACKUP
A021290,P05329,PARKING
A021291,P05330,WIFI
A021292,P05330,POWER_BACKUP
A021293,P05330,SWIMMING_POOL
A021294,P05331,WIFI
A021295,P05331,GYM
A021296,P05332,LIFT
A021297,P05332,SWIMMING_POOL
A021298,P05332,SECURITY
A021299,P05332,GYM
A021300,P05332,POWER_BACKUP
A021301,P05332,GARDEN
A021302,P05333,SECURITY
A021303,P05333,GARDEN
A021304,P05334,SECURITY
A021305,P05334,GARDEN
A021306,P05334,POWER_BACKUP
A021307,P05334,WIFI
A021308,P05334,CLUBHOUSE
A021309,P05335,SECURITY
A021310,P05335,SWIMMING_POOL
A021311,P05335,CLUBHOUSE
A021312,P05335,GARDEN
A021313,P05335,PARKING
A021314,P05336,POWER_BACKUP
A021315,P05336,PARKING
A021316,P05336,WIFI
A021317,P05336,CLUBHOUSE
A021318,P05337,LIFT
A021319,P05337,SECURITY
A021320,P05337,GARDEN
A021321,P05337,AIR_CONDITIONING
A021322,P05338,CLUBHOUSE
A021323,P05338,WIFI
A021324,P05338,GYM
A021325,P05338,GARDEN
A021326,P05338,AIR_CONDITIONING
A021327,P05338,LIFT
A021328,P05339,AIR_CONDITIONING
A021329,P05339,LIFT
A021330,P05339,WIFI
A021331,P05339,GYM
A021332,P05339,POWER_BACKUP
A021333,P05339,SECURITY
A021334,P05340,SWIMMING_POOL
A021335,P05340,SECURITY
A021336,P05340,AIR_CONDITIONING
A021337,P05340,PARKING
A021338,P05341,POWER_BACKUP
A021339,P05341,GYM
A021340,P05341,AIR_CONDITIONING
A021341,P05341,SWIMMING_POOL
A021342,P05341,LIFT
A021343,P05341,CLUBHOUSE
A021344,P05342,PARKING
A021345,P05342,GYM
A021346,P05342,GARDEN
A021347,P05342,AIR_CONDITIONING
A021348,P05342,SWIMMING_POOL
A021349,P05342,CLUBHOUSE
A021350,P05343,PARKING
A021351,P05343,CLUBHOUSE
A021352,P05343,WIFI
A021353,P05343,POWER_BACKUP
A021354,P05343,SECURITY
A021355,P05344,CLUBHOUSE
A021356,P05344,SECURITY
A021357,P05344,LIFT
A021358,P05344,AIR_CONDITIONING
A021359,P05345,LIFT
A021360,P05345,CLUBHOUSE
A021361,P05346,GARDEN
A021362,P05346,AIR_CONDITIONING
A021363,P05346,SECURITY
A021364,P05346,SWIMMING_POOL
A021365,P05346,PARKING
A021366,P05347,POWER_BACKUP
A021367,P05347,AIR_CONDITIONING
A021368,P05347,LIFT
A021369,P05348,WIFI
A021370,P05348,SWIMMING_POOL
A021371,P05348,AIR_CONDITIONING
A021372,P05348,CLUBHOUSE
A021373,P05348,PARKING
A021374,P05348,SECURITY
A021375,P05349,GARDEN
A021376,P05349,CLUBHOUSE
A021377,P05349,GYM
A021378,P05349,PARKING
A021379,P05349,AIR_CONDITIONING
A021380,P05350,CLUBHOUSE
A021381,P05350,POWER_BACKUP
A021382,P05350,WIFI
A021383,P05350,GARDEN
A021384,P05350,LIFT
A021385,P05351,GARDEN
A021386,P05351,GYM
A021387,P05351,SWIMMING_POOL
A021388,P05351,LIFT
A021389,P05351,AIR_CONDITIONING
A021390,P05351,PARKING
A021391,P05352,SWIMMING_POOL
A021392,P05352,PARKING
A021393,P05352,CLUBHOUSE
A021394,P05352,LIFT
A021395,P05352,GYM
A021396,P05352,AIR_CONDITIONING
A021397,P05353,GYM
A021398,P05353,CLUBHOUSE
A021399,P05353,SECURITY
A021400,P05353,SWIMMING_POOL
A021401,P05353,GARDEN
A021402,P05353,WIFI
A021403,P05354,LIFT
A021404,P05354,PARKING
A021405,P05354,GYM
A021406,P05354,AIR_CONDITIONING
A021407,P05354,SWIMMING_POOL
A021408,P05355,CLUBHOUSE
A021409,P05355,WIFI
A021410,P05356,POWER_BACKUP
A021411,P05356,SWIMMING_POOL
A021412,P05356,PARKING
A021413,P05356,LIFT
A021414,P05356,SECURITY
A021415,P05356,WIFI
A021416,P05357,WIFI
A021417,P05357,LIFT
A021418,P05358,CLUBHOUSE
A021419,P05358,GARDEN
A021420,P05358,SWIMMING_POOL
A021421,P05358,AIR_CONDITIONING
A021422,P05358,WIFI
A021423,P05358,PARKING
A021424,P05359,SWIMMING_POOL
A021425,P05359,POWER_BACKUP
A021426,P05360,SWIMMING_POOL
A021427,P05360,CLUBHOUSE
A021428,P05360,LIFT
A021429,P05361,POWER_BACKUP
A021430,P05361,GYM
A021431,P05361,LIFT
A021432,P05361,SECURITY
A021433,P05362,GARDEN
A021434,P05362,AIR_CONDITIONING
A021435,P05362,CLUBHOUSE
A021436,P05363,POWER_BACKUP
A021437,P05363,LIFT
A021438,P05363,CLUBHOUSE
A021439,P05363,SECURITY
A021440,P05364,AIR_CONDITIONING
A021441,P05364,PARKING
A021442,P05364,SECURITY
A021443,P05365,WIFI
A021444,P05365,SECURITY
A021445,P05365,PARKING
A021446,P05365,GYM
A021447,P05365,GARDEN
A021448,P05365,LIFT
A021449,P05366,WIFI
A021450,P05366,AIR_CONDITIONING
A021451,P05366,SWIMMING_POOL
A021452,P05366,POWER_BACKUP
A021453,P05367,SWIMMING_POOL
A021454,P05367,CLUBHOUSE
A021455,P05367,PARKING
A021456,P05367,GYM
A021457,P05367,POWER_BACKUP
A021458,P05368,LIFT
A021459,P05368,SWIMMING_POOL
A021460,P05368,SECURITY
A021461,P05368,POWER_BACKUP
A021462,P05368,CLUBHOUSE
A021463,P05369,SWIMMING_POOL
A021464,P05369,WIFI
A021465,P05369,SECURITY
A021466,P05369,GYM
A021467,P05369,POWER_BACKUP
A021468,P05369,PARKING
A021469,P05370,AIR_CONDITIONING
A021470,P05370,SECURITY
A021471,P05370,PARKING
A021472,P05370,CLUBHOUSE
A021473,P05370,LIFT
A021474,P05370,SWIMMING_POOL
A021475,P05371,GYM
A021476,P05371,WIFI
A021477,P05371,PARKING
A021478,P05372,WIFI
A021479,P05372,CLUBHOUSE
A021480,P05372,POWER_BACKUP
A021481,P05372,SWIMMING_POOL
A021482,P05372,GARDEN
A021483,P05373,GARDEN
A021484,P05373,POWER_BACKUP
A021485,P05373,AIR_CONDITIONING
A021486,P05373,PARKING
A021487,P05373,GYM
A021488,P05374,GARDEN
A021489,P05374,LIFT
A021490,P05375,GARDEN
A021491,P05375,GYM
A021492,P05375,CLUBHOUSE
A021493,P05375,PARKING
A021494,P05376,PARKING
A021495,P05376,SECURITY
A021496,P05376,POWER_BACKUP
A021497,P05376,GYM
A021498,P05376,AIR_CONDITIONING
A021499,P05377,GARDEN
A021500,P05377,WIFI
A021501,P05378,GYM
A021502,P05378,POWER_BACKUP
A021503,P05378,SWIMMING_POOL
A021504,P05378,LIFT
A021505,P05378,SECURITY
A021506,P05379,POWER_BACKUP
A021507,P05379,PARKING
A021508,P05379,SWIMMING_POOL
A021509,P05380,GYM
A021510,P05380,WIFI
A021511,P05380,SECURITY
A021512,P05380,AIR_CONDITIONING
A021513,P05381,GARDEN
A021514,P05381,SECURITY
A021515,P05381,GYM
A021516,P05381,AIR_CONDITIONING
A021517,P05381,SWIMMING_POOL
A021518,P05382,SWIMMING_POOL
A021519,P05382,GYM
A021520,P05382,AIR_CONDITIONING
A021521,P05383,GYM
A021522,P05383,AIR_CONDITIONING
A021523,P05383,WIFI
A021524,P05383,SWIMMING_POOL
A021525,P05383,GARDEN
A021526,P05384,POWER_BACKUP
A021527,P05384,WIFI
A021528,P05385,GARDEN
A021529,P05385,CLUBHOUSE
A021530,P05385,SECURITY
A021531,P05386,CLUBHOUSE
A021532,P05386,GARDEN
A021533,P05386,WIFI
A021534,P05386,AIR_CONDITIONING
A021535,P05387,SECURITY
A021536,P05387,CLUBHOUSE
A021537,P05387,GYM
A021538,P05387,SWIMMING_POOL
A021539,P05387,PARKING
A021540,P05387,LIFT
A021541,P05388,LIFT
A021542,P05388,SECURITY
A021543,P05389,AIR_CONDITIONING
A021544,P05389,GYM
A021545,P05389,WIFI
A021546,P05390,SECURITY
A021547,P05390,SWIMMING_POOL
A021548,P05390,CLUBHOUSE
A021549,P05390,POWER_BACKUP
A021550,P05390,AIR_CONDITIONING
A021551,P05391,SWIMMING_POOL
A021552,P05391,POWER_BACKUP
A021553,P05391,PARKING
A021554,P05391,GARDEN
A021555,P05391,SECURITY
A021556,P05391,CLUBHOUSE
A021557,P05392,CLUBHOUSE
A021558,P05392,GARDEN
A021559,P05392,SWIMMING_POOL
A021560,P05393,GARDEN
A021561,P05393,AIR_CONDITIONING
A021562,P05393,GYM
A021563,P05393,LIFT
A021564,P05393,SWIMMING_POOL
A021565,P05393,SECURITY
A021566,P05394,AIR_CONDITIONING
A021567,P05394,SECURITY
A021568,P05395,PARKING
A021569,P05395,AIR_CONDITIONING
A021570,P05395,WIFI
A021571,P05395,GARDEN
A021572,P05395,POWER_BACKUP
A021573,P05395,SECURITY
A021574,P05396,SWIMMING_POOL
A021575,P05396,WIFI
A021576,P05396,SECURITY
A021577,P05397,GARDEN
A021578,P05397,AIR_CONDITIONING
A021579,P05397,SECURITY
A021580,P05397,WIFI
A021581,P05398,WIFI
A021582,P05398,AIR_CONDITIONING
A021583,P05398,SWIMMING_POOL
A021584,P05399,WIFI
A021585,P05399,LIFT
A021586,P05400,SWIMMING_POOL
A021587,P05400,GARDEN
A021588,P05400,GYM
A021589,P05401,AIR_CONDITIONING
A021590,P05401,PARKING
A021591,P05401,GARDEN
A021592,P05401,WIFI
A021593,P05401,CLUBHOUSE
A021594,P05401,SECURITY
A021595,P05402,PARKING
A021596,P05402,SWIMMING_POOL
A021597,P05402,CLUBHOUSE
A021598,P05402,AIR_CONDITIONING
A021599,P05402,GARDEN
A021600,P05402,SECURITY
A021601,P05403,LIFT
A021602,P05403,CLUBHOUSE
A021603,P05403,SECURITY
A021604,P05403,PARKING
A021605,P05403,SWIMMING_POOL
A021606,P05404,POWER_BACKUP
A021607,P05404,AIR_CONDITIONING
A021608,P05404,SECURITY
A021609,P05404,GARDEN
A021610,P05404,LIFT
A021611,P05404,SWIMMING_POOL
A021612,P05405,CLUBHOUSE
A021613,P05405,POWER_BACKUP
A021614,P05406,SWIMMING_POOL
A021615,P05406,GYM
A021616,P05407,SECURITY
A021617,P05407,PARKING
A021618,P05407,CLUBHOUSE
A021619,P05407,WIFI
A021620,P05408,LIFT
A021621,P05408,SECURITY
A021622,P05408,SWIMMING_POOL
A021623,P05408,POWER_BACKUP
A021624,P05409,GARDEN
A021625,P05409,WIFI
A021626,P05410,GYM
A021627,P05410,PARKING
A021628,P05410,AIR_CONDITIONING
A021629,P05411,SWIMMING_POOL
A021630,P05411,SECURITY
A021631,P05411,PARKING
A021632,P05411,GARDEN
A021633,P05411,CLUBHOUSE
A021634,P05412,PARKING
A021635,P05412,GARDEN
A021636,P05413,AIR_CONDITIONING
A021637,P05413,POWER_BACKUP
A021638,P05413,WIFI
A021639,P05414,LIFT
A021640,P05414,SECURITY
A021641,P05415,SECURITY
A021642,P05415,WIFI
A021643,P05416,WIFI
A021644,P05416,LIFT
A021645,P05416,SWIMMING_POOL
A021646,P05416,GARDEN
A021647,P05416,POWER_BACKUP
A021648,P05416,CLUBHOUSE
A021649,P05417,LIFT
A021650,P05417,AIR_CONDITIONING
A021651,P05417,POWER_BACKUP
A021652,P05418,CLUBHOUSE
A021653,P05418,GARDEN
A021654,P05418,POWER_BACKUP
A021655,P05418,GYM
A021656,P05418,SECURITY
A021657,P05418,WIFI
A021658,P05419,WIFI
A021659,P05419,LIFT
A021660,P05419,POWER_BACKUP
A021661,P05419,AIR_CONDITIONING
A021662,P05420,SWIMMING_POOL
A021663,P05420,GARDEN
A021664,P05420,SECURITY
A021665,P05420,PARKING
A021666,P05420,WIFI
A021667,P05421,CLUBHOUSE
A021668,P05421,LIFT
A021669,P05421,GYM
A021670,P05422,AIR_CONDITIONING
A021671,P05422,GYM
A021672,P05423,LIFT
A021673,P05423,POWER_BACKUP
A021674,P05424,SWIMMING_POOL
A021675,P05424,SECURITY
A021676,P05425,SWIMMING_POOL
A021677,P05425,LIFT
A021678,P05425,SECURITY
A021679,P05426,CLUBHOUSE
A021680,P05426,AIR_CONDITIONING
A021681,P05426,SECURITY
A021682,P05426,SWIMMING_POOL
A021683,P05426,GYM
A021684,P05427,GYM
A021685,P05427,AIR_CONDITIONING
A021686,P05428,LIFT
A021687,P05428,PARKING
A021688,P05428,SECURITY
A021689,P05428,AIR_CONDITIONING
A021690,P05428,SWIMMING_POOL
A021691,P05428,WIFI
A021692,P05429,WIFI
A021693,P05429,SECURITY
A021694,P05429,PARKING
A021695,P05429,CLUBHOUSE
A021696,P05430,LIFT
A021697,P05430,POWER_BACKUP
A021698,P05430,GYM
A021699,P05430,SWIMMING_POOL
A021700,P05431,AIR_CONDITIONING
A021701,P05431,GYM
A021702,P05431,CLUBHOUSE
A021703,P05431,SWIMMING_POOL
A021704,P05432,AIR_CONDITIONING
A021705,P05432,GYM
A021706,P05433,POWER_BACKUP
A021707,P05433,AIR_CONDITIONING
A021708,P05433,GARDEN
A021709,P05433,SECURITY
A021710,P05434,GARDEN
A021711,P05434,SECURITY
A021712,P05434,LIFT
A021713,P05434,POWER_BACKUP
A021714,P05435,WIFI
A021715,P05435,GARDEN
A021716,P05435,CLUBHOUSE
A021717,P05435,AIR_CONDITIONING
A021718,P05435,GYM
A021719,P05436,SWIMMING_POOL
A021720,P05436,AIR_CONDITIONING
A021721,P05437,POWER_BACKUP
A021722,P05437,WIFI
A021723,P05437,GYM
A021724,P05437,LIFT
A021725,P05438,LIFT
A021726,P05438,CLUBHOUSE
A021727,P05438,GYM
A021728,P05438,WIFI
A021729,P05438,SWIMMING_POOL
A021730,P05439,GYM
A021731,P05439,GARDEN
A021732,P05439,AIR_CONDITIONING
A021733,P05439,SECURITY
A021734,P05439,CLUBHOUSE
A021735,P05439,SWIMMING_POOL
A021736,P05440,WIFI
A021737,P05440,SWIMMING_POOL
A021738,P05440,PARKING
A021739,P05440,AIR_CONDITIONING
A021740,P05440,GYM
A021741,P05440,POWER_BACKUP
A021742,P05441,SECURITY
A021743,P05441,CLUBHOUSE
A021744,P05442,WIFI
A021745,P05442,POWER_BACKUP
A021746,P05442,LIFT
A021747,P05443,GARDEN
A021748,P05443,WIFI
A021749,P05443,SWIMMING_POOL
A021750,P05443,CLUBHOUSE
A021751,P05444,WIFI
A021752,P05444,GARDEN
A021753,P05444,GYM
A021754,P05444,SECURITY
A021755,P05445,LIFT
A021756,P05445,SWIMMING_POOL
A021757,P05446,LIFT
A021758,P05446,AIR_CONDITIONING
A021759,P05447,AIR_CONDITIONING
A021760,P05447,SECURITY
A021761,P05447,CLUBHOUSE
A021762,P05448,SWIMMING_POOL
A021763,P05448,CLUBHOUSE
A021764,P05449,WIFI
A021765,P05449,SECURITY
A021766,P05449,CLUBHOUSE
A021767,P05450,GYM
A021768,P05450,AIR_CONDITIONING
A021769,P05450,POWER_BACKUP
A021770,P05450,SECURITY
A021771,P05451,SECURITY
A021772,P05451,GARDEN
A021773,P05451,PARKING
A021774,P05451,GYM
A021775,P05451,WIFI
A021776,P05452,POWER_BACKUP
A021777,P05452,GYM
A021778,P05452,AIR_CONDITIONING
A021779,P05453,AIR_CONDITIONING
A021780,P05453,CLUBHOUSE
A021781,P05453,WIFI
A021782,P05453,GYM
A021783,P05453,PARKING
A021784,P05453,GARDEN
A021785,P05454,WIFI
A021786,P05454,GARDEN
A021787,P05454,AIR_CONDITIONING
A021788,P05454,SWIMMING_POOL
A021789,P05454,CLUBHOUSE
A021790,P05454,SECURITY
A021791,P05455,SECURITY
A021792,P05455,GYM
A021793,P05455,CLUBHOUSE
A021794,P05455,PARKING
A021795,P05455,WIFI
A021796,P05456,WIFI
A021797,P05456,AIR_CONDITIONING
A021798,P05456,GARDEN
A021799,P05456,POWER_BACKUP
A021800,P05456,PARKING
A021801,P05456,SWIMMING_POOL
A021802,P05457,GYM
A021803,P05457,SWIMMING_POOL
A021804,P05458,WIFI
A021805,P05458,GARDEN
A021806,P05458,SWIMMING_POOL
A021807,P05458,PARKING
A021808,P05458,LIFT
A021809,P05459,AIR_CONDITIONING
A021810,P05459,GYM
A021811,P05459,GARDEN
A021812,P05459,WIFI
A021813,P05459,CLUBHOUSE
A021814,P05460,LIFT
A021815,P05460,GARDEN
A021816,P05460,CLUBHOUSE
A021817,P05460,AIR_CONDITIONING
A021818,P05460,SECURITY
A021819,P05461,SECURITY
A021820,P05461,WIFI
A021821,P05461,CLUBHOUSE
A021822,P05462,SECURITY
A021823,P05462,GARDEN
A021824,P05462,CLUBHOUSE
A021825,P05462,AIR_CONDITIONING
A021826,P05463,SWIMMING_POOL
A021827,P05463,GYM
A021828,P05463,GARDEN
A021829,P05463,SECURITY
A021830,P05463,WIFI
A021831,P05464,GARDEN
A021832,P05464,CLUBHOUSE
A021833,P05464,SWIMMING_POOL
A021834,P05464,AIR_CONDITIONING
A021835,P05464,LIFT
A021836,P05465,WIFI
A021837,P05465,AIR_CONDITIONING
A021838,P05465,POWER_BACKUP
A021839,P05465,SECURITY
A021840,P05465,GARDEN
A021841,P05466,GYM
A021842,P05466,POWER_BACKUP
A021843,P05467,LIFT
A021844,P05467,POWER_BACKUP
A021845,P05468,POWER_BACKUP
A021846,P05468,PARKING
A021847,P05469,SWIMMING_POOL
A021848,P05469,POWER_BACKUP
A021849,P05469,GARDEN
A021850,P05470,LIFT
A021851,P05470,GYM
A021852,P05470,SECURITY
A021853,P05470,CLUBHOUSE
A021854,P05470,POWER_BACKUP
A021855,P05470,SWIMMING_POOL
A021856,P05471,WIFI
A021857,P05471,GYM
A021858,P05472,SECURITY
A021859,P05472,LIFT
A021860,P05472,SWIMMING_POOL
A021861,P05472,GYM
A021862,P05472,AIR_CONDITIONING
A021863,P05473,LIFT
A021864,P05473,AIR_CONDITIONING
A021865,P05473,SWIMMING_POOL
A021866,P05474,LIFT
A021867,P05474,GARDEN
A021868,P05474,AIR_CONDITIONING
A021869,P05474,WIFI
A021870,P05475,CLUBHOUSE
A021871,P05475,SECURITY
A021872,P05475,POWER_BACKUP
A021873,P05476,PARKING
A021874,P05476,GYM
A021875,P05476,AIR_CONDITIONING
A021876,P05476,WIFI
A021877,P05476,SECURITY
A021878,P05477,WIFI
A021879,P05477,SWIMMING_POOL
A021880,P05477,AIR_CONDITIONING
A021881,P05477,GYM
A021882,P05477,SECURITY
A021883,P05477,LIFT
A021884,P05478,GYM
A021885,P05478,SWIMMING_POOL
A021886,P05478,PARKING
A021887,P05478,SECURITY
A021888,P05478,GARDEN
A021889,P05478,WIFI
A021890,P05479,LIFT
A021891,P05479,WIFI
A021892,P05479,SECURITY
A021893,P05479,PARKING
A021894,P05479,POWER_BACKUP
A021895,P05480,GYM
A021896,P05480,AIR_CONDITIONING
A021897,P05480,GARDEN
A021898,P05480,POWER_BACKUP
A021899,P05481,PARKING
A021900,P05481,WIFI
A021901,P05482,AIR_CONDITIONING
A021902,P05482,POWER_BACKUP
A021903,P05482,WIFI
A021904,P05482,PARKING
A021905,P05483,POWER_BACKUP
A021906,P05483,SWIMMING_POOL
A021907,P05483,LIFT
A021908,P05483,SECURITY
A021909,P05483,GYM
A021910,P05483,CLUBHOUSE
A021911,P05484,AIR_CONDITIONING
A021912,P05484,PARKING
A021913,P05484,GYM
A021914,P05484,SWIMMING_POOL
A021915,P05484,POWER_BACKUP
A021916,P05484,CLUBHOUSE
A021917,P05485,CLUBHOUSE
A021918,P05485,PARKING
A021919,P05485,SECURITY
A021920,P05486,PARKING
A021921,P05486,AIR_CONDITIONING
A021922,P05486,GARDEN
A021923,P05486,LIFT
A021924,P05487,POWER_BACKUP
A021925,P05487,PARKING
A021926,P05487,LIFT
A021927,P05487,SWIMMING_POOL
A021928,P05487,SECURITY
A021929,P05488,CLUBHOUSE
A021930,P05488,WIFI
A021931,P05488,GARDEN
A021932,P05489,WIFI
A021933,P05489,CLUBHOUSE
A021934,P05489,GYM
A021935,P05489,LIFT
A021936,P05489,PARKING
A021937,P05490,WIFI
A021938,P05490,CLUBHOUSE
A021939,P05490,POWER_BACKUP
A021940,P05490,PARKING
A021941,P05490,AIR_CONDITIONING
A021942,P05491,SECURITY
A021943,P05491,GYM
A021944,P05491,CLUBHOUSE
A021945,P05491,POWER_BACKUP
A021946,P05491,WIFI
A021947,P05491,SWIMMING_POOL
A021948,P05492,GYM
A021949,P05492,GARDEN
A021950,P05492,PARKING
A021951,P05492,AIR_CONDITIONING
A021952,P05493,LIFT
A021953,P05493,GYM
A021954,P05493,CLUBHOUSE
A021955,P05493,WIFI
A021956,P05493,AIR_CONDITIONING
A021957,P05494,SECURITY
A021958,P05494,CLUBHOUSE
A021959,P05494,AIR_CONDITIONING
A021960,P05494,SWIMMING_POOL
A021961,P05495,AIR_CONDITIONING
A021962,P05495,WIFI
A021963,P05495,POWER_BACKUP
A021964,P05495,PARKING
A021965,P05495,SWIMMING_POOL
A021966,P05495,GARDEN
A021967,P05496,GYM
A021968,P05496,LIFT
A021969,P05497,SECURITY
A021970,P05497,POWER_BACKUP
A021971,P05497,PARKING
A021972,P05497,AIR_CONDITIONING
A021973,P05498,GYM
A021974,P05498,SECURITY
A021975,P05498,POWER_BACKUP
A021976,P05498,WIFI
A021977,P05498,CLUBHOUSE
A021978,P05498,PARKING
A021979,P05499,WIFI
A021980,P05499,SECURITY
A021981,P05499,SWIMMING_POOL
A021982,P05500,LIFT
A021983,P05500,POWER_BACKUP
A021984,P05500,SWIMMING_POOL
A021985,P05500,PARKING
A021986,P05500,GARDEN
A021987,P05501,SWIMMING_POOL
A021988,P05501,CLUBHOUSE
A021989,P05501,LIFT
A021990,P05501,SECURITY
A021991,P05501,GYM
A021992,P05502,SWIMMING_POOL
A021993,P05502,AIR_CONDITIONING
A021994,P05502,CLUBHOUSE
A021995,P05503,PARKING
A021996,P05503,LIFT
A021997,P05503,SECURITY
A021998,P05503,GYM
A021999,P05504,GYM
A022000,P05504,PARKING
A022001,P05504,AIR_CONDITIONING
A022002,P05504,SECURITY
A022003,P05504,GARDEN
A022004,P05505,AIR_CONDITIONING
A022005,P05505,SECURITY
A022006,P05505,GYM
A022007,P05505,PARKING
A022008,P05505,GARDEN
A022009,P05506,AIR_CONDITIONING
A022010,P05506,WIFI
A022011,P05507,PARKING
A022012,P05507,SECURITY
A022013,P05507,CLUBHOUSE
A022014,P05507,LIFT
A022015,P05508,GYM
A022016,P05508,WIFI
A022017,P05509,LIFT
A022018,P05509,SECURITY
A022019,P05509,WIFI
A022020,P05509,CLUBHOUSE
A022021,P05509,PARKING
A022022,P05510,PARKING
A022023,P05510,SWIMMING_POOL
A022024,P05510,WIFI
A022025,P05510,POWER_BACKUP
A022026,P05510,LIFT
A022027,P05510,SECURITY
A022028,P05511,GYM
A022029,P05511,POWER_BACKUP
A022030,P05511,SWIMMING_POOL
A022031,P05512,AIR_CONDITIONING
A022032,P05512,SWIMMING_POOL
A022033,P05512,WIFI
A022034,P05512,PARKING
A022035,P05513,AIR_CONDITIONING
A022036,P05513,WIFI
A022037,P05513,SECURITY
A022038,P05513,CLUBHOUSE
A022039,P05513,POWER_BACKUP
A022040,P05514,SECURITY
A022041,P05514,GYM
A022042,P05514,CLUBHOUSE
A022043,P05514,AIR_CONDITIONING
A022044,P05514,LIFT
A022045,P05515,PARKING
A022046,P05515,GYM
A022047,P05515,GARDEN
A022048,P05515,POWER_BACKUP
A022049,P05516,POWER_BACKUP
A022050,P05516,SWIMMING_POOL
A022051,P05516,PARKING
A022052,P05516,GARDEN
A022053,P05516,AIR_CONDITIONING
A022054,P05516,LIFT
A022055,P05517,CLUBHOUSE
A022056,P05517,LIFT
A022057,P05517,GARDEN
A022058,P05517,WIFI
A022059,P05517,SECURITY
A022060,P05518,CLUBHOUSE
A022061,P05518,GYM
A022062,P05518,LIFT
A022063,P05519,SECURITY
A022064,P05519,GYM
A022065,P05519,PARKING
A022066,P05519,AIR_CONDITIONING
A022067,P05519,GARDEN
A022068,P05519,SWIMMING_POOL
A022069,P05520,GYM
A022070,P05520,AIR_CONDITIONING
A022071,P05520,POWER_BACKUP
A022072,P05520,PARKING
A022073,P05521,SWIMMING_POOL
A022074,P05521,POWER_BACKUP
A022075,P05521,SECURITY
A022076,P05521,GARDEN
A022077,P05521,GYM
A022078,P05522,POWER_BACKUP
A022079,P05522,SWIMMING_POOL
A022080,P05522,CLUBHOUSE
A022081,P05522,LIFT
A022082,P05522,GARDEN
A022083,P05522,SECURITY
A022084,P05523,LIFT
A022085,P05523,GYM
A022086,P05523,PARKING
A022087,P05523,SWIMMING_POOL
A022088,P05523,GARDEN
A022089,P05523,CLUBHOUSE
A022090,P05524,SWIMMING_POOL
A022091,P05524,CLUBHOUSE
A022092,P05524,LIFT
A022093,P05524,PARKING
A022094,P05525,CLUBHOUSE
A022095,P05525,SWIMMING_POOL
A022096,P05526,PARKING
A022097,P05526,AIR_CONDITIONING
A022098,P05526,SWIMMING_POOL
A022099,P05526,LIFT
A022100,P05527,SECURITY
A022101,P05527,POWER_BACKUP
A022102,P05527,SWIMMING_POOL
A022103,P05527,GYM
A022104,P05528,AIR_CONDITIONING
A022105,P05528,SWIMMING_POOL
A022106,P05529,LIFT
A022107,P05529,POWER_BACKUP
A022108,P05530,PARKING
A022109,P05530,WIFI
A022110,P05530,SECURITY
A022111,P05530,GYM
A022112,P05531,GYM
A022113,P05531,SECURITY
A022114,P05531,LIFT
A022115,P05531,SWIMMING_POOL
A022116,P05531,POWER_BACKUP
A022117,P05531,CLUBHOUSE
A022118,P05532,SECURITY
A022119,P05532,GYM
A022120,P05532,AIR_CONDITIONING
A022121,P05532,LIFT
A022122,P05532,GARDEN
A022123,P05532,POWER_BACKUP
A022124,P05533,WIFI
A022125,P05533,SWIMMING_POOL
A022126,P05533,LIFT
A022127,P05533,SECURITY
A022128,P05534,AIR_CONDITIONING
A022129,P05534,GARDEN
A022130,P05534,WIFI
A022131,P05534,GYM
A022132,P05535,SECURITY
A022133,P05535,WIFI
A022134,P05535,GYM
A022135,P05536,LIFT
A022136,P05536,WIFI
A022137,P05536,CLUBHOUSE
A022138,P05536,SECURITY
A022139,P05536,POWER_BACKUP
A022140,P05536,AIR_CONDITIONING
A022141,P05537,LIFT
A022142,P05537,WIFI
A022143,P05538,PARKING
A022144,P05538,GYM
A022145,P05538,SECURITY
A022146,P05538,SWIMMING_POOL
A022147,P05538,AIR_CONDITIONING
A022148,P05539,POWER_BACKUP
A022149,P05539,AIR_CONDITIONING
A022150,P05539,SWIMMING_POOL
A022151,P05540,LIFT
A022152,P05540,AIR_CONDITIONING
A022153,P05541,POWER_BACKUP
A022154,P05541,LIFT
A022155,P05541,SECURITY
A022156,P05541,GYM
A022157,P05542,CLUBHOUSE
A022158,P05542,SECURITY
A022159,P05543,WIFI
A022160,P05543,GARDEN
A022161,P05543,SWIMMING_POOL
A022162,P05543,PARKING
A022163,P05544,LIFT
A022164,P05544,POWER_BACKUP
A022165,P05544,AIR_CONDITIONING
A022166,P05544,SWIMMING_POOL
A022167,P05545,CLUBHOUSE
A022168,P05545,PARKING
A022169,P05545,SWIMMING_POOL
A022170,P05545,GARDEN
A022171,P05545,AIR_CONDITIONING
A022172,P05545,SECURITY
A022173,P05546,SWIMMING_POOL
A022174,P05546,CLUBHOUSE
A022175,P05546,PARKING
A022176,P05547,PARKING
A022177,P05547,WIFI
A022178,P05548,CLUBHOUSE
A022179,P05548,PARKING
A022180,P05548,WIFI
A022181,P05548,AIR_CONDITIONING
A022182,P05549,POWER_BACKUP
A022183,P05549,LIFT
A022184,P05549,GARDEN
A022185,P05549,SECURITY
A022186,P05549,AIR_CONDITIONING
A022187,P05549,WIFI
A022188,P05550,POWER_BACKUP
A022189,P05550,SWIMMING_POOL
A022190,P05550,GYM
A022191,P05551,GYM
A022192,P05551,CLUBHOUSE
A022193,P05551,PARKING
A022194,P05551,SECURITY
A022195,P05551,GARDEN
A022196,P05551,POWER_BACKUP
A022197,P05552,GYM
A022198,P05552,POWER_BACKUP
A022199,P05552,WIFI
A022200,P05552,SWIMMING_POOL
A022201,P05552,CLUBHOUSE
A022202,P05552,SECURITY
A022203,P05553,POWER_BACKUP
A022204,P05553,LIFT
A022205,P05554,AIR_CONDITIONING
A022206,P05554,SECURITY
A022207,P05555,AIR_CONDITIONING
A022208,P05555,GYM
A022209,P05555,WIFI
A022210,P05555,GARDEN
A022211,P05555,SWIMMING_POOL
A022212,P05556,PARKING
A022213,P05556,SECURITY
A022214,P05557,PARKING
A022215,P05557,GYM
A022216,P05557,WIFI
A022217,P05558,SWIMMING_POOL
A022218,P05558,AIR_CONDITIONING
A022219,P05558,LIFT
A022220,P05559,GYM
A022221,P05559,AIR_CONDITIONING
A022222,P05560,PARKING
A022223,P05560,LIFT
A022224,P05560,POWER_BACKUP
A022225,P05560,GARDEN
A022226,P05560,WIFI
A022227,P05561,LIFT
A022228,P05561,AIR_CONDITIONING
A022229,P05561,CLUBHOUSE
A022230,P05561,SWIMMING_POOL
A022231,P05561,WIFI
A022232,P05562,PARKING
A022233,P05562,LIFT
A022234,P05562,GARDEN
A022235,P05562,AIR_CONDITIONING
A022236,P05562,WIFI
A022237,P05562,SWIMMING_POOL
A022238,P05563,CLUBHOUSE
A022239,P05563,WIFI
A022240,P05563,POWER_BACKUP
A022241,P05563,SWIMMING_POOL
A022242,P05563,GYM
A022243,P05564,WIFI
A022244,P05564,CLUBHOUSE
A022245,P05565,AIR_CONDITIONING
A022246,P05565,WIFI
A022247,P05565,GYM
A022248,P05565,POWER_BACKUP
A022249,P05566,SWIMMING_POOL
A022250,P05566,PARKING
A022251,P05567,SWIMMING_POOL
A022252,P05567,SECURITY
A022253,P05568,WIFI
A022254,P05568,PARKING
A022255,P05569,PARKING
A022256,P05569,POWER_BACKUP
A022257,P05569,GYM
A022258,P05569,LIFT
A022259,P05569,CLUBHOUSE
A022260,P05570,LIFT
A022261,P05570,WIFI
A022262,P05571,AIR_CONDITIONING
A022263,P05571,CLUBHOUSE
A022264,P05571,PARKING
A022265,P05571,WIFI
A022266,P05571,GARDEN
A022267,P05572,GARDEN
A022268,P05572,GYM
A022269,P05572,PARKING
A022270,P05572,SECURITY
A022271,P05572,AIR_CONDITIONING
A022272,P05573,LIFT
A022273,P05573,SECURITY
A022274,P05573,PARKING
A022275,P05573,SWIMMING_POOL
A022276,P05573,GARDEN
A022277,P05574,GYM
A022278,P05574,SECURITY
A022279,P05574,SWIMMING_POOL
A022280,P05574,LIFT
A022281,P05575,POWER_BACKUP
A022282,P05575,LIFT
A022283,P05575,CLUBHOUSE
A022284,P05576,SWIMMING_POOL
A022285,P05576,POWER_BACKUP
A022286,P05576,GARDEN
A022287,P05577,SWIMMING_POOL
A022288,P05577,GYM
A022289,P05577,CLUBHOUSE
A022290,P05577,POWER_BACKUP
A022291,P05577,AIR_CONDITIONING
A022292,P05577,GARDEN
A022293,P05578,SECURITY
A022294,P05578,PARKING
A022295,P05578,GARDEN
A022296,P05578,WIFI
A022297,P05579,SECURITY
A022298,P05579,GARDEN
A022299,P05579,AIR_CONDITIONING
A022300,P05579,WIFI
A022301,P05579,LIFT
A022302,P05579,POWER_BACKUP
A022303,P05580,LIFT
A022304,P05580,AIR_CONDITIONING
A022305,P05580,SECURITY
A022306,P05581,GYM
A022307,P05581,SWIMMING_POOL
A022308,P05582,LIFT
A022309,P05582,SECURITY
A022310,P05582,GARDEN
A022311,P05582,POWER_BACKUP
A022312,P05582,GYM
A022313,P05583,SWIMMING_POOL
A022314,P05583,POWER_BACKUP
A022315,P05584,PARKING
A022316,P05584,CLUBHOUSE
A022317,P05584,SECURITY
A022318,P05584,AIR_CONDITIONING
A022319,P05584,GARDEN
A022320,P05585,CLUBHOUSE
A022321,P05585,GARDEN
A022322,P05586,POWER_BACKUP
A022323,P05586,CLUBHOUSE
A022324,P05586,LIFT
A022325,P05587,PARKING
A022326,P05587,SWIMMING_POOL
A022327,P05587,LIFT
A022328,P05587,AIR_CONDITIONING
A022329,P05587,WIFI
A022330,P05588,GARDEN
A022331,P05588,SECURITY
A022332,P05588,WIFI
A022333,P05588,GYM
A022334,P05588,CLUBHOUSE
A022335,P05589,WIFI
A022336,P05589,POWER_BACKUP
A022337,P05589,PARKING
A022338,P05589,LIFT
A022339,P05589,GARDEN
A022340,P05589,GYM
A022341,P05590,CLUBHOUSE
A022342,P05590,SECURITY
A022343,P05590,PARKING
A022344,P05590,WIFI
A022345,P05590,GYM
A022346,P05590,POWER_BACKUP
A022347,P05591,GYM
A022348,P05591,PARKING
A022349,P05591,SECURITY
A022350,P05591,POWER_BACKUP
A022351,P05591,LIFT
A022352,P05592,SWIMMING_POOL
A022353,P05592,CLUBHOUSE
A022354,P05592,POWER_BACKUP
A022355,P05592,GYM
A022356,P05592,SECURITY
A022357,P05592,LIFT
A022358,P05593,SWIMMING_POOL
A022359,P05593,CLUBHOUSE
A022360,P05593,WIFI
A022361,P05594,LIFT
A022362,P05594,CLUBHOUSE
A022363,P05595,GYM
A022364,P05595,CLUBHOUSE
A022365,P05596,POWER_BACKUP
A022366,P05596,AIR_CONDITIONING
A022367,P05596,LIFT
A022368,P05596,CLUBHOUSE
A022369,P05596,WIFI
A022370,P05597,CLUBHOUSE
A022371,P05597,GYM
A022372,P05597,SWIMMING_POOL
A022373,P05597,PARKING
A022374,P05597,WIFI
A022375,P05597,POWER_BACKUP
A022376,P05598,WIFI
A022377,P05598,SWIMMING_POOL
A022378,P05598,POWER_BACKUP
A022379,P05599,GARDEN
A022380,P05599,PARKING
A022381,P05599,GYM
A022382,P05599,AIR_CONDITIONING
A022383,P05600,WIFI
A022384,P05600,POWER_BACKUP
A022385,P05600,GYM
A022386,P05600,CLUBHOUSE
A022387,P05600,SECURITY
A022388,P05601,LIFT
A022389,P05601,PARKING
A022390,P05601,CLUBHOUSE
A022391,P05601,GYM
A022392,P05602,WIFI
A022393,P05602,GARDEN
A022394,P05602,GYM
A022395,P05603,GYM
A022396,P05603,SECURITY
A022397,P05603,GARDEN
A022398,P05604,SECURITY
A022399,P05604,SWIMMING_POOL
A022400,P05604,CLUBHOUSE
A022401,P05604,AIR_CONDITIONING
A022402,P05605,SECURITY
A022403,P05605,PARKING
A022404,P05606,GYM
A022405,P05606,SWIMMING_POOL
A022406,P05607,SWIMMING_POOL
A022407,P05607,SECURITY
A022408,P05607,CLUBHOUSE
A022409,P05607,LIFT
A022410,P05607,GARDEN
A022411,P05607,POWER_BACKUP
A022412,P05608,POWER_BACKUP
A022413,P05608,WIFI
A022414,P05608,PARKING
A022415,P05608,SWIMMING_POOL
A022416,P05608,CLUBHOUSE
A022417,P05608,GARDEN
A022418,P05609,AIR_CONDITIONING
A022419,P05609,PARKING
A022420,P05609,GARDEN
A022421,P05609,GYM
A022422,P05609,SWIMMING_POOL
A022423,P05609,WIFI
A022424,P05610,LIFT
A022425,P05610,GYM
A022426,P05610,AIR_CONDITIONING
A022427,P05610,POWER_BACKUP
A022428,P05611,CLUBHOUSE
A022429,P05611,LIFT
A022430,P05611,GYM
A022431,P05611,AIR_CONDITIONING
A022432,P05611,SECURITY
A022433,P05611,SWIMMING_POOL
A022434,P05612,SECURITY
A022435,P05612,LIFT
A022436,P05612,PARKING
A022437,P05612,WIFI
A022438,P05613,LIFT
A022439,P05613,AIR_CONDITIONING
A022440,P05613,GYM
A022441,P05613,PARKING
A022442,P05613,SWIMMING_POOL
A022443,P05613,CLUBHOUSE
A022444,P05614,GARDEN
A022445,P05614,SWIMMING_POOL
A022446,P05614,LIFT
A022447,P05615,AIR_CONDITIONING
A022448,P05615,WIFI
A022449,P05615,CLUBHOUSE
A022450,P05615,PARKING
A022451,P05615,GARDEN
A022452,P05616,GARDEN
A022453,P05616,SECURITY
A022454,P05616,AIR_CONDITIONING
A022455,P05616,PARKING
A022456,P05617,WIFI
A022457,P05617,PARKING
A022458,P05617,AIR_CONDITIONING
A022459,P05617,LIFT
A022460,P05617,GARDEN
A022461,P05618,SECURITY
A022462,P05618,POWER_BACKUP
A022463,P05618,LIFT
A022464,P05619,SWIMMING_POOL
A022465,P05619,GYM
A022466,P05620,SECURITY
A022467,P05620,LIFT
A022468,P05620,SWIMMING_POOL
A022469,P05620,GYM
A022470,P05621,WIFI
A022471,P05621,PARKING
A022472,P05621,GYM
A022473,P05622,GYM
A022474,P05622,POWER_BACKUP
A022475,P05622,CLUBHOUSE
A022476,P05623,PARKING
A022477,P05623,GARDEN
A022478,P05624,GYM
A022479,P05624,AIR_CONDITIONING
A022480,P05625,SWIMMING_POOL
A022481,P05625,GARDEN
A022482,P05625,POWER_BACKUP
A022483,P05625,GYM
A022484,P05625,PARKING
A022485,P05625,LIFT
A022486,P05626,AIR_CONDITIONING
A022487,P05626,GYM
A022488,P05626,GARDEN
A022489,P05626,LIFT
A022490,P05627,LIFT
A022491,P05627,GYM
A022492,P05627,WIFI
A022493,P05628,WIFI
A022494,P05628,GYM
A022495,P05628,AIR_CONDITIONING
A022496,P05628,POWER_BACKUP
A022497,P05628,SECURITY
A022498,P05629,AIR_CONDITIONING
A022499,P05629,SECURITY
A022500,P05629,PARKING
A022501,P05630,POWER_BACKUP
A022502,P05630,GYM
A022503,P05630,WIFI
A022504,P05630,GARDEN
A022505,P05630,AIR_CONDITIONING
A022506,P05630,PARKING
A022507,P05631,SECURITY
A022508,P05631,LIFT
A022509,P05632,GARDEN
A022510,P05632,POWER_BACKUP
A022511,P05632,AIR_CONDITIONING
A022512,P05632,LIFT
A022513,P05632,PARKING
A022514,P05632,CLUBHOUSE
A022515,P05633,SECURITY
A022516,P05633,GARDEN
A022517,P05633,SWIMMING_POOL
A022518,P05633,POWER_BACKUP
A022519,P05633,LIFT
A022520,P05634,SECURITY
A022521,P05634,CLUBHOUSE
A022522,P05634,POWER_BACKUP
A022523,P05634,GARDEN
A022524,P05634,GYM
A022525,P05635,WIFI
A022526,P05635,GYM
A022527,P05635,GARDEN
A022528,P05636,SWIMMING_POOL
A022529,P05636,SECURITY
A022530,P05636,PARKING
A022531,P05636,LIFT
A022532,P05637,LIFT
A022533,P05637,GYM
A022534,P05637,SWIMMING_POOL
A022535,P05637,PARKING
A022536,P05638,CLUBHOUSE
A022537,P05638,AIR_CONDITIONING
A022538,P05638,POWER_BACKUP
A022539,P05639,LIFT
A022540,P05639,CLUBHOUSE
A022541,P05640,CLUBHOUSE
A022542,P05640,SECURITY
A022543,P05640,POWER_BACKUP
A022544,P05640,SWIMMING_POOL
A022545,P05640,WIFI
A022546,P05641,SWIMMING_POOL
A022547,P05641,AIR_CONDITIONING
A022548,P05641,CLUBHOUSE
A022549,P05641,PARKING
A022550,P05642,SECURITY
A022551,P05642,LIFT
A022552,P05642,SWIMMING_POOL
A022553,P05643,SECURITY
A022554,P05643,GARDEN
A022555,P05643,LIFT
A022556,P05643,POWER_BACKUP
A022557,P05644,AIR_CONDITIONING
A022558,P05644,LIFT
A022559,P05644,SECURITY
A022560,P05644,SWIMMING_POOL
A022561,P05644,POWER_BACKUP
A022562,P05644,CLUBHOUSE
A022563,P05645,PARKING
A022564,P05645,GYM
A022565,P05645,LIFT
A022566,P05645,AIR_CONDITIONING
A022567,P05645,SWIMMING_POOL
A022568,P05646,POWER_BACKUP
A022569,P05646,WIFI
A022570,P05646,GARDEN
A022571,P05646,GYM
A022572,P05646,SWIMMING_POOL
A022573,P05647,CLUBHOUSE
A022574,P05647,POWER_BACKUP
A022575,P05647,GYM
A022576,P05647,WIFI
A022577,P05648,LIFT
A022578,P05648,WIFI
A022579,P05649,GARDEN
A022580,P05649,LIFT
A022581,P05649,SECURITY
A022582,P05649,GYM
A022583,P05649,CLUBHOUSE
A022584,P05649,SWIMMING_POOL
A022585,P05650,PARKING
A022586,P05650,WIFI
A022587,P05650,SECURITY
A022588,P05650,POWER_BACKUP
A022589,P05650,SWIMMING_POOL
A022590,P05651,LIFT
A022591,P05651,GYM
A022592,P05651,PARKING
A022593,P05651,CLUBHOUSE
A022594,P05651,SECURITY
A022595,P05651,AIR_CONDITIONING
A022596,P05652,SECURITY
A022597,P05652,GYM
A022598,P05652,AIR_CONDITIONING
A022599,P05653,WIFI
A022600,P05653,LIFT
A022601,P05654,LIFT
A022602,P05654,POWER_BACKUP
A022603,P05655,CLUBHOUSE
A022604,P05655,SECURITY
A022605,P05656,LIFT
A022606,P05656,PARKING
A022607,P05656,AIR_CONDITIONING
A022608,P05656,SECURITY
A022609,P05656,CLUBHOUSE
A022610,P05656,SWIMMING_POOL
A022611,P05657,PARKING
A022612,P05657,CLUBHOUSE
A022613,P05657,GYM
A022614,P05658,SWIMMING_POOL
A022615,P05658,SECURITY
A022616,P05658,PARKING
A022617,P05658,LIFT
A022618,P05658,POWER_BACKUP
A022619,P05658,CLUBHOUSE
A022620,P05659,CLUBHOUSE
A022621,P05659,GARDEN
A022622,P05659,LIFT
A022623,P05660,WIFI
A022624,P05660,GARDEN
A022625,P05660,SWIMMING_POOL
A022626,P05660,CLUBHOUSE
A022627,P05661,LIFT
A022628,P05661,GYM
A022629,P05662,SWIMMING_POOL
A022630,P05662,GYM
A022631,P05662,LIFT
A022632,P05662,WIFI
A022633,P05662,CLUBHOUSE
A022634,P05662,PARKING
A022635,P05663,POWER_BACKUP
A022636,P05663,WIFI
A022637,P05664,POWER_BACKUP
A022638,P05664,PARKING
A022639,P05664,AIR_CONDITIONING
A022640,P05665,GYM
A022641,P05665,SECURITY
A022642,P05665,WIFI
A022643,P05665,LIFT
A022644,P05665,AIR_CONDITIONING
A022645,P05665,PARKING
A022646,P05666,CLUBHOUSE
A022647,P05666,PARKING
A022648,P05666,WIFI
A022649,P05667,CLUBHOUSE
A022650,P05667,PARKING
A022651,P05667,WIFI
A022652,P05668,SECURITY
A022653,P05668,AIR_CONDITIONING
A022654,P05669,SWIMMING_POOL
A022655,P05669,SECURITY
A022656,P05669,WIFI
A022657,P05669,AIR_CONDITIONING
A022658,P05670,GARDEN
A022659,P05670,GYM
A022660,P05670,SWIMMING_POOL
A022661,P05671,SECURITY
A022662,P05671,GYM
A022663,P05671,GARDEN
A022664,P05671,SWIMMING_POOL
A022665,P05672,SECURITY
A022666,P05672,POWER_BACKUP
A022667,P05673,POWER_BACKUP
A022668,P05673,SWIMMING_POOL
A022669,P05673,PARKING
A022670,P05673,CLUBHOUSE
A022671,P05673,GARDEN
A022672,P05673,WIFI
A022673,P05674,LIFT
A022674,P05674,AIR_CONDITIONING
A022675,P05674,WIFI
A022676,P05675,AIR_CONDITIONING
A022677,P05675,CLUBHOUSE
A022678,P05675,POWER_BACKUP
A022679,P05675,GYM
A022680,P05675,GARDEN
A022681,P05675,WIFI
A022682,P05676,POWER_BACKUP
A022683,P05676,WIFI
A022684,P05676,AIR_CONDITIONING
A022685,P05676,GYM
A022686,P05676,CLUBHOUSE
A022687,P05677,GARDEN
A022688,P05677,SWIMMING_POOL
A022689,P05678,SWIMMING_POOL
A022690,P05678,PARKING
A022691,P05678,LIFT
A022692,P05678,GYM
A022693,P05678,SECURITY
A022694,P05679,WIFI
A022695,P05679,POWER_BACKUP
A022696,P05680,AIR_CONDITIONING
A022697,P05680,GARDEN
A022698,P05680,LIFT
A022699,P05681,SECURITY
A022700,P05681,LIFT
A022701,P05681,WIFI
A022702,P05681,SWIMMING_POOL
A022703,P05681,GARDEN
A022704,P05681,PARKING
A022705,P05682,SWIMMING_POOL
A022706,P05682,LIFT
A022707,P05682,WIFI
A022708,P05682,SECURITY
A022709,P05682,AIR_CONDITIONING
A022710,P05682,CLUBHOUSE
A022711,P05683,GARDEN
A022712,P05683,PARKING
A022713,P05683,SECURITY
A022714,P05684,SECURITY
A022715,P05684,GARDEN
A022716,P05684,AIR_CONDITIONING
A022717,P05684,POWER_BACKUP
A022718,P05684,SWIMMING_POOL
A022719,P05685,GARDEN
A022720,P05685,PARKING
A022721,P05686,AIR_CONDITIONING
A022722,P05686,GARDEN
A022723,P05687,POWER_BACKUP
A022724,P05687,WIFI
A022725,P05688,LIFT
A022726,P05688,GYM
A022727,P05688,CLUBHOUSE
A022728,P05688,AIR_CONDITIONING
A022729,P05688,WIFI
A022730,P05688,SECURITY
A022731,P05689,CLUBHOUSE
A022732,P05689,POWER_BACKUP
A022733,P05690,PARKING
A022734,P05690,SECURITY
A022735,P05691,POWER_BACKUP
A022736,P05691,PARKING
A022737,P05691,GYM
A022738,P05692,WIFI
A022739,P05692,CLUBHOUSE
A022740,P05692,POWER_BACKUP
A022741,P05692,GYM
A022742,P05693,AIR_CONDITIONING
A022743,P05693,GYM
A022744,P05693,WIFI
A022745,P05694,WIFI
A022746,P05694,GARDEN
A022747,P05694,PARKING
A022748,P05695,SECURITY
A022749,P05695,PARKING
A022750,P05695,AIR_CONDITIONING
A022751,P05696,PARKING
A022752,P05696,WIFI
A022753,P05696,GARDEN
A022754,P05696,LIFT
A022755,P05697,SECURITY
A022756,P05697,CLUBHOUSE
A022757,P05697,GYM
A022758,P05697,GARDEN
A022759,P05697,SWIMMING_POOL
A022760,P05698,SWIMMING_POOL
A022761,P05698,WIFI
A022762,P05698,GARDEN
A022763,P05698,AIR_CONDITIONING
A022764,P05699,LIFT
A022765,P05699,SECURITY
A022766,P05699,SWIMMING_POOL
A022767,P05700,GARDEN
A022768,P05700,PARKING
A022769,P05700,CLUBHOUSE
A022770,P05700,AIR_CONDITIONING
A022771,P05700,GYM
A022772,P05700,POWER_BACKUP
A022773,P05701,CLUBHOUSE
A022774,P05701,LIFT
A022775,P05701,GYM
A022776,P05701,SWIMMING_POOL
A022777,P05701,PARKING
A022778,P05701,POWER_BACKUP
A022779,P05702,AIR_CONDITIONING
A022780,P05702,SWIMMING_POOL
A022781,P05702,CLUBHOUSE
A022782,P05703,WIFI
A022783,P05703,CLUBHOUSE
A022784,P05703,POWER_BACKUP
A022785,P05703,GYM
A022786,P05704,POWER_BACKUP
A022787,P05704,AIR_CONDITIONING
A022788,P05704,WIFI
A022789,P05705,CLUBHOUSE
A022790,P05705,LIFT
A022791,P05705,AIR_CONDITIONING
A022792,P05705,PARKING
A022793,P05705,SWIMMING_POOL
A022794,P05705,GARDEN
A022795,P05706,PARKING
A022796,P05706,SWIMMING_POOL
A022797,P05706,AIR_CONDITIONING
A022798,P05706,GYM
A022799,P05707,GYM
A022800,P05707,SWIMMING_POOL
A022801,P05707,SECURITY
A022802,P05707,CLUBHOUSE
A022803,P05708,LIFT
A022804,P05708,GYM
A022805,P05708,GARDEN
A022806,P05708,PARKING
A022807,P05708,SECURITY
A022808,P05708,POWER_BACKUP
A022809,P05709,GARDEN
A022810,P05709,GYM
A022811,P05709,CLUBHOUSE
A022812,P05710,SECURITY
A022813,P05710,SWIMMING_POOL
A022814,P05710,CLUBHOUSE
A022815,P05710,AIR_CONDITIONING
A022816,P05711,AIR_CONDITIONING
A022817,P05711,SWIMMING_POOL
A022818,P05711,WIFI
A022819,P05711,GYM
A022820,P05711,LIFT
A022821,P05712,GARDEN
A022822,P05712,WIFI
A022823,P05713,CLUBHOUSE
A022824,P05713,SWIMMING_POOL
A022825,P05713,PARKING
A022826,P05713,GARDEN
A022827,P05714,GYM
A022828,P05714,SWIMMING_POOL
A022829,P05714,SECURITY
A022830,P05714,WIFI
A022831,P05714,POWER_BACKUP
A022832,P05715,SECURITY
A022833,P05715,WIFI
A022834,P05715,GYM
A022835,P05716,LIFT
A022836,P05716,POWER_BACKUP
A022837,P05717,SWIMMING_POOL
A022838,P05717,AIR_CONDITIONING
A022839,P05717,CLUBHOUSE
A022840,P05718,LIFT
A022841,P05718,PARKING
A022842,P05718,WIFI
A022843,P05718,AIR_CONDITIONING
A022844,P05719,LIFT
A022845,P05719,WIFI
A022846,P05719,PARKING
A022847,P05719,SECURITY
A022848,P05719,CLUBHOUSE
A022849,P05719,GYM
A022850,P05720,SECURITY
A022851,P05720,GARDEN
A022852,P05720,SWIMMING_POOL
A022853,P05720,LIFT
A022854,P05720,PARKING
A022855,P05721,SECURITY
A022856,P05721,GYM
A022857,P05721,SWIMMING_POOL
A022858,P05721,GARDEN
A022859,P05721,PARKING
A022860,P05722,SECURITY
A022861,P05722,POWER_BACKUP
A022862,P05722,WIFI
A022863,P05722,SWIMMING_POOL
A022864,P05722,GYM
A022865,P05723,PARKING
A022866,P05723,POWER_BACKUP
A022867,P05723,WIFI
A022868,P05723,AIR_CONDITIONING
A022869,P05723,CLUBHOUSE
A022870,P05723,LIFT
A022871,P05724,GYM
A022872,P05724,LIFT
A022873,P05725,WIFI
A022874,P05725,GYM
A022875,P05725,SWIMMING_POOL
A022876,P05725,GARDEN
A022877,P05725,POWER_BACKUP
A022878,P05725,PARKING
A022879,P05726,AIR_CONDITIONING
A022880,P05726,CLUBHOUSE
A022881,P05726,LIFT
A022882,P05726,SWIMMING_POOL
A022883,P05726,GARDEN
A022884,P05727,LIFT
A022885,P05727,WIFI
A022886,P05728,LIFT
A022887,P05728,SECURITY
A022888,P05728,PARKING
A022889,P05728,CLUBHOUSE
A022890,P05728,POWER_BACKUP
A022891,P05729,SECURITY
A022892,P05729,GYM
A022893,P05730,LIFT
A022894,P05730,AIR_CONDITIONING
A022895,P05730,WIFI
A022896,P05730,PARKING
A022897,P05730,CLUBHOUSE
A022898,P05730,GYM
A022899,P05731,SWIMMING_POOL
A022900,P05731,AIR_CONDITIONING
A022901,P05731,GYM
A022902,P05732,SECURITY
A022903,P05732,PARKING
A022904,P05732,GARDEN
A022905,P05732,AIR_CONDITIONING
A022906,P05732,POWER_BACKUP
A022907,P05733,LIFT
A022908,P05733,CLUBHOUSE
A022909,P05733,GYM
A022910,P05733,SECURITY
A022911,P05733,GARDEN
A022912,P05733,SWIMMING_POOL
A022913,P05734,GYM
A022914,P05734,CLUBHOUSE
A022915,P05734,POWER_BACKUP
A022916,P05735,AIR_CONDITIONING
A022917,P05735,GYM
A022918,P05735,PARKING
A022919,P05736,POWER_BACKUP
A022920,P05736,GARDEN
A022921,P05736,WIFI
A022922,P05737,LIFT
A022923,P05737,CLUBHOUSE
A022924,P05737,POWER_BACKUP
A022925,P05737,SWIMMING_POOL
A022926,P05737,AIR_CONDITIONING
A022927,P05737,PARKING
A022928,P05738,SWIMMING_POOL
A022929,P05738,SECURITY
A022930,P05738,PARKING
A022931,P05739,SECURITY
A022932,P05739,GARDEN
A022933,P05739,PARKING
A022934,P05740,AIR_CONDITIONING
A022935,P05740,SWIMMING_POOL
A022936,P05740,LIFT
A022937,P05740,GYM
A022938,P05740,WIFI
A022939,P05741,WIFI
A022940,P05741,AIR_CONDITIONING
A022941,P05741,SWIMMING_POOL
A022942,P05741,CLUBHOUSE
A022943,P05741,SECURITY
A022944,P05741,POWER_BACKUP
A022945,P05742,SECURITY
A022946,P05742,LIFT
A022947,P05743,PARKING
A022948,P05743,CLUBHOUSE
A022949,P05744,WIFI
A022950,P05744,AIR_CONDITIONING
A022951,P05745,GYM
A022952,P05745,POWER_BACKUP
A022953,P05745,AIR_CONDITIONING
A022954,P05745,GARDEN
A022955,P05745,PARKING
A022956,P05746,LIFT
A022957,P05746,POWER_BACKUP
A022958,P05746,PARKING
A022959,P05746,GYM
A022960,P05746,SWIMMING_POOL
A022961,P05747,WIFI
A022962,P05747,GARDEN
A022963,P05747,AIR_CONDITIONING
A022964,P05747,LIFT
A022965,P05747,POWER_BACKUP
A022966,P05747,SWIMMING_POOL
A022967,P05748,WIFI
A022968,P05748,POWER_BACKUP
A022969,P05748,SWIMMING_POOL
A022970,P05749,POWER_BACKUP
A022971,P05749,CLUBHOUSE
A022972,P05750,WIFI
A022973,P05750,SECURITY
A022974,P05750,GYM
A022975,P05750,LIFT
A022976,P05750,CLUBHOUSE
A022977,P05750,GARDEN
A022978,P05751,PARKING
A022979,P05751,WIFI
A022980,P05751,SECURITY
A022981,P05751,POWER_BACKUP
A022982,P05752,AIR_CONDITIONING
A022983,P05752,SWIMMING_POOL
A022984,P05753,SECURITY
A022985,P05753,LIFT
A022986,P05753,POWER_BACKUP
A022987,P05753,AIR_CONDITIONING
A022988,P05753,GARDEN
A022989,P05754,LIFT
A022990,P05754,PARKING
A022991,P05754,SWIMMING_POOL
A022992,P05754,AIR_CONDITIONING
A022993,P05755,POWER_BACKUP
A022994,P05755,PARKING
A022995,P05756,GYM
A022996,P05756,CLUBHOUSE
A022997,P05756,WIFI
A022998,P05756,SECURITY
A022999,P05757,WIFI
A023000,P05757,SWIMMING_POOL
A023001,P05757,SECURITY
A023002,P05757,GYM
A023003,P05757,PARKING
A023004,P05758,POWER_BACKUP
A023005,P05758,GARDEN
A023006,P05758,CLUBHOUSE
A023007,P05758,SECURITY
A023008,P05758,SWIMMING_POOL
A023009,P05758,PARKING
A023010,P05759,POWER_BACKUP
A023011,P05759,CLUBHOUSE
A023012,P05760,SECURITY
A023013,P05760,PARKING
A023014,P05761,GARDEN
A023015,P05761,LIFT
A023016,P05761,PARKING
A023017,P05761,GYM
A023018,P05761,AIR_CONDITIONING
A023019,P05761,SWIMMING_POOL
A023020,P05762,POWER_BACKUP
A023021,P05762,GARDEN
A023022,P05762,SECURITY
A023023,P05762,AIR_CONDITIONING
A023024,P05762,LIFT
A023025,P05763,AIR_CONDITIONING
A023026,P05763,GARDEN
A023027,P05764,GARDEN
A023028,P05764,SWIMMING_POOL
A023029,P05764,WIFI
A023030,P05764,GYM
A023031,P05765,CLUBHOUSE
A023032,P05765,PARKING
A023033,P05765,GARDEN
A023034,P05766,GARDEN
A023035,P05766,WIFI
A023036,P05766,LIFT
A023037,P05767,SWIMMING_POOL
A023038,P05767,GYM
A023039,P05767,PARKING
A023040,P05768,PARKING
A023041,P05768,CLUBHOUSE
A023042,P05768,LIFT
A023043,P05768,GYM
A023044,P05769,GYM
A023045,P05769,LIFT
A023046,P05769,CLUBHOUSE
A023047,P05769,SWIMMING_POOL
A023048,P05769,PARKING
A023049,P05769,POWER_BACKUP
A023050,P05770,SECURITY
A023051,P05770,PARKING
A023052,P05771,LIFT
A023053,P05771,SWIMMING_POOL
A023054,P05772,SWIMMING_POOL
A023055,P05772,PARKING
A023056,P05772,GARDEN
A023057,P05772,POWER_BACKUP
A023058,P05773,LIFT
A023059,P05773,SECURITY
A023060,P05773,GYM
A023061,P05774,CLUBHOUSE
A023062,P05774,WIFI
A023063,P05774,POWER_BACKUP
A023064,P05775,AIR_CONDITIONING
A023065,P05775,LIFT
A023066,P05776,GARDEN
A023067,P05776,CLUBHOUSE
A023068,P05776,POWER_BACKUP
A023069,P05776,LIFT
A023070,P05776,PARKING
A023071,P05777,PARKING
A023072,P05777,GARDEN
A023073,P05778,POWER_BACKUP
A023074,P05778,CLUBHOUSE
A023075,P05778,GARDEN
A023076,P05778,PARKING
A023077,P05778,LIFT
A023078,P05778,AIR_CONDITIONING
A023079,P05779,AIR_CONDITIONING
A023080,P05779,CLUBHOUSE
A023081,P05779,GYM
A023082,P05779,GARDEN
A023083,P05779,LIFT
A023084,P05780,SECURITY
A023085,P05780,AIR_CONDITIONING
A023086,P05781,LIFT
A023087,P05781,POWER_BACKUP
A023088,P05782,SWIMMING_POOL
A023089,P05782,POWER_BACKUP
A023090,P05782,PARKING
A023091,P05782,GARDEN
A023092,P05782,LIFT
A023093,P05782,CLUBHOUSE
A023094,P05783,POWER_BACKUP
A023095,P05783,SECURITY
A023096,P05784,POWER_BACKUP
A023097,P05784,SECURITY
A023098,P05784,CLUBHOUSE
A023099,P05784,PARKING
A023100,P05785,SECURITY
A023101,P05785,GYM
A023102,P05785,CLUBHOUSE
A023103,P05786,WIFI
A023104,P05786,AIR_CONDITIONING
A023105,P05786,SECURITY
A023106,P05786,SWIMMING_POOL
A023107,P05787,SECURITY
A023108,P05787,POWER_BACKUP
A023109,P05787,AIR_CONDITIONING
A023110,P05788,LIFT
A023111,P05788,POWER_BACKUP
A023112,P05788,AIR_CONDITIONING
A023113,P05788,SWIMMING_POOL
A023114,P05788,GYM
A023115,P05789,SECURITY
A023116,P05789,CLUBHOUSE
A023117,P05789,WIFI
A023118,P05789,AIR_CONDITIONING
A023119,P05789,SWIMMING_POOL
A023120,P05790,POWER_BACKUP
A023121,P05790,AIR_CONDITIONING
A023122,P05790,GYM
A023123,P05790,WIFI
A023124,P05790,SWIMMING_POOL
A023125,P05791,POWER_BACKUP
A023126,P05791,GARDEN
A023127,P05792,GYM
A023128,P05792,SECURITY
A023129,P05792,PARKING
A023130,P05792,LIFT
A023131,P05793,GYM
A023132,P05793,SECURITY
A023133,P05794,CLUBHOUSE
A023134,P05794,AIR_CONDITIONING
A023135,P05794,POWER_BACKUP
A023136,P05794,PARKING
A023137,P05795,LIFT
A023138,P05795,PARKING
A023139,P05795,SECURITY
A023140,P05796,WIFI
A023141,P05796,LIFT
A023142,P05796,SECURITY
A023143,P05796,AIR_CONDITIONING
A023144,P05796,SWIMMING_POOL
A023145,P05797,GYM
A023146,P05797,AIR_CONDITIONING
A023147,P05797,POWER_BACKUP
A023148,P05797,WIFI
A023149,P05798,GYM
A023150,P05798,SWIMMING_POOL
A023151,P05798,AIR_CONDITIONING
A023152,P05799,GARDEN
A023153,P05799,SECURITY
A023154,P05799,WIFI
A023155,P05799,AIR_CONDITIONING
A023156,P05799,POWER_BACKUP
A023157,P05800,SECURITY
A023158,P05800,GARDEN
A023159,P05800,LIFT
A023160,P05801,PARKING
A023161,P05801,POWER_BACKUP
A023162,P05801,WIFI
A023163,P05801,GYM
A023164,P05801,SECURITY
A023165,P05801,SWIMMING_POOL
A023166,P05802,PARKING
A023167,P05802,GARDEN
A023168,P05803,SECURITY
A023169,P05803,GYM
A023170,P05803,LIFT
A023171,P05803,WIFI
A023172,P05803,PARKING
A023173,P05803,SWIMMING_POOL
A023174,P05804,GYM
A023175,P05804,PARKING
A023176,P05804,LIFT
A023177,P05804,SECURITY
A023178,P05804,GARDEN
A023179,P05805,SWIMMING_POOL
A023180,P05805,GYM
A023181,P05805,LIFT
A023182,P05805,AIR_CONDITIONING
A023183,P05805,SECURITY
A023184,P05806,GARDEN
A023185,P05806,WIFI
A023186,P05806,PARKING
A023187,P05806,SECURITY
A023188,P05807,GARDEN
A023189,P05807,AIR_CONDITIONING
A023190,P05807,SECURITY
A023191,P05807,PARKING
A023192,P05807,LIFT
A023193,P05807,WIFI
A023194,P05808,GYM
A023195,P05808,PARKING
A023196,P05808,AIR_CONDITIONING
A023197,P05808,POWER_BACKUP
A023198,P05808,SECURITY
A023199,P05809,SECURITY
A023200,P05809,CLUBHOUSE
A023201,P05809,PARKING
A023202,P05809,GYM
A023203,P05809,WIFI
A023204,P05810,PARKING
A023205,P05810,LIFT
A023206,P05810,AIR_CONDITIONING
A023207,P05810,POWER_BACKUP
A023208,P05810,GARDEN
A023209,P05811,SWIMMING_POOL
A023210,P05811,AIR_CONDITIONING
A023211,P05811,LIFT
A023212,P05811,PARKING
A023213,P05812,POWER_BACKUP
A023214,P05812,CLUBHOUSE
A023215,P05812,GARDEN
A023216,P05812,GYM
A023217,P05812,PARKING
A023218,P05813,GYM
A023219,P05813,PARKING
A023220,P05813,WIFI
A023221,P05813,LIFT
A023222,P05814,SECURITY
A023223,P05814,AIR_CONDITIONING
A023224,P05814,GYM
A023225,P05814,POWER_BACKUP
A023226,P05815,GYM
A023227,P05815,GARDEN
A023228,P05815,SECURITY
A023229,P05815,SWIMMING_POOL
A023230,P05815,POWER_BACKUP
A023231,P05816,AIR_CONDITIONING
A023232,P05816,SWIMMING_POOL
A023233,P05816,GARDEN
A023234,P05816,LIFT
A023235,P05816,GYM
A023236,P05816,SECURITY
A023237,P05817,SWIMMING_POOL
A023238,P05817,GARDEN
A023239,P05817,AIR_CONDITIONING
A023240,P05817,CLUBHOUSE
A023241,P05817,POWER_BACKUP
A023242,P05818,SWIMMING_POOL
A023243,P05818,CLUBHOUSE
A023244,P05818,GYM
A023245,P05818,POWER_BACKUP
A023246,P05818,GARDEN
A023247,P05819,SECURITY
A023248,P05819,PARKING
A023249,P05819,GYM
A023250,P05820,SWIMMING_POOL
A023251,P05820,AIR_CONDITIONING
A023252,P05820,SECURITY
A023253,P05821,WIFI
A023254,P05821,LIFT
A023255,P05821,POWER_BACKUP
A023256,P05821,GARDEN
A023257,P05821,SECURITY
A023258,P05822,POWER_BACKUP
A023259,P05822,SWIMMING_POOL
A023260,P05822,GARDEN
A023261,P05822,GYM
A023262,P05823,GARDEN
A023263,P05823,POWER_BACKUP
A023264,P05823,WIFI
A023265,P05823,PARKING
A023266,P05824,GYM
A023267,P05824,LIFT
A023268,P05824,AIR_CONDITIONING
A023269,P05825,CLUBHOUSE
A023270,P05825,LIFT
A023271,P05825,GARDEN
A023272,P05825,POWER_BACKUP
A023273,P05825,PARKING
A023274,P05825,WIFI
A023275,P05826,LIFT
A023276,P05826,GYM
A023277,P05826,GARDEN
A023278,P05827,PARKING
A023279,P05827,GARDEN
A023280,P05827,POWER_BACKUP
A023281,P05827,GYM
A023282,P05828,LIFT
A023283,P05828,GARDEN
A023284,P05829,SECURITY
A023285,P05829,GYM
A023286,P05829,WIFI
A023287,P05830,PARKING
A023288,P05830,LIFT
A023289,P05830,SECURITY
A023290,P05830,CLUBHOUSE
A023291,P05831,SWIMMING_POOL
A023292,P05831,POWER_BACKUP
A023293,P05831,PARKING
A023294,P05831,GYM
A023295,P05832,GYM
A023296,P05832,LIFT
A023297,P05833,POWER_BACKUP
A023298,P05833,CLUBHOUSE
A023299,P05834,SWIMMING_POOL
A023300,P05834,LIFT
A023301,P05834,GYM
A023302,P05834,PARKING
A023303,P05835,AIR_CONDITIONING
A023304,P05835,GYM
A023305,P05835,PARKING
A023306,P05835,SWIMMING_POOL
A023307,P05835,LIFT
A023308,P05835,GARDEN
A023309,P05836,SWIMMING_POOL
A023310,P05836,PARKING
A023311,P05836,GYM
A023312,P05836,POWER_BACKUP
A023313,P05837,SECURITY
A023314,P05837,CLUBHOUSE
A023315,P05837,WIFI
A023316,P05838,CLUBHOUSE
A023317,P05838,GYM
A023318,P05838,POWER_BACKUP
A023319,P05839,PARKING
A023320,P05839,POWER_BACKUP
A023321,P05839,GARDEN
A023322,P05839,SECURITY
A023323,P05840,GARDEN
A023324,P05840,SWIMMING_POOL
A023325,P05840,AIR_CONDITIONING
A023326,P05840,PARKING
A023327,P05840,LIFT
A023328,P05841,WIFI
A023329,P05841,LIFT
A023330,P05841,SECURITY
A023331,P05841,GARDEN
A023332,P05841,GYM
A023333,P05842,SECURITY
A023334,P05842,SWIMMING_POOL
A023335,P05842,GARDEN
A023336,P05842,AIR_CONDITIONING
A023337,P05843,SECURITY
A023338,P05843,GARDEN
A023339,P05843,CLUBHOUSE
A023340,P05843,PARKING
A023341,P05844,AIR_CONDITIONING
A023342,P05844,GARDEN
A023343,P05844,SECURITY
A023344,P05844,POWER_BACKUP
A023345,P05844,GYM
A023346,P05844,PARKING
A023347,P05845,PARKING
A023348,P05845,POWER_BACKUP
A023349,P05845,LIFT
A023350,P05845,GYM
A023351,P05845,AIR_CONDITIONING
A023352,P05845,SWIMMING_POOL
A023353,P05846,PARKING
A023354,P05846,POWER_BACKUP
A023355,P05847,SECURITY
A023356,P05847,SWIMMING_POOL
A023357,P05847,LIFT
A023358,P05848,PARKING
A023359,P05848,CLUBHOUSE
A023360,P05848,SWIMMING_POOL
A023361,P05848,GYM
A023362,P05849,GARDEN
A023363,P05849,PARKING
A023364,P05849,AIR_CONDITIONING
A023365,P05849,GYM
A023366,P05849,WIFI
A023367,P05850,PARKING
A023368,P05850,GYM
A023369,P05850,AIR_CONDITIONING
A023370,P05850,POWER_BACKUP
A023371,P05851,GARDEN
A023372,P05851,CLUBHOUSE
A023373,P05851,AIR_CONDITIONING
A023374,P05851,GYM
A023375,P05851,POWER_BACKUP
A023376,P05851,LIFT
A023377,P05852,POWER_BACKUP
A023378,P05852,CLUBHOUSE
A023379,P05852,LIFT
A023380,P05852,GYM
A023381,P05852,WIFI
A023382,P05853,GARDEN
A023383,P05853,GYM
A023384,P05853,AIR_CONDITIONING
A023385,P05853,POWER_BACKUP
A023386,P05854,WIFI
A023387,P05854,GYM
A023388,P05854,CLUBHOUSE
A023389,P05854,AIR_CONDITIONING
A023390,P05854,POWER_BACKUP
A023391,P05854,PARKING
A023392,P05855,CLUBHOUSE
A023393,P05855,GARDEN
A023394,P05855,SWIMMING_POOL
A023395,P05855,SECURITY
A023396,P05855,AIR_CONDITIONING
A023397,P05855,WIFI
A023398,P05856,LIFT
A023399,P05856,GYM
A023400,P05856,SWIMMING_POOL
A023401,P05856,POWER_BACKUP
A023402,P05857,AIR_CONDITIONING
A023403,P05857,CLUBHOUSE
A023404,P05858,SWIMMING_POOL
A023405,P05858,GYM
A023406,P05858,GARDEN
A023407,P05858,CLUBHOUSE
A023408,P05859,SWIMMING_POOL
A023409,P05859,GARDEN
A023410,P05859,GYM
A023411,P05860,GARDEN
A023412,P05860,PARKING
A023413,P05860,AIR_CONDITIONING
A023414,P05860,WIFI
A023415,P05860,CLUBHOUSE
A023416,P05861,WIFI
A023417,P05861,POWER_BACKUP
A023418,P05861,PARKING
A023419,P05861,LIFT
A023420,P05861,GYM
A023421,P05861,CLUBHOUSE
A023422,P05862,LIFT
A023423,P05862,PARKING
A023424,P05862,CLUBHOUSE
A023425,P05862,WIFI
A023426,P05862,SECURITY
A023427,P05862,AIR_CONDITIONING
A023428,P05863,AIR_CONDITIONING
A023429,P05863,SWIMMING_POOL
A023430,P05863,GYM
A023431,P05863,PARKING
A023432,P05863,SECURITY
A023433,P05863,WIFI
A023434,P05864,GARDEN
A023435,P05864,AIR_CONDITIONING
A023436,P05865,GARDEN
A023437,P05865,GYM
A023438,P05865,SECURITY
A023439,P05866,POWER_BACKUP
A023440,P05866,SWIMMING_POOL
A023441,P05866,GARDEN
A023442,P05866,WIFI
A023443,P05866,CLUBHOUSE
A023444,P05866,PARKING
A023445,P05867,GARDEN
A023446,P05867,SECURITY
A023447,P05867,AIR_CONDITIONING
A023448,P05867,CLUBHOUSE
A023449,P05867,WIFI
A023450,P05867,SWIMMING_POOL
A023451,P05868,CLUBHOUSE
A023452,P05868,WIFI
A023453,P05868,GARDEN
A023454,P05869,WIFI
A023455,P05869,GYM
A023456,P05869,LIFT
A023457,P05869,POWER_BACKUP
A023458,P05869,CLUBHOUSE
A023459,P05869,GARDEN
A023460,P05870,SECURITY
A023461,P05870,WIFI
A023462,P05870,PARKING
A023463,P05870,POWER_BACKUP
A023464,P05870,SWIMMING_POOL
A023465,P05871,LIFT
A023466,P05871,SWIMMING_POOL
A023467,P05871,SECURITY
A023468,P05871,CLUBHOUSE
A023469,P05872,PARKING
A023470,P05872,GARDEN
A023471,P05872,POWER_BACKUP
A023472,P05872,LIFT
A023473,P05873,CLUBHOUSE
A023474,P05873,POWER_BACKUP
A023475,P05874,POWER_BACKUP
A023476,P05874,SECURITY
A023477,P05874,AIR_CONDITIONING
A023478,P05875,GYM
A023479,P05875,CLUBHOUSE
A023480,P05875,AIR_CONDITIONING
A023481,P05875,GARDEN
A023482,P05876,POWER_BACKUP
A023483,P05876,AIR_CONDITIONING
A023484,P05876,CLUBHOUSE
A023485,P05876,SWIMMING_POOL
A023486,P05876,GARDEN
A023487,P05877,GYM
A023488,P05877,GARDEN
A023489,P05878,POWER_BACKUP
A023490,P05878,GARDEN
A023491,P05878,GYM
A023492,P05878,SECURITY
A023493,P05878,CLUBHOUSE
A023494,P05878,LIFT
A023495,P05879,WIFI
A023496,P05879,AIR_CONDITIONING
A023497,P05880,WIFI
A023498,P05880,SWIMMING_POOL
A023499,P05881,LIFT
A023500,P05881,GARDEN
A023501,P05882,SWIMMING_POOL
A023502,P05882,AIR_CONDITIONING
A023503,P05882,POWER_BACKUP
A023504,P05882,LIFT
A023505,P05882,PARKING
A023506,P05883,PARKING
A023507,P05883,SECURITY
A023508,P05883,AIR_CONDITIONING
A023509,P05883,POWER_BACKUP
A023510,P05883,GYM
A023511,P05884,PARKING
A023512,P05884,LIFT
A023513,P05885,SWIMMING_POOL
A023514,P05885,AIR_CONDITIONING
A023515,P05885,SECURITY
A023516,P05885,WIFI
A023517,P05885,CLUBHOUSE
A023518,P05886,AIR_CONDITIONING
A023519,P05886,SECURITY
A023520,P05886,GYM
A023521,P05886,GARDEN
A023522,P05886,POWER_BACKUP
A023523,P05887,GARDEN
A023524,P05887,GYM
A023525,P05888,LIFT
A023526,P05888,GARDEN
A023527,P05888,WIFI
A023528,P05888,PARKING
A023529,P05888,AIR_CONDITIONING
A023530,P05888,CLUBHOUSE
A023531,P05889,LIFT
A023532,P05889,AIR_CONDITIONING
A023533,P05889,GYM
A023534,P05889,WIFI
A023535,P05889,SWIMMING_POOL
A023536,P05889,CLUBHOUSE
A023537,P05890,CLUBHOUSE
A023538,P05890,PARKING
A023539,P05891,GARDEN
A023540,P05891,AIR_CONDITIONING
A023541,P05891,WIFI
A023542,P05891,LIFT
A023543,P05891,PARKING
A023544,P05892,LIFT
A023545,P05892,PARKING
A023546,P05892,POWER_BACKUP
A023547,P05892,GARDEN
A023548,P05893,SECURITY
A023549,P05893,LIFT
A023550,P05894,SWIMMING_POOL
A023551,P05894,WIFI
A023552,P05894,POWER_BACKUP
A023553,P05894,AIR_CONDITIONING
A023554,P05894,PARKING
A023555,P05894,CLUBHOUSE
A023556,P05895,GYM
A023557,P05895,SECURITY
A023558,P05895,AIR_CONDITIONING
A023559,P05896,CLUBHOUSE
A023560,P05896,LIFT
A023561,P05896,GARDEN
A023562,P05897,GARDEN
A023563,P05897,SECURITY
A023564,P05897,PARKING
A023565,P05897,CLUBHOUSE
A023566,P05897,SWIMMING_POOL
A023567,P05897,LIFT
A023568,P05898,WIFI
A023569,P05898,AIR_CONDITIONING
A023570,P05898,GARDEN
A023571,P05899,POWER_BACKUP
A023572,P05899,CLUBHOUSE
A023573,P05899,PARKING
A023574,P05900,WIFI
A023575,P05900,SECURITY
A023576,P05901,POWER_BACKUP
A023577,P05901,GYM
A023578,P05902,SECURITY
A023579,P05902,WIFI
A023580,P05902,LIFT
A023581,P05902,CLUBHOUSE
A023582,P05902,PARKING
A023583,P05903,GYM
A023584,P05903,WIFI
A023585,P05903,SWIMMING_POOL
A023586,P05904,SECURITY
A023587,P05904,PARKING
A023588,P05904,SWIMMING_POOL
A023589,P05904,AIR_CONDITIONING
A023590,P05904,CLUBHOUSE
A023591,P05905,WIFI
A023592,P05905,GARDEN
A023593,P05906,POWER_BACKUP
A023594,P05906,SWIMMING_POOL
A023595,P05906,GYM
A023596,P05906,WIFI
A023597,P05906,SECURITY
A023598,P05907,GYM
A023599,P05907,AIR_CONDITIONING
A023600,P05907,SECURITY
A023601,P05907,GARDEN
A023602,P05907,WIFI
A023603,P05908,LIFT
A023604,P05908,SECURITY
A023605,P05908,SWIMMING_POOL
A023606,P05908,PARKING
A023607,P05908,POWER_BACKUP
A023608,P05908,AIR_CONDITIONING
A023609,P05909,GARDEN
A023610,P05909,LIFT
A023611,P05909,AIR_CONDITIONING
A023612,P05909,GYM
A023613,P05909,SWIMMING_POOL
A023614,P05909,SECURITY
A023615,P05910,SWIMMING_POOL
A023616,P05910,GYM
A023617,P05910,SECURITY
A023618,P05911,SECURITY
A023619,P05911,AIR_CONDITIONING
A023620,P05911,CLUBHOUSE
A023621,P05911,LIFT
A023622,P05912,POWER_BACKUP
A023623,P05912,WIFI
A023624,P05913,SECURITY
A023625,P05913,POWER_BACKUP
A023626,P05913,AIR_CONDITIONING
A023627,P05914,LIFT
A023628,P05914,CLUBHOUSE
A023629,P05914,SWIMMING_POOL
A023630,P05914,SECURITY
A023631,P05915,AIR_CONDITIONING
A023632,P05915,PARKING
A023633,P05915,GARDEN
A023634,P05915,SWIMMING_POOL
A023635,P05915,POWER_BACKUP
A023636,P05915,SECURITY
A023637,P05916,WIFI
A023638,P05916,AIR_CONDITIONING
A023639,P05917,POWER_BACKUP
A023640,P05917,SECURITY
A023641,P05917,SWIMMING_POOL
A023642,P05917,CLUBHOUSE
A023643,P05917,AIR_CONDITIONING
A023644,P05917,LIFT
A023645,P05918,POWER_BACKUP
A023646,P05918,LIFT
A023647,P05918,SECURITY
A023648,P05918,GYM
A023649,P05919,POWER_BACKUP
A023650,P05919,AIR_CONDITIONING
A023651,P05919,CLUBHOUSE
A023652,P05919,PARKING
A023653,P05919,GYM
A023654,P05919,LIFT
A023655,P05920,GARDEN
A023656,P05920,WIFI
A023657,P05920,GYM
A023658,P05920,CLUBHOUSE
A023659,P05920,SWIMMING_POOL
A023660,P05921,GYM
A023661,P05921,POWER_BACKUP
A023662,P05921,AIR_CONDITIONING
A023663,P05922,SECURITY
A023664,P05922,WIFI
A023665,P05922,CLUBHOUSE
A023666,P05923,CLUBHOUSE
A023667,P05923,AIR_CONDITIONING
A023668,P05923,GARDEN
A023669,P05923,PARKING
A023670,P05923,SECURITY
A023671,P05923,GYM
A023672,P05924,AIR_CONDITIONING
A023673,P05924,WIFI
A023674,P05924,SWIMMING_POOL
A023675,P05924,GYM
A023676,P05924,PARKING
A023677,P05925,SECURITY
A023678,P05925,POWER_BACKUP
A023679,P05925,AIR_CONDITIONING
A023680,P05925,CLUBHOUSE
A023681,P05926,SECURITY
A023682,P05926,PARKING
A023683,P05926,GYM
A023684,P05926,CLUBHOUSE
A023685,P05926,LIFT
A023686,P05926,SWIMMING_POOL
A023687,P05927,WIFI
A023688,P05927,GYM
A023689,P05927,LIFT
A023690,P05927,SECURITY
A023691,P05927,GARDEN
A023692,P05927,AIR_CONDITIONING
A023693,P05928,PARKING
A023694,P05928,SWIMMING_POOL
A023695,P05928,CLUBHOUSE
A023696,P05928,GYM
A023697,P05929,LIFT
A023698,P05929,POWER_BACKUP
A023699,P05930,SECURITY
A023700,P05930,POWER_BACKUP
A023701,P05930,AIR_CONDITIONING
A023702,P05930,GARDEN
A023703,P05930,WIFI
A023704,P05930,PARKING
A023705,P05931,LIFT
A023706,P05931,POWER_BACKUP
A023707,P05931,SECURITY
A023708,P05931,PARKING
A023709,P05931,SWIMMING_POOL
A023710,P05932,POWER_BACKUP
A023711,P05932,SECURITY
A023712,P05932,GYM
A023713,P05932,SWIMMING_POOL
A023714,P05933,LIFT
A023715,P05933,AIR_CONDITIONING
A023716,P05933,SWIMMING_POOL
A023717,P05933,CLUBHOUSE
A023718,P05933,SECURITY
A023719,P05934,SWIMMING_POOL
A023720,P05934,SECURITY
A023721,P05935,SWIMMING_POOL
A023722,P05935,GYM
A023723,P05935,CLUBHOUSE
A023724,P05935,POWER_BACKUP
A023725,P05935,SECURITY
A023726,P05936,LIFT
A023727,P05936,AIR_CONDITIONING
A023728,P05936,GARDEN
A023729,P05936,WIFI
A023730,P05936,SWIMMING_POOL
A023731,P05937,POWER_BACKUP
A023732,P05937,SWIMMING_POOL
A023733,P05937,AIR_CONDITIONING
A023734,P05937,GYM
A023735,P05938,AIR_CONDITIONING
A023736,P05938,LIFT
A023737,P05938,GYM
A023738,P05938,GARDEN
A023739,P05938,SECURITY
A023740,P05938,CLUBHOUSE
A023741,P05939,GARDEN
A023742,P05939,CLUBHOUSE
A023743,P05939,LIFT
A023744,P05939,AIR_CONDITIONING
A023745,P05939,PARKING
A023746,P05940,AIR_CONDITIONING
A023747,P05940,WIFI
A023748,P05940,PARKING
A023749,P05940,SWIMMING_POOL
A023750,P05940,SECURITY
A023751,P05941,WIFI
A023752,P05941,SWIMMING_POOL
A023753,P05942,GYM
A023754,P05942,LIFT
A023755,P05942,SECURITY
A023756,P05942,GARDEN
A023757,P05942,CLUBHOUSE
A023758,P05943,SWIMMING_POOL
A023759,P05943,GYM
A023760,P05943,CLUBHOUSE
A023761,P05943,WIFI
A023762,P05944,POWER_BACKUP
A023763,P05944,PARKING
A023764,P05944,WIFI
A023765,P05944,CLUBHOUSE
A023766,P05944,GARDEN
A023767,P05945,SECURITY
A023768,P05945,SWIMMING_POOL
A023769,P05945,PARKING
A023770,P05946,PARKING
A023771,P05946,WIFI
A023772,P05946,SWIMMING_POOL
A023773,P05946,LIFT
A023774,P05946,CLUBHOUSE
A023775,P05946,GYM
A023776,P05947,LIFT
A023777,P05947,SECURITY
A023778,P05947,WIFI
A023779,P05948,AIR_CONDITIONING
A023780,P05948,GYM
A023781,P05948,CLUBHOUSE
A023782,P05948,SECURITY
A023783,P05948,WIFI
A023784,P05949,PARKING
A023785,P05949,AIR_CONDITIONING
A023786,P05949,WIFI
A023787,P05950,POWER_BACKUP
A023788,P05950,SECURITY
A023789,P05950,GYM
A023790,P05950,LIFT
A023791,P05950,CLUBHOUSE
A023792,P05950,AIR_CONDITIONING
A023793,P05951,GARDEN
A023794,P05951,PARKING
A023795,P05951,LIFT
A023796,P05952,WIFI
A023797,P05952,SWIMMING_POOL
A023798,P05952,POWER_BACKUP
A023799,P05952,AIR_CONDITIONING
A023800,P05953,CLUBHOUSE
A023801,P05953,LIFT
A023802,P05954,GYM
A023803,P05954,CLUBHOUSE
A023804,P05954,SWIMMING_POOL
A023805,P05955,WIFI
A023806,P05955,GYM
A023807,P05955,LIFT
A023808,P05956,CLUBHOUSE
A023809,P05956,PARKING
A023810,P05956,LIFT
A023811,P05956,SECURITY
A023812,P05956,POWER_BACKUP
A023813,P05957,CLUBHOUSE
A023814,P05957,POWER_BACKUP
A023815,P05958,AIR_CONDITIONING
A023816,P05958,CLUBHOUSE
A023817,P05958,SECURITY
A023818,P05958,GARDEN
A023819,P05959,GARDEN
A023820,P05959,SECURITY
A023821,P05959,SWIMMING_POOL
A023822,P05959,GYM
A023823,P05959,POWER_BACKUP
A023824,P05959,CLUBHOUSE
A023825,P05960,GARDEN
A023826,P05960,CLUBHOUSE
A023827,P05960,WIFI
A023828,P05960,LIFT
A023829,P05960,PARKING
A023830,P05960,POWER_BACKUP
A023831,P05961,SWIMMING_POOL
A023832,P05961,POWER_BACKUP
A023833,P05961,WIFI
A023834,P05962,SWIMMING_POOL
A023835,P05962,CLUBHOUSE
A023836,P05962,WIFI
A023837,P05962,POWER_BACKUP
A023838,P05962,GYM
A023839,P05963,PARKING
A023840,P05963,WIFI
A023841,P05963,LIFT
A023842,P05964,GYM
A023843,P05964,AIR_CONDITIONING
A023844,P05964,SECURITY
A023845,P05964,SWIMMING_POOL
A023846,P05965,SWIMMING_POOL
A023847,P05965,AIR_CONDITIONING
A023848,P05965,WIFI
A023849,P05965,LIFT
A023850,P05965,POWER_BACKUP
A023851,P05966,WIFI
A023852,P05966,SWIMMING_POOL
A023853,P05966,SECURITY
A023854,P05966,CLUBHOUSE
A023855,P05966,GYM
A023856,P05966,LIFT
A023857,P05967,GARDEN
A023858,P05967,PARKING
A023859,P05967,AIR_CONDITIONING
A023860,P05967,SWIMMING_POOL
A023861,P05967,POWER_BACKUP
A023862,P05968,SWIMMING_POOL
A023863,P05968,SECURITY
A023864,P05969,LIFT
A023865,P05969,SWIMMING_POOL
A023866,P05970,SECURITY
A023867,P05970,CLUBHOUSE
A023868,P05970,SWIMMING_POOL
A023869,P05970,LIFT
A023870,P05971,GARDEN
A023871,P05971,CLUBHOUSE
A023872,P05971,AIR_CONDITIONING
A023873,P05971,SECURITY
A023874,P05971,POWER_BACKUP
A023875,P05971,GYM
A023876,P05972,LIFT
A023877,P05972,SECURITY
A023878,P05972,POWER_BACKUP
A023879,P05972,CLUBHOUSE
A023880,P05972,PARKING
A023881,P05972,AIR_CONDITIONING
A023882,P05973,SECURITY
A023883,P05973,GYM
A023884,P05973,GARDEN
A023885,P05973,CLUBHOUSE
A023886,P05974,CLUBHOUSE
A023887,P05974,SECURITY
A023888,P05974,PARKING
A023889,P05974,GYM
A023890,P05974,WIFI
A023891,P05974,SWIMMING_POOL
A023892,P05975,WIFI
A023893,P05975,GYM
A023894,P05975,SWIMMING_POOL
A023895,P05975,AIR_CONDITIONING
A023896,P05975,SECURITY
A023897,P05975,CLUBHOUSE
A023898,P05976,LIFT
A023899,P05976,CLUBHOUSE
A023900,P05976,WIFI
A023901,P05977,CLUBHOUSE
A023902,P05977,PARKING
A023903,P05977,LIFT
A023904,P05977,AIR_CONDITIONING
A023905,P05978,GARDEN
A023906,P05978,PARKING
A023907,P05978,WIFI
A023908,P05979,WIFI
A023909,P05979,CLUBHOUSE
A023910,P05979,GARDEN
A023911,P05979,AIR_CONDITIONING
A023912,P05980,CLUBHOUSE
A023913,P05980,LIFT
A023914,P05981,CLUBHOUSE
A023915,P05981,AIR_CONDITIONING
A023916,P05982,SECURITY
A023917,P05982,GARDEN
A023918,P05983,LIFT
A023919,P05983,WIFI
A023920,P05983,SECURITY
A023921,P05983,GARDEN
A023922,P05983,GYM
A023923,P05984,POWER_BACKUP
A023924,P05984,GARDEN
A023925,P05984,AIR_CONDITIONING
A023926,P05984,CLUBHOUSE
A023927,P05984,SECURITY
A023928,P05984,GYM
A023929,P05985,LIFT
A023930,P05985,AIR_CONDITIONING
A023931,P05986,SWIMMING_POOL
A023932,P05986,WIFI
A023933,P05986,CLUBHOUSE
A023934,P05986,LIFT
A023935,P05986,GARDEN
A023936,P05986,POWER_BACKUP
A023937,P05987,GYM
A023938,P05987,SECURITY
A023939,P05987,POWER_BACKUP
A023940,P05987,WIFI
A023941,P05987,GARDEN
A023942,P05988,LIFT
A023943,P05988,SECURITY
A023944,P05988,POWER_BACKUP
A023945,P05988,CLUBHOUSE
A023946,P05989,GARDEN
A023947,P05989,CLUBHOUSE
A023948,P05990,POWER_BACKUP
A023949,P05990,AIR_CONDITIONING
A023950,P05990,LIFT
A023951,P05991,PARKING
A023952,P05991,CLUBHOUSE
A023953,P05992,SWIMMING_POOL
A023954,P05992,WIFI
A023955,P05993,CLUBHOUSE
A023956,P05993,WIFI
A023957,P05993,PARKING
A023958,P05993,GARDEN
A023959,P05993,GYM
A023960,P05994,GARDEN
A023961,P05994,LIFT
A023962,P05994,WIFI
A023963,P05994,CLUBHOUSE
A023964,P05995,POWER_BACKUP
A023965,P05995,AIR_CONDITIONING
A023966,P05995,GARDEN
A023967,P05995,WIFI
A023968,P05996,AIR_CONDITIONING
A023969,P05996,POWER_BACKUP
A023970,P05997,SWIMMING_POOL
A023971,P05997,GARDEN
A023972,P05997,CLUBHOUSE
A023973,P05998,CLUBHOUSE
A023974,P05998,SECURITY
A023975,P05998,SWIMMING_POOL
A023976,P05999,AIR_CONDITIONING
A023977,P05999,LIFT
A023978,P05999,POWER_BACKUP
A023979,P05999,GYM
A023980,P06000,LIFT
A023981,P06000,CLUBHOUSE
A023982,P06000,SECURITY
A023983,P06000,GARDEN
A023984,P06001,POWER_BACKUP
A023985,P06001,SWIMMING_POOL
A023986,P06002,LIFT
A023987,P06002,CLUBHOUSE
A023988,P06003,GARDEN
A023989,P06003,LIFT
A023990,P06004,GARDEN
A023991,P06004,PARKING
A023992,P06005,SWIMMING_POOL
A023993,P06005,LIFT
A023994,P06005,SECURITY
A023995,P06006,POWER_BACKUP
A023996,P06006,PARKING
A023997,P06006,GYM
A023998,P06007,AIR_CONDITIONING
A023999,P06007,PARKING
A024000,P06007,SWIMMING_POOL
A024001,P06007,SECURITY
A024002,P06008,WIFI
A024003,P06008,SWIMMING_POOL
A024004,P06008,GARDEN
A024005,P06009,POWER_BACKUP
A024006,P06009,SECURITY
A024007,P06010,SECURITY
A024008,P06010,LIFT
A024009,P06010,CLUBHOUSE
A024010,P06011,PARKING
A024011,P06011,CLUBHOUSE
A024012,P06012,LIFT
A024013,P06012,PARKING
A024014,P06012,CLUBHOUSE
A024015,P06012,SWIMMING_POOL
A024016,P06012,GARDEN
A024017,P06012,SECURITY
A024018,P06013,SECURITY
A024019,P06013,GYM
A024020,P06013,PARKING
A024021,P06013,LIFT
A024022,P06013,POWER_BACKUP
A024023,P06013,AIR_CONDITIONING
A024024,P06014,WIFI
A024025,P06014,GARDEN
A024026,P06014,AIR_CONDITIONING
A024027,P06014,PARKING
A024028,P06014,SECURITY
A024029,P06014,SWIMMING_POOL
A024030,P06015,GYM
A024031,P06015,AIR_CONDITIONING
A024032,P06016,PARKING
A024033,P06016,LIFT
A024034,P06016,CLUBHOUSE
A024035,P06016,GARDEN
A024036,P06017,SWIMMING_POOL
A024037,P06017,GYM
A024038,P06018,AIR_CONDITIONING
A024039,P06018,LIFT
A024040,P06018,WIFI
A024041,P06018,SWIMMING_POOL
A024042,P06018,CLUBHOUSE
A024043,P06018,PARKING
A024044,P06019,SECURITY
A024045,P06019,GYM
A024046,P06019,GARDEN
A024047,P06019,AIR_CONDITIONING
A024048,P06019,POWER_BACKUP
A024049,P06019,WIFI
A024050,P06020,CLUBHOUSE
A024051,P06020,PARKING
A024052,P06020,LIFT
A024053,P06020,GARDEN
A024054,P06021,WIFI
A024055,P06021,GYM
A024056,P06021,POWER_BACKUP
A024057,P06021,AIR_CONDITIONING
A024058,P06021,LIFT
A024059,P06021,SECURITY
A024060,P06022,GARDEN
A024061,P06022,GYM
A024062,P06022,AIR_CONDITIONING
A024063,P06023,SWIMMING_POOL
A024064,P06023,LIFT
A024065,P06023,PARKING
A024066,P06023,SECURITY
A024067,P06023,AIR_CONDITIONING
A024068,P06024,SECURITY
A024069,P06024,PARKING
A024070,P06024,WIFI
A024071,P06025,SWIMMING_POOL
A024072,P06025,POWER_BACKUP
A024073,P06025,GARDEN
A024074,P06025,SECURITY
A024075,P06026,GYM
A024076,P06026,PARKING
A024077,P06026,CLUBHOUSE
A024078,P06026,SECURITY
A024079,P06026,AIR_CONDITIONING
A024080,P06027,WIFI
A024081,P06027,LIFT
A024082,P06027,PARKING
A024083,P06027,POWER_BACKUP
A024084,P06028,SECURITY
A024085,P06028,POWER_BACKUP
A024086,P06028,AIR_CONDITIONING
A024087,P06028,GARDEN
A024088,P06028,SWIMMING_POOL
A024089,P06029,LIFT
A024090,P06029,PARKING
A024091,P06029,CLUBHOUSE
A024092,P06029,AIR_CONDITIONING
A024093,P06029,GYM
A024094,P06030,GYM
A024095,P06030,AIR_CONDITIONING
A024096,P06030,GARDEN
A024097,P06030,SWIMMING_POOL
A024098,P06031,SWIMMING_POOL
A024099,P06031,SECURITY
A024100,P06031,GARDEN
A024101,P06032,WIFI
A024102,P06032,CLUBHOUSE
A024103,P06032,LIFT
A024104,P06033,AIR_CONDITIONING
A024105,P06033,LIFT
A024106,P06033,CLUBHOUSE
A024107,P06033,SWIMMING_POOL
A024108,P06034,SECURITY
A024109,P06034,SWIMMING_POOL
A024110,P06034,AIR_CONDITIONING
A024111,P06034,PARKING
A024112,P06034,GARDEN
A024113,P06034,WIFI
A024114,P06035,SWIMMING_POOL
A024115,P06035,LIFT
A024116,P06035,CLUBHOUSE
A024117,P06035,SECURITY
A024118,P06036,LIFT
A024119,P06036,SWIMMING_POOL
A024120,P06037,POWER_BACKUP
A024121,P06037,AIR_CONDITIONING
A024122,P06037,SECURITY
A024123,P06037,GARDEN
A024124,P06038,POWER_BACKUP
A024125,P06038,GARDEN
A024126,P06038,GYM
A024127,P06038,AIR_CONDITIONING
A024128,P06038,PARKING
A024129,P06038,SECURITY
A024130,P06039,POWER_BACKUP
A024131,P06039,WIFI
A024132,P06040,POWER_BACKUP
A024133,P06040,AIR_CONDITIONING
A024134,P06040,CLUBHOUSE
A024135,P06041,WIFI
A024136,P06041,PARKING
A024137,P06041,CLUBHOUSE
A024138,P06042,POWER_BACKUP
A024139,P06042,LIFT
A024140,P06042,SECURITY
A024141,P06042,GARDEN
A024142,P06042,SWIMMING_POOL
A024143,P06043,GARDEN
A024144,P06043,CLUBHOUSE
A024145,P06043,AIR_CONDITIONING
A024146,P06044,LIFT
A024147,P06044,AIR_CONDITIONING
A024148,P06044,POWER_BACKUP
A024149,P06044,SWIMMING_POOL
A024150,P06045,GYM
A024151,P06045,GARDEN
A024152,P06045,CLUBHOUSE
A024153,P06045,SWIMMING_POOL
A024154,P06045,PARKING
A024155,P06046,WIFI
A024156,P06046,SECURITY
A024157,P06046,POWER_BACKUP
A024158,P06046,AIR_CONDITIONING
A024159,P06046,PARKING
A024160,P06046,GYM
A024161,P06047,WIFI
A024162,P06047,PARKING
A024163,P06047,GYM
A024164,P06047,CLUBHOUSE
A024165,P06047,SECURITY
A024166,P06048,LIFT
A024167,P06048,WIFI
A024168,P06048,PARKING
A024169,P06048,SECURITY
A024170,P06048,CLUBHOUSE
A024171,P06049,CLUBHOUSE
A024172,P06049,WIFI
A024173,P06050,AIR_CONDITIONING
A024174,P06050,GARDEN
A024175,P06051,CLUBHOUSE
A024176,P06051,GYM
A024177,P06052,AIR_CONDITIONING
A024178,P06052,POWER_BACKUP
A024179,P06052,GYM
A024180,P06052,GARDEN
A024181,P06052,SWIMMING_POOL
A024182,P06052,WIFI
A024183,P06053,GARDEN
A024184,P06053,LIFT
A024185,P06053,CLUBHOUSE
A024186,P06053,WIFI
A024187,P06054,POWER_BACKUP
A024188,P06054,SWIMMING_POOL
A024189,P06054,GYM
A024190,P06054,AIR_CONDITIONING
A024191,P06055,POWER_BACKUP
A024192,P06055,PARKING
A024193,P06055,GARDEN
A024194,P06055,SWIMMING_POOL
A024195,P06055,LIFT
A024196,P06056,LIFT
A024197,P06056,GYM
A024198,P06056,GARDEN
A024199,P06057,WIFI
A024200,P06057,GARDEN
A024201,P06057,SWIMMING_POOL
A024202,P06057,CLUBHOUSE
A024203,P06057,LIFT
A024204,P06058,WIFI
A024205,P06058,POWER_BACKUP
A024206,P06058,CLUBHOUSE
A024207,P06058,GYM
A024208,P06059,POWER_BACKUP
A024209,P06059,GYM
A024210,P06059,CLUBHOUSE
A024211,P06059,GARDEN
A024212,P06059,LIFT
A024213,P06059,WIFI
A024214,P06060,SECURITY
A024215,P06060,CLUBHOUSE
A024216,P06060,GARDEN
A024217,P06060,LIFT
A024218,P06060,AIR_CONDITIONING
A024219,P06060,SWIMMING_POOL
A024220,P06061,AIR_CONDITIONING
A024221,P06061,SECURITY
A024222,P06062,POWER_BACKUP
A024223,P06062,SECURITY
A024224,P06062,LIFT
A024225,P06062,WIFI
A024226,P06062,PARKING
A024227,P06063,POWER_BACKUP
A024228,P06063,WIFI
A024229,P06064,POWER_BACKUP
A024230,P06064,WIFI
A024231,P06064,CLUBHOUSE
A024232,P06065,GYM
A024233,P06065,LIFT
A024234,P06065,SWIMMING_POOL
A024235,P06065,SECURITY
A024236,P06065,POWER_BACKUP
A024237,P06066,WIFI
A024238,P06066,SECURITY
A024239,P06067,LIFT
A024240,P06067,GYM
A024241,P06067,GARDEN
A024242,P06067,SECURITY
A024243,P06068,GARDEN
A024244,P06068,GYM
A024245,P06069,SECURITY
A024246,P06069,GYM
A024247,P06069,LIFT
A024248,P06069,SWIMMING_POOL
A024249,P06069,POWER_BACKUP
A024250,P06069,AIR_CONDITIONING
A024251,P06070,SECURITY
A024252,P06070,AIR_CONDITIONING
A024253,P06071,AIR_CONDITIONING
A024254,P06071,POWER_BACKUP
A024255,P06071,GYM
A024256,P06071,CLUBHOUSE
A024257,P06071,PARKING
A024258,P06071,SECURITY
A024259,P06072,GARDEN
A024260,P06072,CLUBHOUSE
A024261,P06073,AIR_CONDITIONING
A024262,P06073,SECURITY
A024263,P06073,GARDEN
A024264,P06073,GYM
A024265,P06074,POWER_BACKUP
A024266,P06074,GYM
A024267,P06074,SECURITY
A024268,P06074,WIFI
A024269,P06074,AIR_CONDITIONING
A024270,P06074,CLUBHOUSE
A024271,P06075,GYM
A024272,P06075,POWER_BACKUP
A024273,P06075,AIR_CONDITIONING
A024274,P06075,CLUBHOUSE
A024275,P06075,GARDEN
A024276,P06076,SWIMMING_POOL
A024277,P06076,WIFI
A024278,P06076,CLUBHOUSE
A024279,P06076,GYM
A024280,P06076,AIR_CONDITIONING
A024281,P06076,GARDEN
A024282,P06077,WIFI
A024283,P06077,SECURITY
A024284,P06078,WIFI
A024285,P06078,SECURITY
A024286,P06078,GARDEN
A024287,P06078,PARKING
A024288,P06079,AIR_CONDITIONING
A024289,P06079,POWER_BACKUP
A024290,P06079,SECURITY
A024291,P06080,AIR_CONDITIONING
A024292,P06080,LIFT
A024293,P06081,WIFI
A024294,P06081,SECURITY
A024295,P06081,GYM
A024296,P06081,GARDEN
A024297,P06081,POWER_BACKUP
A024298,P06081,CLUBHOUSE
A024299,P06082,GYM
A024300,P06082,POWER_BACKUP
A024301,P06082,WIFI
A024302,P06082,GARDEN
A024303,P06082,PARKING
A024304,P06082,SECURITY
A024305,P06083,SECURITY
A024306,P06083,LIFT
A024307,P06083,CLUBHOUSE
A024308,P06084,GYM
A024309,P06084,CLUBHOUSE
A024310,P06084,PARKING
A024311,P06085,WIFI
A024312,P06085,SECURITY
A024313,P06085,LIFT
A024314,P06085,GARDEN
A024315,P06085,POWER_BACKUP
A024316,P06085,CLUBHOUSE
A024317,P06086,GYM
A024318,P06086,SWIMMING_POOL
A024319,P06086,AIR_CONDITIONING
A024320,P06086,GARDEN
A024321,P06086,POWER_BACKUP
A024322,P06086,LIFT
A024323,P06087,SECURITY
A024324,P06087,WIFI
A024325,P06087,PARKING
A024326,P06088,WIFI
A024327,P06088,GARDEN
A024328,P06088,LIFT
A024329,P06089,PARKING
A024330,P06089,SWIMMING_POOL
A024331,P06089,POWER_BACKUP
A024332,P06089,CLUBHOUSE
A024333,P06089,LIFT
A024334,P06090,PARKING
A024335,P06090,LIFT
A024336,P06090,GYM
A024337,P06090,WIFI
A024338,P06091,SWIMMING_POOL
A024339,P06091,CLUBHOUSE
A024340,P06091,GYM
A024341,P06091,SECURITY
A024342,P06091,LIFT
A024343,P06092,CLUBHOUSE
A024344,P06092,POWER_BACKUP
A024345,P06092,AIR_CONDITIONING
A024346,P06093,GARDEN
A024347,P06093,GYM
A024348,P06093,SECURITY
A024349,P06093,WIFI
A024350,P06093,SWIMMING_POOL
A024351,P06094,AIR_CONDITIONING
A024352,P06094,LIFT
A024353,P06094,SWIMMING_POOL
A024354,P06094,SECURITY
A024355,P06094,GYM
A024356,P06095,GYM
A024357,P06095,WIFI
A024358,P06095,POWER_BACKUP
A024359,P06095,CLUBHOUSE
A024360,P06096,POWER_BACKUP
A024361,P06096,AIR_CONDITIONING
A024362,P06096,SWIMMING_POOL
A024363,P06096,GARDEN
A024364,P06096,CLUBHOUSE
A024365,P06096,SECURITY
A024366,P06097,SECURITY
A024367,P06097,SWIMMING_POOL
A024368,P06097,PARKING
A024369,P06098,WIFI
A024370,P06098,PARKING
A024371,P06099,SECURITY
A024372,P06099,GYM
A024373,P06099,GARDEN
A024374,P06099,WIFI
A024375,P06099,SWIMMING_POOL
A024376,P06099,AIR_CONDITIONING
A024377,P06100,LIFT
A024378,P06100,POWER_BACKUP
A024379,P06100,WIFI
A024380,P06100,PARKING
A024381,P06100,GARDEN
A024382,P06101,SWIMMING_POOL
A024383,P06101,LIFT
A024384,P06101,WIFI
A024385,P06101,AIR_CONDITIONING
A024386,P06102,GYM
A024387,P06102,AIR_CONDITIONING
A024388,P06102,CLUBHOUSE
A024389,P06102,LIFT
A024390,P06102,PARKING
A024391,P06102,POWER_BACKUP
A024392,P06103,POWER_BACKUP
A024393,P06103,GARDEN
A024394,P06103,SECURITY
A024395,P06104,AIR_CONDITIONING
A024396,P06104,GARDEN
A024397,P06104,WIFI
A024398,P06104,POWER_BACKUP
A024399,P06104,SECURITY
A024400,P06105,POWER_BACKUP
A024401,P06105,PARKING
A024402,P06105,GYM
A024403,P06105,SWIMMING_POOL
A024404,P06105,CLUBHOUSE
A024405,P06106,SWIMMING_POOL
A024406,P06106,WIFI
A024407,P06106,CLUBHOUSE
A024408,P06107,PARKING
A024409,P06107,POWER_BACKUP
A024410,P06107,GARDEN
A024411,P06107,GYM
A024412,P06107,WIFI
A024413,P06107,SECURITY
A024414,P06108,POWER_BACKUP
A024415,P06108,PARKING
A024416,P06108,GYM
A024417,P06108,WIFI
A024418,P06108,SWIMMING_POOL
A024419,P06108,AIR_CONDITIONING
A024420,P06109,GYM
A024421,P06109,PARKING
A024422,P06109,SECURITY
A024423,P06109,POWER_BACKUP
A024424,P06109,AIR_CONDITIONING
A024425,P06110,CLUBHOUSE
A024426,P06110,PARKING
A024427,P06110,GARDEN
A024428,P06111,GARDEN
A024429,P06111,LIFT
A024430,P06111,SECURITY
A024431,P06111,CLUBHOUSE
A024432,P06112,SECURITY
A024433,P06112,GYM
A024434,P06112,PARKING
A024435,P06112,CLUBHOUSE
A024436,P06112,SWIMMING_POOL
A024437,P06112,AIR_CONDITIONING
A024438,P06113,SECURITY
A024439,P06113,SWIMMING_POOL
A024440,P06113,POWER_BACKUP
A024441,P06113,CLUBHOUSE
A024442,P06114,POWER_BACKUP
A024443,P06114,CLUBHOUSE
A024444,P06114,GYM
A024445,P06114,SECURITY
A024446,P06115,AIR_CONDITIONING
A024447,P06115,LIFT
A024448,P06115,SECURITY
A024449,P06116,LIFT
A024450,P06116,CLUBHOUSE
A024451,P06116,PARKING
A024452,P06116,WIFI
A024453,P06116,SECURITY
A024454,P06117,GARDEN
A024455,P06117,AIR_CONDITIONING
A024456,P06117,POWER_BACKUP
A024457,P06117,CLUBHOUSE
A024458,P06117,SWIMMING_POOL
A024459,P06117,LIFT
A024460,P06118,CLUBHOUSE
A024461,P06118,GYM
A024462,P06118,GARDEN
A024463,P06118,POWER_BACKUP
A024464,P06119,POWER_BACKUP
A024465,P06119,SECURITY
A024466,P06119,GYM
A024467,P06119,WIFI
A024468,P06119,LIFT
A024469,P06119,GARDEN
A024470,P06120,GARDEN
A024471,P06120,WIFI
A024472,P06120,PARKING
A024473,P06120,SECURITY
A024474,P06120,AIR_CONDITIONING
A024475,P06120,POWER_BACKUP
A024476,P06121,AIR_CONDITIONING
A024477,P06121,SECURITY
A024478,P06121,SWIMMING_POOL
A024479,P06121,WIFI
A024480,P06121,CLUBHOUSE
A024481,P06122,GARDEN
A024482,P06122,SWIMMING_POOL
A024483,P06122,AIR_CONDITIONING
A024484,P06122,LIFT
A024485,P06122,WIFI
A024486,P06122,PARKING
A024487,P06123,PARKING
A024488,P06123,POWER_BACKUP
A024489,P06124,WIFI
A024490,P06124,CLUBHOUSE
A024491,P06124,SECURITY
A024492,P06125,AIR_CONDITIONING
A024493,P06125,SWIMMING_POOL
A024494,P06125,CLUBHOUSE
A024495,P06125,POWER_BACKUP
A024496,P06125,PARKING
A024497,P06126,GYM
A024498,P06126,SWIMMING_POOL
A024499,P06126,SECURITY
A024500,P06126,LIFT
A024501,P06127,GYM
A024502,P06127,GARDEN
A024503,P06127,AIR_CONDITIONING
A024504,P06127,WIFI
A024505,P06127,SECURITY
A024506,P06128,SECURITY
A024507,P06128,SWIMMING_POOL
A024508,P06129,GYM
A024509,P06129,SECURITY
A024510,P06130,SECURITY
A024511,P06130,CLUBHOUSE
A024512,P06130,POWER_BACKUP
A024513,P06131,SWIMMING_POOL
A024514,P06131,GYM
A024515,P06131,SECURITY
A024516,P06131,CLUBHOUSE
A024517,P06132,GARDEN
A024518,P06132,GYM
A024519,P06132,WIFI
A024520,P06132,CLUBHOUSE
A024521,P06133,CLUBHOUSE
A024522,P06133,WIFI
A024523,P06134,AIR_CONDITIONING
A024524,P06134,CLUBHOUSE
A024525,P06134,PARKING
A024526,P06135,POWER_BACKUP
A024527,P06135,LIFT
A024528,P06136,GARDEN
A024529,P06136,SWIMMING_POOL
A024530,P06137,SWIMMING_POOL
A024531,P06137,SECURITY
A024532,P06137,POWER_BACKUP
A024533,P06138,PARKING
A024534,P06138,LIFT
A024535,P06138,SWIMMING_POOL
A024536,P06138,POWER_BACKUP
A024537,P06138,GARDEN
A024538,P06138,SECURITY
A024539,P06139,GYM
A024540,P06139,SWIMMING_POOL
A024541,P06139,LIFT
A024542,P06139,POWER_BACKUP
A024543,P06140,AIR_CONDITIONING
A024544,P06140,WIFI
A024545,P06140,GYM
A024546,P06140,GARDEN
A024547,P06141,POWER_BACKUP
A024548,P06141,CLUBHOUSE
A024549,P06142,WIFI
A024550,P06142,CLUBHOUSE
A024551,P06142,GYM
A024552,P06143,GARDEN
A024553,P06143,SECURITY
A024554,P06144,WIFI
A024555,P06144,SWIMMING_POOL
A024556,P06144,CLUBHOUSE
A024557,P06144,SECURITY
A024558,P06145,CLUBHOUSE
A024559,P06145,SWIMMING_POOL
A024560,P06145,AIR_CONDITIONING
A024561,P06146,GYM
A024562,P06146,CLUBHOUSE
A024563,P06146,LIFT
A024564,P06146,AIR_CONDITIONING
A024565,P06147,GARDEN
A024566,P06147,AIR_CONDITIONING
A024567,P06147,CLUBHOUSE
A024568,P06147,PARKING
A024569,P06147,SECURITY
A024570,P06147,SWIMMING_POOL
A024571,P06148,LIFT
A024572,P06148,POWER_BACKUP
A024573,P06148,PARKING
A024574,P06149,LIFT
A024575,P06149,WIFI
A024576,P06150,PARKING
A024577,P06150,POWER_BACKUP
A024578,P06151,SWIMMING_POOL
A024579,P06151,LIFT
A024580,P06151,WIFI
A024581,P06152,POWER_BACKUP
A024582,P06152,LIFT
A024583,P06153,PARKING
A024584,P06153,GYM
A024585,P06154,PARKING
A024586,P06154,LIFT
A024587,P06154,CLUBHOUSE
A024588,P06155,CLUBHOUSE
A024589,P06155,GYM
A024590,P06156,PARKING
A024591,P06156,AIR_CONDITIONING
A024592,P06157,SWIMMING_POOL
A024593,P06157,GARDEN
A024594,P06157,POWER_BACKUP
A024595,P06157,LIFT
A024596,P06158,SWIMMING_POOL
A024597,P06158,GARDEN
A024598,P06158,GYM
A024599,P06158,AIR_CONDITIONING
A024600,P06158,WIFI
A024601,P06159,SECURITY
A024602,P06159,WIFI
A024603,P06159,AIR_CONDITIONING
A024604,P06159,CLUBHOUSE
A024605,P06160,GYM
A024606,P06160,LIFT
A024607,P06160,AIR_CONDITIONING
A024608,P06160,SECURITY
A024609,P06160,SWIMMING_POOL
A024610,P06161,SWIMMING_POOL
A024611,P06161,SECURITY
A024612,P06162,LIFT
A024613,P06162,AIR_CONDITIONING
A024614,P06163,LIFT
A024615,P06163,SWIMMING_POOL
A024616,P06163,PARKING
A024617,P06163,CLUBHOUSE
A024618,P06163,GARDEN
A024619,P06163,GYM
A024620,P06164,AIR_CONDITIONING
A024621,P06164,SECURITY
A024622,P06164,CLUBHOUSE
A024623,P06164,LIFT
A024624,P06164,GYM
A024625,P06164,SWIMMING_POOL
A024626,P06165,POWER_BACKUP
A024627,P06165,AIR_CONDITIONING
A024628,P06166,AIR_CONDITIONING
A024629,P06166,SWIMMING_POOL
A024630,P06167,LIFT
A024631,P06167,GARDEN
A024632,P06167,SECURITY
A024633,P06167,SWIMMING_POOL
A024634,P06167,AIR_CONDITIONING
A024635,P06167,POWER_BACKUP
A024636,P06168,POWER_BACKUP
A024637,P06168,SECURITY
A024638,P06169,GARDEN
A024639,P06169,LIFT
A024640,P06169,CLUBHOUSE
A024641,P06169,POWER_BACKUP
A024642,P06169,SWIMMING_POOL
A024643,P06169,GYM
A024644,P06170,WIFI
A024645,P06170,PARKING
A024646,P06170,SECURITY
A024647,P06170,LIFT
A024648,P06171,SWIMMING_POOL
A024649,P06171,CLUBHOUSE
A024650,P06171,LIFT
A024651,P06171,WIFI
A024652,P06171,PARKING
A024653,P06171,SECURITY
A024654,P06172,SECURITY
A024655,P06172,LIFT
A024656,P06172,CLUBHOUSE
A024657,P06172,WIFI
A024658,P06173,PARKING
A024659,P06173,CLUBHOUSE
A024660,P06173,SECURITY
A024661,P06173,WIFI
A024662,P06174,WIFI
A024663,P06174,CLUBHOUSE
A024664,P06174,GARDEN
A024665,P06174,LIFT
A024666,P06174,SECURITY
A024667,P06174,POWER_BACKUP
A024668,P06175,CLUBHOUSE
A024669,P06175,SWIMMING_POOL
A024670,P06175,SECURITY
A024671,P06175,GYM
A024672,P06176,POWER_BACKUP
A024673,P06176,LIFT
A024674,P06176,WIFI
A024675,P06176,PARKING
A024676,P06176,GARDEN
A024677,P06176,CLUBHOUSE
A024678,P06177,GARDEN
A024679,P06177,LIFT
A024680,P06177,SECURITY
A024681,P06177,POWER_BACKUP
A024682,P06177,PARKING
A024683,P06177,AIR_CONDITIONING
A024684,P06178,GARDEN
A024685,P06178,AIR_CONDITIONING
A024686,P06178,GYM
A024687,P06179,POWER_BACKUP
A024688,P06179,AIR_CONDITIONING
A024689,P06179,GYM
A024690,P06179,CLUBHOUSE
A024691,P06180,LIFT
A024692,P06180,POWER_BACKUP
A024693,P06180,WIFI
A024694,P06180,GYM
A024695,P06180,PARKING
A024696,P06181,LIFT
A024697,P06181,AIR_CONDITIONING
A024698,P06181,POWER_BACKUP
A024699,P06181,GYM
A024700,P06181,SWIMMING_POOL
A024701,P06182,LIFT
A024702,P06182,CLUBHOUSE
A024703,P06182,GARDEN
A024704,P06182,SWIMMING_POOL
A024705,P06182,AIR_CONDITIONING
A024706,P06182,SECURITY
A024707,P06183,GARDEN
A024708,P06183,WIFI
A024709,P06183,PARKING
A024710,P06183,SWIMMING_POOL
A024711,P06183,GYM
A024712,P06183,AIR_CONDITIONING
A024713,P06184,AIR_CONDITIONING
A024714,P06184,GYM
A024715,P06184,GARDEN
A024716,P06184,WIFI
A024717,P06184,POWER_BACKUP
A024718,P06184,CLUBHOUSE
A024719,P06185,SWIMMING_POOL
A024720,P06185,POWER_BACKUP
A024721,P06185,CLUBHOUSE
A024722,P06186,GARDEN
A024723,P06186,AIR_CONDITIONING
A024724,P06186,WIFI
A024725,P06186,PARKING
A024726,P06186,SWIMMING_POOL
A024727,P06186,POWER_BACKUP
A024728,P06187,PARKING
A024729,P06187,GYM
A024730,P06187,SWIMMING_POOL
A024731,P06188,GARDEN
A024732,P06188,AIR_CONDITIONING
A024733,P06188,PARKING
A024734,P06188,GYM
A024735,P06188,CLUBHOUSE
A024736,P06188,WIFI
A024737,P06189,POWER_BACKUP
A024738,P06189,WIFI
A024739,P06190,SECURITY
A024740,P06190,LIFT
A024741,P06190,GARDEN
A024742,P06190,WIFI
A024743,P06190,GYM
A024744,P06190,PARKING
A024745,P06191,SWIMMING_POOL
A024746,P06191,SECURITY
A024747,P06191,PARKING
A024748,P06191,WIFI
A024749,P06191,LIFT
A024750,P06192,GARDEN
A024751,P06192,LIFT
A024752,P06192,SWIMMING_POOL
A024753,P06193,SWIMMING_POOL
A024754,P06193,SECURITY
A024755,P06194,GYM
A024756,P06194,AIR_CONDITIONING
A024757,P06194,GARDEN
A024758,P06194,LIFT
A024759,P06194,SECURITY
A024760,P06195,SECURITY
A024761,P06195,WIFI
A024762,P06195,SWIMMING_POOL
A024763,P06195,POWER_BACKUP
A024764,P06195,CLUBHOUSE
A024765,P06195,AIR_CONDITIONING
A024766,P06196,SECURITY
A024767,P06196,LIFT
A024768,P06196,PARKING
A024769,P06196,AIR_CONDITIONING
A024770,P06196,WIFI
A024771,P06197,GYM
A024772,P06197,WIFI
A024773,P06197,GARDEN
A024774,P06197,PARKING
A024775,P06197,LIFT
A024776,P06197,CLUBHOUSE
A024777,P06198,CLUBHOUSE
A024778,P06198,SWIMMING_POOL
A024779,P06198,PARKING
A024780,P06198,WIFI
A024781,P06198,POWER_BACKUP
A024782,P06199,LIFT
A024783,P06199,WIFI
A024784,P06199,SECURITY
A024785,P06199,AIR_CONDITIONING
A024786,P06199,GYM
A024787,P06199,SWIMMING_POOL
A024788,P06200,AIR_CONDITIONING
A024789,P06200,PARKING
A024790,P06200,SWIMMING_POOL
A024791,P06200,LIFT
A024792,P06201,AIR_CONDITIONING
A024793,P06201,CLUBHOUSE
A024794,P06201,SECURITY
A024795,P06202,PARKING
A024796,P06202,GYM
A024797,P06202,AIR_CONDITIONING
A024798,P06202,SWIMMING_POOL
A024799,P06202,GARDEN
A024800,P06202,SECURITY
A024801,P06203,WIFI
A024802,P06203,POWER_BACKUP
A024803,P06203,AIR_CONDITIONING
A024804,P06203,GYM
A024805,P06203,GARDEN
A024806,P06203,SECURITY
A024807,P06204,SECURITY
A024808,P06204,PARKING
A024809,P06204,GARDEN
A024810,P06204,WIFI
A024811,P06204,CLUBHOUSE
A024812,P06205,CLUBHOUSE
A024813,P06205,WIFI
A024814,P06205,SECURITY
A024815,P06206,GYM
A024816,P06206,POWER_BACKUP
A024817,P06207,WIFI
A024818,P06207,SECURITY
A024819,P06208,LIFT
A024820,P06208,SWIMMING_POOL
A024821,P06208,WIFI
A024822,P06208,POWER_BACKUP
A024823,P06208,GYM
A024824,P06209,SWIMMING_POOL
A024825,P06209,SECURITY
A024826,P06209,POWER_BACKUP
A024827,P06210,POWER_BACKUP
A024828,P06210,AIR_CONDITIONING
A024829,P06211,SECURITY
A024830,P06211,CLUBHOUSE
A024831,P06211,SWIMMING_POOL
A024832,P06211,AIR_CONDITIONING
A024833,P06212,GARDEN
A024834,P06212,SWIMMING_POOL
A024835,P06212,AIR_CONDITIONING
A024836,P06212,SECURITY
A024837,P06212,WIFI
A024838,P06212,PARKING
A024839,P06213,CLUBHOUSE
A024840,P06213,LIFT
A024841,P06213,PARKING
A024842,P06213,WIFI
A024843,P06213,SECURITY
A024844,P06214,SECURITY
A024845,P06214,LIFT
A024846,P06214,SWIMMING_POOL
A024847,P06214,GARDEN
A024848,P06215,SECURITY
A024849,P06215,POWER_BACKUP
A024850,P06216,WIFI
A024851,P06216,POWER_BACKUP
A024852,P06216,GYM
A024853,P06216,LIFT
A024854,P06216,SECURITY
A024855,P06216,SWIMMING_POOL
A024856,P06217,CLUBHOUSE
A024857,P06217,SECURITY
A024858,P06218,LIFT
A024859,P06218,CLUBHOUSE
A024860,P06219,AIR_CONDITIONING
A024861,P06219,WIFI
A024862,P06220,WIFI
A024863,P06220,PARKING
A024864,P06220,SECURITY
A024865,P06221,LIFT
A024866,P06221,AIR_CONDITIONING
A024867,P06221,WIFI
A024868,P06221,GYM
A024869,P06222,SECURITY
A024870,P06222,GARDEN
A024871,P06222,WIFI
A024872,P06222,CLUBHOUSE
A024873,P06223,POWER_BACKUP
A024874,P06223,SWIMMING_POOL
A024875,P06223,LIFT
A024876,P06224,SECURITY
A024877,P06224,POWER_BACKUP
A024878,P06224,GARDEN
A024879,P06224,SWIMMING_POOL
A024880,P06224,WIFI
A024881,P06225,GARDEN
A024882,P06225,SWIMMING_POOL
A024883,P06225,LIFT
A024884,P06225,GYM
A024885,P06225,PARKING
A024886,P06226,SWIMMING_POOL
A024887,P06226,WIFI
A024888,P06226,POWER_BACKUP
A024889,P06226,CLUBHOUSE
A024890,P06226,GYM
A024891,P06226,AIR_CONDITIONING
A024892,P06227,WIFI
A024893,P06227,PARKING
A024894,P06227,POWER_BACKUP
A024895,P06227,SWIMMING_POOL
A024896,P06228,GYM
A024897,P06228,PARKING
A024898,P06228,WIFI
A024899,P06229,GYM
A024900,P06229,CLUBHOUSE
A024901,P06229,WIFI
A024902,P06229,SECURITY
A024903,P06229,GARDEN
A024904,P06229,SWIMMING_POOL
A024905,P06230,LIFT
A024906,P06230,SWIMMING_POOL
A024907,P06230,POWER_BACKUP
A024908,P06230,SECURITY
A024909,P06230,PARKING
A024910,P06230,GYM
A024911,P06231,POWER_BACKUP
A024912,P06231,GARDEN
A024913,P06231,PARKING
A024914,P06231,GYM
A024915,P06232,AIR_CONDITIONING
A024916,P06232,SWIMMING_POOL
A024917,P06232,GYM
A024918,P06233,GARDEN
A024919,P06233,PARKING
A024920,P06234,WIFI
A024921,P06234,AIR_CONDITIONING
A024922,P06234,PARKING
A024923,P06234,SECURITY
A024924,P06235,GYM
A024925,P06235,SWIMMING_POOL
A024926,P06235,SECURITY
A024927,P06235,WIFI
A024928,P06236,SWIMMING_POOL
A024929,P06236,AIR_CONDITIONING
A024930,P06236,POWER_BACKUP
A024931,P06236,CLUBHOUSE
A024932,P06236,GYM
A024933,P06237,SECURITY
A024934,P06237,SWIMMING_POOL
A024935,P06237,CLUBHOUSE
A024936,P06237,LIFT
A024937,P06238,CLUBHOUSE
A024938,P06238,GARDEN
A024939,P06238,GYM
A024940,P06238,SWIMMING_POOL
A024941,P06238,SECURITY
A024942,P06238,POWER_BACKUP
A024943,P06239,LIFT
A024944,P06239,POWER_BACKUP
A024945,P06239,WIFI
A024946,P06239,CLUBHOUSE
A024947,P06239,SECURITY
A024948,P06239,AIR_CONDITIONING
A024949,P06240,LIFT
A024950,P06240,SECURITY
A024951,P06240,AIR_CONDITIONING
A024952,P06240,WIFI
A024953,P06240,POWER_BACKUP
A024954,P06240,GARDEN
A024955,P06241,GARDEN
A024956,P06241,POWER_BACKUP
A024957,P06241,AIR_CONDITIONING
A024958,P06242,SWIMMING_POOL
A024959,P06242,POWER_BACKUP
A024960,P06243,SWIMMING_POOL
A024961,P06243,PARKING
A024962,P06243,GYM
A024963,P06244,POWER_BACKUP
A024964,P06244,CLUBHOUSE
A024965,P06244,GYM
A024966,P06244,PARKING
A024967,P06244,SECURITY
A024968,P06245,GARDEN
A024969,P06245,POWER_BACKUP
A024970,P06246,CLUBHOUSE
A024971,P06246,PARKING
A024972,P06246,LIFT
A024973,P06246,AIR_CONDITIONING
A024974,P06246,SWIMMING_POOL
A024975,P06246,WIFI
A024976,P06247,SECURITY
A024977,P06247,POWER_BACKUP
A024978,P06247,CLUBHOUSE
A024979,P06247,WIFI
A024980,P06247,GYM
A024981,P06248,SWIMMING_POOL
A024982,P06248,AIR_CONDITIONING
A024983,P06248,POWER_BACKUP
A024984,P06248,GARDEN
A024985,P06249,CLUBHOUSE
A024986,P06249,LIFT
A024987,P06250,GARDEN
A024988,P06250,GYM
A024989,P06251,POWER_BACKUP
A024990,P06251,GYM
A024991,P06251,PARKING
A024992,P06251,SWIMMING_POOL
A024993,P06252,SWIMMING_POOL
A024994,P06252,GYM
A024995,P06252,GARDEN
A024996,P06252,WIFI
A024997,P06252,CLUBHOUSE
A024998,P06252,AIR_CONDITIONING
A024999,P06253,AIR_CONDITIONING
A025000,P06253,SECURITY
A025001,P06253,SWIMMING_POOL
A025002,P06253,WIFI
A025003,P06254,LIFT
A025004,P06254,SECURITY
A025005,P06254,GYM
A025006,P06254,AIR_CONDITIONING
A025007,P06255,GYM
A025008,P06255,LIFT
A025009,P06255,PARKING
A025010,P06255,GARDEN
A025011,P06255,AIR_CONDITIONING
A025012,P06256,POWER_BACKUP
A025013,P06256,SECURITY
A025014,P06256,GYM
A025015,P06256,CLUBHOUSE
A025016,P06256,AIR_CONDITIONING
A025017,P06257,SWIMMING_POOL
A025018,P06257,CLUBHOUSE
A025019,P06257,LIFT
A025020,P06257,GARDEN
A025021,P06257,SECURITY
A025022,P06257,PARKING
A025023,P06258,PARKING
A025024,P06258,SWIMMING_POOL
A025025,P06259,GARDEN
A025026,P06259,PARKING
A025027,P06259,GYM
A025028,P06259,WIFI
A025029,P06259,CLUBHOUSE
A025030,P06260,SWIMMING_POOL
A025031,P06260,POWER_BACKUP
A025032,P06261,PARKING
A025033,P06261,WIFI
A025034,P06261,GARDEN
A025035,P06261,SECURITY
A025036,P06261,GYM
A025037,P06262,SECURITY
A025038,P06262,POWER_BACKUP
A025039,P06262,LIFT
A025040,P06263,AIR_CONDITIONING
A025041,P06263,WIFI
A025042,P06264,GYM
A025043,P06264,GARDEN
A025044,P06264,CLUBHOUSE
A025045,P06264,LIFT
A025046,P06264,POWER_BACKUP
A025047,P06265,SWIMMING_POOL
A025048,P06265,AIR_CONDITIONING
A025049,P06265,SECURITY
A025050,P06266,WIFI
A025051,P06266,PARKING
A025052,P06266,SWIMMING_POOL
A025053,P06266,GARDEN
A025054,P06266,AIR_CONDITIONING
A025055,P06267,SECURITY
A025056,P06267,POWER_BACKUP
A025057,P06267,SWIMMING_POOL
A025058,P06267,GYM
A025059,P06267,PARKING
A025060,P06267,WIFI
A025061,P06268,LIFT
A025062,P06268,SECURITY
A025063,P06269,GARDEN
A025064,P06269,PARKING
A025065,P06269,LIFT
A025066,P06270,POWER_BACKUP
A025067,P06270,LIFT
A025068,P06271,PARKING
A025069,P06271,SWIMMING_POOL
A025070,P06272,GYM
A025071,P06272,SECURITY
A025072,P06272,POWER_BACKUP
A025073,P06273,PARKING
A025074,P06273,LIFT
A025075,P06273,POWER_BACKUP
A025076,P06273,SWIMMING_POOL
A025077,P06274,PARKING
A025078,P06274,GARDEN
A025079,P06274,LIFT
A025080,P06274,SECURITY
A025081,P06275,AIR_CONDITIONING
A025082,P06275,WIFI
A025083,P06276,WIFI
A025084,P06276,GYM
A025085,P06276,SWIMMING_POOL
A025086,P06276,CLUBHOUSE
A025087,P06277,WIFI
A025088,P06277,LIFT
A025089,P06278,AIR_CONDITIONING
A025090,P06278,GYM
A025091,P06278,PARKING
A025092,P06278,POWER_BACKUP
A025093,P06278,SWIMMING_POOL
A025094,P06279,GYM
A025095,P06279,WIFI
A025096,P06279,AIR_CONDITIONING
A025097,P06279,POWER_BACKUP
A025098,P06280,GARDEN
A025099,P06280,SECURITY
A025100,P06281,GYM
A025101,P06281,POWER_BACKUP
A025102,P06281,SWIMMING_POOL
A025103,P06281,AIR_CONDITIONING
A025104,P06282,LIFT
A025105,P06282,POWER_BACKUP
A025106,P06283,AIR_CONDITIONING
A025107,P06283,GYM
A025108,P06283,SWIMMING_POOL
A025109,P06283,PARKING
A025110,P06283,GARDEN
A025111,P06283,SECURITY
A025112,P06284,SWIMMING_POOL
A025113,P06284,CLUBHOUSE
A025114,P06285,GARDEN
A025115,P06285,PARKING
A025116,P06286,GYM
A025117,P06286,SWIMMING_POOL
A025118,P06286,CLUBHOUSE
A025119,P06286,AIR_CONDITIONING
A025120,P06286,POWER_BACKUP
A025121,P06287,SECURITY
A025122,P06287,PARKING
A025123,P06287,GARDEN
A025124,P06287,LIFT
A025125,P06287,SWIMMING_POOL
A025126,P06287,WIFI
A025127,P06288,GYM
A025128,P06288,GARDEN
A025129,P06289,GYM
A025130,P06289,AIR_CONDITIONING
A025131,P06289,PARKING
A025132,P06289,LIFT
A025133,P06290,GARDEN
A025134,P06290,AIR_CONDITIONING
A025135,P06290,CLUBHOUSE
A025136,P06291,PARKING
A025137,P06291,LIFT
A025138,P06291,WIFI
A025139,P06291,SWIMMING_POOL
A025140,P06292,LIFT
A025141,P06292,GYM
A025142,P06292,PARKING
A025143,P06292,POWER_BACKUP
A025144,P06292,GARDEN
A025145,P06292,AIR_CONDITIONING
A025146,P06293,GYM
A025147,P06293,GARDEN
A025148,P06293,SWIMMING_POOL
A025149,P06294,SWIMMING_POOL
A025150,P06294,POWER_BACKUP
A025151,P06294,LIFT
A025152,P06294,PARKING
A025153,P06294,WIFI
A025154,P06294,CLUBHOUSE
A025155,P06295,POWER_BACKUP
A025156,P06295,SECURITY
A025157,P06295,CLUBHOUSE
A025158,P06295,AIR_CONDITIONING
A025159,P06295,LIFT
A025160,P06296,AIR_CONDITIONING
A025161,P06296,WIFI
A025162,P06296,PARKING
A025163,P06296,CLUBHOUSE
A025164,P06296,SECURITY
A025165,P06296,POWER_BACKUP
A025166,P06297,SWIMMING_POOL
A025167,P06297,GYM
A025168,P06297,AIR_CONDITIONING
A025169,P06298,CLUBHOUSE
A025170,P06298,PARKING
A025171,P06298,GYM
A025172,P06299,WIFI
A025173,P06299,POWER_BACKUP
A025174,P06299,SECURITY
A025175,P06299,GYM
A025176,P06299,LIFT
A025177,P06299,SWIMMING_POOL
A025178,P06300,CLUBHOUSE
A025179,P06300,AIR_CONDITIONING
A025180,P06301,SWIMMING_POOL
A025181,P06301,POWER_BACKUP
A025182,P06301,CLUBHOUSE
A025183,P06301,GARDEN
A025184,P06301,LIFT
A025185,P06301,AIR_CONDITIONING
A025186,P06302,POWER_BACKUP
A025187,P06302,SECURITY
A025188,P06303,GARDEN
A025189,P06303,GYM
A025190,P06303,PARKING
A025191,P06304,SWIMMING_POOL
A025192,P06304,WIFI
A025193,P06304,PARKING
A025194,P06304,SECURITY
A025195,P06304,POWER_BACKUP
A025196,P06304,GYM
A025197,P06305,SWIMMING_POOL
A025198,P06305,PARKING
A025199,P06305,CLUBHOUSE
A025200,P06305,WIFI
A025201,P06305,GARDEN
A025202,P06305,SECURITY
A025203,P06306,GARDEN
A025204,P06306,WIFI
A025205,P06306,SWIMMING_POOL
A025206,P06307,LIFT
A025207,P06307,CLUBHOUSE
A025208,P06307,SECURITY
A025209,P06307,AIR_CONDITIONING
A025210,P06307,PARKING
A025211,P06307,POWER_BACKUP
A025212,P06308,SECURITY
A025213,P06308,GARDEN
A025214,P06308,CLUBHOUSE
A025215,P06308,POWER_BACKUP
A025216,P06309,CLUBHOUSE
A025217,P06309,WIFI
A025218,P06309,GYM
A025219,P06309,POWER_BACKUP
A025220,P06309,SECURITY
A025221,P06309,AIR_CONDITIONING
A025222,P06310,SECURITY
A025223,P06310,POWER_BACKUP
A025224,P06310,AIR_CONDITIONING
A025225,P06310,CLUBHOUSE
A025226,P06310,SWIMMING_POOL
A025227,P06310,GYM
A025228,P06311,CLUBHOUSE
A025229,P06311,LIFT
A025230,P06312,CLUBHOUSE
A025231,P06312,AIR_CONDITIONING
A025232,P06312,GARDEN
A025233,P06312,SWIMMING_POOL
A025234,P06313,SECURITY
A025235,P06313,WIFI
A025236,P06313,POWER_BACKUP
A025237,P06314,LIFT
A025238,P06314,POWER_BACKUP
A025239,P06314,SWIMMING_POOL
A025240,P06315,GYM
A025241,P06315,SECURITY
A025242,P06315,PARKING
A025243,P06315,WIFI
A025244,P06315,CLUBHOUSE
A025245,P06315,SWIMMING_POOL
A025246,P06316,LIFT
A025247,P06316,SWIMMING_POOL
A025248,P06316,PARKING
A025249,P06316,POWER_BACKUP
A025250,P06317,SECURITY
A025251,P06317,GARDEN
A025252,P06317,SWIMMING_POOL
A025253,P06317,LIFT
A025254,P06317,POWER_BACKUP
A025255,P06317,GYM
A025256,P06318,POWER_BACKUP
A025257,P06318,GARDEN
A025258,P06318,PARKING
A025259,P06319,WIFI
A025260,P06319,AIR_CONDITIONING
A025261,P06319,PARKING
A025262,P06319,POWER_BACKUP
A025263,P06319,LIFT
A025264,P06320,GARDEN
A025265,P06320,WIFI
A025266,P06320,PARKING
A025267,P06320,SWIMMING_POOL
A025268,P06320,POWER_BACKUP
A025269,P06320,CLUBHOUSE
A025270,P06321,PARKING
A025271,P06321,AIR_CONDITIONING
A025272,P06321,WIFI
A025273,P06321,POWER_BACKUP
A025274,P06321,GYM
A025275,P06322,AIR_CONDITIONING
A025276,P06322,SWIMMING_POOL
A025277,P06322,PARKING
A025278,P06323,GARDEN
A025279,P06323,SECURITY
A025280,P06323,AIR_CONDITIONING
A025281,P06323,SWIMMING_POOL
A025282,P06323,CLUBHOUSE
A025283,P06323,GYM
A025284,P06324,POWER_BACKUP
A025285,P06324,GYM
A025286,P06324,PARKING
A025287,P06325,LIFT
A025288,P06325,AIR_CONDITIONING
A025289,P06325,WIFI
A025290,P06326,SECURITY
A025291,P06326,PARKING
A025292,P06326,GARDEN
A025293,P06326,LIFT
A025294,P06327,SECURITY
A025295,P06327,CLUBHOUSE
A025296,P06327,PARKING
A025297,P06327,POWER_BACKUP
A025298,P06327,AIR_CONDITIONING
A025299,P06327,WIFI
A025300,P06328,LIFT
A025301,P06328,WIFI
A025302,P06328,AIR_CONDITIONING
A025303,P06328,GARDEN
A025304,P06328,SWIMMING_POOL
A025305,P06329,SECURITY
A025306,P06329,WIFI
A025307,P06329,LIFT
A025308,P06329,PARKING
A025309,P06329,GYM
A025310,P06330,POWER_BACKUP
A025311,P06330,CLUBHOUSE
A025312,P06330,SWIMMING_POOL
A025313,P06331,SWIMMING_POOL
A025314,P06331,CLUBHOUSE
A025315,P06331,GARDEN
A025316,P06332,SWIMMING_POOL
A025317,P06332,SECURITY
A025318,P06332,PARKING
A025319,P06332,WIFI
A025320,P06332,LIFT
A025321,P06333,GYM
A025322,P06333,PARKING
A025323,P06333,SECURITY
A025324,P06334,PARKING
A025325,P06334,GYM
A025326,P06334,WIFI
A025327,P06334,AIR_CONDITIONING
A025328,P06334,LIFT
A025329,P06334,CLUBHOUSE
A025330,P06335,WIFI
A025331,P06335,AIR_CONDITIONING
A025332,P06335,POWER_BACKUP
A025333,P06335,SECURITY
A025334,P06335,PARKING
A025335,P06336,GYM
A025336,P06336,PARKING
A025337,P06336,LIFT
A025338,P06336,AIR_CONDITIONING
A025339,P06337,GARDEN
A025340,P06337,POWER_BACKUP
A025341,P06337,LIFT
A025342,P06337,SECURITY
A025343,P06337,AIR_CONDITIONING
A025344,P06337,WIFI
A025345,P06338,AIR_CONDITIONING
A025346,P06338,GYM
A025347,P06338,SWIMMING_POOL
A025348,P06338,GARDEN
A025349,P06338,SECURITY
A025350,P06339,POWER_BACKUP
A025351,P06339,LIFT
A025352,P06339,CLUBHOUSE
A025353,P06340,GYM
A025354,P06340,SWIMMING_POOL
A025355,P06340,LIFT
A025356,P06340,CLUBHOUSE
A025357,P06340,AIR_CONDITIONING
A025358,P06340,PARKING
A025359,P06341,SECURITY
A025360,P06341,AIR_CONDITIONING
A025361,P06341,CLUBHOUSE
A025362,P06341,GYM
A025363,P06342,PARKING
A025364,P06342,GARDEN
A025365,P06342,POWER_BACKUP
A025366,P06342,WIFI
A025367,P06343,POWER_BACKUP
A025368,P06343,CLUBHOUSE
A025369,P06343,AIR_CONDITIONING
A025370,P06343,PARKING
A025371,P06343,SWIMMING_POOL
A025372,P06344,LIFT
A025373,P06344,AIR_CONDITIONING
A025374,P06344,PARKING
A025375,P06345,GARDEN
A025376,P06345,SWIMMING_POOL
A025377,P06345,POWER_BACKUP
A025378,P06345,GYM
A025379,P06345,AIR_CONDITIONING
A025380,P06346,LIFT
A025381,P06346,SECURITY
A025382,P06346,CLUBHOUSE
A025383,P06347,SWIMMING_POOL
A025384,P06347,POWER_BACKUP
A025385,P06347,PARKING
A025386,P06347,GYM
A025387,P06347,CLUBHOUSE
A025388,P06347,WIFI
A025389,P06348,SWIMMING_POOL
A025390,P06348,WIFI
A025391,P06349,SWIMMING_POOL
A025392,P06349,CLUBHOUSE
A025393,P06349,PARKING
A025394,P06349,WIFI
A025395,P06349,GARDEN
A025396,P06349,GYM
A025397,P06350,POWER_BACKUP
A025398,P06350,GARDEN
A025399,P06350,SECURITY
A025400,P06350,GYM
A025401,P06351,SECURITY
A025402,P06351,GYM
A025403,P06351,SWIMMING_POOL
A025404,P06351,CLUBHOUSE
A025405,P06351,LIFT
A025406,P06351,AIR_CONDITIONING
A025407,P06352,AIR_CONDITIONING
A025408,P06352,SECURITY
A025409,P06352,POWER_BACKUP
A025410,P06352,GARDEN
A025411,P06353,PARKING
A025412,P06353,LIFT
A025413,P06353,CLUBHOUSE
A025414,P06353,SWIMMING_POOL
A025415,P06353,POWER_BACKUP
A025416,P06353,GARDEN
A025417,P06354,CLUBHOUSE
A025418,P06354,SWIMMING_POOL
A025419,P06354,LIFT
A025420,P06355,GYM
A025421,P06355,LIFT
A025422,P06355,AIR_CONDITIONING
A025423,P06356,LIFT
A025424,P06356,SECURITY
A025425,P06356,POWER_BACKUP
A025426,P06356,GYM
A025427,P06357,AIR_CONDITIONING
A025428,P06357,LIFT
A025429,P06357,POWER_BACKUP
A025430,P06357,WIFI
A025431,P06357,GYM
A025432,P06358,POWER_BACKUP
A025433,P06358,CLUBHOUSE
A025434,P06358,SWIMMING_POOL
A025435,P06358,PARKING
A025436,P06358,GARDEN
A025437,P06358,WIFI
A025438,P06359,SECURITY
A025439,P06359,PARKING
A025440,P06359,CLUBHOUSE
A025441,P06360,LIFT
A025442,P06360,SECURITY
A025443,P06360,POWER_BACKUP
A025444,P06360,GYM
A025445,P06361,POWER_BACKUP
A025446,P06361,LIFT
A025447,P06362,PARKING
A025448,P06362,SECURITY
A025449,P06363,SECURITY
A025450,P06363,PARKING
A025451,P06363,POWER_BACKUP
A025452,P06364,SWIMMING_POOL
A025453,P06364,AIR_CONDITIONING
A025454,P06364,CLUBHOUSE
A025455,P06365,SECURITY
A025456,P06365,CLUBHOUSE
A025457,P06365,LIFT
A025458,P06366,SECURITY
A025459,P06366,POWER_BACKUP
A025460,P06366,PARKING
A025461,P06366,AIR_CONDITIONING
A025462,P06367,GYM
A025463,P06367,WIFI
A025464,P06368,SWIMMING_POOL
A025465,P06368,SECURITY
A025466,P06368,GARDEN
A025467,P06369,AIR_CONDITIONING
A025468,P06369,LIFT
A025469,P06369,WIFI
A025470,P06369,SWIMMING_POOL
A025471,P06370,SECURITY
A025472,P06370,LIFT
A025473,P06370,GYM
A025474,P06371,POWER_BACKUP
A025475,P06371,SECURITY
A025476,P06371,LIFT
A025477,P06371,AIR_CONDITIONING
A025478,P06371,PARKING
A025479,P06372,SWIMMING_POOL
A025480,P06372,GYM
A025481,P06373,GARDEN
A025482,P06373,CLUBHOUSE
A025483,P06373,WIFI
A025484,P06374,PARKING
A025485,P06374,AIR_CONDITIONING
A025486,P06374,SECURITY
A025487,P06374,GYM
A025488,P06374,POWER_BACKUP
A025489,P06374,WIFI
A025490,P06375,CLUBHOUSE
A025491,P06375,PARKING
A025492,P06375,AIR_CONDITIONING
A025493,P06376,SWIMMING_POOL
A025494,P06376,LIFT
A025495,P06376,GARDEN
A025496,P06377,AIR_CONDITIONING
A025497,P06377,LIFT
A025498,P06377,POWER_BACKUP
A025499,P06377,GYM
A025500,P06377,CLUBHOUSE
A025501,P06377,SWIMMING_POOL
A025502,P06378,SWIMMING_POOL
A025503,P06378,LIFT
A025504,P06379,CLUBHOUSE
A025505,P06379,GARDEN
A025506,P06380,POWER_BACKUP
A025507,P06380,GARDEN
A025508,P06380,AIR_CONDITIONING
A025509,P06380,WIFI
A025510,P06380,SECURITY
A025511,P06381,GARDEN
A025512,P06381,AIR_CONDITIONING
A025513,P06381,SWIMMING_POOL
A025514,P06381,GYM
A025515,P06382,SECURITY
A025516,P06382,AIR_CONDITIONING
A025517,P06382,PARKING
A025518,P06382,GYM
A025519,P06382,SWIMMING_POOL
A025520,P06382,LIFT
A025521,P06383,LIFT
A025522,P06383,AIR_CONDITIONING
A025523,P06383,PARKING
A025524,P06383,POWER_BACKUP
A025525,P06383,WIFI
A025526,P06384,POWER_BACKUP
A025527,P06384,SWIMMING_POOL
A025528,P06384,CLUBHOUSE
A025529,P06384,SECURITY
A025530,P06384,AIR_CONDITIONING
A025531,P06385,LIFT
A025532,P06385,GARDEN
A025533,P06385,GYM
A025534,P06385,SECURITY
A025535,P06385,SWIMMING_POOL
A025536,P06386,GYM
A025537,P06386,LIFT
A025538,P06386,POWER_BACKUP
A025539,P06386,SECURITY
A025540,P06386,AIR_CONDITIONING
A025541,P06387,CLUBHOUSE
A025542,P06387,WIFI
A025543,P06388,CLUBHOUSE
A025544,P06388,AIR_CONDITIONING
A025545,P06389,POWER_BACKUP
A025546,P06389,GARDEN
A025547,P06389,CLUBHOUSE
A025548,P06390,POWER_BACKUP
A025549,P06390,CLUBHOUSE
A025550,P06390,SECURITY
A025551,P06390,GARDEN
A025552,P06390,WIFI
A025553,P06390,GYM
A025554,P06391,SWIMMING_POOL
A025555,P06391,AIR_CONDITIONING
A025556,P06391,PARKING
A025557,P06391,CLUBHOUSE
A025558,P06392,POWER_BACKUP
A025559,P06392,AIR_CONDITIONING
A025560,P06393,PARKING
A025561,P06393,GARDEN
A025562,P06393,POWER_BACKUP
A025563,P06394,GARDEN
A025564,P06394,AIR_CONDITIONING
A025565,P06394,PARKING
A025566,P06394,GYM
A025567,P06394,LIFT
A025568,P06394,SWIMMING_POOL
A025569,P06395,SWIMMING_POOL
A025570,P06395,CLUBHOUSE
A025571,P06395,GYM
A025572,P06395,LIFT
A025573,P06396,AIR_CONDITIONING
A025574,P06396,GYM
A025575,P06396,LIFT
A025576,P06397,SWIMMING_POOL
A025577,P06397,POWER_BACKUP
A025578,P06397,AIR_CONDITIONING
A025579,P06397,WIFI
A025580,P06398,CLUBHOUSE
A025581,P06398,LIFT
A025582,P06398,POWER_BACKUP
A025583,P06398,SECURITY
A025584,P06398,SWIMMING_POOL
A025585,P06398,WIFI
A025586,P06399,AIR_CONDITIONING
A025587,P06399,LIFT
A025588,P06400,WIFI
A025589,P06400,PARKING
A025590,P06400,LIFT
A025591,P06401,WIFI
A025592,P06401,AIR_CONDITIONING
A025593,P06401,PARKING
A025594,P06401,GARDEN
A025595,P06401,SWIMMING_POOL
A025596,P06401,POWER_BACKUP
A025597,P06402,SECURITY
A025598,P06402,GYM
A025599,P06402,LIFT
A025600,P06403,AIR_CONDITIONING
A025601,P06403,PARKING
A025602,P06403,GYM
A025603,P06403,GARDEN
A025604,P06403,LIFT
A025605,P06404,PARKING
A025606,P06404,GARDEN
A025607,P06404,SWIMMING_POOL
A025608,P06404,POWER_BACKUP
A025609,P06404,AIR_CONDITIONING
A025610,P06404,LIFT
A025611,P06405,GARDEN
A025612,P06405,SECURITY
A025613,P06406,LIFT
A025614,P06406,SECURITY
A025615,P06407,GYM
A025616,P06407,SECURITY
A025617,P06407,SWIMMING_POOL
A025618,P06407,PARKING
A025619,P06407,CLUBHOUSE
A025620,P06407,GARDEN
A025621,P06408,SWIMMING_POOL
A025622,P06408,AIR_CONDITIONING
A025623,P06408,SECURITY
A025624,P06408,PARKING
A025625,P06409,GARDEN
A025626,P06409,SECURITY
A025627,P06409,PARKING
A025628,P06409,AIR_CONDITIONING
A025629,P06409,CLUBHOUSE
A025630,P06410,SECURITY
A025631,P06410,POWER_BACKUP
A025632,P06410,AIR_CONDITIONING
A025633,P06411,GYM
A025634,P06411,POWER_BACKUP
A025635,P06411,WIFI
A025636,P06411,GARDEN
A025637,P06412,POWER_BACKUP
A025638,P06412,PARKING
A025639,P06412,AIR_CONDITIONING
A025640,P06412,SWIMMING_POOL
A025641,P06412,SECURITY
A025642,P06412,LIFT
A025643,P06413,WIFI
A025644,P06413,SWIMMING_POOL
A025645,P06413,AIR_CONDITIONING
A025646,P06414,SWIMMING_POOL
A025647,P06414,SECURITY
A025648,P06414,POWER_BACKUP
A025649,P06414,LIFT
A025650,P06415,GARDEN
A025651,P06415,SECURITY
A025652,P06416,WIFI
A025653,P06416,PARKING
A025654,P06416,GARDEN
A025655,P06416,SECURITY
A025656,P06416,CLUBHOUSE
A025657,P06416,LIFT
A025658,P06417,SECURITY
A025659,P06417,GYM
A025660,P06417,GARDEN
A025661,P06417,CLUBHOUSE
A025662,P06418,POWER_BACKUP
A025663,P06418,AIR_CONDITIONING
A025664,P06418,GARDEN
A025665,P06419,WIFI
A025666,P06419,GYM
A025667,P06419,POWER_BACKUP
A025668,P06419,SECURITY
A025669,P06420,CLUBHOUSE
A025670,P06420,LIFT
A025671,P06420,SECURITY
A025672,P06421,WIFI
A025673,P06421,SWIMMING_POOL
A025674,P06421,SECURITY
A025675,P06421,LIFT
A025676,P06422,WIFI
A025677,P06422,LIFT
A025678,P06422,SECURITY
A025679,P06422,CLUBHOUSE
A025680,P06422,SWIMMING_POOL
A025681,P06422,GYM
A025682,P06423,PARKING
A025683,P06423,WIFI
A025684,P06424,GARDEN
A025685,P06424,WIFI
A025686,P06424,GYM
A025687,P06424,POWER_BACKUP
A025688,P06424,SECURITY
A025689,P06425,CLUBHOUSE
A025690,P06425,GYM
A025691,P06425,SECURITY
A025692,P06426,POWER_BACKUP
A025693,P06426,GARDEN
A025694,P06426,WIFI
A025695,P06426,CLUBHOUSE
A025696,P06426,GYM
A025697,P06427,SECURITY
A025698,P06427,PARKING
A025699,P06428,GYM
A025700,P06428,AIR_CONDITIONING
A025701,P06428,SECURITY
A025702,P06428,LIFT
A025703,P06428,POWER_BACKUP
A025704,P06429,GYM
A025705,P06429,SWIMMING_POOL
A025706,P06429,CLUBHOUSE
A025707,P06429,PARKING
A025708,P06430,CLUBHOUSE
A025709,P06430,LIFT
A025710,P06430,GARDEN
A025711,P06431,LIFT
A025712,P06431,GARDEN
A025713,P06431,PARKING
A025714,P06431,POWER_BACKUP
A025715,P06431,SECURITY
A025716,P06431,SWIMMING_POOL
A025717,P06432,SWIMMING_POOL
A025718,P06432,AIR_CONDITIONING
A025719,P06432,LIFT
A025720,P06432,PARKING
A025721,P06432,GYM
A025722,P06432,SECURITY
A025723,P06433,SECURITY
A025724,P06433,PARKING
A025725,P06433,AIR_CONDITIONING
A025726,P06433,SWIMMING_POOL
A025727,P06433,POWER_BACKUP
A025728,P06434,POWER_BACKUP
A025729,P06434,GYM
A025730,P06434,LIFT
A025731,P06435,PARKING
A025732,P06435,POWER_BACKUP
A025733,P06435,SECURITY
A025734,P06436,PARKING
A025735,P06436,GARDEN
A025736,P06436,AIR_CONDITIONING
A025737,P06436,CLUBHOUSE
A025738,P06436,LIFT
A025739,P06437,AIR_CONDITIONING
A025740,P06437,POWER_BACKUP
A025741,P06438,PARKING
A025742,P06438,POWER_BACKUP
A025743,P06438,LIFT
A025744,P06438,SECURITY
A025745,P06438,GARDEN
A025746,P06438,SWIMMING_POOL
A025747,P06439,AIR_CONDITIONING
A025748,P06439,LIFT
A025749,P06440,GYM
A025750,P06440,GARDEN
A025751,P06440,AIR_CONDITIONING
A025752,P06441,PARKING
A025753,P06441,GARDEN
A025754,P06441,WIFI
A025755,P06442,AIR_CONDITIONING
A025756,P06442,SECURITY
A025757,P06443,GYM
A025758,P06443,CLUBHOUSE
A025759,P06444,SECURITY
A025760,P06444,POWER_BACKUP
A025761,P06445,AIR_CONDITIONING
A025762,P06445,GARDEN
A025763,P06445,CLUBHOUSE
A025764,P06445,POWER_BACKUP
A025765,P06445,GYM
A025766,P06445,PARKING
A025767,P06446,CLUBHOUSE
A025768,P06446,GYM
A025769,P06446,PARKING
A025770,P06446,SECURITY
A025771,P06446,WIFI
A025772,P06446,SWIMMING_POOL
A025773,P06447,GYM
A025774,P06447,SECURITY
A025775,P06447,CLUBHOUSE
A025776,P06447,LIFT
A025777,P06447,PARKING
A025778,P06448,AIR_CONDITIONING
A025779,P06448,SWIMMING_POOL
A025780,P06448,WIFI
A025781,P06448,SECURITY
A025782,P06449,GYM
A025783,P06449,SECURITY
A025784,P06449,WIFI
A025785,P06449,AIR_CONDITIONING
A025786,P06450,CLUBHOUSE
A025787,P06450,LIFT
A025788,P06450,GYM
A025789,P06450,AIR_CONDITIONING
A025790,P06450,SWIMMING_POOL
A025791,P06450,GARDEN
A025792,P06451,GARDEN
A025793,P06451,PARKING
A025794,P06451,LIFT
A025795,P06451,AIR_CONDITIONING
A025796,P06451,GYM
A025797,P06452,LIFT
A025798,P06452,GARDEN
A025799,P06452,SECURITY
A025800,P06452,AIR_CONDITIONING
A025801,P06452,POWER_BACKUP
A025802,P06453,SWIMMING_POOL
A025803,P06453,SECURITY
A025804,P06453,GYM
A025805,P06454,POWER_BACKUP
A025806,P06454,GARDEN
A025807,P06454,SWIMMING_POOL
A025808,P06454,GYM
A025809,P06454,AIR_CONDITIONING
A025810,P06455,AIR_CONDITIONING
A025811,P06455,PARKING
A025812,P06455,POWER_BACKUP
A025813,P06456,PARKING
A025814,P06456,SWIMMING_POOL
A025815,P06456,POWER_BACKUP
A025816,P06457,WIFI
A025817,P06457,GARDEN
A025818,P06457,POWER_BACKUP
A025819,P06457,PARKING
A025820,P06457,SWIMMING_POOL
A025821,P06458,POWER_BACKUP
A025822,P06458,GYM
A025823,P06458,LIFT
A025824,P06458,SECURITY
A025825,P06458,CLUBHOUSE
A025826,P06458,WIFI
A025827,P06459,SECURITY
A025828,P06459,SWIMMING_POOL
A025829,P06460,GARDEN
A025830,P06460,CLUBHOUSE
A025831,P06460,POWER_BACKUP
A025832,P06460,SECURITY
A025833,P06460,PARKING
A025834,P06461,LIFT
A025835,P06461,PARKING
A025836,P06461,SWIMMING_POOL
A025837,P06461,CLUBHOUSE
A025838,P06462,PARKING
A025839,P06462,SWIMMING_POOL
A025840,P06463,GARDEN
A025841,P06463,PARKING
A025842,P06464,AIR_CONDITIONING
A025843,P06464,PARKING
A025844,P06464,GARDEN
A025845,P06464,POWER_BACKUP
A025846,P06465,GYM
A025847,P06465,POWER_BACKUP
A025848,P06465,LIFT
A025849,P06466,AIR_CONDITIONING
A025850,P06466,SWIMMING_POOL
A025851,P06466,PARKING
A025852,P06466,POWER_BACKUP
A025853,P06467,CLUBHOUSE
A025854,P06467,LIFT
A025855,P06467,SECURITY
A025856,P06467,GARDEN
A025857,P06467,POWER_BACKUP
A025858,P06467,SWIMMING_POOL
A025859,P06468,SWIMMING_POOL
A025860,P06468,GYM
A025861,P06468,GARDEN
A025862,P06468,WIFI
A025863,P06468,PARKING
A025864,P06469,AIR_CONDITIONING
A025865,P06469,LIFT
A025866,P06470,AIR_CONDITIONING
A025867,P06470,GARDEN
A025868,P06471,CLUBHOUSE
A025869,P06471,LIFT
A025870,P06471,GYM
A025871,P06471,SECURITY
A025872,P06471,AIR_CONDITIONING
A025873,P06471,POWER_BACKUP
A025874,P06472,PARKING
A025875,P06472,SWIMMING_POOL
A025876,P06472,POWER_BACKUP
A025877,P06472,CLUBHOUSE
A025878,P06472,SECURITY
A025879,P06473,SECURITY
A025880,P06473,LIFT
A025881,P06473,SWIMMING_POOL
A025882,P06473,CLUBHOUSE
A025883,P06474,AIR_CONDITIONING
A025884,P06474,SWIMMING_POOL
A025885,P06474,SECURITY
A025886,P06474,WIFI
A025887,P06474,GARDEN
A025888,P06474,POWER_BACKUP
A025889,P06475,CLUBHOUSE
A025890,P06475,AIR_CONDITIONING
A025891,P06475,POWER_BACKUP
A025892,P06475,WIFI
A025893,P06475,PARKING
A025894,P06475,GYM
A025895,P06476,AIR_CONDITIONING
A025896,P06476,SWIMMING_POOL
A025897,P06476,SECURITY
A025898,P06476,POWER_BACKUP
A025899,P06476,GARDEN
A025900,P06477,GYM
A025901,P06477,WIFI
A025902,P06477,AIR_CONDITIONING
A025903,P06477,PARKING
A025904,P06478,GYM
A025905,P06478,CLUBHOUSE
A025906,P06478,SECURITY
A025907,P06479,WIFI
A025908,P06479,AIR_CONDITIONING
A025909,P06479,GYM
A025910,P06479,LIFT
A025911,P06479,POWER_BACKUP
A025912,P06480,CLUBHOUSE
A025913,P06480,PARKING
A025914,P06481,SECURITY
A025915,P06481,GYM
A025916,P06481,CLUBHOUSE
A025917,P06482,LIFT
A025918,P06482,GARDEN
A025919,P06483,LIFT
A025920,P06483,POWER_BACKUP
A025921,P06483,PARKING
A025922,P06483,GARDEN
A025923,P06484,PARKING
A025924,P06484,SECURITY
A025925,P06484,LIFT
A025926,P06484,CLUBHOUSE
A025927,P06485,LIFT
A025928,P06485,GARDEN
A025929,P06485,PARKING
A025930,P06485,WIFI
A025931,P06485,CLUBHOUSE
A025932,P06485,GYM
A025933,P06486,SWIMMING_POOL
A025934,P06486,WIFI
A025935,P06486,SECURITY
A025936,P06486,AIR_CONDITIONING
A025937,P06486,POWER_BACKUP
A025938,P06487,AIR_CONDITIONING
A025939,P06487,SWIMMING_POOL
A025940,P06487,GARDEN
A025941,P06487,POWER_BACKUP
A025942,P06488,SECURITY
A025943,P06488,GYM
A025944,P06488,POWER_BACKUP
A025945,P06488,AIR_CONDITIONING
A025946,P06489,PARKING
A025947,P06489,LIFT
A025948,P06489,AIR_CONDITIONING
A025949,P06489,POWER_BACKUP
A025950,P06490,POWER_BACKUP
A025951,P06490,CLUBHOUSE
A025952,P06490,AIR_CONDITIONING
A025953,P06490,WIFI
A025954,P06490,SWIMMING_POOL
A025955,P06491,AIR_CONDITIONING
A025956,P06491,GYM
A025957,P06491,WIFI
A025958,P06492,SWIMMING_POOL
A025959,P06492,PARKING
A025960,P06492,POWER_BACKUP
A025961,P06492,GARDEN
A025962,P06492,CLUBHOUSE
A025963,P06493,AIR_CONDITIONING
A025964,P06493,POWER_BACKUP
A025965,P06493,SECURITY
A025966,P06493,GYM
A025967,P06493,PARKING
A025968,P06494,GARDEN
A025969,P06494,GYM
A025970,P06495,WIFI
A025971,P06495,AIR_CONDITIONING
A025972,P06496,PARKING
A025973,P06496,GARDEN
A025974,P06496,AIR_CONDITIONING
A025975,P06496,WIFI
A025976,P06497,WIFI
A025977,P06497,CLUBHOUSE
A025978,P06497,PARKING
A025979,P06497,GARDEN
A025980,P06497,POWER_BACKUP
A025981,P06498,AIR_CONDITIONING
A025982,P06498,WIFI
A025983,P06499,GARDEN
A025984,P06499,AIR_CONDITIONING
A025985,P06499,SWIMMING_POOL
A025986,P06499,POWER_BACKUP
A025987,P06500,POWER_BACKUP
A025988,P06500,SECURITY
A025989,P06501,SWIMMING_POOL
A025990,P06501,AIR_CONDITIONING
A025991,P06502,AIR_CONDITIONING
A025992,P06502,GARDEN
A025993,P06502,SECURITY
A025994,P06502,PARKING
A025995,P06502,WIFI
A025996,P06502,GYM
A025997,P06503,PARKING
A025998,P06503,GARDEN
A025999,P06504,AIR_CONDITIONING
A026000,P06504,LIFT
A026001,P06504,CLUBHOUSE
A026002,P06504,SWIMMING_POOL
A026003,P06504,WIFI
A026004,P06505,WIFI
A026005,P06505,GARDEN
A026006,P06505,CLUBHOUSE
A026007,P06506,PARKING
A026008,P06506,SECURITY
A026009,P06506,WIFI
A026010,P06506,GARDEN
A026011,P06506,GYM
A026012,P06507,PARKING
A026013,P06507,CLUBHOUSE
A026014,P06508,SECURITY
A026015,P06508,GARDEN
A026016,P06508,LIFT
A026017,P06509,SWIMMING_POOL
A026018,P06509,WIFI
A026019,P06510,AIR_CONDITIONING
A026020,P06510,SWIMMING_POOL
A026021,P06510,LIFT
A026022,P06510,CLUBHOUSE
A026023,P06510,GARDEN
A026024,P06510,POWER_BACKUP
A026025,P06511,CLUBHOUSE
A026026,P06511,LIFT
A026027,P06511,GARDEN
A026028,P06512,CLUBHOUSE
A026029,P06512,SWIMMING_POOL
A026030,P06512,GYM
A026031,P06512,PARKING
A026032,P06512,AIR_CONDITIONING
A026033,P06513,WIFI
A026034,P06513,PARKING
A026035,P06513,LIFT
A026036,P06513,GARDEN
A026037,P06513,SECURITY
A026038,P06514,POWER_BACKUP
A026039,P06514,SWIMMING_POOL
A026040,P06514,LIFT
A026041,P06514,PARKING
A026042,P06515,GYM
A026043,P06515,POWER_BACKUP
A026044,P06515,CLUBHOUSE
A026045,P06515,AIR_CONDITIONING
A026046,P06516,SECURITY
A026047,P06516,AIR_CONDITIONING
A026048,P06516,GARDEN
A026049,P06516,LIFT
A026050,P06516,POWER_BACKUP
A026051,P06516,SWIMMING_POOL
A026052,P06517,CLUBHOUSE
A026053,P06517,SWIMMING_POOL
A026054,P06517,GYM
A026055,P06517,LIFT
A026056,P06517,SECURITY
A026057,P06518,GYM
A026058,P06518,CLUBHOUSE
A026059,P06518,POWER_BACKUP
A026060,P06518,SECURITY
A026061,P06519,POWER_BACKUP
A026062,P06519,CLUBHOUSE
A026063,P06519,PARKING
A026064,P06519,LIFT
A026065,P06519,WIFI
A026066,P06520,PARKING
A026067,P06520,WIFI
A026068,P06520,CLUBHOUSE
A026069,P06520,GARDEN
A026070,P06521,CLUBHOUSE
A026071,P06521,POWER_BACKUP
A026072,P06521,SWIMMING_POOL
A026073,P06521,GARDEN
A026074,P06521,AIR_CONDITIONING
A026075,P06521,GYM
A026076,P06522,SWIMMING_POOL
A026077,P06522,WIFI
A026078,P06522,SECURITY
A026079,P06522,LIFT
A026080,P06522,GARDEN
A026081,P06523,SECURITY
A026082,P06523,PARKING
A026083,P06523,CLUBHOUSE
A026084,P06523,LIFT
A026085,P06523,GARDEN
A026086,P06524,SECURITY
A026087,P06524,PARKING
A026088,P06524,CLUBHOUSE
A026089,P06524,SWIMMING_POOL
A026090,P06524,LIFT
A026091,P06525,LIFT
A026092,P06525,AIR_CONDITIONING
A026093,P06525,GYM
A026094,P06525,PARKING
A026095,P06525,CLUBHOUSE
A026096,P06525,SECURITY
A026097,P06526,WIFI
A026098,P06526,LIFT
A026099,P06526,SECURITY
A026100,P06526,GARDEN
A026101,P06527,SWIMMING_POOL
A026102,P06527,CLUBHOUSE
A026103,P06528,SWIMMING_POOL
A026104,P06528,AIR_CONDITIONING
A026105,P06528,SECURITY
A026106,P06528,LIFT
A026107,P06528,CLUBHOUSE
A026108,P06529,GARDEN
A026109,P06529,GYM
A026110,P06529,SWIMMING_POOL
A026111,P06529,AIR_CONDITIONING
A026112,P06529,POWER_BACKUP
A026113,P06529,WIFI
A026114,P06530,GARDEN
A026115,P06530,GYM
A026116,P06530,SWIMMING_POOL
A026117,P06530,AIR_CONDITIONING
A026118,P06530,SECURITY
A026119,P06531,SECURITY
A026120,P06531,SWIMMING_POOL
A026121,P06531,AIR_CONDITIONING
A026122,P06531,PARKING
A026123,P06532,LIFT
A026124,P06532,POWER_BACKUP
A026125,P06532,WIFI
A026126,P06533,CLUBHOUSE
A026127,P06533,POWER_BACKUP
A026128,P06533,WIFI
A026129,P06533,PARKING
A026130,P06533,GARDEN
A026131,P06534,AIR_CONDITIONING
A026132,P06534,POWER_BACKUP
A026133,P06534,PARKING
A026134,P06534,LIFT
A026135,P06534,GARDEN
A026136,P06535,CLUBHOUSE
A026137,P06535,SECURITY
A026138,P06535,GYM
A026139,P06536,AIR_CONDITIONING
A026140,P06536,CLUBHOUSE
A026141,P06536,POWER_BACKUP
A026142,P06536,SECURITY
A026143,P06536,PARKING
A026144,P06537,PARKING
A026145,P06537,LIFT
A026146,P06537,CLUBHOUSE
A026147,P06538,GYM
A026148,P06538,LIFT
A026149,P06538,PARKING
A026150,P06539,CLUBHOUSE
A026151,P06539,AIR_CONDITIONING
A026152,P06539,SECURITY
A026153,P06539,LIFT
A026154,P06539,GYM
A026155,P06540,POWER_BACKUP
A026156,P06540,SWIMMING_POOL
A026157,P06540,AIR_CONDITIONING
A026158,P06541,SECURITY
A026159,P06541,PARKING
A026160,P06541,SWIMMING_POOL
A026161,P06541,POWER_BACKUP
A026162,P06542,GYM
A026163,P06542,LIFT
A026164,P06542,SWIMMING_POOL
A026165,P06542,WIFI
A026166,P06542,GARDEN
A026167,P06543,SWIMMING_POOL
A026168,P06543,WIFI
A026169,P06544,WIFI
A026170,P06544,GYM
A026171,P06544,CLUBHOUSE
A026172,P06544,GARDEN
A026173,P06544,PARKING
A026174,P06545,SWIMMING_POOL
A026175,P06545,GARDEN
A026176,P06545,WIFI
A026177,P06546,AIR_CONDITIONING
A026178,P06546,WIFI
A026179,P06546,CLUBHOUSE
A026180,P06547,SECURITY
A026181,P06547,AIR_CONDITIONING
A026182,P06547,CLUBHOUSE
A026183,P06547,GYM
A026184,P06548,WIFI
A026185,P06548,AIR_CONDITIONING
A026186,P06548,POWER_BACKUP
A026187,P06548,GYM
A026188,P06548,CLUBHOUSE
A026189,P06548,LIFT
A026190,P06549,POWER_BACKUP
A026191,P06549,GARDEN
A026192,P06550,GARDEN
A026193,P06550,LIFT
A026194,P06550,SECURITY
A026195,P06550,WIFI
A026196,P06550,SWIMMING_POOL
A026197,P06550,CLUBHOUSE
A026198,P06551,PARKING
A026199,P06551,SWIMMING_POOL
A026200,P06552,CLUBHOUSE
A026201,P06552,GYM
A026202,P06553,CLUBHOUSE
A026203,P06553,GYM
A026204,P06553,LIFT
A026205,P06553,PARKING
A026206,P06553,WIFI
A026207,P06553,AIR_CONDITIONING
A026208,P06554,LIFT
A026209,P06554,CLUBHOUSE
A026210,P06554,GYM
A026211,P06555,GYM
A026212,P06555,GARDEN
A026213,P06555,CLUBHOUSE
A026214,P06555,POWER_BACKUP
A026215,P06555,PARKING
A026216,P06556,PARKING
A026217,P06556,POWER_BACKUP
A026218,P06556,LIFT
A026219,P06556,GARDEN
A026220,P06556,GYM
A026221,P06556,SWIMMING_POOL
A026222,P06557,AIR_CONDITIONING
A026223,P06557,GARDEN
A026224,P06557,CLUBHOUSE
A026225,P06557,SECURITY
A026226,P06557,WIFI
A026227,P06558,CLUBHOUSE
A026228,P06558,SWIMMING_POOL
A026229,P06559,GARDEN
A026230,P06559,SECURITY
A026231,P06559,GYM
A026232,P06559,SWIMMING_POOL
A026233,P06559,PARKING
A026234,P06559,CLUBHOUSE
A026235,P06560,PARKING
A026236,P06560,POWER_BACKUP
A026237,P06560,GARDEN
A026238,P06560,GYM
A026239,P06560,SWIMMING_POOL
A026240,P06560,LIFT
A026241,P06561,WIFI
A026242,P06561,GYM
A026243,P06561,POWER_BACKUP
A026244,P06561,SECURITY
A026245,P06561,SWIMMING_POOL
A026246,P06561,LIFT
A026247,P06562,WIFI
A026248,P06562,GARDEN
A026249,P06562,GYM
A026250,P06562,PARKING
A026251,P06562,CLUBHOUSE
A026252,P06563,POWER_BACKUP
A026253,P06563,CLUBHOUSE
A026254,P06564,SECURITY
A026255,P06564,GARDEN
A026256,P06564,LIFT
A026257,P06565,SECURITY
A026258,P06565,PARKING
A026259,P06565,WIFI
A026260,P06565,POWER_BACKUP
A026261,P06565,CLUBHOUSE
A026262,P06566,LIFT
A026263,P06566,POWER_BACKUP
A026264,P06567,SWIMMING_POOL
A026265,P06567,GYM
A026266,P06567,PARKING
A026267,P06567,SECURITY
A026268,P06567,AIR_CONDITIONING
A026269,P06567,GARDEN
A026270,P06568,CLUBHOUSE
A026271,P06568,LIFT
A026272,P06568,WIFI
A026273,P06569,POWER_BACKUP
A026274,P06569,GARDEN
A026275,P06569,WIFI
A026276,P06569,LIFT
A026277,P06570,AIR_CONDITIONING
A026278,P06570,PARKING
A026279,P06570,POWER_BACKUP
A026280,P06570,GYM
A026281,P06570,CLUBHOUSE
A026282,P06571,AIR_CONDITIONING
A026283,P06571,CLUBHOUSE
A026284,P06571,GARDEN
A026285,P06571,POWER_BACKUP
A026286,P06571,SWIMMING_POOL
A026287,P06571,PARKING
A026288,P06572,SECURITY
A026289,P06572,GARDEN
A026290,P06572,GYM
A026291,P06572,WIFI
A026292,P06572,LIFT
A026293,P06573,GYM
A026294,P06573,SECURITY
A026295,P06573,GARDEN
A026296,P06573,PARKING
A026297,P06574,POWER_BACKUP
A026298,P06574,PARKING
A026299,P06575,CLUBHOUSE
A026300,P06575,PARKING
A026301,P06576,POWER_BACKUP
A026302,P06576,GYM
A026303,P06576,GARDEN
A026304,P06576,WIFI
A026305,P06576,PARKING
A026306,P06577,PARKING
A026307,P06577,CLUBHOUSE
A026308,P06577,SWIMMING_POOL
A026309,P06577,POWER_BACKUP
A026310,P06578,GYM
A026311,P06578,LIFT
A026312,P06578,PARKING
A026313,P06578,CLUBHOUSE
A026314,P06578,AIR_CONDITIONING
A026315,P06578,SECURITY
A026316,P06579,AIR_CONDITIONING
A026317,P06579,GYM
A026318,P06579,CLUBHOUSE
A026319,P06579,WIFI
A026320,P06579,GARDEN
A026321,P06580,SWIMMING_POOL
A026322,P06580,WIFI
A026323,P06581,GYM
A026324,P06581,GARDEN
A026325,P06581,SWIMMING_POOL
A026326,P06581,AIR_CONDITIONING
A026327,P06581,PARKING
A026328,P06582,POWER_BACKUP
A026329,P06582,SECURITY
A026330,P06583,GYM
A026331,P06583,GARDEN
A026332,P06584,GARDEN
A026333,P06584,LIFT
A026334,P06584,CLUBHOUSE
A026335,P06584,AIR_CONDITIONING
A026336,P06584,WIFI
A026337,P06585,WIFI
A026338,P06585,LIFT
A026339,P06585,SECURITY
A026340,P06585,PARKING
A026341,P06586,POWER_BACKUP
A026342,P06586,SECURITY
A026343,P06587,PARKING
A026344,P06587,CLUBHOUSE
A026345,P06588,SECURITY
A026346,P06588,AIR_CONDITIONING
A026347,P06588,LIFT
A026348,P06589,GYM
A026349,P06589,SWIMMING_POOL
A026350,P06589,CLUBHOUSE
A026351,P06589,PARKING
A026352,P06589,POWER_BACKUP
A026353,P06590,WIFI
A026354,P06590,SECURITY
A026355,P06591,AIR_CONDITIONING
A026356,P06591,GARDEN
A026357,P06591,WIFI
A026358,P06592,PARKING
A026359,P06592,CLUBHOUSE
A026360,P06592,WIFI
A026361,P06592,SWIMMING_POOL
A026362,P06592,POWER_BACKUP
A026363,P06593,CLUBHOUSE
A026364,P06593,WIFI
A026365,P06593,SECURITY
A026366,P06593,GYM
A026367,P06594,GYM
A026368,P06594,AIR_CONDITIONING
A026369,P06594,PARKING
A026370,P06595,POWER_BACKUP
A026371,P06595,AIR_CONDITIONING
A026372,P06595,GYM
A026373,P06595,SWIMMING_POOL
A026374,P06595,WIFI
A026375,P06595,GARDEN
A026376,P06596,GYM
A026377,P06596,POWER_BACKUP
A026378,P06596,SECURITY
A026379,P06596,SWIMMING_POOL
A026380,P06596,LIFT
A026381,P06597,CLUBHOUSE
A026382,P06597,GARDEN
A026383,P06597,POWER_BACKUP
A026384,P06597,GYM
A026385,P06597,WIFI
A026386,P06597,PARKING
A026387,P06598,AIR_CONDITIONING
A026388,P06598,LIFT
A026389,P06598,POWER_BACKUP
A026390,P06598,CLUBHOUSE
A026391,P06599,WIFI
A026392,P06599,LIFT
A026393,P06599,SECURITY
A026394,P06600,CLUBHOUSE
A026395,P06600,GARDEN
A026396,P06600,SECURITY
A026397,P06600,LIFT
A026398,P06600,PARKING
A026399,P06601,PARKING
A026400,P06601,POWER_BACKUP
A026401,P06601,AIR_CONDITIONING
A026402,P06601,SECURITY
A026403,P06601,WIFI
A026404,P06602,SECURITY
A026405,P06602,GYM
A026406,P06602,SWIMMING_POOL
A026407,P06602,LIFT
A026408,P06602,POWER_BACKUP
A026409,P06602,GARDEN
A026410,P06603,SECURITY
A026411,P06603,WIFI
A026412,P06603,PARKING
A026413,P06603,GYM
A026414,P06603,POWER_BACKUP
A026415,P06603,SWIMMING_POOL
A026416,P06604,GYM
A026417,P06604,WIFI
A026418,P06604,LIFT
A026419,P06604,PARKING
A026420,P06604,GARDEN
A026421,P06605,SWIMMING_POOL
A026422,P06605,AIR_CONDITIONING
A026423,P06605,GYM
A026424,P06606,AIR_CONDITIONING
A026425,P06606,SWIMMING_POOL
A026426,P06606,SECURITY
A026427,P06606,POWER_BACKUP
A026428,P06606,GYM
A026429,P06607,SWIMMING_POOL
A026430,P06607,AIR_CONDITIONING
A026431,P06608,SECURITY
A026432,P06608,LIFT
A026433,P06608,CLUBHOUSE
A026434,P06608,PARKING
A026435,P06608,POWER_BACKUP
A026436,P06609,POWER_BACKUP
A026437,P06609,LIFT
A026438,P06609,SWIMMING_POOL
A026439,P06609,PARKING
A026440,P06609,AIR_CONDITIONING
A026441,P06610,GARDEN
A026442,P06610,PARKING
A026443,P06610,GYM
A026444,P06610,SECURITY
A026445,P06611,GARDEN
A026446,P06611,LIFT
A026447,P06611,SWIMMING_POOL
A026448,P06611,CLUBHOUSE
A026449,P06612,LIFT
A026450,P06612,SWIMMING_POOL
A026451,P06612,SECURITY
A026452,P06612,PARKING
A026453,P06612,GYM
A026454,P06613,AIR_CONDITIONING
A026455,P06613,POWER_BACKUP
A026456,P06613,WIFI
A026457,P06613,GARDEN
A026458,P06613,CLUBHOUSE
A026459,P06613,SWIMMING_POOL
A026460,P06614,PARKING
A026461,P06614,AIR_CONDITIONING
A026462,P06614,CLUBHOUSE
A026463,P06614,WIFI
A026464,P06615,AIR_CONDITIONING
A026465,P06615,SWIMMING_POOL
A026466,P06615,POWER_BACKUP
A026467,P06616,WIFI
A026468,P06616,GYM
A026469,P06616,SWIMMING_POOL
A026470,P06616,CLUBHOUSE
A026471,P06616,POWER_BACKUP
A026472,P06617,POWER_BACKUP
A026473,P06617,SECURITY
A026474,P06618,PARKING
A026475,P06618,GYM
A026476,P06618,WIFI
A026477,P06618,SWIMMING_POOL
A026478,P06618,POWER_BACKUP
A026479,P06618,GARDEN
A026480,P06619,GARDEN
A026481,P06619,LIFT
A026482,P06619,SECURITY
A026483,P06620,GARDEN
A026484,P06620,GYM
A026485,P06620,WIFI
A026486,P06621,AIR_CONDITIONING
A026487,P06621,GYM
A026488,P06621,PARKING
A026489,P06622,PARKING
A026490,P06622,LIFT
A026491,P06622,SECURITY
A026492,P06622,AIR_CONDITIONING
A026493,P06622,GYM
A026494,P06622,CLUBHOUSE
A026495,P06623,GYM
A026496,P06623,GARDEN
A026497,P06623,PARKING
A026498,P06623,CLUBHOUSE
A026499,P06623,LIFT
A026500,P06623,SECURITY
A026501,P06624,CLUBHOUSE
A026502,P06624,LIFT
A026503,P06624,POWER_BACKUP
A026504,P06624,AIR_CONDITIONING
A026505,P06624,GYM
A026506,P06625,WIFI
A026507,P06625,AIR_CONDITIONING
A026508,P06625,SWIMMING_POOL
A026509,P06625,POWER_BACKUP
A026510,P06626,WIFI
A026511,P06626,PARKING
A026512,P06627,GYM
A026513,P06627,GARDEN
A026514,P06627,AIR_CONDITIONING
A026515,P06627,PARKING
A026516,P06627,LIFT
A026517,P06628,CLUBHOUSE
A026518,P06628,WIFI
A026519,P06629,POWER_BACKUP
A026520,P06629,GARDEN
A026521,P06630,SWIMMING_POOL
A026522,P06630,CLUBHOUSE
A026523,P06630,GARDEN
A026524,P06630,PARKING
A026525,P06630,POWER_BACKUP
A026526,P06631,PARKING
A026527,P06631,POWER_BACKUP
A026528,P06631,LIFT
A026529,P06631,SWIMMING_POOL
A026530,P06632,WIFI
A026531,P06632,CLUBHOUSE
A026532,P06632,GARDEN
A026533,P06633,CLUBHOUSE
A026534,P06633,WIFI
A026535,P06633,POWER_BACKUP
A026536,P06634,SWIMMING_POOL
A026537,P06634,AIR_CONDITIONING
A026538,P06634,POWER_BACKUP
A026539,P06634,CLUBHOUSE
A026540,P06634,LIFT
A026541,P06635,GARDEN
A026542,P06635,AIR_CONDITIONING
A026543,P06635,GYM
A026544,P06635,POWER_BACKUP
A026545,P06635,LIFT
A026546,P06635,SECURITY
A026547,P06636,CLUBHOUSE
A026548,P06636,GARDEN
A026549,P06636,GYM
A026550,P06637,SWIMMING_POOL
A026551,P06637,POWER_BACKUP
A026552,P06637,GARDEN
A026553,P06637,GYM
A026554,P06637,CLUBHOUSE
A026555,P06637,WIFI
A026556,P06638,SWIMMING_POOL
A026557,P06638,PARKING
A026558,P06638,SECURITY
A026559,P06638,AIR_CONDITIONING
A026560,P06638,GYM
A026561,P06638,POWER_BACKUP
A026562,P06639,CLUBHOUSE
A026563,P06639,SWIMMING_POOL
A026564,P06639,LIFT
A026565,P06639,WIFI
A026566,P06639,SECURITY
A026567,P06639,POWER_BACKUP
A026568,P06640,SWIMMING_POOL
A026569,P06640,SECURITY
A026570,P06640,GARDEN
A026571,P06640,WIFI
A026572,P06640,GYM
A026573,P06640,LIFT
A026574,P06641,SECURITY
A026575,P06641,AIR_CONDITIONING
A026576,P06641,PARKING
A026577,P06641,CLUBHOUSE
A026578,P06641,WIFI
A026579,P06641,SWIMMING_POOL
A026580,P06642,WIFI
A026581,P06642,SWIMMING_POOL
A026582,P06642,SECURITY
A026583,P06642,GYM
A026584,P06642,AIR_CONDITIONING
A026585,P06642,GARDEN
A026586,P06643,GYM
A026587,P06643,SECURITY
A026588,P06643,WIFI
A026589,P06643,POWER_BACKUP
A026590,P06643,AIR_CONDITIONING
A026591,P06643,SWIMMING_POOL
A026592,P06644,PARKING
A026593,P06644,CLUBHOUSE
A026594,P06645,LIFT
A026595,P06645,GYM
A026596,P06645,AIR_CONDITIONING
A026597,P06645,CLUBHOUSE
A026598,P06645,POWER_BACKUP
A026599,P06646,LIFT
A026600,P06646,CLUBHOUSE
A026601,P06646,GARDEN
A026602,P06646,SWIMMING_POOL
A026603,P06646,AIR_CONDITIONING
A026604,P06646,GYM
A026605,P06647,SECURITY
A026606,P06647,CLUBHOUSE
A026607,P06647,POWER_BACKUP
A026608,P06648,GYM
A026609,P06648,LIFT
A026610,P06648,POWER_BACKUP
A026611,P06649,LIFT
A026612,P06649,CLUBHOUSE
A026613,P06649,SECURITY
A026614,P06650,WIFI
A026615,P06650,PARKING
A026616,P06650,GARDEN
A026617,P06650,GYM
A026618,P06650,LIFT
A026619,P06650,POWER_BACKUP
A026620,P06651,SECURITY
A026621,P06651,LIFT
A026622,P06652,SECURITY
A026623,P06652,WIFI
A026624,P06652,GYM
A026625,P06652,SWIMMING_POOL
A026626,P06652,PARKING
A026627,P06652,POWER_BACKUP
A026628,P06653,LIFT
A026629,P06653,SECURITY
A026630,P06653,PARKING
A026631,P06653,POWER_BACKUP
A026632,P06654,SECURITY
A026633,P06654,SWIMMING_POOL
A026634,P06654,CLUBHOUSE
A026635,P06654,PARKING
A026636,P06655,AIR_CONDITIONING
A026637,P06655,PARKING
A026638,P06655,GARDEN
A026639,P06656,SECURITY
A026640,P06656,PARKING
A026641,P06656,POWER_BACKUP
A026642,P06657,AIR_CONDITIONING
A026643,P06657,GARDEN
A026644,P06657,SECURITY
A026645,P06657,PARKING
A026646,P06657,WIFI
A026647,P06657,POWER_BACKUP
A026648,P06658,PARKING
A026649,P06658,WIFI
A026650,P06658,SECURITY
A026651,P06658,SWIMMING_POOL
A026652,P06659,GARDEN
A026653,P06659,GYM
A026654,P06659,SECURITY
A026655,P06659,POWER_BACKUP
A026656,P06660,AIR_CONDITIONING
A026657,P06660,GYM
A026658,P06661,CLUBHOUSE
A026659,P06661,WIFI
A026660,P06661,PARKING
A026661,P06661,SECURITY
A026662,P06661,SWIMMING_POOL
A026663,P06662,POWER_BACKUP
A026664,P06662,GYM
A026665,P06662,WIFI
A026666,P06662,SECURITY
A026667,P06662,PARKING
A026668,P06663,WIFI
A026669,P06663,LIFT
A026670,P06663,POWER_BACKUP
A026671,P06664,PARKING
A026672,P06664,AIR_CONDITIONING
A026673,P06664,SECURITY
A026674,P06664,CLUBHOUSE
A026675,P06664,WIFI
A026676,P06665,CLUBHOUSE
A026677,P06665,GYM
A026678,P06665,LIFT
A026679,P06666,GYM
A026680,P06666,AIR_CONDITIONING
A026681,P06666,PARKING
A026682,P06666,CLUBHOUSE
A026683,P06666,POWER_BACKUP
A026684,P06667,AIR_CONDITIONING
A026685,P06667,POWER_BACKUP
A026686,P06667,GYM
A026687,P06668,GYM
A026688,P06668,AIR_CONDITIONING
A026689,P06669,GYM
A026690,P06669,SWIMMING_POOL
A026691,P06669,PARKING
A026692,P06669,SECURITY
A026693,P06669,WIFI
A026694,P06670,WIFI
A026695,P06670,GYM
A026696,P06671,GYM
A026697,P06671,POWER_BACKUP
A026698,P06671,LIFT
A026699,P06671,PARKING
A026700,P06671,CLUBHOUSE
A026701,P06671,SECURITY
A026702,P06672,GYM
A026703,P06672,SECURITY
A026704,P06672,GARDEN
A026705,P06672,POWER_BACKUP
A026706,P06672,AIR_CONDITIONING
A026707,P06673,LIFT
A026708,P06673,AIR_CONDITIONING
A026709,P06673,PARKING
A026710,P06673,GARDEN
A026711,P06673,GYM
A026712,P06674,WIFI
A026713,P06674,LIFT
A026714,P06674,SWIMMING_POOL
A026715,P06675,GYM
A026716,P06675,LIFT
A026717,P06675,AIR_CONDITIONING
A026718,P06675,PARKING
A026719,P06675,SECURITY
A026720,P06675,SWIMMING_POOL
A026721,P06676,LIFT
A026722,P06676,PARKING
A026723,P06676,AIR_CONDITIONING
A026724,P06676,POWER_BACKUP
A026725,P06676,WIFI
A026726,P06676,SWIMMING_POOL
A026727,P06677,POWER_BACKUP
A026728,P06677,LIFT
A026729,P06678,GYM
A026730,P06678,AIR_CONDITIONING
A026731,P06678,LIFT
A026732,P06678,WIFI
A026733,P06678,SECURITY
A026734,P06678,POWER_BACKUP
A026735,P06679,WIFI
A026736,P06679,PARKING
A026737,P06679,SECURITY
A026738,P06679,CLUBHOUSE
A026739,P06679,GYM
A026740,P06680,CLUBHOUSE
A026741,P06680,WIFI
A026742,P06680,GYM
A026743,P06680,SECURITY
A026744,P06681,GARDEN
A026745,P06681,AIR_CONDITIONING
A026746,P06681,PARKING
A026747,P06682,PARKING
A026748,P06682,CLUBHOUSE
A026749,P06682,SWIMMING_POOL
A026750,P06682,GYM
A026751,P06683,AIR_CONDITIONING
A026752,P06683,CLUBHOUSE
A026753,P06683,WIFI
A026754,P06683,POWER_BACKUP
A026755,P06683,SWIMMING_POOL
A026756,P06684,GARDEN
A026757,P06684,GYM
A026758,P06684,SECURITY
A026759,P06684,CLUBHOUSE
A026760,P06684,SWIMMING_POOL
A026761,P06684,LIFT
A026762,P06685,SWIMMING_POOL
A026763,P06685,PARKING
A026764,P06685,WIFI
A026765,P06685,SECURITY
A026766,P06685,CLUBHOUSE
A026767,P06686,AIR_CONDITIONING
A026768,P06686,GARDEN
A026769,P06686,WIFI
A026770,P06686,SECURITY
A026771,P06686,POWER_BACKUP
A026772,P06687,POWER_BACKUP
A026773,P06687,CLUBHOUSE
A026774,P06687,GYM
A026775,P06688,WIFI
A026776,P06688,SECURITY
A026777,P06689,GYM
A026778,P06689,SECURITY
A026779,P06689,WIFI
A026780,P06690,CLUBHOUSE
A026781,P06690,POWER_BACKUP
A026782,P06690,GYM
A026783,P06690,WIFI
A026784,P06690,PARKING
A026785,P06690,SECURITY
A026786,P06691,SWIMMING_POOL
A026787,P06691,PARKING
A026788,P06691,CLUBHOUSE
A026789,P06692,AIR_CONDITIONING
A026790,P06692,LIFT
A026791,P06693,GARDEN
A026792,P06693,SECURITY
A026793,P06693,CLUBHOUSE
A026794,P06693,LIFT
A026795,P06693,SWIMMING_POOL
A026796,P06693,POWER_BACKUP
A026797,P06694,POWER_BACKUP
A026798,P06694,WIFI
A026799,P06695,GARDEN
A026800,P06695,SWIMMING_POOL
A026801,P06695,AIR_CONDITIONING
A026802,P06695,CLUBHOUSE
A026803,P06695,PARKING
A026804,P06696,GARDEN
A026805,P06696,SWIMMING_POOL
A026806,P06696,POWER_BACKUP
A026807,P06696,AIR_CONDITIONING
A026808,P06696,SECURITY
A026809,P06696,GYM
A026810,P06697,GYM
A026811,P06697,SWIMMING_POOL
A026812,P06697,SECURITY
A026813,P06697,LIFT
A026814,P06697,CLUBHOUSE
A026815,P06697,PARKING
A026816,P06698,WIFI
A026817,P06698,POWER_BACKUP
A026818,P06699,SECURITY
A026819,P06699,PARKING
A026820,P06699,AIR_CONDITIONING
A026821,P06700,LIFT
A026822,P06700,WIFI
A026823,P06700,SECURITY
A026824,P06701,GARDEN
A026825,P06701,SWIMMING_POOL
A026826,P06701,GYM
A026827,P06702,POWER_BACKUP
A026828,P06702,WIFI
A026829,P06702,AIR_CONDITIONING
A026830,P06702,LIFT
A026831,P06703,CLUBHOUSE
A026832,P06703,SECURITY
A026833,P06703,GARDEN
A026834,P06703,AIR_CONDITIONING
A026835,P06703,LIFT
A026836,P06703,GYM
A026837,P06704,GARDEN
A026838,P06704,CLUBHOUSE
A026839,P06704,SECURITY
A026840,P06705,GYM
A026841,P06705,GARDEN
A026842,P06705,SWIMMING_POOL
A026843,P06705,LIFT
A026844,P06705,CLUBHOUSE
A026845,P06705,AIR_CONDITIONING
A026846,P06706,SECURITY
A026847,P06706,PARKING
A026848,P06706,GYM
A026849,P06707,GARDEN
A026850,P06707,AIR_CONDITIONING
A026851,P06707,SWIMMING_POOL
A026852,P06707,GYM
A026853,P06708,PARKING
A026854,P06708,GYM
A026855,P06708,WIFI
A026856,P06708,CLUBHOUSE
A026857,P06708,GARDEN
A026858,P06708,LIFT
A026859,P06709,GYM
A026860,P06709,SECURITY
A026861,P06709,GARDEN
A026862,P06709,PARKING
A026863,P06709,WIFI
A026864,P06710,LIFT
A026865,P06710,GARDEN
A026866,P06710,PARKING
A026867,P06710,SECURITY
A026868,P06710,WIFI
A026869,P06710,GYM
A026870,P06711,CLUBHOUSE
A026871,P06711,SWIMMING_POOL
A026872,P06711,WIFI
A026873,P06712,LIFT
A026874,P06712,CLUBHOUSE
A026875,P06712,SWIMMING_POOL
A026876,P06712,AIR_CONDITIONING
A026877,P06713,SECURITY
A026878,P06713,GARDEN
A026879,P06713,SWIMMING_POOL
A026880,P06714,GARDEN
A026881,P06714,LIFT
A026882,P06714,POWER_BACKUP
A026883,P06715,GYM
A026884,P06715,SWIMMING_POOL
A026885,P06715,PARKING
A026886,P06715,LIFT
A026887,P06716,CLUBHOUSE
A026888,P06716,POWER_BACKUP
A026889,P06716,PARKING
A026890,P06716,WIFI
A026891,P06717,SECURITY
A026892,P06717,WIFI
A026893,P06717,AIR_CONDITIONING
A026894,P06718,GARDEN
A026895,P06718,AIR_CONDITIONING
A026896,P06718,POWER_BACKUP
A026897,P06718,PARKING
A026898,P06718,GYM
A026899,P06719,CLUBHOUSE
A026900,P06719,GYM
A026901,P06719,LIFT
A026902,P06719,SECURITY
A026903,P06719,PARKING
A026904,P06720,POWER_BACKUP
A026905,P06720,AIR_CONDITIONING
A026906,P06720,WIFI
A026907,P06720,PARKING
A026908,P06720,LIFT
A026909,P06720,GYM
A026910,P06721,WIFI
A026911,P06721,GYM
A026912,P06721,SECURITY
A026913,P06721,AIR_CONDITIONING
A026914,P06721,POWER_BACKUP
A026915,P06722,LIFT
A026916,P06722,SWIMMING_POOL
A026917,P06722,GARDEN
A026918,P06722,POWER_BACKUP
A026919,P06723,SWIMMING_POOL
A026920,P06723,SECURITY
A026921,P06724,POWER_BACKUP
A026922,P06724,AIR_CONDITIONING
A026923,P06725,GYM
A026924,P06725,GARDEN
A026925,P06725,AIR_CONDITIONING
A026926,P06725,POWER_BACKUP
A026927,P06726,LIFT
A026928,P06726,GARDEN
A026929,P06726,WIFI
A026930,P06726,AIR_CONDITIONING
A026931,P06726,PARKING
A026932,P06726,GYM
A026933,P06727,WIFI
A026934,P06727,CLUBHOUSE
A026935,P06727,SECURITY
A026936,P06727,POWER_BACKUP
A026937,P06727,LIFT
A026938,P06728,GARDEN
A026939,P06728,SECURITY
A026940,P06728,GYM
A026941,P06728,POWER_BACKUP
A026942,P06728,PARKING
A026943,P06729,CLUBHOUSE
A026944,P06729,AIR_CONDITIONING
A026945,P06729,WIFI
A026946,P06729,PARKING
A026947,P06730,GARDEN
A026948,P06730,LIFT
A026949,P06730,AIR_CONDITIONING
A026950,P06730,GYM
A026951,P06730,POWER_BACKUP
A026952,P06730,PARKING
A026953,P06731,GARDEN
A026954,P06731,SWIMMING_POOL
A026955,P06731,WIFI
A026956,P06731,PARKING
A026957,P06731,GYM
A026958,P06731,POWER_BACKUP
A026959,P06732,SECURITY
A026960,P06732,LIFT
A026961,P06732,CLUBHOUSE
A026962,P06732,GYM
A026963,P06732,GARDEN
A026964,P06732,PARKING
A026965,P06733,PARKING
A026966,P06733,SWIMMING_POOL
A026967,P06733,AIR_CONDITIONING
A026968,P06733,CLUBHOUSE
A026969,P06734,GARDEN
A026970,P06734,AIR_CONDITIONING
A026971,P06734,WIFI
A026972,P06735,POWER_BACKUP
A026973,P06735,CLUBHOUSE
A026974,P06735,LIFT
A026975,P06735,SWIMMING_POOL
A026976,P06735,AIR_CONDITIONING
A026977,P06736,GARDEN
A026978,P06736,SWIMMING_POOL
A026979,P06737,LIFT
A026980,P06737,WIFI
A026981,P06737,SWIMMING_POOL
A026982,P06737,POWER_BACKUP
A026983,P06738,PARKING
A026984,P06738,LIFT
A026985,P06739,WIFI
A026986,P06739,SECURITY
A026987,P06739,CLUBHOUSE
A026988,P06739,SWIMMING_POOL
A026989,P06740,GYM
A026990,P06740,AIR_CONDITIONING
A026991,P06740,GARDEN
A026992,P06740,PARKING
A026993,P06741,GARDEN
A026994,P06741,SECURITY
A026995,P06741,SWIMMING_POOL
A026996,P06742,POWER_BACKUP
A026997,P06742,LIFT
A026998,P06742,GARDEN
A026999,P06742,SWIMMING_POOL
A027000,P06742,WIFI
A027001,P06742,PARKING
A027002,P06743,LIFT
A027003,P06743,SWIMMING_POOL
A027004,P06743,POWER_BACKUP
A027005,P06743,GARDEN
A027006,P06744,CLUBHOUSE
A027007,P06744,WIFI
A027008,P06744,POWER_BACKUP
A027009,P06744,AIR_CONDITIONING
A027010,P06745,POWER_BACKUP
A027011,P06745,SWIMMING_POOL
A027012,P06745,GYM
A027013,P06745,SECURITY
A027014,P06745,CLUBHOUSE
A027015,P06746,AIR_CONDITIONING
A027016,P06746,SECURITY
A027017,P06746,POWER_BACKUP
A027018,P06746,SWIMMING_POOL
A027019,P06746,GARDEN
A027020,P06747,WIFI
A027021,P06747,GARDEN
A027022,P06747,LIFT
A027023,P06747,SECURITY
A027024,P06748,SWIMMING_POOL
A027025,P06748,GYM
A027026,P06748,LIFT
A027027,P06748,SECURITY
A027028,P06748,CLUBHOUSE
A027029,P06749,SECURITY
A027030,P06749,GARDEN
A027031,P06750,SWIMMING_POOL
A027032,P06750,GARDEN
A027033,P06750,PARKING
A027034,P06751,LIFT
A027035,P06751,GARDEN
A027036,P06752,LIFT
A027037,P06752,PARKING
A027038,P06752,GYM
A027039,P06753,WIFI
A027040,P06753,GYM
A027041,P06753,SWIMMING_POOL
A027042,P06753,PARKING
A027043,P06754,AIR_CONDITIONING
A027044,P06754,GYM
A027045,P06754,POWER_BACKUP
A027046,P06754,SECURITY
A027047,P06754,SWIMMING_POOL
A027048,P06754,GARDEN
A027049,P06755,AIR_CONDITIONING
A027050,P06755,GARDEN
A027051,P06755,SECURITY
A027052,P06755,WIFI
A027053,P06756,SWIMMING_POOL
A027054,P06756,PARKING
A027055,P06756,SECURITY
A027056,P06756,LIFT
A027057,P06756,WIFI
A027058,P06756,AIR_CONDITIONING
A027059,P06757,PARKING
A027060,P06757,LIFT
A027061,P06758,LIFT
A027062,P06758,PARKING
A027063,P06759,CLUBHOUSE
A027064,P06759,SWIMMING_POOL
A027065,P06759,SECURITY
A027066,P06759,GARDEN
A027067,P06759,WIFI
A027068,P06760,CLUBHOUSE
A027069,P06760,AIR_CONDITIONING
A027070,P06760,LIFT
A027071,P06760,SWIMMING_POOL
A027072,P06761,LIFT
A027073,P06761,SECURITY
A027074,P06761,GYM
A027075,P06761,PARKING
A027076,P06762,SWIMMING_POOL
A027077,P06762,PARKING
A027078,P06762,LIFT
A027079,P06762,SECURITY
A027080,P06763,LIFT
A027081,P06763,WIFI
A027082,P06763,SECURITY
A027083,P06763,PARKING
A027084,P06764,PARKING
A027085,P06764,CLUBHOUSE
A027086,P06764,POWER_BACKUP
A027087,P06765,GYM
A027088,P06765,LIFT
A027089,P06765,SWIMMING_POOL
A027090,P06765,AIR_CONDITIONING
A027091,P06765,CLUBHOUSE
A027092,P06766,CLUBHOUSE
A027093,P06766,SECURITY
A027094,P06766,GYM
A027095,P06766,AIR_CONDITIONING
A027096,P06767,GYM
A027097,P06767,PARKING
A027098,P06767,SWIMMING_POOL
A027099,P06767,GARDEN
A027100,P06768,SECURITY
A027101,P06768,CLUBHOUSE
A027102,P06769,SWIMMING_POOL
A027103,P06769,PARKING
A027104,P06769,CLUBHOUSE
A027105,P06769,LIFT
A027106,P06769,AIR_CONDITIONING
A027107,P06770,GARDEN
A027108,P06770,POWER_BACKUP
A027109,P06770,AIR_CONDITIONING
A027110,P06770,LIFT
A027111,P06771,LIFT
A027112,P06771,POWER_BACKUP
A027113,P06771,GARDEN
A027114,P06771,PARKING
A027115,P06772,GYM
A027116,P06772,POWER_BACKUP
A027117,P06773,SWIMMING_POOL
A027118,P06773,POWER_BACKUP
A027119,P06773,CLUBHOUSE
A027120,P06773,GARDEN
A027121,P06773,GYM
A027122,P06773,SECURITY
A027123,P06774,SECURITY
A027124,P06774,WIFI
A027125,P06775,SWIMMING_POOL
A027126,P06775,PARKING
A027127,P06775,LIFT
A027128,P06775,SECURITY
A027129,P06775,GARDEN
A027130,P06775,AIR_CONDITIONING
A027131,P06776,CLUBHOUSE
A027132,P06776,SWIMMING_POOL
A027133,P06776,PARKING
A027134,P06777,WIFI
A027135,P06777,PARKING
A027136,P06777,POWER_BACKUP
A027137,P06777,LIFT
A027138,P06778,CLUBHOUSE
A027139,P06778,AIR_CONDITIONING
A027140,P06778,GYM
A027141,P06778,SWIMMING_POOL
A027142,P06779,CLUBHOUSE
A027143,P06779,LIFT
A027144,P06779,PARKING
A027145,P06780,SECURITY
A027146,P06780,POWER_BACKUP
A027147,P06780,WIFI
A027148,P06780,SWIMMING_POOL
A027149,P06780,GYM
A027150,P06780,LIFT
A027151,P06781,SWIMMING_POOL
A027152,P06781,LIFT
A027153,P06781,POWER_BACKUP
A027154,P06781,GYM
A027155,P06781,SECURITY
A027156,P06782,GARDEN
A027157,P06782,GYM
A027158,P06782,SECURITY
A027159,P06782,AIR_CONDITIONING
A027160,P06782,CLUBHOUSE
A027161,P06783,SECURITY
A027162,P06783,PARKING
A027163,P06783,WIFI
A027164,P06783,LIFT
A027165,P06783,POWER_BACKUP
A027166,P06784,LIFT
A027167,P06784,CLUBHOUSE
A027168,P06784,SECURITY
A027169,P06785,LIFT
A027170,P06785,POWER_BACKUP
A027171,P06785,WIFI
A027172,P06785,PARKING
A027173,P06785,CLUBHOUSE
A027174,P06786,AIR_CONDITIONING
A027175,P06786,GYM
A027176,P06786,CLUBHOUSE
A027177,P06786,SWIMMING_POOL
A027178,P06787,GYM
A027179,P06787,SECURITY
A027180,P06787,LIFT
A027181,P06787,CLUBHOUSE
A027182,P06788,POWER_BACKUP
A027183,P06788,GARDEN
A027184,P06789,AIR_CONDITIONING
A027185,P06789,LIFT
A027186,P06790,CLUBHOUSE
A027187,P06790,POWER_BACKUP
A027188,P06790,SWIMMING_POOL
A027189,P06790,GYM
A027190,P06791,POWER_BACKUP
A027191,P06791,WIFI
A027192,P06792,GYM
A027193,P06792,GARDEN
A027194,P06792,SECURITY
A027195,P06792,CLUBHOUSE
A027196,P06792,AIR_CONDITIONING
A027197,P06793,AIR_CONDITIONING
A027198,P06793,SECURITY
A027199,P06793,WIFI
A027200,P06793,PARKING
A027201,P06793,POWER_BACKUP
A027202,P06793,GYM
A027203,P06794,GYM
A027204,P06794,GARDEN
A027205,P06795,PARKING
A027206,P06795,GYM
A027207,P06796,SWIMMING_POOL
A027208,P06796,PARKING
A027209,P06797,POWER_BACKUP
A027210,P06797,GYM
A027211,P06797,WIFI
A027212,P06797,AIR_CONDITIONING
A027213,P06797,PARKING
A027214,P06798,SECURITY
A027215,P06798,POWER_BACKUP
A027216,P06798,AIR_CONDITIONING
A027217,P06798,GYM
A027218,P06798,CLUBHOUSE
A027219,P06798,WIFI
A027220,P06799,SECURITY
A027221,P06799,LIFT
A027222,P06799,CLUBHOUSE
A027223,P06799,PARKING
A027224,P06799,GYM
A027225,P06799,GARDEN
A027226,P06800,LIFT
A027227,P06800,AIR_CONDITIONING
A027228,P06801,GARDEN
A027229,P06801,PARKING
A027230,P06801,AIR_CONDITIONING
A027231,P06801,SECURITY
A027232,P06802,GARDEN
A027233,P06802,AIR_CONDITIONING
A027234,P06802,LIFT
A027235,P06802,GYM
A027236,P06803,POWER_BACKUP
A027237,P06803,PARKING
A027238,P06803,GARDEN
A027239,P06804,GARDEN
A027240,P06804,WIFI
A027241,P06804,AIR_CONDITIONING
A027242,P06804,SWIMMING_POOL
A027243,P06804,CLUBHOUSE
A027244,P06804,SECURITY
A027245,P06805,LIFT
A027246,P06805,WIFI
A027247,P06806,PARKING
A027248,P06806,WIFI
A027249,P06806,LIFT
A027250,P06806,SWIMMING_POOL
A027251,P06806,GARDEN
A027252,P06807,AIR_CONDITIONING
A027253,P06807,SWIMMING_POOL
A027254,P06807,GYM
A027255,P06808,SECURITY
A027256,P06808,SWIMMING_POOL
A027257,P06808,PARKING
A027258,P06808,GARDEN
A027259,P06809,SECURITY
A027260,P06809,CLUBHOUSE
A027261,P06809,SWIMMING_POOL
A027262,P06809,WIFI
A027263,P06809,LIFT
A027264,P06809,GYM
A027265,P06810,POWER_BACKUP
A027266,P06810,LIFT
A027267,P06810,GARDEN
A027268,P06810,GYM
A027269,P06811,LIFT
A027270,P06811,PARKING
A027271,P06811,WIFI
A027272,P06811,CLUBHOUSE
A027273,P06811,POWER_BACKUP
A027274,P06811,GARDEN
A027275,P06812,SWIMMING_POOL
A027276,P06812,WIFI
A027277,P06812,LIFT
A027278,P06812,PARKING
A027279,P06812,GARDEN
A027280,P06813,SWIMMING_POOL
A027281,P06813,GYM
A027282,P06813,SECURITY
A027283,P06813,PARKING
A027284,P06813,CLUBHOUSE
A027285,P06813,GARDEN
A027286,P06814,PARKING
A027287,P06814,AIR_CONDITIONING
A027288,P06815,WIFI
A027289,P06815,POWER_BACKUP
A027290,P06815,CLUBHOUSE
A027291,P06815,PARKING
A027292,P06815,GYM
A027293,P06816,AIR_CONDITIONING
A027294,P06816,GARDEN
A027295,P06816,GYM
A027296,P06816,SECURITY
A027297,P06816,PARKING
A027298,P06816,POWER_BACKUP
A027299,P06817,LIFT
A027300,P06817,SWIMMING_POOL
A027301,P06817,POWER_BACKUP
A027302,P06817,GYM
A027303,P06817,AIR_CONDITIONING
A027304,P06818,SECURITY
A027305,P06818,GARDEN
A027306,P06818,CLUBHOUSE
A027307,P06818,LIFT
A027308,P06818,PARKING
A027309,P06819,GYM
A027310,P06819,SECURITY
A027311,P06819,AIR_CONDITIONING
A027312,P06819,SWIMMING_POOL
A027313,P06819,WIFI
A027314,P06819,GARDEN
A027315,P06820,CLUBHOUSE
A027316,P06820,GYM
A027317,P06820,PARKING
A027318,P06821,AIR_CONDITIONING
A027319,P06821,SWIMMING_POOL
A027320,P06821,GARDEN
A027321,P06822,SECURITY
A027322,P06822,GARDEN
A027323,P06823,AIR_CONDITIONING
A027324,P06823,GYM
A027325,P06824,WIFI
A027326,P06824,PARKING
A027327,P06825,AIR_CONDITIONING
A027328,P06825,PARKING
A027329,P06825,WIFI
A027330,P06826,GARDEN
A027331,P06826,WIFI
A027332,P06826,LIFT
A027333,P06826,SWIMMING_POOL
A027334,P06827,CLUBHOUSE
A027335,P06827,PARKING
A027336,P06827,LIFT
A027337,P06827,SWIMMING_POOL
A027338,P06827,GYM
A027339,P06827,GARDEN
A027340,P06828,PARKING
A027341,P06828,POWER_BACKUP
A027342,P06828,SECURITY
A027343,P06829,GYM
A027344,P06829,PARKING
A027345,P06829,POWER_BACKUP
A027346,P06830,AIR_CONDITIONING
A027347,P06830,GARDEN
A027348,P06831,SECURITY
A027349,P06831,PARKING
A027350,P06831,LIFT
A027351,P06831,GARDEN
A027352,P06832,CLUBHOUSE
A027353,P06832,AIR_CONDITIONING
A027354,P06832,WIFI
A027355,P06833,GARDEN
A027356,P06833,WIFI
A027357,P06833,SECURITY
A027358,P06833,AIR_CONDITIONING
A027359,P06834,POWER_BACKUP
A027360,P06834,WIFI
A027361,P06835,WIFI
A027362,P06835,POWER_BACKUP
A027363,P06835,SWIMMING_POOL
A027364,P06836,WIFI
A027365,P06836,GYM
A027366,P06837,GYM
A027367,P06837,CLUBHOUSE
A027368,P06837,WIFI
A027369,P06837,PARKING
A027370,P06837,SWIMMING_POOL
A027371,P06838,CLUBHOUSE
A027372,P06838,SWIMMING_POOL
A027373,P06838,GYM
A027374,P06838,GARDEN
A027375,P06838,WIFI
A027376,P06838,SECURITY
A027377,P06839,WIFI
A027378,P06839,GYM
A027379,P06839,PARKING
A027380,P06839,AIR_CONDITIONING
A027381,P06839,POWER_BACKUP
A027382,P06840,AIR_CONDITIONING
A027383,P06840,SECURITY
A027384,P06840,WIFI
A027385,P06840,LIFT
A027386,P06841,LIFT
A027387,P06841,AIR_CONDITIONING
A027388,P06842,PARKING
A027389,P06842,AIR_CONDITIONING
A027390,P06842,SECURITY
A027391,P06842,POWER_BACKUP
A027392,P06843,GARDEN
A027393,P06843,SWIMMING_POOL
A027394,P06843,AIR_CONDITIONING
A027395,P06843,WIFI
A027396,P06843,LIFT
A027397,P06843,POWER_BACKUP
A027398,P06844,GARDEN
A027399,P06844,POWER_BACKUP
A027400,P06845,LIFT
A027401,P06845,GARDEN
A027402,P06846,PARKING
A027403,P06846,GARDEN
A027404,P06846,LIFT
A027405,P06846,WIFI
A027406,P06846,POWER_BACKUP
A027407,P06847,SECURITY
A027408,P06847,CLUBHOUSE
A027409,P06847,POWER_BACKUP
A027410,P06847,GARDEN
A027411,P06847,PARKING
A027412,P06848,CLUBHOUSE
A027413,P06848,WIFI
A027414,P06848,PARKING
A027415,P06848,SWIMMING_POOL
A027416,P06848,AIR_CONDITIONING
A027417,P06848,POWER_BACKUP
A027418,P06849,GARDEN
A027419,P06849,WIFI
A027420,P06849,SWIMMING_POOL
A027421,P06849,CLUBHOUSE
A027422,P06849,LIFT
A027423,P06849,PARKING
A027424,P06850,AIR_CONDITIONING
A027425,P06850,PARKING
A027426,P06850,SECURITY
A027427,P06851,PARKING
A027428,P06851,GYM
A027429,P06852,LIFT
A027430,P06852,CLUBHOUSE
A027431,P06852,SWIMMING_POOL
A027432,P06852,POWER_BACKUP
A027433,P06852,AIR_CONDITIONING
A027434,P06852,GARDEN
A027435,P06853,POWER_BACKUP
A027436,P06853,AIR_CONDITIONING
A027437,P06853,WIFI
A027438,P06853,SWIMMING_POOL
A027439,P06854,LIFT
A027440,P06854,PARKING
A027441,P06854,SWIMMING_POOL
A027442,P06854,GARDEN
A027443,P06855,POWER_BACKUP
A027444,P06855,GYM
A027445,P06855,AIR_CONDITIONING
A027446,P06855,WIFI
A027447,P06856,LIFT
A027448,P06856,GYM
A027449,P06856,GARDEN
A027450,P06857,SECURITY
A027451,P06857,PARKING
A027452,P06857,GARDEN
A027453,P06857,CLUBHOUSE
A027454,P06858,SWIMMING_POOL
A027455,P06858,GYM
A027456,P06858,PARKING
A027457,P06859,GARDEN
A027458,P06859,SWIMMING_POOL
A027459,P06859,AIR_CONDITIONING
A027460,P06860,AIR_CONDITIONING
A027461,P06860,SWIMMING_POOL
A027462,P06860,SECURITY
A027463,P06861,GYM
A027464,P06861,SECURITY
A027465,P06862,GARDEN
A027466,P06862,POWER_BACKUP
A027467,P06862,GYM
A027468,P06862,LIFT
A027469,P06863,CLUBHOUSE
A027470,P06863,POWER_BACKUP
A027471,P06864,CLUBHOUSE
A027472,P06864,POWER_BACKUP
A027473,P06864,LIFT
A027474,P06865,PARKING
A027475,P06865,SWIMMING_POOL
A027476,P06865,SECURITY
A027477,P06866,WIFI
A027478,P06866,AIR_CONDITIONING
A027479,P06866,GYM
A027480,P06867,GARDEN
A027481,P06867,SWIMMING_POOL
A027482,P06867,LIFT
A027483,P06867,GYM
A027484,P06868,AIR_CONDITIONING
A027485,P06868,SWIMMING_POOL
A027486,P06869,WIFI
A027487,P06869,SECURITY
A027488,P06869,GARDEN
A027489,P06870,GARDEN
A027490,P06870,GYM
A027491,P06870,PARKING
A027492,P06870,AIR_CONDITIONING
A027493,P06870,POWER_BACKUP
A027494,P06870,LIFT
A027495,P06871,GARDEN
A027496,P06871,POWER_BACKUP
A027497,P06871,SECURITY
A027498,P06871,AIR_CONDITIONING
A027499,P06871,WIFI
A027500,P06872,SWIMMING_POOL
A027501,P06872,WIFI
A027502,P06872,GARDEN
A027503,P06872,AIR_CONDITIONING
A027504,P06872,SECURITY
A027505,P06872,CLUBHOUSE
A027506,P06873,WIFI
A027507,P06873,LIFT
A027508,P06874,LIFT
A027509,P06874,AIR_CONDITIONING
A027510,P06874,SECURITY
A027511,P06874,POWER_BACKUP
A027512,P06874,WIFI
A027513,P06875,GARDEN
A027514,P06875,PARKING
A027515,P06876,POWER_BACKUP
A027516,P06876,SECURITY
A027517,P06876,AIR_CONDITIONING
A027518,P06876,PARKING
A027519,P06876,GARDEN
A027520,P06876,LIFT
A027521,P06877,SECURITY
A027522,P06877,WIFI
A027523,P06877,SWIMMING_POOL
A027524,P06877,POWER_BACKUP
A027525,P06878,LIFT
A027526,P06878,SWIMMING_POOL
A027527,P06878,PARKING
A027528,P06878,GARDEN
A027529,P06879,CLUBHOUSE
A027530,P06879,GARDEN
A027531,P06879,GYM
A027532,P06879,WIFI
A027533,P06879,PARKING
A027534,P06880,GARDEN
A027535,P06880,POWER_BACKUP
A027536,P06880,LIFT
A027537,P06880,PARKING
A027538,P06881,POWER_BACKUP
A027539,P06881,GARDEN
A027540,P06881,PARKING
A027541,P06882,PARKING
A027542,P06882,SWIMMING_POOL
A027543,P06882,SECURITY
A027544,P06882,POWER_BACKUP
A027545,P06882,WIFI
A027546,P06883,WIFI
A027547,P06883,PARKING
A027548,P06883,POWER_BACKUP
A027549,P06883,SWIMMING_POOL
A027550,P06884,WIFI
A027551,P06884,POWER_BACKUP
A027552,P06885,WIFI
A027553,P06885,GARDEN
A027554,P06886,POWER_BACKUP
A027555,P06886,AIR_CONDITIONING
A027556,P06886,CLUBHOUSE
A027557,P06886,SWIMMING_POOL
A027558,P06887,CLUBHOUSE
A027559,P06887,SECURITY
A027560,P06887,AIR_CONDITIONING
A027561,P06887,GYM
A027562,P06887,POWER_BACKUP
A027563,P06888,CLUBHOUSE
A027564,P06888,AIR_CONDITIONING
A027565,P06888,SECURITY
A027566,P06889,CLUBHOUSE
A027567,P06889,SECURITY
A027568,P06890,LIFT
A027569,P06890,PARKING
A027570,P06890,SWIMMING_POOL
A027571,P06890,WIFI
A027572,P06891,WIFI
A027573,P06891,CLUBHOUSE
A027574,P06891,SWIMMING_POOL
A027575,P06891,GARDEN
A027576,P06891,AIR_CONDITIONING
A027577,P06891,GYM
A027578,P06892,GARDEN
A027579,P06892,GYM
A027580,P06892,POWER_BACKUP
A027581,P06893,CLUBHOUSE
A027582,P06893,PARKING
A027583,P06893,POWER_BACKUP
A027584,P06893,GYM
A027585,P06893,SWIMMING_POOL
A027586,P06893,GARDEN
A027587,P06894,PARKING
A027588,P06894,AIR_CONDITIONING
A027589,P06894,LIFT
A027590,P06895,PARKING
A027591,P06895,SECURITY
A027592,P06895,SWIMMING_POOL
A027593,P06895,CLUBHOUSE
A027594,P06895,GARDEN
A027595,P06895,GYM
A027596,P06896,POWER_BACKUP
A027597,P06896,SECURITY
A027598,P06896,PARKING
A027599,P06896,AIR_CONDITIONING
A027600,P06897,SWIMMING_POOL
A027601,P06897,AIR_CONDITIONING
A027602,P06897,PARKING
A027603,P06897,LIFT
A027604,P06898,PARKING
A027605,P06898,GARDEN
A027606,P06898,GYM
A027607,P06899,SWIMMING_POOL
A027608,P06899,POWER_BACKUP
A027609,P06899,CLUBHOUSE
A027610,P06900,AIR_CONDITIONING
A027611,P06900,GARDEN
A027612,P06900,WIFI
A027613,P06900,SWIMMING_POOL
A027614,P06900,POWER_BACKUP
A027615,P06901,PARKING
A027616,P06901,GARDEN
A027617,P06901,AIR_CONDITIONING
A027618,P06901,WIFI
A027619,P06902,AIR_CONDITIONING
A027620,P06902,CLUBHOUSE
A027621,P06902,SWIMMING_POOL
A027622,P06902,PARKING
A027623,P06903,GYM
A027624,P06903,GARDEN
A027625,P06903,SWIMMING_POOL
A027626,P06903,WIFI
A027627,P06903,LIFT
A027628,P06904,PARKING
A027629,P06904,GYM
A027630,P06904,AIR_CONDITIONING
A027631,P06904,POWER_BACKUP
A027632,P06905,LIFT
A027633,P06905,PARKING
A027634,P06905,POWER_BACKUP
A027635,P06906,PARKING
A027636,P06906,GYM
A027637,P06906,AIR_CONDITIONING
A027638,P06907,SWIMMING_POOL
A027639,P06907,LIFT
A027640,P06907,PARKING
A027641,P06908,POWER_BACKUP
A027642,P06908,WIFI
A027643,P06908,LIFT
A027644,P06908,CLUBHOUSE
A027645,P06908,AIR_CONDITIONING
A027646,P06908,GYM
A027647,P06909,SWIMMING_POOL
A027648,P06909,PARKING
A027649,P06909,WIFI
A027650,P06909,AIR_CONDITIONING
A027651,P06910,GARDEN
A027652,P06910,GYM
A027653,P06911,WIFI
A027654,P06911,AIR_CONDITIONING
A027655,P06912,AIR_CONDITIONING
A027656,P06912,SECURITY
A027657,P06913,AIR_CONDITIONING
A027658,P06913,CLUBHOUSE
A027659,P06913,SECURITY
A027660,P06914,SWIMMING_POOL
A027661,P06914,POWER_BACKUP
A027662,P06914,GARDEN
A027663,P06914,PARKING
A027664,P06914,AIR_CONDITIONING
A027665,P06915,SECURITY
A027666,P06915,GARDEN
A027667,P06915,PARKING
A027668,P06916,AIR_CONDITIONING
A027669,P06916,WIFI
A027670,P06916,POWER_BACKUP
A027671,P06916,PARKING
A027672,P06917,PARKING
A027673,P06917,GARDEN
A027674,P06917,AIR_CONDITIONING
A027675,P06917,WIFI
A027676,P06918,AIR_CONDITIONING
A027677,P06918,SWIMMING_POOL
A027678,P06918,GYM
A027679,P06919,WIFI
A027680,P06919,SWIMMING_POOL
A027681,P06920,AIR_CONDITIONING
A027682,P06920,GYM
A027683,P06921,SWIMMING_POOL
A027684,P06921,GARDEN
A027685,P06921,GYM
A027686,P06921,WIFI
A027687,P06921,LIFT
A027688,P06922,GARDEN
A027689,P06922,POWER_BACKUP
A027690,P06922,SECURITY
A027691,P06922,AIR_CONDITIONING
A027692,P06923,WIFI
A027693,P06923,AIR_CONDITIONING
A027694,P06923,LIFT
A027695,P06923,SWIMMING_POOL
A027696,P06923,GARDEN
A027697,P06924,AIR_CONDITIONING
A027698,P06924,GARDEN
A027699,P06924,LIFT
A027700,P06924,CLUBHOUSE
A027701,P06924,POWER_BACKUP
A027702,P06924,PARKING
A027703,P06925,AIR_CONDITIONING
A027704,P06925,SECURITY
A027705,P06925,GYM
A027706,P06925,POWER_BACKUP
A027707,P06926,SWIMMING_POOL
A027708,P06926,SECURITY
A027709,P06926,WIFI
A027710,P06926,POWER_BACKUP
A027711,P06926,CLUBHOUSE
A027712,P06926,GARDEN
A027713,P06927,AIR_CONDITIONING
A027714,P06927,SECURITY
A027715,P06927,LIFT
A027716,P06927,CLUBHOUSE
A027717,P06927,POWER_BACKUP
A027718,P06927,GARDEN
A027719,P06928,AIR_CONDITIONING
A027720,P06928,CLUBHOUSE
A027721,P06928,SECURITY
A027722,P06928,SWIMMING_POOL
A027723,P06928,LIFT
A027724,P06929,CLUBHOUSE
A027725,P06929,AIR_CONDITIONING
A027726,P06930,LIFT
A027727,P06930,SWIMMING_POOL
A027728,P06930,AIR_CONDITIONING
A027729,P06930,GARDEN
A027730,P06930,POWER_BACKUP
A027731,P06930,GYM
A027732,P06931,LIFT
A027733,P06931,SECURITY
A027734,P06931,SWIMMING_POOL
A027735,P06932,PARKING
A027736,P06932,GYM
A027737,P06932,AIR_CONDITIONING
A027738,P06933,AIR_CONDITIONING
A027739,P06933,WIFI
A027740,P06933,PARKING
A027741,P06934,SWIMMING_POOL
A027742,P06934,LIFT
A027743,P06935,SECURITY
A027744,P06935,GYM
A027745,P06936,PARKING
A027746,P06936,GYM
A027747,P06937,PARKING
A027748,P06937,LIFT
A027749,P06937,POWER_BACKUP
A027750,P06937,SECURITY
A027751,P06937,SWIMMING_POOL
A027752,P06938,POWER_BACKUP
A027753,P06938,SWIMMING_POOL
A027754,P06938,GARDEN
A027755,P06939,SECURITY
A027756,P06939,PARKING
A027757,P06939,LIFT
A027758,P06939,POWER_BACKUP
A027759,P06939,WIFI
A027760,P06940,SECURITY
A027761,P06940,WIFI
A027762,P06941,SECURITY
A027763,P06941,SWIMMING_POOL
A027764,P06941,GYM
A027765,P06942,GYM
A027766,P06942,GARDEN
A027767,P06942,WIFI
A027768,P06942,LIFT
A027769,P06942,PARKING
A027770,P06943,CLUBHOUSE
A027771,P06943,AIR_CONDITIONING
A027772,P06943,SWIMMING_POOL
A027773,P06943,GYM
A027774,P06944,WIFI
A027775,P06944,POWER_BACKUP
A027776,P06944,PARKING
A027777,P06945,LIFT
A027778,P06945,CLUBHOUSE
A027779,P06945,GYM
A027780,P06946,LIFT
A027781,P06946,CLUBHOUSE
A027782,P06946,SECURITY
A027783,P06946,WIFI
A027784,P06946,GYM
A027785,P06947,WIFI
A027786,P06947,GARDEN
A027787,P06947,PARKING
A027788,P06947,CLUBHOUSE
A027789,P06947,GYM
A027790,P06947,SECURITY
A027791,P06948,GYM
A027792,P06948,SWIMMING_POOL
A027793,P06948,LIFT
A027794,P06948,WIFI
A027795,P06949,GARDEN
A027796,P06949,PARKING
A027797,P06949,GYM
A027798,P06949,SWIMMING_POOL
A027799,P06949,WIFI
A027800,P06950,SECURITY
A027801,P06950,AIR_CONDITIONING
A027802,P06950,WIFI
A027803,P06950,LIFT
A027804,P06950,PARKING
A027805,P06950,GYM
A027806,P06951,GARDEN
A027807,P06951,LIFT
A027808,P06951,PARKING
A027809,P06952,PARKING
A027810,P06952,CLUBHOUSE
A027811,P06953,CLUBHOUSE
A027812,P06953,SWIMMING_POOL
A027813,P06953,GARDEN
A027814,P06954,GARDEN
A027815,P06954,SWIMMING_POOL
A027816,P06955,CLUBHOUSE
A027817,P06955,LIFT
A027818,P06955,GARDEN
A027819,P06955,POWER_BACKUP
A027820,P06955,WIFI
A027821,P06956,GARDEN
A027822,P06956,CLUBHOUSE
A027823,P06956,WIFI
A027824,P06956,AIR_CONDITIONING
A027825,P06956,SECURITY
A027826,P06957,GARDEN
A027827,P06957,SWIMMING_POOL
A027828,P06958,SWIMMING_POOL
A027829,P06958,SECURITY
A027830,P06958,PARKING
A027831,P06958,AIR_CONDITIONING
A027832,P06958,CLUBHOUSE
A027833,P06959,GYM
A027834,P06959,POWER_BACKUP
A027835,P06960,AIR_CONDITIONING
A027836,P06960,GYM
A027837,P06960,PARKING
A027838,P06960,SWIMMING_POOL
A027839,P06960,POWER_BACKUP
A027840,P06960,CLUBHOUSE
A027841,P06961,SWIMMING_POOL
A027842,P06961,CLUBHOUSE
A027843,P06961,GARDEN
A027844,P06961,WIFI
A027845,P06961,POWER_BACKUP
A027846,P06962,GARDEN
A027847,P06962,SECURITY
A027848,P06962,PARKING
A027849,P06962,SWIMMING_POOL
A027850,P06962,GYM
A027851,P06962,WIFI
A027852,P06963,SECURITY
A027853,P06963,CLUBHOUSE
A027854,P06963,SWIMMING_POOL
A027855,P06963,POWER_BACKUP
A027856,P06964,GARDEN
A027857,P06964,CLUBHOUSE
A027858,P06964,GYM
A027859,P06964,SWIMMING_POOL
A027860,P06964,LIFT
A027861,P06965,POWER_BACKUP
A027862,P06965,WIFI
A027863,P06965,GYM
A027864,P06965,GARDEN
A027865,P06966,CLUBHOUSE
A027866,P06966,GARDEN
A027867,P06966,PARKING
A027868,P06967,CLUBHOUSE
A027869,P06967,AIR_CONDITIONING
A027870,P06967,SWIMMING_POOL
A027871,P06967,PARKING
A027872,P06968,GYM
A027873,P06968,AIR_CONDITIONING
A027874,P06968,SWIMMING_POOL
A027875,P06969,CLUBHOUSE
A027876,P06969,LIFT
A027877,P06969,SWIMMING_POOL
A027878,P06969,WIFI
A027879,P06969,SECURITY
A027880,P06970,POWER_BACKUP
A027881,P06970,GARDEN
A027882,P06971,GARDEN
A027883,P06971,WIFI
A027884,P06971,POWER_BACKUP
A027885,P06971,PARKING
A027886,P06971,CLUBHOUSE
A027887,P06971,SECURITY
A027888,P06972,POWER_BACKUP
A027889,P06972,WIFI
A027890,P06973,SWIMMING_POOL
A027891,P06973,LIFT
A027892,P06974,CLUBHOUSE
A027893,P06974,SWIMMING_POOL
A027894,P06974,WIFI
A027895,P06974,GARDEN
A027896,P06975,SECURITY
A027897,P06975,CLUBHOUSE
A027898,P06975,GYM
A027899,P06975,SWIMMING_POOL
A027900,P06976,AIR_CONDITIONING
A027901,P06976,POWER_BACKUP
A027902,P06976,GARDEN
A027903,P06977,SWIMMING_POOL
A027904,P06977,GYM
A027905,P06977,CLUBHOUSE
A027906,P06977,GARDEN
A027907,P06977,WIFI
A027908,P06978,LIFT
A027909,P06978,GYM
A027910,P06979,POWER_BACKUP
A027911,P06979,GYM
A027912,P06979,LIFT
A027913,P06980,GYM
A027914,P06980,PARKING
A027915,P06980,SECURITY
A027916,P06981,GYM
A027917,P06981,POWER_BACKUP
A027918,P06981,SWIMMING_POOL
A027919,P06981,GARDEN
A027920,P06981,AIR_CONDITIONING
A027921,P06981,CLUBHOUSE
A027922,P06982,SECURITY
A027923,P06982,CLUBHOUSE
A027924,P06982,POWER_BACKUP
A027925,P06983,POWER_BACKUP
A027926,P06983,AIR_CONDITIONING
A027927,P06983,PARKING
A027928,P06983,WIFI
A027929,P06983,SECURITY
A027930,P06984,AIR_CONDITIONING
A027931,P06984,PARKING
A027932,P06984,POWER_BACKUP
A027933,P06984,GARDEN
A027934,P06984,SWIMMING_POOL
A027935,P06984,CLUBHOUSE
A027936,P06985,CLUBHOUSE
A027937,P06985,SWIMMING_POOL
A027938,P06986,SWIMMING_POOL
A027939,P06986,GYM
A027940,P06986,PARKING
A027941,P06986,SECURITY
A027942,P06986,WIFI
A027943,P06987,POWER_BACKUP
A027944,P06987,GYM
A027945,P06987,WIFI
A027946,P06987,SWIMMING_POOL
A027947,P06988,LIFT
A027948,P06988,PARKING
A027949,P06988,GYM
A027950,P06988,POWER_BACKUP
A027951,P06988,SECURITY
A027952,P06988,WIFI
A027953,P06989,LIFT
A027954,P06989,WIFI
A027955,P06989,PARKING
A027956,P06990,SWIMMING_POOL
A027957,P06990,GARDEN
A027958,P06990,SECURITY
A027959,P06991,SWIMMING_POOL
A027960,P06991,SECURITY
A027961,P06992,GYM
A027962,P06992,AIR_CONDITIONING
A027963,P06992,CLUBHOUSE
A027964,P06993,SECURITY
A027965,P06993,CLUBHOUSE
A027966,P06993,AIR_CONDITIONING
A027967,P06993,POWER_BACKUP
A027968,P06993,PARKING
A027969,P06994,WIFI
A027970,P06994,GYM
A027971,P06994,GARDEN
A027972,P06994,LIFT
A027973,P06994,AIR_CONDITIONING
A027974,P06994,SECURITY
A027975,P06995,GARDEN
A027976,P06995,PARKING
A027977,P06995,GYM
A027978,P06995,CLUBHOUSE
A027979,P06995,WIFI
A027980,P06995,POWER_BACKUP
A027981,P06996,AIR_CONDITIONING
A027982,P06996,CLUBHOUSE
A027983,P06996,GARDEN
A027984,P06996,SWIMMING_POOL
A027985,P06997,PARKING
A027986,P06997,CLUBHOUSE
A027987,P06997,SWIMMING_POOL
A027988,P06997,GYM
A027989,P06997,SECURITY
A027990,P06998,SECURITY
A027991,P06998,SWIMMING_POOL
A027992,P06998,POWER_BACKUP
A027993,P06998,CLUBHOUSE
A027994,P06999,SWIMMING_POOL
A027995,P06999,CLUBHOUSE
A027996,P06999,LIFT
A027997,P06999,GARDEN
A027998,P06999,AIR_CONDITIONING
A027999,P06999,SECURITY
A028000,P07000,PARKING
A028001,P07000,GARDEN
A028002,P07000,SWIMMING_POOL
A028003,P07000,SECURITY
A028004,P07000,AIR_CONDITIONING
A028005,P07000,GYM
A028006,P07001,SECURITY
A028007,P07001,WIFI
A028008,P07001,LIFT
A028009,P07002,GYM
A028010,P07002,SECURITY
A028011,P07003,SECURITY
A028012,P07003,LIFT
A028013,P07003,CLUBHOUSE
A028014,P07003,POWER_BACKUP
A028015,P07004,LIFT
A028016,P07004,SWIMMING_POOL
A028017,P07004,PARKING
A028018,P07004,WIFI
A028019,P07005,AIR_CONDITIONING
A028020,P07005,SWIMMING_POOL
A028021,P07005,GARDEN
A028022,P07005,GYM
A028023,P07005,LIFT
A028024,P07006,SWIMMING_POOL
A028025,P07006,POWER_BACKUP
A028026,P07006,PARKING
A028027,P07006,SECURITY
A028028,P07006,LIFT
A028029,P07006,GYM
A028030,P07007,PARKING
A028031,P07007,SECURITY
A028032,P07007,POWER_BACKUP
A028033,P07007,LIFT
A028034,P07007,SWIMMING_POOL
A028035,P07007,GYM
A028036,P07008,POWER_BACKUP
A028037,P07008,PARKING
A028038,P07008,GYM
A028039,P07008,SECURITY
A028040,P07008,LIFT
A028041,P07009,CLUBHOUSE
A028042,P07009,SECURITY
A028043,P07009,WIFI
A028044,P07009,GARDEN
A028045,P07010,AIR_CONDITIONING
A028046,P07010,CLUBHOUSE
A028047,P07010,GARDEN
A028048,P07010,POWER_BACKUP
A028049,P07010,SECURITY
A028050,P07010,PARKING
A028051,P07011,SECURITY
A028052,P07011,PARKING
A028053,P07011,GYM
A028054,P07011,SWIMMING_POOL
A028055,P07011,AIR_CONDITIONING
A028056,P07012,GYM
A028057,P07012,WIFI
A028058,P07012,SWIMMING_POOL
A028059,P07013,LIFT
A028060,P07013,WIFI
A028061,P07013,AIR_CONDITIONING
A028062,P07013,GARDEN
A028063,P07013,POWER_BACKUP
A028064,P07014,CLUBHOUSE
A028065,P07014,WIFI
A028066,P07014,SWIMMING_POOL
A028067,P07014,GARDEN
A028068,P07015,LIFT
A028069,P07015,POWER_BACKUP
A028070,P07015,GARDEN
A028071,P07016,GYM
A028072,P07016,SECURITY
A028073,P07016,LIFT
A028074,P07017,GARDEN
A028075,P07017,SWIMMING_POOL
A028076,P07017,LIFT
A028077,P07017,POWER_BACKUP
A028078,P07018,AIR_CONDITIONING
A028079,P07018,POWER_BACKUP
A028080,P07018,SECURITY
A028081,P07018,GARDEN
A028082,P07018,CLUBHOUSE
A028083,P07018,WIFI
A028084,P07019,AIR_CONDITIONING
A028085,P07019,LIFT
A028086,P07019,GYM
A028087,P07019,PARKING
A028088,P07019,CLUBHOUSE
A028089,P07020,AIR_CONDITIONING
A028090,P07020,GYM
A028091,P07020,CLUBHOUSE
A028092,P07021,GYM
A028093,P07021,POWER_BACKUP
A028094,P07021,GARDEN
A028095,P07021,CLUBHOUSE
A028096,P07021,LIFT
A028097,P07021,PARKING
A028098,P07022,SWIMMING_POOL
A028099,P07022,GARDEN
A028100,P07022,PARKING
A028101,P07023,CLUBHOUSE
A028102,P07023,PARKING
A028103,P07023,SECURITY
A028104,P07023,SWIMMING_POOL
A028105,P07023,POWER_BACKUP
A028106,P07024,POWER_BACKUP
A028107,P07024,SWIMMING_POOL
A028108,P07024,CLUBHOUSE
A028109,P07024,GYM
A028110,P07024,LIFT
A028111,P07025,SECURITY
A028112,P07025,GYM
A028113,P07025,POWER_BACKUP
A028114,P07026,WIFI
A028115,P07026,PARKING
A028116,P07026,POWER_BACKUP
A028117,P07027,GYM
A028118,P07027,LIFT
A028119,P07028,WIFI
A028120,P07028,POWER_BACKUP
A028121,P07028,GARDEN
A028122,P07028,AIR_CONDITIONING
A028123,P07029,CLUBHOUSE
A028124,P07029,WIFI
A028125,P07029,POWER_BACKUP
A028126,P07029,AIR_CONDITIONING
A028127,P07029,SWIMMING_POOL
A028128,P07029,GYM
A028129,P07030,SECURITY
A028130,P07030,GARDEN
A028131,P07031,POWER_BACKUP
A028132,P07031,WIFI
A028133,P07031,GARDEN
A028134,P07031,AIR_CONDITIONING
A028135,P07031,SECURITY
A028136,P07031,PARKING
A028137,P07032,LIFT
A028138,P07032,WIFI
A028139,P07032,GYM
A028140,P07032,AIR_CONDITIONING
A028141,P07032,GARDEN
A028142,P07032,PARKING
A028143,P07033,SWIMMING_POOL
A028144,P07033,PARKING
A028145,P07033,AIR_CONDITIONING
A028146,P07034,CLUBHOUSE
A028147,P07034,AIR_CONDITIONING
A028148,P07034,PARKING
A028149,P07034,WIFI
A028150,P07034,SWIMMING_POOL
A028151,P07034,GYM
A028152,P07035,GYM
A028153,P07035,GARDEN
A028154,P07036,CLUBHOUSE
A028155,P07036,SWIMMING_POOL
A028156,P07036,AIR_CONDITIONING
A028157,P07036,SECURITY
A028158,P07037,AIR_CONDITIONING
A028159,P07037,GYM
A028160,P07037,LIFT
A028161,P07037,SECURITY
A028162,P07038,GARDEN
A028163,P07038,SECURITY
A028164,P07039,WIFI
A028165,P07039,GARDEN
A028166,P07039,CLUBHOUSE
A028167,P07039,POWER_BACKUP
A028168,P07039,SECURITY
A028169,P07039,PARKING
A028170,P07040,PARKING
A028171,P07040,LIFT
A028172,P07040,SECURITY
A028173,P07040,GARDEN
A028174,P07040,WIFI
A028175,P07040,SWIMMING_POOL
A028176,P07041,SWIMMING_POOL
A028177,P07041,CLUBHOUSE
A028178,P07041,PARKING
A028179,P07041,LIFT
A028180,P07042,GYM
A028181,P07042,GARDEN
A028182,P07042,WIFI
A028183,P07042,CLUBHOUSE
A028184,P07043,CLUBHOUSE
A028185,P07043,PARKING
A028186,P07043,AIR_CONDITIONING
A028187,P07043,GYM
A028188,P07043,GARDEN
A028189,P07044,CLUBHOUSE
A028190,P07044,SWIMMING_POOL
A028191,P07044,SECURITY
A028192,P07044,GYM
A028193,P07045,WIFI
A028194,P07045,GYM
A028195,P07046,WIFI
A028196,P07046,LIFT
A028197,P07046,SWIMMING_POOL
A028198,P07047,GARDEN
A028199,P07047,POWER_BACKUP
A028200,P07047,CLUBHOUSE
A028201,P07047,PARKING
A028202,P07048,SWIMMING_POOL
A028203,P07048,SECURITY
A028204,P07048,LIFT
A028205,P07048,PARKING
A028206,P07048,WIFI
A028207,P07049,GARDEN
A028208,P07049,AIR_CONDITIONING
A028209,P07049,LIFT
A028210,P07049,SWIMMING_POOL
A028211,P07049,SECURITY
A028212,P07049,POWER_BACKUP
A028213,P07050,SWIMMING_POOL
A028214,P07050,CLUBHOUSE
A028215,P07050,WIFI
A028216,P07050,PARKING
A028217,P07051,AIR_CONDITIONING
A028218,P07051,POWER_BACKUP
A028219,P07052,LIFT
A028220,P07052,POWER_BACKUP
A028221,P07052,WIFI
A028222,P07052,SECURITY
A028223,P07052,AIR_CONDITIONING
A028224,P07053,POWER_BACKUP
A028225,P07053,CLUBHOUSE
A028226,P07053,GARDEN
A028227,P07053,LIFT
A028228,P07053,GYM
A028229,P07053,AIR_CONDITIONING
A028230,P07054,CLUBHOUSE
A028231,P07054,GARDEN
A028232,P07055,LIFT
A028233,P07055,AIR_CONDITIONING
A028234,P07055,WIFI
A028235,P07055,PARKING
A028236,P07055,GYM
A028237,P07055,CLUBHOUSE
A028238,P07056,SWIMMING_POOL
A028239,P07056,GYM
A028240,P07056,SECURITY
A028241,P07056,GARDEN
A028242,P07056,PARKING
A028243,P07056,POWER_BACKUP
A028244,P07057,GARDEN
A028245,P07057,WIFI
A028246,P07058,POWER_BACKUP
A028247,P07058,LIFT
A028248,P07058,SWIMMING_POOL
A028249,P07058,AIR_CONDITIONING
A028250,P07058,SECURITY
A028251,P07058,GYM
A028252,P07059,SWIMMING_POOL
A028253,P07059,AIR_CONDITIONING
A028254,P07059,LIFT
A028255,P07060,SECURITY
A028256,P07060,SWIMMING_POOL
A028257,P07061,WIFI
A028258,P07061,POWER_BACKUP
A028259,P07061,GARDEN
A028260,P07061,PARKING
A028261,P07061,AIR_CONDITIONING
A028262,P07061,LIFT
A028263,P07062,SECURITY
A028264,P07062,CLUBHOUSE
A028265,P07062,AIR_CONDITIONING
A028266,P07063,GARDEN
A028267,P07063,CLUBHOUSE
A028268,P07063,GYM
A028269,P07063,PARKING
A028270,P07063,SWIMMING_POOL
A028271,P07063,LIFT
A028272,P07064,LIFT
A028273,P07064,SECURITY
A028274,P07064,POWER_BACKUP
A028275,P07064,GYM
A028276,P07064,WIFI
A028277,P07064,AIR_CONDITIONING
A028278,P07065,GARDEN
A028279,P07065,SWIMMING_POOL
A028280,P07065,AIR_CONDITIONING
A028281,P07065,SECURITY
A028282,P07065,WIFI
A028283,P07066,PARKING
A028284,P07066,GARDEN
A028285,P07067,GARDEN
A028286,P07067,WIFI
A028287,P07067,GYM
A028288,P07067,POWER_BACKUP
A028289,P07067,SWIMMING_POOL
A028290,P07068,CLUBHOUSE
A028291,P07068,SWIMMING_POOL
A028292,P07068,LIFT
A028293,P07068,WIFI
A028294,P07068,AIR_CONDITIONING
A028295,P07069,GYM
A028296,P07069,POWER_BACKUP
A028297,P07069,WIFI
A028298,P07069,CLUBHOUSE
A028299,P07069,AIR_CONDITIONING
A028300,P07069,PARKING
A028301,P07070,POWER_BACKUP
A028302,P07070,PARKING
A028303,P07070,SWIMMING_POOL
A028304,P07071,SWIMMING_POOL
A028305,P07071,POWER_BACKUP
A028306,P07071,LIFT
A028307,P07071,PARKING
A028308,P07071,GYM
A028309,P07072,SWIMMING_POOL
A028310,P07072,SECURITY
A028311,P07072,AIR_CONDITIONING
A028312,P07072,CLUBHOUSE
A028313,P07073,GARDEN
A028314,P07073,WIFI
A028315,P07073,SECURITY
A028316,P07073,LIFT
A028317,P07073,SWIMMING_POOL
A028318,P07073,AIR_CONDITIONING
A028319,P07074,CLUBHOUSE
A028320,P07074,POWER_BACKUP
A028321,P07074,WIFI
A028322,P07075,LIFT
A028323,P07075,GARDEN
A028324,P07075,PARKING
A028325,P07076,AIR_CONDITIONING
A028326,P07076,SECURITY
A028327,P07077,SWIMMING_POOL
A028328,P07077,WIFI
A028329,P07077,GYM
A028330,P07077,AIR_CONDITIONING
A028331,P07077,GARDEN
A028332,P07078,LIFT
A028333,P07078,SWIMMING_POOL
A028334,P07078,POWER_BACKUP
A028335,P07079,PARKING
A028336,P07079,SWIMMING_POOL
A028337,P07079,CLUBHOUSE
A028338,P07079,SECURITY
A028339,P07079,GARDEN
A028340,P07079,POWER_BACKUP
A028341,P07080,SWIMMING_POOL
A028342,P07080,AIR_CONDITIONING
A028343,P07080,GYM
A028344,P07080,PARKING
A028345,P07081,WIFI
A028346,P07081,GYM
A028347,P07082,POWER_BACKUP
A028348,P07082,LIFT
A028349,P07082,PARKING
A028350,P07083,GYM
A028351,P07083,CLUBHOUSE
A028352,P07083,AIR_CONDITIONING
A028353,P07083,PARKING
A028354,P07084,GYM
A028355,P07084,PARKING
A028356,P07084,WIFI
A028357,P07084,POWER_BACKUP
A028358,P07084,SECURITY
A028359,P07085,SECURITY
A028360,P07085,GYM
A028361,P07085,AIR_CONDITIONING
A028362,P07085,WIFI
A028363,P07086,SWIMMING_POOL
A028364,P07086,WIFI
A028365,P07087,POWER_BACKUP
A028366,P07087,SECURITY
A028367,P07087,SWIMMING_POOL
A028368,P07088,CLUBHOUSE
A028369,P07088,POWER_BACKUP
A028370,P07088,SWIMMING_POOL
A028371,P07088,AIR_CONDITIONING
A028372,P07088,WIFI
A028373,P07089,CLUBHOUSE
A028374,P07089,GARDEN
A028375,P07089,WIFI
A028376,P07089,PARKING
A028377,P07090,AIR_CONDITIONING
A028378,P07090,SECURITY
A028379,P07090,POWER_BACKUP
A028380,P07090,GYM
A028381,P07090,GARDEN
A028382,P07091,AIR_CONDITIONING
A028383,P07091,PARKING
A028384,P07091,LIFT
A028385,P07091,SWIMMING_POOL
A028386,P07092,GYM
A028387,P07092,WIFI
A028388,P07092,PARKING
A028389,P07092,CLUBHOUSE
A028390,P07093,PARKING
A028391,P07093,GARDEN
A028392,P07094,GYM
A028393,P07094,SWIMMING_POOL
A028394,P07094,WIFI
A028395,P07094,GARDEN
A028396,P07094,SECURITY
A028397,P07094,POWER_BACKUP
A028398,P07095,GYM
A028399,P07095,GARDEN
A028400,P07095,WIFI
A028401,P07095,CLUBHOUSE
A028402,P07095,PARKING
A028403,P07095,AIR_CONDITIONING
A028404,P07096,PARKING
A028405,P07096,CLUBHOUSE
A028406,P07096,GYM
A028407,P07096,POWER_BACKUP
A028408,P07096,LIFT
A028409,P07097,AIR_CONDITIONING
A028410,P07097,SECURITY
A028411,P07097,POWER_BACKUP
A028412,P07098,GARDEN
A028413,P07098,SECURITY
A028414,P07098,WIFI
A028415,P07098,PARKING
A028416,P07098,GYM
A028417,P07099,WIFI
A028418,P07099,GYM
A028419,P07099,LIFT
A028420,P07100,POWER_BACKUP
A028421,P07100,WIFI
A028422,P07100,AIR_CONDITIONING
A028423,P07100,SECURITY
A028424,P07100,GARDEN
A028425,P07101,LIFT
A028426,P07101,AIR_CONDITIONING
A028427,P07102,GARDEN
A028428,P07102,POWER_BACKUP
A028429,P07102,AIR_CONDITIONING
A028430,P07102,WIFI
A028431,P07102,CLUBHOUSE
A028432,P07102,SECURITY
A028433,P07103,SWIMMING_POOL
A028434,P07103,WIFI
A028435,P07103,PARKING
A028436,P07104,AIR_CONDITIONING
A028437,P07104,SECURITY
A028438,P07104,POWER_BACKUP
A028439,P07104,CLUBHOUSE
A028440,P07104,GARDEN
A028441,P07105,POWER_BACKUP
A028442,P07105,SECURITY
A028443,P07105,SWIMMING_POOL
A028444,P07105,PARKING
A028445,P07106,SECURITY
A028446,P07106,CLUBHOUSE
A028447,P07106,LIFT
A028448,P07107,CLUBHOUSE
A028449,P07107,POWER_BACKUP
A028450,P07107,LIFT
A028451,P07107,AIR_CONDITIONING
A028452,P07107,PARKING
A028453,P07108,PARKING
A028454,P07108,GARDEN
A028455,P07108,SWIMMING_POOL
A028456,P07109,SECURITY
A028457,P07109,PARKING
A028458,P07109,WIFI
A028459,P07109,SWIMMING_POOL
A028460,P07110,GARDEN
A028461,P07110,SECURITY
A028462,P07111,SECURITY
A028463,P07111,PARKING
A028464,P07111,SWIMMING_POOL
A028465,P07111,POWER_BACKUP
A028466,P07112,POWER_BACKUP
A028467,P07112,SECURITY
A028468,P07112,CLUBHOUSE
A028469,P07112,PARKING
A028470,P07113,GARDEN
A028471,P07113,PARKING
A028472,P07113,SWIMMING_POOL
A028473,P07113,GYM
A028474,P07113,POWER_BACKUP
A028475,P07114,GYM
A028476,P07114,AIR_CONDITIONING
A028477,P07114,GARDEN
A028478,P07114,PARKING
A028479,P07115,POWER_BACKUP
A028480,P07115,SECURITY
A028481,P07115,LIFT
A028482,P07115,GARDEN
A028483,P07116,LIFT
A028484,P07116,SECURITY
A028485,P07116,POWER_BACKUP
A028486,P07117,LIFT
A028487,P07117,SECURITY
A028488,P07117,PARKING
A028489,P07117,WIFI
A028490,P07118,PARKING
A028491,P07118,GYM
A028492,P07118,SWIMMING_POOL
A028493,P07119,SECURITY
A028494,P07119,LIFT
A028495,P07119,SWIMMING_POOL
A028496,P07119,GARDEN
A028497,P07120,CLUBHOUSE
A028498,P07120,SWIMMING_POOL
A028499,P07120,GARDEN
A028500,P07121,SECURITY
A028501,P07121,LIFT
A028502,P07121,POWER_BACKUP
A028503,P07121,AIR_CONDITIONING
A028504,P07122,PARKING
A028505,P07122,SWIMMING_POOL
A028506,P07122,GYM
A028507,P07122,LIFT
A028508,P07122,POWER_BACKUP
A028509,P07123,GYM
A028510,P07123,CLUBHOUSE
A028511,P07123,SWIMMING_POOL
A028512,P07123,SECURITY
A028513,P07123,AIR_CONDITIONING
A028514,P07124,POWER_BACKUP
A028515,P07124,AIR_CONDITIONING
A028516,P07125,PARKING
A028517,P07125,WIFI
A028518,P07125,CLUBHOUSE
A028519,P07125,GARDEN
A028520,P07125,SWIMMING_POOL
A028521,P07125,LIFT
A028522,P07126,PARKING
A028523,P07126,WIFI
A028524,P07126,CLUBHOUSE
A028525,P07126,SWIMMING_POOL
A028526,P07127,POWER_BACKUP
A028527,P07127,GARDEN
A028528,P07128,GARDEN
A028529,P07128,PARKING
A028530,P07128,SWIMMING_POOL
A028531,P07128,POWER_BACKUP
A028532,P07129,PARKING
A028533,P07129,WIFI
A028534,P07129,AIR_CONDITIONING
A028535,P07129,SWIMMING_POOL
A028536,P07130,AIR_CONDITIONING
A028537,P07130,GARDEN
A028538,P07130,SWIMMING_POOL
A028539,P07130,CLUBHOUSE
A028540,P07130,LIFT
A028541,P07131,SWIMMING_POOL
A028542,P07131,WIFI
A028543,P07131,CLUBHOUSE
A028544,P07132,POWER_BACKUP
A028545,P07132,SECURITY
A028546,P07132,SWIMMING_POOL
A028547,P07133,WIFI
A028548,P07133,SECURITY
A028549,P07133,CLUBHOUSE
A028550,P07134,WIFI
A028551,P07134,PARKING
A028552,P07134,SWIMMING_POOL
A028553,P07134,GYM
A028554,P07135,SWIMMING_POOL
A028555,P07135,CLUBHOUSE
A028556,P07135,GYM
A028557,P07135,AIR_CONDITIONING
A028558,P07135,POWER_BACKUP
A028559,P07136,CLUBHOUSE
A028560,P07136,SWIMMING_POOL
A028561,P07136,POWER_BACKUP
A028562,P07136,WIFI
A028563,P07137,PARKING
A028564,P07137,GYM
A028565,P07138,LIFT
A028566,P07138,GARDEN
A028567,P07138,WIFI
A028568,P07138,SWIMMING_POOL
A028569,P07138,CLUBHOUSE
A028570,P07139,WIFI
A028571,P07139,SECURITY
A028572,P07139,CLUBHOUSE
A028573,P07139,GYM
A028574,P07140,GYM
A028575,P07140,LIFT
A028576,P07140,SWIMMING_POOL
A028577,P07141,GYM
A028578,P07141,POWER_BACKUP
A028579,P07141,AIR_CONDITIONING
A028580,P07141,GARDEN
A028581,P07141,LIFT
A028582,P07141,WIFI
A028583,P07142,POWER_BACKUP
A028584,P07142,SECURITY
A028585,P07142,CLUBHOUSE
A028586,P07142,WIFI
A028587,P07142,PARKING
A028588,P07142,LIFT
A028589,P07143,PARKING
A028590,P07143,LIFT
A028591,P07143,SECURITY
A028592,P07144,WIFI
A028593,P07144,SWIMMING_POOL
A028594,P07144,GYM
A028595,P07144,PARKING
A028596,P07145,SWIMMING_POOL
A028597,P07145,GYM
A028598,P07145,CLUBHOUSE
A028599,P07145,LIFT
A028600,P07145,WIFI
A028601,P07146,AIR_CONDITIONING
A028602,P07146,SECURITY
A028603,P07146,CLUBHOUSE
A028604,P07146,GYM
A028605,P07146,WIFI
A028606,P07146,POWER_BACKUP
A028607,P07147,CLUBHOUSE
A028608,P07147,SWIMMING_POOL
A028609,P07147,GARDEN
A028610,P07147,POWER_BACKUP
A028611,P07147,GYM
A028612,P07148,SECURITY
A028613,P07148,SWIMMING_POOL
A028614,P07148,POWER_BACKUP
A028615,P07148,PARKING
A028616,P07148,GYM
A028617,P07148,CLUBHOUSE
A028618,P07149,LIFT
A028619,P07149,PARKING
A028620,P07150,PARKING
A028621,P07150,POWER_BACKUP
A028622,P07150,AIR_CONDITIONING
A028623,P07151,CLUBHOUSE
A028624,P07151,AIR_CONDITIONING
A028625,P07152,SWIMMING_POOL
A028626,P07152,LIFT
A028627,P07152,WIFI
A028628,P07152,GYM
A028629,P07153,SWIMMING_POOL
A028630,P07153,LIFT
A028631,P07153,WIFI
A028632,P07154,GYM
A028633,P07154,WIFI
A028634,P07154,GARDEN
A028635,P07154,POWER_BACKUP
A028636,P07155,SWIMMING_POOL
A028637,P07155,CLUBHOUSE
A028638,P07155,GARDEN
A028639,P07155,GYM
A028640,P07155,POWER_BACKUP
A028641,P07155,PARKING
A028642,P07156,LIFT
A028643,P07156,SWIMMING_POOL
A028644,P07156,AIR_CONDITIONING
A028645,P07157,POWER_BACKUP
A028646,P07157,SWIMMING_POOL
A028647,P07157,WIFI
A028648,P07157,GARDEN
A028649,P07157,SECURITY
A028650,P07158,SECURITY
A028651,P07158,GARDEN
A028652,P07158,WIFI
A028653,P07158,GYM
A028654,P07158,CLUBHOUSE
A028655,P07158,SWIMMING_POOL
A028656,P07159,WIFI
A028657,P07159,AIR_CONDITIONING
A028658,P07159,SECURITY
A028659,P07159,GYM
A028660,P07160,LIFT
A028661,P07160,AIR_CONDITIONING
A028662,P07160,SECURITY
A028663,P07160,POWER_BACKUP
A028664,P07160,SWIMMING_POOL
A028665,P07161,LIFT
A028666,P07161,PARKING
A028667,P07161,CLUBHOUSE
A028668,P07161,AIR_CONDITIONING
A028669,P07162,AIR_CONDITIONING
A028670,P07162,GYM
A028671,P07162,LIFT
A028672,P07163,SECURITY
A028673,P07163,POWER_BACKUP
A028674,P07163,PARKING
A028675,P07163,WIFI
A028676,P07163,AIR_CONDITIONING
A028677,P07164,AIR_CONDITIONING
A028678,P07164,GARDEN
A028679,P07164,SWIMMING_POOL
A028680,P07164,GYM
A028681,P07164,POWER_BACKUP
A028682,P07164,CLUBHOUSE
A028683,P07165,GARDEN
A028684,P07165,WIFI
A028685,P07165,CLUBHOUSE
A028686,P07165,PARKING
A028687,P07165,GYM
A028688,P07166,AIR_CONDITIONING
A028689,P07166,PARKING
A028690,P07167,PARKING
A028691,P07167,GARDEN
A028692,P07167,CLUBHOUSE
A028693,P07167,POWER_BACKUP
A028694,P07167,GYM
A028695,P07168,AIR_CONDITIONING
A028696,P07168,SWIMMING_POOL
A028697,P07168,WIFI
A028698,P07168,LIFT
A028699,P07168,POWER_BACKUP
A028700,P07169,CLUBHOUSE
A028701,P07169,PARKING
A028702,P07169,GYM
A028703,P07169,WIFI
A028704,P07170,POWER_BACKUP
A028705,P07170,SECURITY
A028706,P07170,LIFT
A028707,P07170,SWIMMING_POOL
A028708,P07171,WIFI
A028709,P07171,GYM
A028710,P07171,AIR_CONDITIONING
A028711,P07172,POWER_BACKUP
A028712,P07172,WIFI
A028713,P07172,AIR_CONDITIONING
A028714,P07172,GARDEN
A028715,P07172,SECURITY
A028716,P07173,WIFI
A028717,P07173,SWIMMING_POOL
A028718,P07173,CLUBHOUSE
A028719,P07173,GYM
A028720,P07173,POWER_BACKUP
A028721,P07174,CLUBHOUSE
A028722,P07174,SECURITY
A028723,P07175,LIFT
A028724,P07175,POWER_BACKUP
A028725,P07175,CLUBHOUSE
A028726,P07175,SECURITY
A028727,P07175,GYM
A028728,P07175,AIR_CONDITIONING
A028729,P07176,SECURITY
A028730,P07176,LIFT
A028731,P07177,AIR_CONDITIONING
A028732,P07177,POWER_BACKUP
A028733,P07177,WIFI
A028734,P07177,GARDEN
A028735,P07177,SWIMMING_POOL
A028736,P07178,LIFT
A028737,P07178,PARKING
A028738,P07178,GARDEN
A028739,P07178,CLUBHOUSE
A028740,P07178,AIR_CONDITIONING
A028741,P07179,SWIMMING_POOL
A028742,P07179,GARDEN
A028743,P07179,CLUBHOUSE
A028744,P07180,POWER_BACKUP
A028745,P07180,CLUBHOUSE
A028746,P07180,WIFI
A028747,P07181,CLUBHOUSE
A028748,P07181,LIFT
A028749,P07181,SECURITY
A028750,P07181,PARKING
A028751,P07181,POWER_BACKUP
A028752,P07181,GYM
A028753,P07182,CLUBHOUSE
A028754,P07182,SWIMMING_POOL
A028755,P07182,GARDEN
A028756,P07183,GYM
A028757,P07183,LIFT
A028758,P07183,AIR_CONDITIONING
A028759,P07183,POWER_BACKUP
A028760,P07184,WIFI
A028761,P07184,GYM
A028762,P07184,SECURITY
A028763,P07184,GARDEN
A028764,P07184,LIFT
A028765,P07185,SECURITY
A028766,P07185,GYM
A028767,P07185,GARDEN
A028768,P07185,CLUBHOUSE
A028769,P07185,WIFI
A028770,P07186,SECURITY
A028771,P07186,SWIMMING_POOL
A028772,P07186,WIFI
A028773,P07187,PARKING
A028774,P07187,CLUBHOUSE
A028775,P07187,SWIMMING_POOL
A028776,P07188,POWER_BACKUP
A028777,P07188,GARDEN
A028778,P07189,GARDEN
A028779,P07189,SWIMMING_POOL
A028780,P07189,PARKING
A028781,P07189,WIFI
A028782,P07190,GYM
A028783,P07190,CLUBHOUSE
A028784,P07191,GARDEN
A028785,P07191,AIR_CONDITIONING
A028786,P07191,SWIMMING_POOL
A028787,P07192,SECURITY
A028788,P07192,PARKING
A028789,P07193,GARDEN
A028790,P07193,PARKING
A028791,P07193,SECURITY
A028792,P07194,WIFI
A028793,P07194,PARKING
A028794,P07194,POWER_BACKUP
A028795,P07194,GARDEN
A028796,P07195,PARKING
A028797,P07195,LIFT
A028798,P07195,GYM
A028799,P07195,SECURITY
A028800,P07196,PARKING
A028801,P07196,GYM
A028802,P07197,PARKING
A028803,P07197,SWIMMING_POOL
A028804,P07197,AIR_CONDITIONING
A028805,P07197,POWER_BACKUP
A028806,P07197,SECURITY
A028807,P07197,GARDEN
A028808,P07198,GARDEN
A028809,P07198,POWER_BACKUP
A028810,P07198,PARKING
A028811,P07199,SWIMMING_POOL
A028812,P07199,SECURITY
A028813,P07199,GARDEN
A028814,P07199,POWER_BACKUP
A028815,P07200,GYM
A028816,P07200,WIFI
A028817,P07200,AIR_CONDITIONING
A028818,P07201,GARDEN
A028819,P07201,SECURITY
A028820,P07201,SWIMMING_POOL
A028821,P07201,LIFT
A028822,P07202,SECURITY
A028823,P07202,GARDEN
A028824,P07202,WIFI
A028825,P07202,PARKING
A028826,P07202,SWIMMING_POOL
A028827,P07202,GYM
A028828,P07203,AIR_CONDITIONING
A028829,P07203,PARKING
A028830,P07203,LIFT
A028831,P07203,SWIMMING_POOL
A028832,P07203,WIFI
A028833,P07204,SECURITY
A028834,P07204,PARKING
A028835,P07205,LIFT
A028836,P07205,POWER_BACKUP
A028837,P07206,WIFI
A028838,P07206,GARDEN
A028839,P07207,WIFI
A028840,P07207,GARDEN
A028841,P07207,SWIMMING_POOL
A028842,P07207,SECURITY
A028843,P07207,LIFT
A028844,P07208,AIR_CONDITIONING
A028845,P07208,LIFT
A028846,P07208,SWIMMING_POOL
A028847,P07209,GYM
A028848,P07209,PARKING
A028849,P07209,AIR_CONDITIONING
A028850,P07209,SWIMMING_POOL
A028851,P07209,LIFT
A028852,P07209,WIFI
A028853,P07210,WIFI
A028854,P07210,SECURITY
A028855,P07210,PARKING
A028856,P07210,CLUBHOUSE
A028857,P07210,LIFT
A028858,P07210,GARDEN
A028859,P07211,SWIMMING_POOL
A028860,P07211,SECURITY
A028861,P07211,GARDEN
A028862,P07212,AIR_CONDITIONING
A028863,P07212,PARKING
A028864,P07212,GYM
A028865,P07212,LIFT
A028866,P07213,SECURITY
A028867,P07213,CLUBHOUSE
A028868,P07213,GARDEN
A028869,P07213,AIR_CONDITIONING
A028870,P07213,GYM
A028871,P07214,PARKING
A028872,P07214,CLUBHOUSE
A028873,P07215,WIFI
A028874,P07215,GYM
A028875,P07215,LIFT
A028876,P07216,SWIMMING_POOL
A028877,P07216,GARDEN
A028878,P07216,WIFI
A028879,P07216,SECURITY
A028880,P07217,POWER_BACKUP
A028881,P07217,AIR_CONDITIONING
A028882,P07217,PARKING
A028883,P07217,GYM
A028884,P07218,AIR_CONDITIONING
A028885,P07218,CLUBHOUSE
A028886,P07218,SWIMMING_POOL
A028887,P07218,WIFI
A028888,P07218,LIFT
A028889,P07219,POWER_BACKUP
A028890,P07219,CLUBHOUSE
A028891,P07220,PARKING
A028892,P07220,GYM
A028893,P07220,WIFI
A028894,P07220,CLUBHOUSE
A028895,P07220,LIFT
A028896,P07221,GYM
A028897,P07221,CLUBHOUSE
A028898,P07221,LIFT
A028899,P07221,SECURITY
A028900,P07222,POWER_BACKUP
A028901,P07222,SWIMMING_POOL
A028902,P07223,LIFT
A028903,P07223,SECURITY
A028904,P07223,GARDEN
A028905,P07223,GYM
A028906,P07223,SWIMMING_POOL
A028907,P07224,GYM
A028908,P07224,LIFT
A028909,P07224,POWER_BACKUP
A028910,P07224,AIR_CONDITIONING
A028911,P07225,LIFT
A028912,P07225,SECURITY
A028913,P07225,PARKING
A028914,P07225,WIFI
A028915,P07225,AIR_CONDITIONING
A028916,P07226,SECURITY
A028917,P07226,PARKING
A028918,P07226,AIR_CONDITIONING
A028919,P07226,POWER_BACKUP
A028920,P07226,GARDEN
A028921,P07227,POWER_BACKUP
A028922,P07227,GARDEN
A028923,P07227,GYM
A028924,P07228,GYM
A028925,P07228,POWER_BACKUP
A028926,P07229,GYM
A028927,P07229,LIFT
A028928,P07229,AIR_CONDITIONING
A028929,P07230,AIR_CONDITIONING
A028930,P07230,LIFT
A028931,P07230,SWIMMING_POOL
A028932,P07230,CLUBHOUSE
A028933,P07230,WIFI
A028934,P07230,GARDEN
A028935,P07231,CLUBHOUSE
A028936,P07231,PARKING
A028937,P07231,GARDEN
A028938,P07231,SECURITY
A028939,P07232,SWIMMING_POOL
A028940,P07232,GYM
A028941,P07232,AIR_CONDITIONING
A028942,P07232,LIFT
A028943,P07232,SECURITY
A028944,P07233,GARDEN
A028945,P07233,POWER_BACKUP
A028946,P07234,SWIMMING_POOL
A028947,P07234,WIFI
A028948,P07235,AIR_CONDITIONING
A028949,P07235,GARDEN
A028950,P07236,SWIMMING_POOL
A028951,P07236,GARDEN
A028952,P07236,PARKING
A028953,P07236,GYM
A028954,P07236,POWER_BACKUP
A028955,P07236,SECURITY
A028956,P07237,SWIMMING_POOL
A028957,P07237,WIFI
A028958,P07237,CLUBHOUSE
A028959,P07237,GYM
A028960,P07237,POWER_BACKUP
A028961,P07237,PARKING
A028962,P07238,GYM
A028963,P07238,GARDEN
A028964,P07239,SWIMMING_POOL
A028965,P07239,PARKING
A028966,P07239,POWER_BACKUP
A028967,P07240,SECURITY
A028968,P07240,PARKING
A028969,P07241,WIFI
A028970,P07241,GYM
A028971,P07241,LIFT
A028972,P07241,POWER_BACKUP
A028973,P07241,PARKING
A028974,P07241,SWIMMING_POOL
A028975,P07242,SWIMMING_POOL
A028976,P07242,POWER_BACKUP
A028977,P07242,CLUBHOUSE
A028978,P07243,CLUBHOUSE
A028979,P07243,AIR_CONDITIONING
A028980,P07244,SECURITY
A028981,P07244,CLUBHOUSE
A028982,P07244,GYM
A028983,P07244,LIFT
A028984,P07244,WIFI
A028985,P07244,GARDEN
A028986,P07245,SWIMMING_POOL
A028987,P07245,WIFI
A028988,P07245,AIR_CONDITIONING
A028989,P07245,CLUBHOUSE
A028990,P07245,LIFT
A028991,P07246,GYM
A028992,P07246,PARKING
A028993,P07247,SECURITY
A028994,P07247,GYM
A028995,P07247,SWIMMING_POOL
A028996,P07247,POWER_BACKUP
A028997,P07248,PARKING
A028998,P07248,LIFT
A028999,P07248,POWER_BACKUP
A029000,P07248,SECURITY
A029001,P07248,CLUBHOUSE
A029002,P07248,WIFI
A029003,P07249,SWIMMING_POOL
A029004,P07249,SECURITY
A029005,P07249,PARKING
A029006,P07249,GARDEN
A029007,P07249,GYM
A029008,P07249,WIFI
A029009,P07250,SECURITY
A029010,P07250,SWIMMING_POOL
A029011,P07250,CLUBHOUSE
A029012,P07250,POWER_BACKUP
A029013,P07250,LIFT
A029014,P07251,GYM
A029015,P07251,POWER_BACKUP
A029016,P07251,WIFI
A029017,P07251,LIFT
A029018,P07251,SECURITY
A029019,P07251,SWIMMING_POOL
A029020,P07252,GYM
A029021,P07252,WIFI
A029022,P07252,GARDEN
A029023,P07253,CLUBHOUSE
A029024,P07253,LIFT
A029025,P07253,GARDEN
A029026,P07253,AIR_CONDITIONING
A029027,P07253,GYM
A029028,P07254,GYM
A029029,P07254,PARKING
A029030,P07255,AIR_CONDITIONING
A029031,P07255,CLUBHOUSE
A029032,P07256,PARKING
A029033,P07256,AIR_CONDITIONING
A029034,P07257,GYM
A029035,P07257,AIR_CONDITIONING
A029036,P07258,POWER_BACKUP
A029037,P07258,GARDEN
A029038,P07259,AIR_CONDITIONING
A029039,P07259,GARDEN
A029040,P07259,LIFT
A029041,P07260,SECURITY
A029042,P07260,GARDEN
A029043,P07260,POWER_BACKUP
A029044,P07260,GYM
A029045,P07260,PARKING
A029046,P07261,SWIMMING_POOL
A029047,P07261,SECURITY
A029048,P07261,AIR_CONDITIONING
A029049,P07261,POWER_BACKUP
A029050,P07261,CLUBHOUSE
A029051,P07261,PARKING
A029052,P07262,GARDEN
A029053,P07262,AIR_CONDITIONING
A029054,P07262,GYM
A029055,P07262,PARKING
A029056,P07262,CLUBHOUSE
A029057,P07263,POWER_BACKUP
A029058,P07263,GYM
A029059,P07263,AIR_CONDITIONING
A029060,P07264,GYM
A029061,P07264,AIR_CONDITIONING
A029062,P07264,LIFT
A029063,P07265,SWIMMING_POOL
A029064,P07265,GYM
A029065,P07265,PARKING
A029066,P07265,SECURITY
A029067,P07265,CLUBHOUSE
A029068,P07265,LIFT
A029069,P07266,AIR_CONDITIONING
A029070,P07266,WIFI
A029071,P07266,SECURITY
A029072,P07266,PARKING
A029073,P07266,SWIMMING_POOL
A029074,P07266,GARDEN
A029075,P07267,CLUBHOUSE
A029076,P07267,GYM
A029077,P07267,GARDEN
A029078,P07268,CLUBHOUSE
A029079,P07268,SWIMMING_POOL
A029080,P07268,WIFI
A029081,P07268,SECURITY
A029082,P07268,PARKING
A029083,P07269,LIFT
A029084,P07269,SECURITY
A029085,P07270,GARDEN
A029086,P07270,WIFI
A029087,P07270,LIFT
A029088,P07270,SECURITY
A029089,P07270,AIR_CONDITIONING
A029090,P07270,SWIMMING_POOL
A029091,P07271,WIFI
A029092,P07271,GARDEN
A029093,P07272,POWER_BACKUP
A029094,P07272,SECURITY
A029095,P07272,CLUBHOUSE
A029096,P07273,SECURITY
A029097,P07273,PARKING
A029098,P07274,PARKING
A029099,P07274,SECURITY
A029100,P07274,POWER_BACKUP
A029101,P07274,SWIMMING_POOL
A029102,P07275,PARKING
A029103,P07275,WIFI
A029104,P07275,AIR_CONDITIONING
A029105,P07275,GARDEN
A029106,P07275,SWIMMING_POOL
A029107,P07276,PARKING
A029108,P07276,CLUBHOUSE
A029109,P07277,SECURITY
A029110,P07277,PARKING
A029111,P07277,AIR_CONDITIONING
A029112,P07278,CLUBHOUSE
A029113,P07278,WIFI
A029114,P07278,LIFT
A029115,P07278,POWER_BACKUP
A029116,P07278,SECURITY
A029117,P07279,SECURITY
A029118,P07279,AIR_CONDITIONING
A029119,P07279,WIFI
A029120,P07279,PARKING
A029121,P07279,GARDEN
A029122,P07280,SECURITY
A029123,P07280,SWIMMING_POOL
A029124,P07280,AIR_CONDITIONING
A029125,P07280,LIFT
A029126,P07281,GARDEN
A029127,P07281,SECURITY
A029128,P07282,LIFT
A029129,P07282,WIFI
A029130,P07282,AIR_CONDITIONING
A029131,P07282,CLUBHOUSE
A029132,P07282,SWIMMING_POOL
A029133,P07283,AIR_CONDITIONING
A029134,P07283,POWER_BACKUP
A029135,P07283,WIFI
A029136,P07283,GARDEN
A029137,P07284,SECURITY
A029138,P07284,POWER_BACKUP
A029139,P07284,GARDEN
A029140,P07284,SWIMMING_POOL
A029141,P07284,AIR_CONDITIONING
A029142,P07285,LIFT
A029143,P07285,PARKING
A029144,P07285,SECURITY
A029145,P07285,GARDEN
A029146,P07286,SWIMMING_POOL
A029147,P07286,SECURITY
A029148,P07286,LIFT
A029149,P07286,POWER_BACKUP
A029150,P07286,GYM
A029151,P07286,GARDEN
A029152,P07287,SECURITY
A029153,P07287,PARKING
A029154,P07287,POWER_BACKUP
A029155,P07288,PARKING
A029156,P07288,WIFI
A029157,P07288,SECURITY
A029158,P07288,CLUBHOUSE
A029159,P07289,SECURITY
A029160,P07289,WIFI
A029161,P07289,PARKING
A029162,P07289,LIFT
A029163,P07289,AIR_CONDITIONING
A029164,P07290,GARDEN
A029165,P07290,WIFI
A029166,P07290,GYM
A029167,P07290,PARKING
A029168,P07291,LIFT
A029169,P07291,PARKING
A029170,P07291,CLUBHOUSE
A029171,P07291,GARDEN
A029172,P07291,AIR_CONDITIONING
A029173,P07292,LIFT
A029174,P07292,GYM
A029175,P07292,SECURITY
A029176,P07292,AIR_CONDITIONING
A029177,P07292,CLUBHOUSE
A029178,P07293,GARDEN
A029179,P07293,GYM
A029180,P07293,SECURITY
A029181,P07294,SECURITY
A029182,P07294,GYM
A029183,P07294,SWIMMING_POOL
A029184,P07294,AIR_CONDITIONING
A029185,P07294,CLUBHOUSE
A029186,P07295,CLUBHOUSE
A029187,P07295,SECURITY
A029188,P07296,AIR_CONDITIONING
A029189,P07296,LIFT
A029190,P07296,WIFI
A029191,P07297,AIR_CONDITIONING
A029192,P07297,WIFI
A029193,P07297,GYM
A029194,P07297,LIFT
A029195,P07297,PARKING
A029196,P07297,GARDEN
A029197,P07298,GYM
A029198,P07298,SECURITY
A029199,P07299,CLUBHOUSE
A029200,P07299,GYM
A029201,P07299,PARKING
A029202,P07299,POWER_BACKUP
A029203,P07299,LIFT
A029204,P07299,AIR_CONDITIONING
A029205,P07300,GARDEN
A029206,P07300,LIFT
A029207,P07301,WIFI
A029208,P07301,GARDEN
A029209,P07301,POWER_BACKUP
A029210,P07301,CLUBHOUSE
A029211,P07301,SECURITY
A029212,P07301,AIR_CONDITIONING
A029213,P07302,CLUBHOUSE
A029214,P07302,PARKING
A029215,P07302,GARDEN
A029216,P07303,PARKING
A029217,P07303,POWER_BACKUP
A029218,P07303,LIFT
A029219,P07303,SECURITY
A029220,P07304,SECURITY
A029221,P07304,GARDEN
A029222,P07305,GARDEN
A029223,P07305,POWER_BACKUP
A029224,P07305,AIR_CONDITIONING
A029225,P07305,CLUBHOUSE
A029226,P07306,PARKING
A029227,P07306,SECURITY
A029228,P07306,GYM
A029229,P07306,POWER_BACKUP
A029230,P07307,LIFT
A029231,P07307,CLUBHOUSE
A029232,P07307,PARKING
A029233,P07307,GYM
A029234,P07307,AIR_CONDITIONING
A029235,P07307,SWIMMING_POOL
A029236,P07308,GYM
A029237,P07308,PARKING
A029238,P07308,AIR_CONDITIONING
A029239,P07308,POWER_BACKUP
A029240,P07309,CLUBHOUSE
A029241,P07309,WIFI
A029242,P07309,PARKING
A029243,P07309,SWIMMING_POOL
A029244,P07309,GYM
A029245,P07310,AIR_CONDITIONING
A029246,P07310,POWER_BACKUP
A029247,P07310,CLUBHOUSE
A029248,P07310,LIFT
A029249,P07311,PARKING
A029250,P07311,POWER_BACKUP
A029251,P07311,GARDEN
A029252,P07311,SECURITY
A029253,P07311,SWIMMING_POOL
A029254,P07312,GYM
A029255,P07312,PARKING
A029256,P07312,WIFI
A029257,P07312,LIFT
A029258,P07312,POWER_BACKUP
A029259,P07313,LIFT
A029260,P07313,WIFI
A029261,P07313,POWER_BACKUP
A029262,P07313,SWIMMING_POOL
A029263,P07313,CLUBHOUSE
A029264,P07314,PARKING
A029265,P07314,SWIMMING_POOL
A029266,P07314,AIR_CONDITIONING
A029267,P07315,GARDEN
A029268,P07315,POWER_BACKUP
A029269,P07316,SWIMMING_POOL
A029270,P07316,CLUBHOUSE
A029271,P07316,GARDEN
A029272,P07316,POWER_BACKUP
A029273,P07317,PARKING
A029274,P07317,WIFI
A029275,P07317,AIR_CONDITIONING
A029276,P07317,CLUBHOUSE
A029277,P07317,SWIMMING_POOL
A029278,P07318,CLUBHOUSE
A029279,P07318,SWIMMING_POOL
A029280,P07318,GYM
A029281,P07318,WIFI
A029282,P07318,AIR_CONDITIONING
A029283,P07319,GYM
A029284,P07319,PARKING
A029285,P07319,AIR_CONDITIONING
A029286,P07319,SECURITY
A029287,P07319,POWER_BACKUP
A029288,P07320,CLUBHOUSE
A029289,P07320,SECURITY
A029290,P07320,SWIMMING_POOL
A029291,P07320,GARDEN
A029292,P07320,GYM
A029293,P07320,PARKING
A029294,P07321,GARDEN
A029295,P07321,POWER_BACKUP
A029296,P07321,CLUBHOUSE
A029297,P07321,LIFT
A029298,P07322,WIFI
A029299,P07322,AIR_CONDITIONING
A029300,P07322,GARDEN
A029301,P07322,PARKING
A029302,P07323,WIFI
A029303,P07323,POWER_BACKUP
A029304,P07324,WIFI
A029305,P07324,AIR_CONDITIONING
A029306,P07324,PARKING
A029307,P07324,POWER_BACKUP
A029308,P07324,GARDEN
A029309,P07325,GYM
A029310,P07325,PARKING
A029311,P07326,AIR_CONDITIONING
A029312,P07326,WIFI
A029313,P07326,LIFT
A029314,P07326,SECURITY
A029315,P07326,SWIMMING_POOL
A029316,P07326,PARKING
A029317,P07327,CLUBHOUSE
A029318,P07327,GARDEN
A029319,P07327,SWIMMING_POOL
A029320,P07327,SECURITY
A029321,P07327,WIFI
A029322,P07327,GYM
A029323,P07328,LIFT
A029324,P07328,WIFI
A029325,P07328,SWIMMING_POOL
A029326,P07328,SECURITY
A029327,P07328,PARKING
A029328,P07329,GYM
A029329,P07329,GARDEN
A029330,P07329,PARKING
A029331,P07329,LIFT
A029332,P07330,PARKING
A029333,P07330,AIR_CONDITIONING
A029334,P07330,CLUBHOUSE
A029335,P07330,SECURITY
A029336,P07330,GARDEN
A029337,P07330,GYM
A029338,P07331,POWER_BACKUP
A029339,P07331,WIFI
A029340,P07332,LIFT
A029341,P07332,GARDEN
A029342,P07332,SWIMMING_POOL
A029343,P07332,SECURITY
A029344,P07332,CLUBHOUSE
A029345,P07333,CLUBHOUSE
A029346,P07333,SECURITY
A029347,P07333,LIFT
A029348,P07333,POWER_BACKUP
A029349,P07333,PARKING
A029350,P07334,GYM
A029351,P07334,SECURITY
A029352,P07334,AIR_CONDITIONING
A029353,P07334,WIFI
A029354,P07334,POWER_BACKUP
A029355,P07335,POWER_BACKUP
A029356,P07335,SWIMMING_POOL
A029357,P07335,AIR_CONDITIONING
A029358,P07335,LIFT
A029359,P07336,PARKING
A029360,P07336,LIFT
A029361,P07336,WIFI
A029362,P07336,AIR_CONDITIONING
A029363,P07337,PARKING
A029364,P07337,CLUBHOUSE
A029365,P07337,POWER_BACKUP
A029366,P07337,AIR_CONDITIONING
A029367,P07337,WIFI
A029368,P07338,SWIMMING_POOL
A029369,P07338,GARDEN
A029370,P07338,GYM
A029371,P07338,LIFT
A029372,P07338,AIR_CONDITIONING
A029373,P07338,POWER_BACKUP
A029374,P07339,LIFT
A029375,P07339,POWER_BACKUP
A029376,P07339,CLUBHOUSE
A029377,P07339,GARDEN
A029378,P07340,SECURITY
A029379,P07340,CLUBHOUSE
A029380,P07340,WIFI
A029381,P07340,POWER_BACKUP
A029382,P07341,PARKING
A029383,P07341,POWER_BACKUP
A029384,P07341,WIFI
A029385,P07341,CLUBHOUSE
A029386,P07341,AIR_CONDITIONING
A029387,P07342,SECURITY
A029388,P07342,CLUBHOUSE
A029389,P07342,WIFI
A029390,P07342,GYM
A029391,P07343,PARKING
A029392,P07343,CLUBHOUSE
A029393,P07343,SECURITY
A029394,P07343,AIR_CONDITIONING
A029395,P07343,POWER_BACKUP
A029396,P07343,LIFT
A029397,P07344,LIFT
A029398,P07344,POWER_BACKUP
A029399,P07344,SWIMMING_POOL
A029400,P07345,AIR_CONDITIONING
A029401,P07345,POWER_BACKUP
A029402,P07346,GYM
A029403,P07346,SWIMMING_POOL
A029404,P07347,GARDEN
A029405,P07347,PARKING
A029406,P07347,LIFT
A029407,P07347,POWER_BACKUP
A029408,P07347,GYM
A029409,P07348,POWER_BACKUP
A029410,P07348,PARKING
A029411,P07348,LIFT
A029412,P07349,GYM
A029413,P07349,AIR_CONDITIONING
A029414,P07350,CLUBHOUSE
A029415,P07350,LIFT
A029416,P07350,SECURITY
A029417,P07350,GYM
A029418,P07351,GARDEN
A029419,P07351,PARKING
A029420,P07351,SWIMMING_POOL
A029421,P07351,CLUBHOUSE
A029422,P07351,WIFI
A029423,P07351,LIFT
A029424,P07352,CLUBHOUSE
A029425,P07352,WIFI
A029426,P07352,AIR_CONDITIONING
A029427,P07352,GARDEN
A029428,P07352,SWIMMING_POOL
A029429,P07352,SECURITY
A029430,P07353,WIFI
A029431,P07353,GYM
A029432,P07353,LIFT
A029433,P07353,SWIMMING_POOL
A029434,P07354,PARKING
A029435,P07354,POWER_BACKUP
A029436,P07354,WIFI
A029437,P07354,SWIMMING_POOL
A029438,P07354,AIR_CONDITIONING
A029439,P07354,LIFT
A029440,P07355,LIFT
A029441,P07355,POWER_BACKUP
A029442,P07355,CLUBHOUSE
A029443,P07355,WIFI
A029444,P07356,POWER_BACKUP
A029445,P07356,LIFT
A029446,P07356,SWIMMING_POOL
A029447,P07356,GYM
A029448,P07356,PARKING
A029449,P07356,SECURITY
A029450,P07357,PARKING
A029451,P07357,POWER_BACKUP
A029452,P07357,SWIMMING_POOL
A029453,P07358,GARDEN
A029454,P07358,GYM
A029455,P07359,LIFT
A029456,P07359,CLUBHOUSE
A029457,P07359,GARDEN
A029458,P07360,AIR_CONDITIONING
A029459,P07360,SWIMMING_POOL
A029460,P07360,GARDEN
A029461,P07360,WIFI
A029462,P07361,SECURITY
A029463,P07361,LIFT
A029464,P07361,WIFI
A029465,P07361,GYM
A029466,P07362,WIFI
A029467,P07362,PARKING
A029468,P07363,SWIMMING_POOL
A029469,P07363,PARKING
A029470,P07363,AIR_CONDITIONING
A029471,P07363,WIFI
A029472,P07364,AIR_CONDITIONING
A029473,P07364,WIFI
A029474,P07364,PARKING
A029475,P07364,SECURITY
A029476,P07364,GARDEN
A029477,P07365,GARDEN
A029478,P07365,POWER_BACKUP
A029479,P07366,GARDEN
A029480,P07366,CLUBHOUSE
A029481,P07366,PARKING
A029482,P07366,SECURITY
A029483,P07366,GYM
A029484,P07367,POWER_BACKUP
A029485,P07367,PARKING
A029486,P07367,GYM
A029487,P07367,SECURITY
A029488,P07367,SWIMMING_POOL
A029489,P07368,SECURITY
A029490,P07368,LIFT
A029491,P07368,GYM
A029492,P07368,SWIMMING_POOL
A029493,P07369,POWER_BACKUP
A029494,P07369,GYM
A029495,P07369,CLUBHOUSE
A029496,P07369,SWIMMING_POOL
A029497,P07369,AIR_CONDITIONING
A029498,P07369,LIFT
A029499,P07370,SWIMMING_POOL
A029500,P07370,CLUBHOUSE
A029501,P07370,SECURITY
A029502,P07370,GARDEN
A029503,P07370,GYM
A029504,P07371,SECURITY
A029505,P07371,GARDEN
A029506,P07371,CLUBHOUSE
A029507,P07371,LIFT
A029508,P07371,AIR_CONDITIONING
A029509,P07372,POWER_BACKUP
A029510,P07372,PARKING
A029511,P07372,LIFT
A029512,P07372,WIFI
A029513,P07372,SWIMMING_POOL
A029514,P07373,POWER_BACKUP
A029515,P07373,GYM
A029516,P07373,PARKING
A029517,P07373,AIR_CONDITIONING
A029518,P07373,SECURITY
A029519,P07373,CLUBHOUSE
A029520,P07374,PARKING
A029521,P07374,SECURITY
A029522,P07374,GYM
A029523,P07374,POWER_BACKUP
A029524,P07374,WIFI
A029525,P07375,WIFI
A029526,P07375,SWIMMING_POOL
A029527,P07375,AIR_CONDITIONING
A029528,P07375,POWER_BACKUP
A029529,P07375,GARDEN
A029530,P07376,PARKING
A029531,P07376,GYM
A029532,P07377,GARDEN
A029533,P07377,PARKING
A029534,P07377,SWIMMING_POOL
A029535,P07377,WIFI
A029536,P07377,LIFT
A029537,P07378,LIFT
A029538,P07378,GYM
A029539,P07378,POWER_BACKUP
A029540,P07378,PARKING
A029541,P07379,SECURITY
A029542,P07379,WIFI
A029543,P07379,POWER_BACKUP
A029544,P07379,LIFT
A029545,P07379,PARKING
A029546,P07379,GARDEN
A029547,P07380,GYM
A029548,P07380,PARKING
A029549,P07380,LIFT
A029550,P07380,GARDEN
A029551,P07381,AIR_CONDITIONING
A029552,P07381,SWIMMING_POOL
A029553,P07381,GYM
A029554,P07382,GYM
A029555,P07382,POWER_BACKUP
A029556,P07382,WIFI
A029557,P07382,PARKING
A029558,P07383,WIFI
A029559,P07383,LIFT
A029560,P07383,CLUBHOUSE
A029561,P07384,GARDEN
A029562,P07384,PARKING
A029563,P07384,WIFI
A029564,P07384,SECURITY
A029565,P07384,POWER_BACKUP
A029566,P07385,SWIMMING_POOL
A029567,P07385,AIR_CONDITIONING
A029568,P07385,SECURITY
A029569,P07385,WIFI
A029570,P07385,PARKING
A029571,P07386,GARDEN
A029572,P07386,POWER_BACKUP
A029573,P07386,AIR_CONDITIONING
A029574,P07386,WIFI
A029575,P07386,CLUBHOUSE
A029576,P07387,AIR_CONDITIONING
A029577,P07387,SECURITY
A029578,P07388,LIFT
A029579,P07388,GYM
A029580,P07388,GARDEN
A029581,P07389,PARKING
A029582,P07389,AIR_CONDITIONING
A029583,P07389,GYM
A029584,P07389,LIFT
A029585,P07389,WIFI
A029586,P07389,SWIMMING_POOL
A029587,P07390,LIFT
A029588,P07390,SECURITY
A029589,P07390,WIFI
A029590,P07390,AIR_CONDITIONING
A029591,P07391,LIFT
A029592,P07391,POWER_BACKUP
A029593,P07391,SECURITY
A029594,P07391,AIR_CONDITIONING
A029595,P07391,CLUBHOUSE
A029596,P07391,GARDEN
A029597,P07392,GYM
A029598,P07392,WIFI
A029599,P07392,AIR_CONDITIONING
A029600,P07393,SWIMMING_POOL
A029601,P07393,GARDEN
A029602,P07393,AIR_CONDITIONING
A029603,P07393,GYM
A029604,P07393,WIFI
A029605,P07393,CLUBHOUSE
A029606,P07394,WIFI
A029607,P07394,PARKING
A029608,P07394,GYM
A029609,P07395,GYM
A029610,P07395,POWER_BACKUP
A029611,P07395,SECURITY
A029612,P07395,PARKING
A029613,P07395,LIFT
A029614,P07396,SWIMMING_POOL
A029615,P07396,WIFI
A029616,P07396,PARKING
A029617,P07396,AIR_CONDITIONING
A029618,P07397,SWIMMING_POOL
A029619,P07397,GYM
A029620,P07397,WIFI
A029621,P07398,SECURITY
A029622,P07398,CLUBHOUSE
A029623,P07399,WIFI
A029624,P07399,SECURITY
A029625,P07399,PARKING
A029626,P07399,GYM
A029627,P07399,POWER_BACKUP
A029628,P07400,SECURITY
A029629,P07400,SWIMMING_POOL
A029630,P07400,AIR_CONDITIONING
A029631,P07400,POWER_BACKUP
A029632,P07400,WIFI
A029633,P07400,LIFT
A029634,P07401,WIFI
A029635,P07401,GARDEN
A029636,P07402,LIFT
A029637,P07402,CLUBHOUSE
A029638,P07402,AIR_CONDITIONING
A029639,P07402,GYM
A029640,P07402,SWIMMING_POOL
A029641,P07403,SECURITY
A029642,P07403,POWER_BACKUP
A029643,P07404,AIR_CONDITIONING
A029644,P07404,GYM
A029645,P07404,PARKING
A029646,P07404,LIFT
A029647,P07404,CLUBHOUSE
A029648,P07404,WIFI
A029649,P07405,AIR_CONDITIONING
A029650,P07405,GARDEN
A029651,P07405,CLUBHOUSE
A029652,P07405,SECURITY
A029653,P07405,WIFI
A029654,P07406,GYM
A029655,P07406,PARKING
A029656,P07406,AIR_CONDITIONING
A029657,P07407,SWIMMING_POOL
A029658,P07407,WIFI
A029659,P07407,POWER_BACKUP
A029660,P07407,LIFT
A029661,P07407,GYM
A029662,P07408,GARDEN
A029663,P07408,AIR_CONDITIONING
A029664,P07408,GYM
A029665,P07408,WIFI
A029666,P07409,GYM
A029667,P07409,WIFI
A029668,P07410,POWER_BACKUP
A029669,P07410,WIFI
A029670,P07410,CLUBHOUSE
A029671,P07410,GYM
A029672,P07410,SECURITY
A029673,P07410,AIR_CONDITIONING
A029674,P07411,SECURITY
A029675,P07411,GARDEN
A029676,P07412,POWER_BACKUP
A029677,P07412,PARKING
A029678,P07413,GYM
A029679,P07413,SECURITY
A029680,P07413,LIFT
A029681,P07414,CLUBHOUSE
A029682,P07414,SWIMMING_POOL
A029683,P07415,CLUBHOUSE
A029684,P07415,WIFI
A029685,P07415,LIFT
A029686,P07415,POWER_BACKUP
A029687,P07415,GYM
A029688,P07415,SWIMMING_POOL
A029689,P07416,PARKING
A029690,P07416,LIFT
A029691,P07416,WIFI
A029692,P07416,SWIMMING_POOL
A029693,P07416,SECURITY
A029694,P07417,GYM
A029695,P07417,SWIMMING_POOL
A029696,P07417,PARKING
A029697,P07417,GARDEN
A029698,P07418,WIFI
A029699,P07418,PARKING
A029700,P07419,LIFT
A029701,P07419,GARDEN
A029702,P07419,CLUBHOUSE
A029703,P07419,SWIMMING_POOL
A029704,P07419,PARKING
A029705,P07420,SWIMMING_POOL
A029706,P07420,GYM
A029707,P07420,GARDEN
A029708,P07421,SWIMMING_POOL
A029709,P07421,GARDEN
A029710,P07421,LIFT
A029711,P07421,GYM
A029712,P07421,PARKING
A029713,P07421,SECURITY
A029714,P07422,CLUBHOUSE
A029715,P07422,LIFT
A029716,P07423,LIFT
A029717,P07423,POWER_BACKUP
A029718,P07424,PARKING
A029719,P07424,GARDEN
A029720,P07424,GYM
A029721,P07424,CLUBHOUSE
A029722,P07425,WIFI
A029723,P07425,SECURITY
A029724,P07425,LIFT
A029725,P07426,LIFT
A029726,P07426,AIR_CONDITIONING
A029727,P07426,CLUBHOUSE
A029728,P07426,SECURITY
A029729,P07426,WIFI
A029730,P07426,PARKING
A029731,P07427,GARDEN
A029732,P07427,WIFI
A029733,P07427,GYM
A029734,P07428,GARDEN
A029735,P07428,AIR_CONDITIONING
A029736,P07428,GYM
A029737,P07428,SWIMMING_POOL
A029738,P07428,PARKING
A029739,P07428,LIFT
A029740,P07429,GARDEN
A029741,P07429,SWIMMING_POOL
A029742,P07429,WIFI
A029743,P07429,LIFT
A029744,P07429,SECURITY
A029745,P07430,LIFT
A029746,P07430,CLUBHOUSE
A029747,P07430,GYM
A029748,P07430,GARDEN
A029749,P07430,POWER_BACKUP
A029750,P07431,LIFT
A029751,P07431,GARDEN
A029752,P07431,WIFI
A029753,P07431,PARKING
A029754,P07431,SWIMMING_POOL
A029755,P07432,WIFI
A029756,P07432,GYM
A029757,P07433,CLUBHOUSE
A029758,P07433,GYM
A029759,P07433,SECURITY
A029760,P07433,WIFI
A029761,P07433,LIFT
A029762,P07434,AIR_CONDITIONING
A029763,P07434,LIFT
A029764,P07435,SWIMMING_POOL
A029765,P07435,POWER_BACKUP
A029766,P07435,AIR_CONDITIONING
A029767,P07436,SWIMMING_POOL
A029768,P07436,GYM
A029769,P07436,LIFT
A029770,P07436,WIFI
A029771,P07437,POWER_BACKUP
A029772,P07437,GARDEN
A029773,P07438,GYM
A029774,P07438,LIFT
A029775,P07438,SECURITY
A029776,P07439,POWER_BACKUP
A029777,P07439,AIR_CONDITIONING
A029778,P07439,PARKING
A029779,P07439,CLUBHOUSE
A029780,P07439,LIFT
A029781,P07439,GYM
A029782,P07440,LIFT
A029783,P07440,CLUBHOUSE
A029784,P07441,WIFI
A029785,P07441,LIFT
A029786,P07441,GYM
A029787,P07442,SECURITY
A029788,P07442,PARKING
A029789,P07443,AIR_CONDITIONING
A029790,P07443,SECURITY
A029791,P07443,SWIMMING_POOL
A029792,P07443,WIFI
A029793,P07443,POWER_BACKUP
A029794,P07443,GARDEN
A029795,P07444,SWIMMING_POOL
A029796,P07444,CLUBHOUSE
A029797,P07444,AIR_CONDITIONING
A029798,P07444,GYM
A029799,P07444,LIFT
A029800,P07445,SECURITY
A029801,P07445,PARKING
A029802,P07445,SWIMMING_POOL
A029803,P07445,CLUBHOUSE
A029804,P07445,LIFT
A029805,P07445,AIR_CONDITIONING
A029806,P07446,CLUBHOUSE
A029807,P07446,GYM
A029808,P07446,SWIMMING_POOL
A029809,P07446,AIR_CONDITIONING
A029810,P07447,GARDEN
A029811,P07447,AIR_CONDITIONING
A029812,P07448,CLUBHOUSE
A029813,P07448,GYM
A029814,P07448,PARKING
A029815,P07448,SWIMMING_POOL
A029816,P07448,WIFI
A029817,P07448,AIR_CONDITIONING
A029818,P07449,GARDEN
A029819,P07449,AIR_CONDITIONING
A029820,P07449,SWIMMING_POOL
A029821,P07449,SECURITY
A029822,P07449,WIFI
A029823,P07449,LIFT
A029824,P07450,LIFT
A029825,P07450,GARDEN
A029826,P07450,CLUBHOUSE
A029827,P07450,GYM
A029828,P07450,PARKING
A029829,P07451,PARKING
A029830,P07451,SWIMMING_POOL
A029831,P07452,SWIMMING_POOL
A029832,P07452,POWER_BACKUP
A029833,P07452,WIFI
A029834,P07452,SECURITY
A029835,P07453,SWIMMING_POOL
A029836,P07453,CLUBHOUSE
A029837,P07454,WIFI
A029838,P07454,GARDEN
A029839,P07454,SWIMMING_POOL
A029840,P07454,SECURITY
A029841,P07454,POWER_BACKUP
A029842,P07455,AIR_CONDITIONING
A029843,P07455,GARDEN
A029844,P07455,GYM
A029845,P07455,SWIMMING_POOL
A029846,P07456,SECURITY
A029847,P07456,GARDEN
A029848,P07456,SWIMMING_POOL
A029849,P07456,WIFI
A029850,P07457,GARDEN
A029851,P07457,PARKING
A029852,P07457,CLUBHOUSE
A029853,P07458,WIFI
A029854,P07458,GARDEN
A029855,P07459,POWER_BACKUP
A029856,P07459,GYM
A029857,P07459,GARDEN
A029858,P07459,PARKING
A029859,P07459,SECURITY
A029860,P07460,GARDEN
A029861,P07460,POWER_BACKUP
A029862,P07460,GYM
A029863,P07460,AIR_CONDITIONING
A029864,P07460,WIFI
A029865,P07460,CLUBHOUSE
A029866,P07461,GYM
A029867,P07461,LIFT
A029868,P07462,WIFI
A029869,P07462,GARDEN
A029870,P07462,SWIMMING_POOL
A029871,P07462,SECURITY
A029872,P07463,SECURITY
A029873,P07463,CLUBHOUSE
A029874,P07463,GYM
A029875,P07463,AIR_CONDITIONING
A029876,P07463,PARKING
A029877,P07464,GYM
A029878,P07464,PARKING
A029879,P07464,AIR_CONDITIONING
A029880,P07465,POWER_BACKUP
A029881,P07465,AIR_CONDITIONING
A029882,P07465,GYM
A029883,P07465,SECURITY
A029884,P07466,GYM
A029885,P07466,PARKING
A029886,P07466,CLUBHOUSE
A029887,P07466,POWER_BACKUP
A029888,P07466,AIR_CONDITIONING
A029889,P07467,CLUBHOUSE
A029890,P07467,WIFI
A029891,P07467,GYM
A029892,P07468,GARDEN
A029893,P07468,SWIMMING_POOL
A029894,P07469,AIR_CONDITIONING
A029895,P07469,LIFT
A029896,P07469,GARDEN
A029897,P07469,SECURITY
A029898,P07470,WIFI
A029899,P07470,CLUBHOUSE
A029900,P07470,AIR_CONDITIONING
A029901,P07471,AIR_CONDITIONING
A029902,P07471,SWIMMING_POOL
A029903,P07471,CLUBHOUSE
A029904,P07471,SECURITY
A029905,P07472,SWIMMING_POOL
A029906,P07472,CLUBHOUSE
A029907,P07472,WIFI
A029908,P07472,LIFT
A029909,P07472,PARKING
A029910,P07473,GARDEN
A029911,P07473,LIFT
A029912,P07473,SECURITY
A029913,P07474,GARDEN
A029914,P07474,AIR_CONDITIONING
A029915,P07474,WIFI
A029916,P07474,LIFT
A029917,P07474,GYM
A029918,P07475,SWIMMING_POOL
A029919,P07475,GARDEN
A029920,P07475,AIR_CONDITIONING
A029921,P07475,WIFI
A029922,P07475,SECURITY
A029923,P07476,LIFT
A029924,P07476,CLUBHOUSE
A029925,P07477,GYM
A029926,P07477,POWER_BACKUP
A029927,P07477,PARKING
A029928,P07477,SECURITY
A029929,P07477,GARDEN
A029930,P07477,SWIMMING_POOL
A029931,P07478,SECURITY
A029932,P07478,PARKING
A029933,P07479,POWER_BACKUP
A029934,P07479,LIFT
A029935,P07479,SECURITY
A029936,P07480,CLUBHOUSE
A029937,P07480,GYM
A029938,P07480,GARDEN
A029939,P07480,POWER_BACKUP
A029940,P07481,SWIMMING_POOL
A029941,P07481,SECURITY
A029942,P07481,POWER_BACKUP
A029943,P07481,GYM
A029944,P07481,PARKING
A029945,P07481,CLUBHOUSE
A029946,P07482,SWIMMING_POOL
A029947,P07482,WIFI
A029948,P07482,POWER_BACKUP
A029949,P07482,CLUBHOUSE
A029950,P07482,SECURITY
A029951,P07482,PARKING
A029952,P07483,PARKING
A029953,P07483,SECURITY
A029954,P07483,GARDEN
A029955,P07483,AIR_CONDITIONING
A029956,P07483,LIFT
A029957,P07483,POWER_BACKUP
A029958,P07484,GARDEN
A029959,P07484,AIR_CONDITIONING
A029960,P07485,SECURITY
A029961,P07485,GARDEN
A029962,P07485,SWIMMING_POOL
A029963,P07485,AIR_CONDITIONING
A029964,P07485,CLUBHOUSE
A029965,P07486,LIFT
A029966,P07486,PARKING
A029967,P07486,SECURITY
A029968,P07486,POWER_BACKUP
A029969,P07486,AIR_CONDITIONING
A029970,P07486,WIFI
A029971,P07487,SECURITY
A029972,P07487,POWER_BACKUP
A029973,P07487,PARKING
A029974,P07488,WIFI
A029975,P07488,AIR_CONDITIONING
A029976,P07488,CLUBHOUSE
A029977,P07489,SWIMMING_POOL
A029978,P07489,LIFT
A029979,P07489,POWER_BACKUP
A029980,P07489,WIFI
A029981,P07490,SECURITY
A029982,P07490,POWER_BACKUP
A029983,P07491,GYM
A029984,P07491,AIR_CONDITIONING
A029985,P07491,LIFT
A029986,P07491,GARDEN
A029987,P07491,CLUBHOUSE
A029988,P07491,SECURITY
A029989,P07492,CLUBHOUSE
A029990,P07492,PARKING
A029991,P07493,CLUBHOUSE
A029992,P07493,AIR_CONDITIONING
A029993,P07493,SWIMMING_POOL
A029994,P07493,LIFT
A029995,P07493,POWER_BACKUP
A029996,P07493,WIFI
A029997,P07494,WIFI
A029998,P07494,POWER_BACKUP
A029999,P07494,SWIMMING_POOL
A030000,P07494,GARDEN
A030001,P07495,GARDEN
A030002,P07495,GYM
A030003,P07496,SECURITY
A030004,P07496,GARDEN
A030005,P07496,LIFT
A030006,P07496,PARKING
A030007,P07496,WIFI
A030008,P07496,SWIMMING_POOL
A030009,P07497,AIR_CONDITIONING
A030010,P07497,PARKING
A030011,P07497,SWIMMING_POOL
A030012,P07498,PARKING
A030013,P07498,WIFI
A030014,P07499,CLUBHOUSE
A030015,P07499,AIR_CONDITIONING
A030016,P07499,PARKING
A030017,P07500,WIFI
A030018,P07500,SECURITY
A030019,P07500,PARKING
A030020,P07501,AIR_CONDITIONING
A030021,P07501,GYM
A030022,P07502,AIR_CONDITIONING
A030023,P07502,PARKING
A030024,P07502,LIFT
A030025,P07502,SECURITY
A030026,P07502,POWER_BACKUP
A030027,P07502,GARDEN
A030028,P07503,GYM
A030029,P07503,GARDEN
A030030,P07503,SECURITY
A030031,P07504,LIFT
A030032,P07504,CLUBHOUSE
A030033,P07504,WIFI
A030034,P07504,POWER_BACKUP
A030035,P07504,GYM
A030036,P07504,AIR_CONDITIONING
A030037,P07505,GARDEN
A030038,P07505,SECURITY
A030039,P07505,POWER_BACKUP
A030040,P07506,GYM
A030041,P07506,LIFT
A030042,P07507,SWIMMING_POOL
A030043,P07507,SECURITY
A030044,P07507,GARDEN
A030045,P07507,GYM
A030046,P07507,LIFT
A030047,P07508,SWIMMING_POOL
A030048,P07508,SECURITY
A030049,P07508,LIFT
A030050,P07509,CLUBHOUSE
A030051,P07509,SWIMMING_POOL
A030052,P07509,SECURITY
A030053,P07510,GYM
A030054,P07510,GARDEN
A030055,P07510,LIFT
A030056,P07510,SWIMMING_POOL
A030057,P07510,PARKING
A030058,P07511,SECURITY
A030059,P07511,POWER_BACKUP
A030060,P07511,CLUBHOUSE
A030061,P07511,SWIMMING_POOL
A030062,P07511,WIFI
A030063,P07511,AIR_CONDITIONING
A030064,P07512,POWER_BACKUP
A030065,P07512,SWIMMING_POOL
A030066,P07513,CLUBHOUSE
A030067,P07513,LIFT
A030068,P07513,SWIMMING_POOL
A030069,P07513,PARKING
A030070,P07513,POWER_BACKUP
A030071,P07514,SWIMMING_POOL
A030072,P07514,GYM
A030073,P07514,POWER_BACKUP
A030074,P07515,SWIMMING_POOL
A030075,P07515,CLUBHOUSE
A030076,P07515,GYM
A030077,P07515,LIFT
A030078,P07515,SECURITY
A030079,P07516,AIR_CONDITIONING
A030080,P07516,GYM
A030081,P07516,SWIMMING_POOL
A030082,P07516,LIFT
A030083,P07517,WIFI
A030084,P07517,SECURITY
A030085,P07517,PARKING
A030086,P07517,GYM
A030087,P07517,LIFT
A030088,P07517,CLUBHOUSE
A030089,P07518,WIFI
A030090,P07518,LIFT
A030091,P07518,AIR_CONDITIONING
A030092,P07518,GARDEN
A030093,P07519,PARKING
A030094,P07519,CLUBHOUSE
A030095,P07519,GYM
A030096,P07519,AIR_CONDITIONING
A030097,P07519,WIFI
A030098,P07519,GARDEN
A030099,P07520,AIR_CONDITIONING
A030100,P07520,POWER_BACKUP
A030101,P07521,POWER_BACKUP
A030102,P07521,SWIMMING_POOL
A030103,P07521,SECURITY
A030104,P07521,LIFT
A030105,P07522,LIFT
A030106,P07522,WIFI
A030107,P07522,POWER_BACKUP
A030108,P07523,AIR_CONDITIONING
A030109,P07523,GYM
A030110,P07524,AIR_CONDITIONING
A030111,P07524,SWIMMING_POOL
A030112,P07525,LIFT
A030113,P07525,GARDEN
A030114,P07525,SWIMMING_POOL
A030115,P07526,SECURITY
A030116,P07526,WIFI
A030117,P07526,POWER_BACKUP
A030118,P07527,SWIMMING_POOL
A030119,P07527,AIR_CONDITIONING
A030120,P07527,WIFI
A030121,P07527,POWER_BACKUP
A030122,P07528,WIFI
A030123,P07528,AIR_CONDITIONING
A030124,P07529,CLUBHOUSE
A030125,P07529,AIR_CONDITIONING
A030126,P07529,LIFT
A030127,P07530,POWER_BACKUP
A030128,P07530,PARKING
A030129,P07530,SWIMMING_POOL
A030130,P07530,GARDEN
A030131,P07530,LIFT
A030132,P07531,GYM
A030133,P07531,AIR_CONDITIONING
A030134,P07531,SECURITY
A030135,P07531,WIFI
A030136,P07531,CLUBHOUSE
A030137,P07532,POWER_BACKUP
A030138,P07532,SECURITY
A030139,P07532,LIFT
A030140,P07533,SWIMMING_POOL
A030141,P07533,GARDEN
A030142,P07534,SWIMMING_POOL
A030143,P07534,GARDEN
A030144,P07535,CLUBHOUSE
A030145,P07535,SWIMMING_POOL
A030146,P07535,PARKING
A030147,P07536,SWIMMING_POOL
A030148,P07536,SECURITY
A030149,P07537,PARKING
A030150,P07537,GYM
A030151,P07537,SWIMMING_POOL
A030152,P07538,PARKING
A030153,P07538,WIFI
A030154,P07538,GARDEN
A030155,P07538,LIFT
A030156,P07538,GYM
A030157,P07538,AIR_CONDITIONING
A030158,P07539,WIFI
A030159,P07539,SWIMMING_POOL
A030160,P07539,CLUBHOUSE
A030161,P07539,SECURITY
A030162,P07539,LIFT
A030163,P07540,POWER_BACKUP
A030164,P07540,GYM
A030165,P07540,SECURITY
A030166,P07540,WIFI
A030167,P07541,SECURITY
A030168,P07541,POWER_BACKUP
A030169,P07541,GYM
A030170,P07541,SWIMMING_POOL
A030171,P07542,CLUBHOUSE
A030172,P07542,GARDEN
A030173,P07542,SECURITY
A030174,P07543,SECURITY
A030175,P07543,POWER_BACKUP
A030176,P07543,LIFT
A030177,P07543,CLUBHOUSE
A030178,P07544,PARKING
A030179,P07544,GYM
A030180,P07544,GARDEN
A030181,P07545,LIFT
A030182,P07545,CLUBHOUSE
A030183,P07545,WIFI
A030184,P07546,GARDEN
A030185,P07546,SECURITY
A030186,P07546,LIFT
A030187,P07546,GYM
A030188,P07546,POWER_BACKUP
A030189,P07547,PARKING
A030190,P07547,GYM
A030191,P07547,CLUBHOUSE
A030192,P07547,GARDEN
A030193,P07547,POWER_BACKUP
A030194,P07547,WIFI
A030195,P07548,PARKING
A030196,P07548,WIFI
A030197,P07548,AIR_CONDITIONING
A030198,P07549,WIFI
A030199,P07549,CLUBHOUSE
A030200,P07549,GARDEN
A030201,P07549,LIFT
A030202,P07549,AIR_CONDITIONING
A030203,P07549,SWIMMING_POOL
A030204,P07550,PARKING
A030205,P07550,POWER_BACKUP
A030206,P07550,LIFT
A030207,P07550,CLUBHOUSE
A030208,P07551,GARDEN
A030209,P07551,POWER_BACKUP
A030210,P07552,CLUBHOUSE
A030211,P07552,SWIMMING_POOL
A030212,P07552,SECURITY
A030213,P07553,PARKING
A030214,P07553,GYM
A030215,P07554,GYM
A030216,P07554,WIFI
A030217,P07554,SECURITY
A030218,P07554,LIFT
A030219,P07554,POWER_BACKUP
A030220,P07555,LIFT
A030221,P07555,SECURITY
A030222,P07556,POWER_BACKUP
A030223,P07556,PARKING
A030224,P07556,SECURITY
A030225,P07556,AIR_CONDITIONING
A030226,P07557,POWER_BACKUP
A030227,P07557,AIR_CONDITIONING
A030228,P07557,PARKING
A030229,P07557,SWIMMING_POOL
A030230,P07558,LIFT
A030231,P07558,SWIMMING_POOL
A030232,P07559,SECURITY
A030233,P07559,AIR_CONDITIONING
A030234,P07559,CLUBHOUSE
A030235,P07559,GYM
A030236,P07559,SWIMMING_POOL
A030237,P07560,AIR_CONDITIONING
A030238,P07560,POWER_BACKUP
A030239,P07560,WIFI
A030240,P07560,CLUBHOUSE
A030241,P07561,PARKING
A030242,P07561,WIFI
A030243,P07561,SWIMMING_POOL
A030244,P07562,POWER_BACKUP
A030245,P07562,AIR_CONDITIONING
A030246,P07563,LIFT
A030247,P07563,GYM
A030248,P07563,SWIMMING_POOL
A030249,P07563,GARDEN
A030250,P07563,AIR_CONDITIONING
A030251,P07564,AIR_CONDITIONING
A030252,P07564,CLUBHOUSE
A030253,P07564,GARDEN
A030254,P07564,POWER_BACKUP
A030255,P07564,SECURITY
A030256,P07565,GARDEN
A030257,P07565,AIR_CONDITIONING
A030258,P07565,SWIMMING_POOL
A030259,P07566,CLUBHOUSE
A030260,P07566,AIR_CONDITIONING
A030261,P07566,GYM
A030262,P07567,WIFI
A030263,P07567,SECURITY
A030264,P07567,SWIMMING_POOL
A030265,P07567,GARDEN
A030266,P07568,PARKING
A030267,P07568,SECURITY
A030268,P07568,GYM
A030269,P07568,GARDEN
A030270,P07569,SWIMMING_POOL
A030271,P07569,WIFI
A030272,P07569,PARKING
A030273,P07570,GARDEN
A030274,P07570,GYM
A030275,P07570,LIFT
A030276,P07570,SECURITY
A030277,P07571,LIFT
A030278,P07571,GYM
A030279,P07571,AIR_CONDITIONING
A030280,P07571,PARKING
A030281,P07572,SWIMMING_POOL
A030282,P07572,WIFI
A030283,P07572,CLUBHOUSE
A030284,P07573,POWER_BACKUP
A030285,P07573,SECURITY
A030286,P07573,SWIMMING_POOL
A030287,P07573,AIR_CONDITIONING
A030288,P07573,WIFI
A030289,P07573,CLUBHOUSE
A030290,P07574,GYM
A030291,P07574,WIFI
A030292,P07575,LIFT
A030293,P07575,GARDEN
A030294,P07576,SECURITY
A030295,P07576,LIFT
A030296,P07576,AIR_CONDITIONING
A030297,P07576,SWIMMING_POOL
A030298,P07577,SWIMMING_POOL
A030299,P07577,CLUBHOUSE
A030300,P07577,GYM
A030301,P07577,PARKING
A030302,P07578,PARKING
A030303,P07578,AIR_CONDITIONING
A030304,P07578,SWIMMING_POOL
A030305,P07578,POWER_BACKUP
A030306,P07579,WIFI
A030307,P07579,SWIMMING_POOL
A030308,P07580,GARDEN
A030309,P07580,CLUBHOUSE
A030310,P07581,GARDEN
A030311,P07581,GYM
A030312,P07582,GARDEN
A030313,P07582,SWIMMING_POOL
A030314,P07582,GYM
A030315,P07582,CLUBHOUSE
A030316,P07582,LIFT
A030317,P07582,AIR_CONDITIONING
A030318,P07583,AIR_CONDITIONING
A030319,P07583,GARDEN
A030320,P07583,PARKING
A030321,P07583,SECURITY
A030322,P07583,POWER_BACKUP
A030323,P07583,LIFT
A030324,P07584,SECURITY
A030325,P07584,PARKING
A030326,P07584,GYM
A030327,P07585,GARDEN
A030328,P07585,LIFT
A030329,P07585,CLUBHOUSE
A030330,P07585,POWER_BACKUP
A030331,P07585,PARKING
A030332,P07586,SECURITY
A030333,P07586,WIFI
A030334,P07587,SECURITY
A030335,P07587,CLUBHOUSE
A030336,P07587,GYM
A030337,P07587,WIFI
A030338,P07587,SWIMMING_POOL
A030339,P07587,GARDEN
A030340,P07588,LIFT
A030341,P07588,AIR_CONDITIONING
A030342,P07588,GYM
A030343,P07588,CLUBHOUSE
A030344,P07588,SWIMMING_POOL
A030345,P07589,SECURITY
A030346,P07589,AIR_CONDITIONING
A030347,P07589,GARDEN
A030348,P07589,GYM
A030349,P07590,WIFI
A030350,P07590,CLUBHOUSE
A030351,P07590,SWIMMING_POOL
A030352,P07590,LIFT
A030353,P07590,PARKING
A030354,P07591,POWER_BACKUP
A030355,P07591,GARDEN
A030356,P07591,PARKING
A030357,P07591,WIFI
A030358,P07592,WIFI
A030359,P07592,AIR_CONDITIONING
A030360,P07592,CLUBHOUSE
A030361,P07593,SWIMMING_POOL
A030362,P07593,POWER_BACKUP
A030363,P07593,AIR_CONDITIONING
A030364,P07593,CLUBHOUSE
A030365,P07594,GYM
A030366,P07594,SECURITY
A030367,P07594,SWIMMING_POOL
A030368,P07594,LIFT
A030369,P07594,WIFI
A030370,P07594,CLUBHOUSE
A030371,P07595,WIFI
A030372,P07595,SECURITY
A030373,P07595,GYM
A030374,P07595,GARDEN
A030375,P07595,CLUBHOUSE
A030376,P07595,AIR_CONDITIONING
A030377,P07596,LIFT
A030378,P07596,SECURITY
A030379,P07596,GARDEN
A030380,P07596,SWIMMING_POOL
A030381,P07596,AIR_CONDITIONING
A030382,P07596,PARKING
A030383,P07597,WIFI
A030384,P07597,LIFT
A030385,P07597,PARKING
A030386,P07597,SECURITY
A030387,P07598,WIFI
A030388,P07598,SECURITY
A030389,P07598,AIR_CONDITIONING
A030390,P07598,POWER_BACKUP
A030391,P07598,PARKING
A030392,P07599,LIFT
A030393,P07599,GYM
A030394,P07600,GARDEN
A030395,P07600,GYM
A030396,P07600,LIFT
A030397,P07600,WIFI
A030398,P07600,AIR_CONDITIONING
A030399,P07600,POWER_BACKUP
A030400,P07601,GARDEN
A030401,P07601,SWIMMING_POOL
A030402,P07602,SWIMMING_POOL
A030403,P07602,GYM
A030404,P07602,SECURITY
A030405,P07603,WIFI
A030406,P07603,SWIMMING_POOL
A030407,P07604,GARDEN
A030408,P07604,GYM
A030409,P07605,SECURITY
A030410,P07605,PARKING
A030411,P07605,CLUBHOUSE
A030412,P07606,WIFI
A030413,P07606,SWIMMING_POOL
A030414,P07607,GYM
A030415,P07607,SWIMMING_POOL
A030416,P07607,WIFI
A030417,P07607,CLUBHOUSE
A030418,P07607,LIFT
A030419,P07608,SECURITY
A030420,P07608,WIFI
A030421,P07608,PARKING
A030422,P07609,LIFT
A030423,P07609,GYM
A030424,P07609,AIR_CONDITIONING
A030425,P07610,PARKING
A030426,P07610,LIFT
A030427,P07610,SWIMMING_POOL
A030428,P07610,AIR_CONDITIONING
A030429,P07610,CLUBHOUSE
A030430,P07610,GARDEN
A030431,P07611,AIR_CONDITIONING
A030432,P07611,POWER_BACKUP
A030433,P07612,AIR_CONDITIONING
A030434,P07612,GYM
A030435,P07612,SWIMMING_POOL
A030436,P07613,SWIMMING_POOL
A030437,P07613,SECURITY
A030438,P07613,AIR_CONDITIONING
A030439,P07613,POWER_BACKUP
A030440,P07613,GARDEN
A030441,P07614,GARDEN
A030442,P07614,GYM
A030443,P07614,LIFT
A030444,P07614,POWER_BACKUP
A030445,P07614,CLUBHOUSE
A030446,P07614,SWIMMING_POOL
A030447,P07615,AIR_CONDITIONING
A030448,P07615,CLUBHOUSE
A030449,P07615,WIFI
A030450,P07616,GYM
A030451,P07616,PARKING
A030452,P07616,GARDEN
A030453,P07617,PARKING
A030454,P07617,GYM
A030455,P07617,GARDEN
A030456,P07618,SWIMMING_POOL
A030457,P07618,WIFI
A030458,P07618,LIFT
A030459,P07618,SECURITY
A030460,P07618,GYM
A030461,P07619,POWER_BACKUP
A030462,P07619,SECURITY
A030463,P07619,AIR_CONDITIONING
A030464,P07620,GARDEN
A030465,P07620,PARKING
A030466,P07620,WIFI
A030467,P07620,SWIMMING_POOL
A030468,P07620,LIFT
A030469,P07620,GYM
A030470,P07621,WIFI
A030471,P07621,GARDEN
A030472,P07622,GARDEN
A030473,P07622,POWER_BACKUP
A030474,P07622,GYM
A030475,P07623,CLUBHOUSE
A030476,P07623,GYM
A030477,P07623,WIFI
A030478,P07624,CLUBHOUSE
A030479,P07624,PARKING
A030480,P07624,POWER_BACKUP
A030481,P07625,PARKING
A030482,P07625,LIFT
A030483,P07625,AIR_CONDITIONING
A030484,P07625,CLUBHOUSE
A030485,P07626,CLUBHOUSE
A030486,P07626,WIFI
A030487,P07626,PARKING
A030488,P07626,GYM
A030489,P07626,SWIMMING_POOL
A030490,P07627,POWER_BACKUP
A030491,P07627,GYM
A030492,P07627,SECURITY
A030493,P07627,CLUBHOUSE
A030494,P07627,SWIMMING_POOL
A030495,P07628,WIFI
A030496,P07628,POWER_BACKUP
A030497,P07628,GARDEN
A030498,P07628,PARKING
A030499,P07629,POWER_BACKUP
A030500,P07629,SWIMMING_POOL
A030501,P07629,LIFT
A030502,P07630,LIFT
A030503,P07630,SECURITY
A030504,P07630,GARDEN
A030505,P07631,SECURITY
A030506,P07631,GYM
A030507,P07632,SECURITY
A030508,P07632,GYM
A030509,P07632,AIR_CONDITIONING
A030510,P07632,SWIMMING_POOL
A030511,P07632,LIFT
A030512,P07633,WIFI
A030513,P07633,PARKING
A030514,P07633,GARDEN
A030515,P07633,GYM
A030516,P07633,CLUBHOUSE
A030517,P07634,GARDEN
A030518,P07634,WIFI
A030519,P07634,GYM
A030520,P07635,CLUBHOUSE
A030521,P07635,WIFI
A030522,P07635,SECURITY
A030523,P07635,SWIMMING_POOL
A030524,P07635,GYM
A030525,P07636,LIFT
A030526,P07636,GARDEN
A030527,P07637,POWER_BACKUP
A030528,P07637,WIFI
A030529,P07637,SWIMMING_POOL
A030530,P07637,GYM
A030531,P07637,AIR_CONDITIONING
A030532,P07637,CLUBHOUSE
A030533,P07638,PARKING
A030534,P07638,GYM
A030535,P07638,SECURITY
A030536,P07638,WIFI
A030537,P07639,PARKING
A030538,P07639,LIFT
A030539,P07639,POWER_BACKUP
A030540,P07640,SECURITY
A030541,P07640,WIFI
A030542,P07641,LIFT
A030543,P07641,SWIMMING_POOL
A030544,P07641,AIR_CONDITIONING
A030545,P07641,CLUBHOUSE
A030546,P07641,GYM
A030547,P07642,SWIMMING_POOL
A030548,P07642,POWER_BACKUP
A030549,P07643,LIFT
A030550,P07643,GYM
A030551,P07643,AIR_CONDITIONING
A030552,P07643,GARDEN
A030553,P07643,SWIMMING_POOL
A030554,P07644,AIR_CONDITIONING
A030555,P07644,SECURITY
A030556,P07644,GARDEN
A030557,P07644,LIFT
A030558,P07644,WIFI
A030559,P07645,PARKING
A030560,P07645,GYM
A030561,P07645,GARDEN
A030562,P07646,GARDEN
A030563,P07646,AIR_CONDITIONING
A030564,P07646,POWER_BACKUP
A030565,P07647,CLUBHOUSE
A030566,P07647,GARDEN
A030567,P07648,PARKING
A030568,P07648,POWER_BACKUP
A030569,P07648,LIFT
A030570,P07648,GARDEN
A030571,P07648,CLUBHOUSE
A030572,P07649,AIR_CONDITIONING
A030573,P07649,LIFT
A030574,P07649,PARKING
A030575,P07649,SWIMMING_POOL
A030576,P07650,SECURITY
A030577,P07650,GARDEN
A030578,P07650,AIR_CONDITIONING
A030579,P07651,WIFI
A030580,P07651,PARKING
A030581,P07651,AIR_CONDITIONING
A030582,P07651,LIFT
A030583,P07651,POWER_BACKUP
A030584,P07651,SWIMMING_POOL
A030585,P07652,GYM
A030586,P07652,POWER_BACKUP
A030587,P07653,GYM
A030588,P07653,AIR_CONDITIONING
A030589,P07654,GYM
A030590,P07654,AIR_CONDITIONING
A030591,P07655,WIFI
A030592,P07655,PARKING
A030593,P07655,AIR_CONDITIONING
A030594,P07655,LIFT
A030595,P07655,SECURITY
A030596,P07656,LIFT
A030597,P07656,GYM
A030598,P07656,AIR_CONDITIONING
A030599,P07656,SECURITY
A030600,P07656,POWER_BACKUP
A030601,P07656,GARDEN
A030602,P07657,SWIMMING_POOL
A030603,P07657,AIR_CONDITIONING
A030604,P07657,WIFI
A030605,P07657,POWER_BACKUP
A030606,P07658,SECURITY
A030607,P07658,WIFI
A030608,P07658,CLUBHOUSE
A030609,P07658,SWIMMING_POOL
A030610,P07658,LIFT
A030611,P07659,CLUBHOUSE
A030612,P07659,SECURITY
A030613,P07659,POWER_BACKUP
A030614,P07660,GYM
A030615,P07660,WIFI
A030616,P07660,POWER_BACKUP
A030617,P07660,AIR_CONDITIONING
A030618,P07660,PARKING
A030619,P07661,WIFI
A030620,P07661,SECURITY
A030621,P07661,AIR_CONDITIONING
A030622,P07661,POWER_BACKUP
A030623,P07661,GYM
A030624,P07662,POWER_BACKUP
A030625,P07662,CLUBHOUSE
A030626,P07662,GARDEN
A030627,P07662,LIFT
A030628,P07662,SECURITY
A030629,P07663,WIFI
A030630,P07663,SWIMMING_POOL
A030631,P07664,GARDEN
A030632,P07664,AIR_CONDITIONING
A030633,P07664,PARKING
A030634,P07664,CLUBHOUSE
A030635,P07664,LIFT
A030636,P07664,WIFI
A030637,P07665,LIFT
A030638,P07665,CLUBHOUSE
A030639,P07665,GARDEN
A030640,P07666,PARKING
A030641,P07666,AIR_CONDITIONING
A030642,P07666,WIFI
A030643,P07666,SECURITY
A030644,P07666,LIFT
A030645,P07667,WIFI
A030646,P07667,GARDEN
A030647,P07668,PARKING
A030648,P07668,AIR_CONDITIONING
A030649,P07668,WIFI
A030650,P07668,SECURITY
A030651,P07668,POWER_BACKUP
A030652,P07668,LIFT
A030653,P07669,LIFT
A030654,P07669,GARDEN
A030655,P07669,SWIMMING_POOL
A030656,P07669,WIFI
A030657,P07670,WIFI
A030658,P07670,GARDEN
A030659,P07670,PARKING
A030660,P07670,POWER_BACKUP
A030661,P07670,AIR_CONDITIONING
A030662,P07670,SWIMMING_POOL
A030663,P07671,PARKING
A030664,P07671,GYM
A030665,P07672,LIFT
A030666,P07672,GARDEN
A030667,P07672,POWER_BACKUP
A030668,P07672,PARKING
A030669,P07673,PARKING
A030670,P07673,CLUBHOUSE
A030671,P07673,SWIMMING_POOL
A030672,P07673,SECURITY
A030673,P07674,PARKING
A030674,P07674,POWER_BACKUP
A030675,P07674,GARDEN
A030676,P07674,WIFI
A030677,P07675,CLUBHOUSE
A030678,P07675,SWIMMING_POOL
A030679,P07676,CLUBHOUSE
A030680,P07676,AIR_CONDITIONING
A030681,P07676,PARKING
A030682,P07676,GARDEN
A030683,P07677,GYM
A030684,P07677,CLUBHOUSE
A030685,P07677,PARKING
A030686,P07677,AIR_CONDITIONING
A030687,P07677,SWIMMING_POOL
A030688,P07678,GARDEN
A030689,P07678,PARKING
A030690,P07678,SWIMMING_POOL
A030691,P07678,GYM
A030692,P07678,WIFI
A030693,P07678,AIR_CONDITIONING
A030694,P07679,GARDEN
A030695,P07679,POWER_BACKUP
A030696,P07679,PARKING
A030697,P07680,LIFT
A030698,P07680,SECURITY
A030699,P07680,GYM
A030700,P07680,PARKING
A030701,P07680,POWER_BACKUP
A030702,P07681,GARDEN
A030703,P07681,PARKING
A030704,P07681,AIR_CONDITIONING
A030705,P07681,WIFI
A030706,P07681,POWER_BACKUP
A030707,P07682,GARDEN
A030708,P07682,SECURITY
A030709,P07683,SWIMMING_POOL
A030710,P07683,POWER_BACKUP
A030711,P07683,AIR_CONDITIONING
A030712,P07683,WIFI
A030713,P07683,CLUBHOUSE
A030714,P07683,SECURITY
A030715,P07684,GARDEN
A030716,P07684,POWER_BACKUP
A030717,P07684,AIR_CONDITIONING
A030718,P07684,CLUBHOUSE
A030719,P07684,GYM
A030720,P07684,PARKING
A030721,P07685,GARDEN
A030722,P07685,WIFI
A030723,P07685,SECURITY
A030724,P07685,CLUBHOUSE
A030725,P07686,LIFT
A030726,P07686,SECURITY
A030727,P07686,SWIMMING_POOL
A030728,P07686,CLUBHOUSE
A030729,P07686,POWER_BACKUP
A030730,P07686,GARDEN
A030731,P07687,GYM
A030732,P07687,PARKING
A030733,P07687,SWIMMING_POOL
A030734,P07688,PARKING
A030735,P07688,GYM
A030736,P07688,CLUBHOUSE
A030737,P07688,WIFI
A030738,P07688,SECURITY
A030739,P07688,GARDEN
A030740,P07689,GYM
A030741,P07689,CLUBHOUSE
A030742,P07689,SWIMMING_POOL
A030743,P07689,WIFI
A030744,P07689,PARKING
A030745,P07689,SECURITY
A030746,P07690,LIFT
A030747,P07690,CLUBHOUSE
A030748,P07690,SWIMMING_POOL
A030749,P07690,PARKING
A030750,P07690,WIFI
A030751,P07690,GARDEN
A030752,P07691,WIFI
A030753,P07691,GYM
A030754,P07691,GARDEN
A030755,P07691,SECURITY
A030756,P07692,CLUBHOUSE
A030757,P07692,SWIMMING_POOL
A030758,P07692,WIFI
A030759,P07692,GARDEN
A030760,P07692,GYM
A030761,P07692,PARKING
A030762,P07693,GYM
A030763,P07693,SECURITY
A030764,P07694,AIR_CONDITIONING
A030765,P07694,GYM
A030766,P07694,WIFI
A030767,P07694,CLUBHOUSE
A030768,P07694,PARKING
A030769,P07694,LIFT
A030770,P07695,CLUBHOUSE
A030771,P07695,GARDEN
A030772,P07695,WIFI
A030773,P07695,AIR_CONDITIONING
A030774,P07695,GYM
A030775,P07695,SWIMMING_POOL
A030776,P07696,POWER_BACKUP
A030777,P07696,GARDEN
A030778,P07696,LIFT
A030779,P07697,WIFI
A030780,P07697,SECURITY
A030781,P07697,AIR_CONDITIONING
A030782,P07697,CLUBHOUSE
A030783,P07697,PARKING
A030784,P07698,LIFT
A030785,P07698,GYM
A030786,P07698,SECURITY
A030787,P07698,GARDEN
A030788,P07698,WIFI
A030789,P07698,CLUBHOUSE
A030790,P07699,CLUBHOUSE
A030791,P07699,SWIMMING_POOL
A030792,P07699,PARKING
A030793,P07699,SECURITY
A030794,P07699,GARDEN
A030795,P07700,GYM
A030796,P07700,GARDEN
A030797,P07700,PARKING
A030798,P07700,AIR_CONDITIONING
A030799,P07700,CLUBHOUSE
A030800,P07700,WIFI
A030801,P07701,SECURITY
A030802,P07701,PARKING
A030803,P07701,CLUBHOUSE
A030804,P07702,GYM
A030805,P07702,PARKING
A030806,P07702,LIFT
A030807,P07702,GARDEN
A030808,P07703,AIR_CONDITIONING
A030809,P07703,GYM
A030810,P07703,PARKING
A030811,P07703,GARDEN
A030812,P07704,SWIMMING_POOL
A030813,P07704,AIR_CONDITIONING
A030814,P07704,POWER_BACKUP
A030815,P07704,SECURITY
A030816,P07704,CLUBHOUSE
A030817,P07704,WIFI
A030818,P07705,LIFT
A030819,P07705,PARKING
A030820,P07706,SECURITY
A030821,P07706,WIFI
A030822,P07707,GARDEN
A030823,P07707,SECURITY
A030824,P07707,CLUBHOUSE
A030825,P07707,WIFI
A030826,P07708,POWER_BACKUP
A030827,P07708,PARKING
A030828,P07708,GARDEN
A030829,P07708,SECURITY
A030830,P07708,CLUBHOUSE
A030831,P07709,AIR_CONDITIONING
A030832,P07709,CLUBHOUSE
A030833,P07709,GARDEN
A030834,P07709,PARKING
A030835,P07710,SECURITY
A030836,P07710,GYM
A030837,P07710,AIR_CONDITIONING
A030838,P07710,CLUBHOUSE
A030839,P07711,POWER_BACKUP
A030840,P07711,SWIMMING_POOL
A030841,P07711,SECURITY
A030842,P07711,LIFT
A030843,P07712,PARKING
A030844,P07712,GARDEN
A030845,P07712,CLUBHOUSE
A030846,P07712,SWIMMING_POOL
A030847,P07712,GYM
A030848,P07713,CLUBHOUSE
A030849,P07713,WIFI
A030850,P07713,GARDEN
A030851,P07713,SWIMMING_POOL
A030852,P07713,PARKING
A030853,P07714,SECURITY
A030854,P07714,POWER_BACKUP
A030855,P07715,POWER_BACKUP
A030856,P07715,PARKING
A030857,P07715,SWIMMING_POOL
A030858,P07715,CLUBHOUSE
A030859,P07715,LIFT
A030860,P07716,SECURITY
A030861,P07716,GYM
A030862,P07716,WIFI
A030863,P07716,AIR_CONDITIONING
A030864,P07716,CLUBHOUSE
A030865,P07716,LIFT
A030866,P07717,CLUBHOUSE
A030867,P07717,SECURITY
A030868,P07718,SWIMMING_POOL
A030869,P07718,SECURITY
A030870,P07718,POWER_BACKUP
A030871,P07718,LIFT
A030872,P07718,GARDEN
A030873,P07719,POWER_BACKUP
A030874,P07719,GYM
A030875,P07719,AIR_CONDITIONING
A030876,P07720,SWIMMING_POOL
A030877,P07720,GYM
A030878,P07720,GARDEN
A030879,P07720,PARKING
A030880,P07720,CLUBHOUSE
A030881,P07721,GARDEN
A030882,P07721,AIR_CONDITIONING
A030883,P07721,SWIMMING_POOL
A030884,P07721,SECURITY
A030885,P07721,GYM
A030886,P07722,POWER_BACKUP
A030887,P07722,SWIMMING_POOL
A030888,P07723,CLUBHOUSE
A030889,P07723,GYM
A030890,P07723,AIR_CONDITIONING
A030891,P07724,WIFI
A030892,P07724,GYM
A030893,P07724,PARKING
A030894,P07725,PARKING
A030895,P07725,AIR_CONDITIONING
A030896,P07725,GYM
A030897,P07726,AIR_CONDITIONING
A030898,P07726,PARKING
A030899,P07726,LIFT
A030900,P07727,AIR_CONDITIONING
A030901,P07727,GYM
A030902,P07727,SECURITY
A030903,P07727,LIFT
A030904,P07727,PARKING
A030905,P07727,GARDEN
A030906,P07728,LIFT
A030907,P07728,POWER_BACKUP
A030908,P07728,SWIMMING_POOL
A030909,P07729,SWIMMING_POOL
A030910,P07729,GARDEN
A030911,P07729,GYM
A030912,P07729,CLUBHOUSE
A030913,P07730,POWER_BACKUP
A030914,P07730,SECURITY
A030915,P07730,PARKING
A030916,P07731,AIR_CONDITIONING
A030917,P07731,PARKING
A030918,P07732,SWIMMING_POOL
A030919,P07732,LIFT
A030920,P07732,GYM
A030921,P07733,PARKING
A030922,P07733,LIFT
A030923,P07733,CLUBHOUSE
A030924,P07733,WIFI
A030925,P07734,PARKING
A030926,P07734,SECURITY
A030927,P07734,SWIMMING_POOL
A030928,P07735,SWIMMING_POOL
A030929,P07735,GYM
A030930,P07736,LIFT
A030931,P07736,SWIMMING_POOL
A030932,P07736,WIFI
A030933,P07736,SECURITY
A030934,P07736,POWER_BACKUP
A030935,P07736,AIR_CONDITIONING
A030936,P07737,CLUBHOUSE
A030937,P07737,WIFI
A030938,P07737,GYM
A030939,P07737,SECURITY
A030940,P07737,AIR_CONDITIONING
A030941,P07737,POWER_BACKUP
A030942,P07738,WIFI
A030943,P07738,SECURITY
A030944,P07738,AIR_CONDITIONING
A030945,P07739,SWIMMING_POOL
A030946,P07739,AIR_CONDITIONING
A030947,P07739,LIFT
A030948,P07740,SECURITY
A030949,P07740,PARKING
A030950,P07740,POWER_BACKUP
A030951,P07740,CLUBHOUSE
A030952,P07740,SWIMMING_POOL
A030953,P07740,WIFI
A030954,P07741,WIFI
A030955,P07741,AIR_CONDITIONING
A030956,P07741,POWER_BACKUP
A030957,P07741,GARDEN
A030958,P07741,GYM
A030959,P07742,AIR_CONDITIONING
A030960,P07742,GARDEN
A030961,P07742,POWER_BACKUP
A030962,P07742,SECURITY
A030963,P07743,WIFI
A030964,P07743,GARDEN
A030965,P07743,CLUBHOUSE
A030966,P07743,POWER_BACKUP
A030967,P07743,PARKING
A030968,P07743,AIR_CONDITIONING
A030969,P07744,SECURITY
A030970,P07744,GYM
A030971,P07744,AIR_CONDITIONING
A030972,P07744,SWIMMING_POOL
A030973,P07744,LIFT
A030974,P07744,PARKING
A030975,P07745,GYM
A030976,P07745,WIFI
A030977,P07746,CLUBHOUSE
A030978,P07746,POWER_BACKUP
A030979,P07746,SWIMMING_POOL
A030980,P07746,WIFI
A030981,P07746,AIR_CONDITIONING
A030982,P07746,SECURITY
A030983,P07747,WIFI
A030984,P07747,SWIMMING_POOL
A030985,P07747,LIFT
A030986,P07748,SWIMMING_POOL
A030987,P07748,GYM
A030988,P07748,SECURITY
A030989,P07748,CLUBHOUSE
A030990,P07748,POWER_BACKUP
A030991,P07748,AIR_CONDITIONING
A030992,P07749,LIFT
A030993,P07749,PARKING
A030994,P07749,CLUBHOUSE
A030995,P07749,SECURITY
A030996,P07750,PARKING
A030997,P07750,SWIMMING_POOL
A030998,P07750,GYM
A030999,P07750,POWER_BACKUP
A031000,P07750,CLUBHOUSE
A031001,P07751,WIFI
A031002,P07751,SECURITY
A031003,P07752,POWER_BACKUP
A031004,P07752,SECURITY
A031005,P07753,SWIMMING_POOL
A031006,P07753,PARKING
A031007,P07753,POWER_BACKUP
A031008,P07753,SECURITY
A031009,P07753,WIFI
A031010,P07754,GARDEN
A031011,P07754,AIR_CONDITIONING
A031012,P07754,POWER_BACKUP
A031013,P07754,PARKING
A031014,P07754,LIFT
A031015,P07755,AIR_CONDITIONING
A031016,P07755,CLUBHOUSE
A031017,P07756,GARDEN
A031018,P07756,CLUBHOUSE
A031019,P07756,AIR_CONDITIONING
A031020,P07756,SWIMMING_POOL
A031021,P07756,SECURITY
A031022,P07757,PARKING
A031023,P07757,CLUBHOUSE
A031024,P07758,GARDEN
A031025,P07758,LIFT
A031026,P07759,POWER_BACKUP
A031027,P07759,GARDEN
A031028,P07760,PARKING
A031029,P07760,CLUBHOUSE
A031030,P07760,AIR_CONDITIONING
A031031,P07760,GARDEN
A031032,P07760,GYM
A031033,P07761,GARDEN
A031034,P07761,POWER_BACKUP
A031035,P07761,PARKING
A031036,P07761,WIFI
A031037,P07761,CLUBHOUSE
A031038,P07761,GYM
A031039,P07762,GARDEN
A031040,P07762,PARKING
A031041,P07762,SWIMMING_POOL
A031042,P07763,GYM
A031043,P07763,GARDEN
A031044,P07763,SECURITY
A031045,P07763,CLUBHOUSE
A031046,P07763,SWIMMING_POOL
A031047,P07764,WIFI
A031048,P07764,SECURITY
A031049,P07764,PARKING
A031050,P07764,AIR_CONDITIONING
A031051,P07764,GARDEN
A031052,P07765,LIFT
A031053,P07765,GYM
A031054,P07765,POWER_BACKUP
A031055,P07765,PARKING
A031056,P07765,SECURITY
A031057,P07765,SWIMMING_POOL
A031058,P07766,POWER_BACKUP
A031059,P07766,SWIMMING_POOL
A031060,P07766,SECURITY
A031061,P07766,GARDEN
A031062,P07767,PARKING
A031063,P07767,GYM
A031064,P07767,GARDEN
A031065,P07768,WIFI
A031066,P07768,CLUBHOUSE
A031067,P07768,SWIMMING_POOL
A031068,P07769,AIR_CONDITIONING
A031069,P07769,WIFI
A031070,P07769,GARDEN
A031071,P07769,CLUBHOUSE
A031072,P07770,AIR_CONDITIONING
A031073,P07770,CLUBHOUSE
A031074,P07770,PARKING
A031075,P07771,PARKING
A031076,P07771,AIR_CONDITIONING
A031077,P07771,GARDEN
A031078,P07771,POWER_BACKUP
A031079,P07771,CLUBHOUSE
A031080,P07772,WIFI
A031081,P07772,SECURITY
A031082,P07772,CLUBHOUSE
A031083,P07772,AIR_CONDITIONING
A031084,P07772,GARDEN
A031085,P07773,AIR_CONDITIONING
A031086,P07773,SWIMMING_POOL
A031087,P07773,WIFI
A031088,P07774,GYM
A031089,P07774,LIFT
A031090,P07775,POWER_BACKUP
A031091,P07775,WIFI
A031092,P07775,GARDEN
A031093,P07775,PARKING
A031094,P07776,WIFI
A031095,P07776,PARKING
A031096,P07776,LIFT
A031097,P07776,GYM
A031098,P07777,GARDEN
A031099,P07777,LIFT
A031100,P07777,PARKING
A031101,P07778,WIFI
A031102,P07778,SWIMMING_POOL
A031103,P07778,SECURITY
A031104,P07778,GYM
A031105,P07778,LIFT
A031106,P07779,AIR_CONDITIONING
A031107,P07779,SECURITY
A031108,P07779,GYM
A031109,P07779,CLUBHOUSE
A031110,P07779,GARDEN
A031111,P07780,CLUBHOUSE
A031112,P07780,POWER_BACKUP
A031113,P07781,GARDEN
A031114,P07781,PARKING
A031115,P07781,POWER_BACKUP
A031116,P07781,GYM
A031117,P07781,SECURITY
A031118,P07782,POWER_BACKUP
A031119,P07782,GARDEN
A031120,P07783,WIFI
A031121,P07783,SECURITY
A031122,P07784,SWIMMING_POOL
A031123,P07784,GARDEN
A031124,P07785,AIR_CONDITIONING
A031125,P07785,GYM
A031126,P07785,SECURITY
A031127,P07785,LIFT
A031128,P07786,LIFT
A031129,P07786,SECURITY
A031130,P07786,SWIMMING_POOL
A031131,P07787,GYM
A031132,P07787,SWIMMING_POOL
A031133,P07787,POWER_BACKUP
A031134,P07788,POWER_BACKUP
A031135,P07788,SWIMMING_POOL
A031136,P07788,GYM
A031137,P07788,PARKING
A031138,P07789,SECURITY
A031139,P07789,LIFT
A031140,P07789,GYM
A031141,P07790,SWIMMING_POOL
A031142,P07790,AIR_CONDITIONING
A031143,P07790,WIFI
A031144,P07790,POWER_BACKUP
A031145,P07791,GYM
A031146,P07791,AIR_CONDITIONING
A031147,P07792,SECURITY
A031148,P07792,CLUBHOUSE
A031149,P07792,LIFT
A031150,P07793,CLUBHOUSE
A031151,P07793,WIFI
A031152,P07794,POWER_BACKUP
A031153,P07794,LIFT
A031154,P07794,GARDEN
A031155,P07794,AIR_CONDITIONING
A031156,P07794,PARKING
A031157,P07795,WIFI
A031158,P07795,POWER_BACKUP
A031159,P07796,SECURITY
A031160,P07796,LIFT
A031161,P07796,SWIMMING_POOL
A031162,P07796,GYM
A031163,P07796,PARKING
A031164,P07796,GARDEN
A031165,P07797,CLUBHOUSE
A031166,P07797,WIFI
A031167,P07798,LIFT
A031168,P07798,SWIMMING_POOL
A031169,P07798,WIFI
A031170,P07798,CLUBHOUSE
A031171,P07799,GARDEN
A031172,P07799,POWER_BACKUP
A031173,P07799,LIFT
A031174,P07799,CLUBHOUSE
A031175,P07799,PARKING
A031176,P07799,WIFI
A031177,P07800,GYM
A031178,P07800,AIR_CONDITIONING
A031179,P07801,GYM
A031180,P07801,LIFT
A031181,P07801,WIFI
A031182,P07801,CLUBHOUSE
A031183,P07802,AIR_CONDITIONING
A031184,P07802,GARDEN
A031185,P07802,LIFT
A031186,P07802,CLUBHOUSE
A031187,P07802,SWIMMING_POOL
A031188,P07802,SECURITY
A031189,P07803,SWIMMING_POOL
A031190,P07803,AIR_CONDITIONING
A031191,P07803,CLUBHOUSE
A031192,P07803,PARKING
A031193,P07804,SECURITY
A031194,P07804,PARKING
A031195,P07805,CLUBHOUSE
A031196,P07805,POWER_BACKUP
A031197,P07805,LIFT
A031198,P07806,SECURITY
A031199,P07806,AIR_CONDITIONING
A031200,P07806,CLUBHOUSE
A031201,P07806,PARKING
A031202,P07806,LIFT
A031203,P07807,SWIMMING_POOL
A031204,P07807,AIR_CONDITIONING
A031205,P07807,GYM
A031206,P07808,CLUBHOUSE
A031207,P07808,GARDEN
A031208,P07808,SWIMMING_POOL
A031209,P07809,SECURITY
A031210,P07809,SWIMMING_POOL
A031211,P07810,POWER_BACKUP
A031212,P07810,SECURITY
A031213,P07811,WIFI
A031214,P07811,LIFT
A031215,P07811,SWIMMING_POOL
A031216,P07811,GYM
A031217,P07812,PARKING
A031218,P07812,POWER_BACKUP
A031219,P07812,CLUBHOUSE
A031220,P07812,SECURITY
A031221,P07813,SECURITY
A031222,P07813,CLUBHOUSE
A031223,P07813,LIFT
A031224,P07813,GYM
A031225,P07814,POWER_BACKUP
A031226,P07814,SWIMMING_POOL
A031227,P07814,WIFI
A031228,P07815,AIR_CONDITIONING
A031229,P07815,LIFT
A031230,P07815,POWER_BACKUP
A031231,P07815,GYM
A031232,P07816,GARDEN
A031233,P07816,SWIMMING_POOL
A031234,P07816,PARKING
A031235,P07817,SECURITY
A031236,P07817,PARKING
A031237,P07818,POWER_BACKUP
A031238,P07818,SECURITY
A031239,P07818,CLUBHOUSE
A031240,P07818,PARKING
A031241,P07819,SWIMMING_POOL
A031242,P07819,WIFI
A031243,P07819,CLUBHOUSE
A031244,P07819,POWER_BACKUP
A031245,P07819,PARKING
A031246,P07819,GYM
A031247,P07820,POWER_BACKUP
A031248,P07820,SWIMMING_POOL
A031249,P07821,LIFT
A031250,P07821,PARKING
A031251,P07821,POWER_BACKUP
A031252,P07822,GYM
A031253,P07822,SECURITY
A031254,P07822,POWER_BACKUP
A031255,P07822,SWIMMING_POOL
A031256,P07822,LIFT
A031257,P07822,WIFI
A031258,P07823,GYM
A031259,P07823,GARDEN
A031260,P07823,POWER_BACKUP
A031261,P07824,SECURITY
A031262,P07824,CLUBHOUSE
A031263,P07824,GYM
A031264,P07824,PARKING
A031265,P07825,SECURITY
A031266,P07825,GARDEN
A031267,P07825,SWIMMING_POOL
A031268,P07825,WIFI
A031269,P07825,CLUBHOUSE
A031270,P07825,GYM
A031271,P07826,SECURITY
A031272,P07826,CLUBHOUSE
A031273,P07827,POWER_BACKUP
A031274,P07827,LIFT
A031275,P07828,GARDEN
A031276,P07828,PARKING
A031277,P07828,LIFT
A031278,P07828,SECURITY
A031279,P07828,AIR_CONDITIONING
A031280,P07828,CLUBHOUSE
A031281,P07829,WIFI
A031282,P07829,LIFT
A031283,P07830,LIFT
A031284,P07830,WIFI
A031285,P07830,PARKING
A031286,P07831,CLUBHOUSE
A031287,P07831,POWER_BACKUP
A031288,P07831,WIFI
A031289,P07831,GARDEN
A031290,P07831,SECURITY
A031291,P07831,AIR_CONDITIONING
A031292,P07832,CLUBHOUSE
A031293,P07832,LIFT
A031294,P07832,WIFI
A031295,P07832,SWIMMING_POOL
A031296,P07833,SECURITY
A031297,P07833,LIFT
A031298,P07833,PARKING
A031299,P07834,CLUBHOUSE
A031300,P07834,AIR_CONDITIONING
A031301,P07834,PARKING
A031302,P07835,PARKING
A031303,P07835,GYM
A031304,P07835,WIFI
A031305,P07836,LIFT
A031306,P07836,GARDEN
A031307,P07836,CLUBHOUSE
A031308,P07836,AIR_CONDITIONING
A031309,P07836,POWER_BACKUP
A031310,P07837,GARDEN
A031311,P07837,POWER_BACKUP
A031312,P07837,GYM
A031313,P07838,LIFT
A031314,P07838,WIFI
A031315,P07838,SWIMMING_POOL
A031316,P07839,GARDEN
A031317,P07839,SWIMMING_POOL
A031318,P07839,SECURITY
A031319,P07839,PARKING
A031320,P07840,POWER_BACKUP
A031321,P07840,GYM
A031322,P07840,SECURITY
A031323,P07841,LIFT
A031324,P07841,AIR_CONDITIONING
A031325,P07841,CLUBHOUSE
A031326,P07841,GARDEN
A031327,P07842,SECURITY
A031328,P07842,GYM
A031329,P07842,POWER_BACKUP
A031330,P07842,LIFT
A031331,P07842,PARKING
A031332,P07842,SWIMMING_POOL
A031333,P07843,SWIMMING_POOL
A031334,P07843,LIFT
A031335,P07843,CLUBHOUSE
A031336,P07843,GARDEN
A031337,P07844,AIR_CONDITIONING
A031338,P07844,WIFI
A031339,P07844,LIFT
A031340,P07844,CLUBHOUSE
A031341,P07845,AIR_CONDITIONING
A031342,P07845,GARDEN
A031343,P07846,CLUBHOUSE
A031344,P07846,PARKING
A031345,P07846,GYM
A031346,P07846,WIFI
A031347,P07847,POWER_BACKUP
A031348,P07847,GARDEN
A031349,P07847,GYM
A031350,P07848,CLUBHOUSE
A031351,P07848,SWIMMING_POOL
A031352,P07849,GYM
A031353,P07849,CLUBHOUSE
A031354,P07849,PARKING
A031355,P07849,GARDEN
A031356,P07850,POWER_BACKUP
A031357,P07850,GYM
A031358,P07850,SWIMMING_POOL
A031359,P07851,LIFT
A031360,P07851,CLUBHOUSE
A031361,P07851,PARKING
A031362,P07851,GYM
A031363,P07851,AIR_CONDITIONING
A031364,P07851,GARDEN
A031365,P07852,AIR_CONDITIONING
A031366,P07852,CLUBHOUSE
A031367,P07852,LIFT
A031368,P07852,PARKING
A031369,P07852,WIFI
A031370,P07853,SWIMMING_POOL
A031371,P07853,LIFT
A031372,P07854,GYM
A031373,P07854,SWIMMING_POOL
A031374,P07854,CLUBHOUSE
A031375,P07854,PARKING
A031376,P07854,POWER_BACKUP
A031377,P07855,GARDEN
A031378,P07855,PARKING
A031379,P07856,SWIMMING_POOL
A031380,P07856,POWER_BACKUP
A031381,P07857,SECURITY
A031382,P07857,WIFI
A031383,P07857,GYM
A031384,P07858,LIFT
A031385,P07858,SWIMMING_POOL
A031386,P07858,SECURITY
A031387,P07858,GYM
A031388,P07859,CLUBHOUSE
A031389,P07859,WIFI
A031390,P07859,GARDEN
A031391,P07859,AIR_CONDITIONING
A031392,P07860,SECURITY
A031393,P07860,GARDEN
A031394,P07860,LIFT
A031395,P07860,POWER_BACKUP
A031396,P07860,GYM
A031397,P07861,CLUBHOUSE
A031398,P07861,AIR_CONDITIONING
A031399,P07861,GARDEN
A031400,P07861,GYM
A031401,P07862,CLUBHOUSE
A031402,P07862,SECURITY
A031403,P07863,WIFI
A031404,P07863,LIFT
A031405,P07863,SWIMMING_POOL
A031406,P07863,CLUBHOUSE
A031407,P07863,GARDEN
A031408,P07863,PARKING
A031409,P07864,WIFI
A031410,P07864,POWER_BACKUP
A031411,P07864,GYM
A031412,P07864,SWIMMING_POOL
A031413,P07864,SECURITY
A031414,P07865,SECURITY
A031415,P07865,POWER_BACKUP
A031416,P07865,PARKING
A031417,P07865,GYM
A031418,P07866,LIFT
A031419,P07866,GARDEN
A031420,P07866,AIR_CONDITIONING
A031421,P07866,PARKING
A031422,P07867,CLUBHOUSE
A031423,P07867,WIFI
A031424,P07867,GYM
A031425,P07868,GARDEN
A031426,P07868,AIR_CONDITIONING
A031427,P07868,LIFT
A031428,P07868,SECURITY
A031429,P07868,POWER_BACKUP
A031430,P07869,SWIMMING_POOL
A031431,P07869,WIFI
A031432,P07869,GARDEN
A031433,P07869,POWER_BACKUP
A031434,P07870,GYM
A031435,P07870,GARDEN
A031436,P07870,AIR_CONDITIONING
A031437,P07870,PARKING
A031438,P07870,POWER_BACKUP
A031439,P07870,SWIMMING_POOL
A031440,P07871,WIFI
A031441,P07871,LIFT
A031442,P07872,AIR_CONDITIONING
A031443,P07872,SWIMMING_POOL
A031444,P07872,PARKING
A031445,P07872,GARDEN
A031446,P07872,GYM
A031447,P07873,CLUBHOUSE
A031448,P07873,AIR_CONDITIONING
A031449,P07873,GYM
A031450,P07873,LIFT
A031451,P07873,SWIMMING_POOL
A031452,P07874,CLUBHOUSE
A031453,P07874,LIFT
A031454,P07874,GARDEN
A031455,P07874,SECURITY
A031456,P07874,POWER_BACKUP
A031457,P07874,GYM
A031458,P07875,PARKING
A031459,P07875,LIFT
A031460,P07875,SECURITY
A031461,P07875,CLUBHOUSE
A031462,P07875,AIR_CONDITIONING
A031463,P07875,POWER_BACKUP
A031464,P07876,AIR_CONDITIONING
A031465,P07876,GYM
A031466,P07876,SECURITY
A031467,P07876,GARDEN
A031468,P07877,SECURITY
A031469,P07877,GARDEN
A031470,P07877,POWER_BACKUP
A031471,P07877,LIFT
A031472,P07878,LIFT
A031473,P07878,SECURITY
A031474,P07878,AIR_CONDITIONING
A031475,P07878,GARDEN
A031476,P07878,SWIMMING_POOL
A031477,P07879,GARDEN
A031478,P07879,GYM
A031479,P07879,AIR_CONDITIONING
A031480,P07879,CLUBHOUSE
A031481,P07879,WIFI
A031482,P07880,WIFI
A031483,P07880,AIR_CONDITIONING
A031484,P07880,PARKING
A031485,P07880,SWIMMING_POOL
A031486,P07881,AIR_CONDITIONING
A031487,P07881,POWER_BACKUP
A031488,P07881,LIFT
A031489,P07881,SWIMMING_POOL
A031490,P07881,WIFI
A031491,P07882,SWIMMING_POOL
A031492,P07882,AIR_CONDITIONING
A031493,P07882,GYM
A031494,P07882,POWER_BACKUP
A031495,P07882,CLUBHOUSE
A031496,P07883,SWIMMING_POOL
A031497,P07883,LIFT
A031498,P07883,AIR_CONDITIONING
A031499,P07883,POWER_BACKUP
A031500,P07883,WIFI
A031501,P07883,GARDEN
A031502,P07884,CLUBHOUSE
A031503,P07884,SECURITY
A031504,P07884,PARKING
A031505,P07885,PARKING
A031506,P07885,SECURITY
A031507,P07885,CLUBHOUSE
A031508,P07885,AIR_CONDITIONING
A031509,P07885,GARDEN
A031510,P07886,LIFT
A031511,P07886,PARKING
A031512,P07886,GARDEN
A031513,P07886,WIFI
A031514,P07887,SECURITY
A031515,P07887,GYM
A031516,P07888,GYM
A031517,P07888,LIFT
A031518,P07888,PARKING
A031519,P07888,SECURITY
A031520,P07889,WIFI
A031521,P07889,CLUBHOUSE
A031522,P07889,GYM
A031523,P07889,PARKING
A031524,P07890,PARKING
A031525,P07890,WIFI
A031526,P07890,GARDEN
A031527,P07890,AIR_CONDITIONING
A031528,P07891,WIFI
A031529,P07891,POWER_BACKUP
A031530,P07891,LIFT
A031531,P07891,SWIMMING_POOL
A031532,P07891,GYM
A031533,P07891,PARKING
A031534,P07892,POWER_BACKUP
A031535,P07892,PARKING
A031536,P07892,GARDEN
A031537,P07892,AIR_CONDITIONING
A031538,P07893,GARDEN
A031539,P07893,PARKING
A031540,P07893,AIR_CONDITIONING
A031541,P07893,WIFI
A031542,P07893,GYM
A031543,P07893,POWER_BACKUP
A031544,P07894,SECURITY
A031545,P07894,SWIMMING_POOL
A031546,P07894,GARDEN
A031547,P07894,WIFI
A031548,P07894,PARKING
A031549,P07895,LIFT
A031550,P07895,WIFI
A031551,P07895,GARDEN
A031552,P07895,SECURITY
A031553,P07896,WIFI
A031554,P07896,SWIMMING_POOL
A031555,P07896,GYM
A031556,P07896,LIFT
A031557,P07896,POWER_BACKUP
A031558,P07896,AIR_CONDITIONING
A031559,P07897,SWIMMING_POOL
A031560,P07897,PARKING
A031561,P07897,GYM
A031562,P07897,WIFI
A031563,P07897,CLUBHOUSE
A031564,P07898,WIFI
A031565,P07898,AIR_CONDITIONING
A031566,P07898,CLUBHOUSE
A031567,P07898,LIFT
A031568,P07898,PARKING
A031569,P07898,SWIMMING_POOL
A031570,P07899,LIFT
A031571,P07899,GARDEN
A031572,P07899,GYM
A031573,P07899,WIFI
A031574,P07899,PARKING
A031575,P07900,SWIMMING_POOL
A031576,P07900,GARDEN
A031577,P07900,GYM
A031578,P07900,SECURITY
A031579,P07900,LIFT
A031580,P07901,SWIMMING_POOL
A031581,P07901,GYM
A031582,P07902,GYM
A031583,P07902,PARKING
A031584,P07902,WIFI
A031585,P07903,LIFT
A031586,P07903,PARKING
A031587,P07903,SWIMMING_POOL
A031588,P07903,CLUBHOUSE
A031589,P07903,GYM
A031590,P07904,AIR_CONDITIONING
A031591,P07904,SWIMMING_POOL
A031592,P07905,CLUBHOUSE
A031593,P07905,POWER_BACKUP
A031594,P07906,GARDEN
A031595,P07906,LIFT
A031596,P07906,SECURITY
A031597,P07906,CLUBHOUSE
A031598,P07906,SWIMMING_POOL
A031599,P07906,GYM
A031600,P07907,SECURITY
A031601,P07907,PARKING
A031602,P07907,SWIMMING_POOL
A031603,P07907,LIFT
A031604,P07908,LIFT
A031605,P07908,SWIMMING_POOL
A031606,P07908,CLUBHOUSE
A031607,P07908,POWER_BACKUP
A031608,P07908,AIR_CONDITIONING
A031609,P07908,GYM
A031610,P07909,CLUBHOUSE
A031611,P07909,LIFT
A031612,P07910,SWIMMING_POOL
A031613,P07910,PARKING
A031614,P07911,AIR_CONDITIONING
A031615,P07911,PARKING
A031616,P07911,LIFT
A031617,P07912,SECURITY
A031618,P07912,PARKING
A031619,P07912,WIFI
A031620,P07912,POWER_BACKUP
A031621,P07912,CLUBHOUSE
A031622,P07913,GARDEN
A031623,P07913,GYM
A031624,P07913,PARKING
A031625,P07913,POWER_BACKUP
A031626,P07914,PARKING
A031627,P07914,GYM
A031628,P07914,WIFI
A031629,P07914,GARDEN
A031630,P07914,SECURITY
A031631,P07914,LIFT
A031632,P07915,GYM
A031633,P07915,SECURITY
A031634,P07916,GYM
A031635,P07916,SECURITY
A031636,P07916,POWER_BACKUP
A031637,P07916,GARDEN
A031638,P07916,AIR_CONDITIONING
A031639,P07917,WIFI
A031640,P07917,LIFT
A031641,P07917,GYM
A031642,P07917,SWIMMING_POOL
A031643,P07917,POWER_BACKUP
A031644,P07918,WIFI
A031645,P07918,GARDEN
A031646,P07919,AIR_CONDITIONING
A031647,P07919,POWER_BACKUP
A031648,P07919,SWIMMING_POOL
A031649,P07919,GARDEN
A031650,P07919,GYM
A031651,P07920,WIFI
A031652,P07920,GARDEN
A031653,P07920,SECURITY
A031654,P07921,CLUBHOUSE
A031655,P07921,GYM
A031656,P07921,LIFT
A031657,P07922,PARKING
A031658,P07922,WIFI
A031659,P07922,LIFT
A031660,P07922,SWIMMING_POOL
A031661,P07922,SECURITY
A031662,P07923,GYM
A031663,P07923,GARDEN
A031664,P07924,LIFT
A031665,P07924,SWIMMING_POOL
A031666,P07924,POWER_BACKUP
A031667,P07924,WIFI
A031668,P07925,LIFT
A031669,P07925,SWIMMING_POOL
A031670,P07925,GARDEN
A031671,P07925,GYM
A031672,P07925,CLUBHOUSE
A031673,P07926,POWER_BACKUP
A031674,P07926,GARDEN
A031675,P07927,SWIMMING_POOL
A031676,P07927,CLUBHOUSE
A031677,P07927,POWER_BACKUP
A031678,P07927,SECURITY
A031679,P07927,GYM
A031680,P07927,WIFI
A031681,P07928,SWIMMING_POOL
A031682,P07928,SECURITY
A031683,P07928,PARKING
A031684,P07928,GYM
A031685,P07929,PARKING
A031686,P07929,SECURITY
A031687,P07930,CLUBHOUSE
A031688,P07930,SECURITY
A031689,P07931,POWER_BACKUP
A031690,P07931,GYM
A031691,P07931,AIR_CONDITIONING
A031692,P07931,SECURITY
A031693,P07931,PARKING
A031694,P07932,GYM
A031695,P07932,PARKING
A031696,P07932,WIFI
A031697,P07932,POWER_BACKUP
A031698,P07932,SWIMMING_POOL
A031699,P07932,GARDEN
A031700,P07933,GARDEN
A031701,P07933,SECURITY
A031702,P07933,LIFT
A031703,P07933,GYM
A031704,P07934,PARKING
A031705,P07934,CLUBHOUSE
A031706,P07935,CLUBHOUSE
A031707,P07935,WIFI
A031708,P07936,LIFT
A031709,P07936,SWIMMING_POOL
A031710,P07936,WIFI
A031711,P07937,LIFT
A031712,P07937,GARDEN
A031713,P07937,PARKING
A031714,P07937,SWIMMING_POOL
A031715,P07938,AIR_CONDITIONING
A031716,P07938,SECURITY
A031717,P07938,POWER_BACKUP
A031718,P07938,PARKING
A031719,P07938,LIFT
A031720,P07939,CLUBHOUSE
A031721,P07939,SWIMMING_POOL
A031722,P07939,POWER_BACKUP
A031723,P07939,WIFI
A031724,P07939,AIR_CONDITIONING
A031725,P07940,SWIMMING_POOL
A031726,P07940,GYM
A031727,P07940,AIR_CONDITIONING
A031728,P07940,WIFI
A031729,P07940,PARKING
A031730,P07941,SECURITY
A031731,P07941,WIFI
A031732,P07941,GYM
A031733,P07941,CLUBHOUSE
A031734,P07941,LIFT
A031735,P07941,AIR_CONDITIONING
A031736,P07942,WIFI
A031737,P07942,GARDEN
A031738,P07942,CLUBHOUSE
A031739,P07942,LIFT
A031740,P07943,GYM
A031741,P07943,LIFT
A031742,P07944,LIFT
A031743,P07944,SWIMMING_POOL
A031744,P07944,GYM
A031745,P07945,POWER_BACKUP
A031746,P07945,SWIMMING_POOL
A031747,P07945,LIFT
A031748,P07945,AIR_CONDITIONING
A031749,P07945,GYM
A031750,P07946,CLUBHOUSE
A031751,P07946,GYM
A031752,P07947,WIFI
A031753,P07947,AIR_CONDITIONING
A031754,P07948,POWER_BACKUP
A031755,P07948,GYM
A031756,P07948,CLUBHOUSE
A031757,P07948,GARDEN
A031758,P07948,WIFI
A031759,P07948,PARKING
A031760,P07949,PARKING
A031761,P07949,AIR_CONDITIONING
A031762,P07949,POWER_BACKUP
A031763,P07949,GYM
A031764,P07949,GARDEN
A031765,P07949,WIFI
A031766,P07950,CLUBHOUSE
A031767,P07950,POWER_BACKUP
A031768,P07950,SECURITY
A031769,P07950,SWIMMING_POOL
A031770,P07951,PARKING
A031771,P07951,SECURITY
A031772,P07951,SWIMMING_POOL
A031773,P07952,SWIMMING_POOL
A031774,P07952,AIR_CONDITIONING
A031775,P07952,GARDEN
A031776,P07953,SWIMMING_POOL
A031777,P07953,AIR_CONDITIONING
A031778,P07954,SWIMMING_POOL
A031779,P07954,LIFT
A031780,P07955,GYM
A031781,P07955,GARDEN
A031782,P07955,POWER_BACKUP
A031783,P07956,POWER_BACKUP
A031784,P07956,GYM
A031785,P07957,SWIMMING_POOL
A031786,P07957,WIFI
A031787,P07957,GYM
A031788,P07957,POWER_BACKUP
A031789,P07957,LIFT
A031790,P07958,AIR_CONDITIONING
A031791,P07958,CLUBHOUSE
A031792,P07958,PARKING
A031793,P07958,LIFT
A031794,P07958,GYM
A031795,P07958,SECURITY
A031796,P07959,SECURITY
A031797,P07959,LIFT
A031798,P07959,CLUBHOUSE
A031799,P07960,GARDEN
A031800,P07960,SWIMMING_POOL
A031801,P07961,CLUBHOUSE
A031802,P07961,SWIMMING_POOL
A031803,P07962,POWER_BACKUP
A031804,P07962,CLUBHOUSE
A031805,P07962,PARKING
A031806,P07962,SECURITY
A031807,P07962,SWIMMING_POOL
A031808,P07962,GARDEN
A031809,P07963,WIFI
A031810,P07963,PARKING
A031811,P07964,WIFI
A031812,P07964,AIR_CONDITIONING
A031813,P07965,LIFT
A031814,P07965,AIR_CONDITIONING
A031815,P07966,AIR_CONDITIONING
A031816,P07966,CLUBHOUSE
A031817,P07967,WIFI
A031818,P07967,GARDEN
A031819,P07967,PARKING
A031820,P07968,AIR_CONDITIONING
A031821,P07968,GYM
A031822,P07968,SWIMMING_POOL
A031823,P07969,CLUBHOUSE
A031824,P07969,SWIMMING_POOL
A031825,P07969,PARKING
A031826,P07969,WIFI
A031827,P07969,GYM
A031828,P07970,POWER_BACKUP
A031829,P07970,AIR_CONDITIONING
A031830,P07971,GARDEN
A031831,P07971,AIR_CONDITIONING
A031832,P07971,CLUBHOUSE
A031833,P07972,GYM
A031834,P07972,SECURITY
A031835,P07972,POWER_BACKUP
A031836,P07972,CLUBHOUSE
A031837,P07973,WIFI
A031838,P07973,CLUBHOUSE
A031839,P07973,SECURITY
A031840,P07973,SWIMMING_POOL
A031841,P07973,LIFT
A031842,P07973,AIR_CONDITIONING
A031843,P07974,CLUBHOUSE
A031844,P07974,GARDEN
A031845,P07974,POWER_BACKUP
A031846,P07974,PARKING
A031847,P07974,GYM
A031848,P07974,WIFI
A031849,P07975,SWIMMING_POOL
A031850,P07975,PARKING
A031851,P07975,POWER_BACKUP
A031852,P07975,CLUBHOUSE
A031853,P07975,LIFT
A031854,P07976,AIR_CONDITIONING
A031855,P07976,POWER_BACKUP
A031856,P07976,WIFI
A031857,P07976,PARKING
A031858,P07976,LIFT
A031859,P07977,AIR_CONDITIONING
A031860,P07977,POWER_BACKUP
A031861,P07977,SWIMMING_POOL
A031862,P07977,CLUBHOUSE
A031863,P07977,GYM
A031864,P07978,CLUBHOUSE
A031865,P07978,GARDEN
A031866,P07978,AIR_CONDITIONING
A031867,P07978,PARKING
A031868,P07978,LIFT
A031869,P07978,POWER_BACKUP
A031870,P07979,AIR_CONDITIONING
A031871,P07979,PARKING
A031872,P07979,LIFT
A031873,P07979,GYM
A031874,P07979,SWIMMING_POOL
A031875,P07980,PARKING
A031876,P07980,LIFT
A031877,P07980,WIFI
A031878,P07980,SWIMMING_POOL
A031879,P07980,SECURITY
A031880,P07980,GYM
A031881,P07981,LIFT
A031882,P07981,AIR_CONDITIONING
A031883,P07981,GYM
A031884,P07981,SECURITY
A031885,P07982,PARKING
A031886,P07982,WIFI
A031887,P07982,POWER_BACKUP
A031888,P07982,SWIMMING_POOL
A031889,P07982,GARDEN
A031890,P07983,AIR_CONDITIONING
A031891,P07983,SWIMMING_POOL
A031892,P07984,GARDEN
A031893,P07984,SWIMMING_POOL
A031894,P07985,CLUBHOUSE
A031895,P07985,AIR_CONDITIONING
A031896,P07985,POWER_BACKUP
A031897,P07985,LIFT
A031898,P07985,SWIMMING_POOL
A031899,P07985,WIFI
A031900,P07986,AIR_CONDITIONING
A031901,P07986,POWER_BACKUP
A031902,P07986,WIFI
A031903,P07986,LIFT
A031904,P07986,GYM
A031905,P07987,PARKING
A031906,P07987,GYM
A031907,P07988,WIFI
A031908,P07988,CLUBHOUSE
A031909,P07988,LIFT
A031910,P07989,SECURITY
A031911,P07989,LIFT
A031912,P07989,AIR_CONDITIONING
A031913,P07989,WIFI
A031914,P07990,GARDEN
A031915,P07990,PARKING
A031916,P07990,SWIMMING_POOL
A031917,P07991,SECURITY
A031918,P07991,WIFI
A031919,P07991,SWIMMING_POOL
A031920,P07991,AIR_CONDITIONING
A031921,P07991,GARDEN
A031922,P07992,PARKING
A031923,P07992,AIR_CONDITIONING
A031924,P07992,GYM
A031925,P07993,GARDEN
A031926,P07993,CLUBHOUSE
A031927,P07993,LIFT
A031928,P07993,POWER_BACKUP
A031929,P07994,POWER_BACKUP
A031930,P07994,SECURITY
A031931,P07994,LIFT
A031932,P07994,SWIMMING_POOL
A031933,P07994,WIFI
A031934,P07995,LIFT
A031935,P07995,PARKING
A031936,P07995,GYM
A031937,P07995,GARDEN
A031938,P07995,POWER_BACKUP
A031939,P07996,LIFT
A031940,P07996,CLUBHOUSE
A031941,P07996,GARDEN
A031942,P07997,GARDEN
A031943,P07997,SWIMMING_POOL
A031944,P07997,POWER_BACKUP
A031945,P07997,AIR_CONDITIONING
A031946,P07997,WIFI
A031947,P07997,SECURITY
A031948,P07998,SWIMMING_POOL
A031949,P07998,GARDEN
A031950,P07998,LIFT
A031951,P07998,AIR_CONDITIONING
A031952,P07998,CLUBHOUSE
A031953,P07998,PARKING
A031954,P07999,WIFI
A031955,P07999,SWIMMING_POOL
A031956,P07999,PARKING
A031957,P07999,LIFT
A031958,P07999,POWER_BACKUP
A031959,P07999,GARDEN
A031960,P08000,AIR_CONDITIONING
A031961,P08000,PARKING
A031962,P08001,CLUBHOUSE
A031963,P08001,GARDEN
A031964,P08001,GYM
A031965,P08002,POWER_BACKUP
A031966,P08002,GYM
A031967,P08002,LIFT
A031968,P08002,CLUBHOUSE
A031969,P08002,SWIMMING_POOL
A031970,P08003,PARKING
A031971,P08003,POWER_BACKUP
A031972,P08003,AIR_CONDITIONING
A031973,P08003,GYM
A031974,P08003,SECURITY
A031975,P08003,LIFT
A031976,P08004,CLUBHOUSE
A031977,P08004,SWIMMING_POOL
A031978,P08004,GARDEN
A031979,P08005,GARDEN
A031980,P08005,POWER_BACKUP
A031981,P08005,AIR_CONDITIONING
A031982,P08005,LIFT
A031983,P08005,GYM
A031984,P08005,PARKING
A031985,P08006,PARKING
A031986,P08006,CLUBHOUSE
A031987,P08006,SWIMMING_POOL
A031988,P08006,WIFI
A031989,P08006,GARDEN
A031990,P08007,PARKING
A031991,P08007,AIR_CONDITIONING
A031992,P08008,WIFI
A031993,P08008,CLUBHOUSE
A031994,P08009,GYM
A031995,P08009,POWER_BACKUP
A031996,P08009,SECURITY
A031997,P08009,GARDEN
A031998,P08010,GYM
A031999,P08010,SECURITY
A032000,P08010,POWER_BACKUP
A032001,P08010,PARKING
A032002,P08010,SWIMMING_POOL
A032003,P08010,AIR_CONDITIONING
A032004,P08011,SECURITY
A032005,P08011,GYM
A032006,P08012,GARDEN
A032007,P08012,SECURITY
A032008,P08012,SWIMMING_POOL
A032009,P08013,LIFT
A032010,P08013,CLUBHOUSE
A032011,P08014,WIFI
A032012,P08014,PARKING
A032013,P08014,CLUBHOUSE
A032014,P08014,GYM
A032015,P08014,SWIMMING_POOL
A032016,P08014,POWER_BACKUP
A032017,P08015,PARKING
A032018,P08015,GARDEN
A032019,P08015,POWER_BACKUP
A032020,P08016,GARDEN
A032021,P08016,PARKING
A032022,P08016,GYM
A032023,P08017,SWIMMING_POOL
A032024,P08017,POWER_BACKUP
A032025,P08017,GARDEN
A032026,P08017,CLUBHOUSE
A032027,P08018,POWER_BACKUP
A032028,P08018,AIR_CONDITIONING
A032029,P08018,PARKING
A032030,P08018,GYM
A032031,P08019,SWIMMING_POOL
A032032,P08019,GYM
A032033,P08019,AIR_CONDITIONING
A032034,P08019,POWER_BACKUP
A032035,P08019,GARDEN
A032036,P08019,WIFI
A032037,P08020,GARDEN
A032038,P08020,SECURITY
A032039,P08020,WIFI
A032040,P08021,SECURITY
A032041,P08021,POWER_BACKUP
A032042,P08021,LIFT
A032043,P08021,AIR_CONDITIONING
A032044,P08021,GARDEN
A032045,P08022,GARDEN
A032046,P08022,POWER_BACKUP
A032047,P08022,WIFI
A032048,P08023,AIR_CONDITIONING
A032049,P08023,CLUBHOUSE
A032050,P08023,LIFT
A032051,P08024,SECURITY
A032052,P08024,SWIMMING_POOL
A032053,P08024,GARDEN
A032054,P08024,POWER_BACKUP
A032055,P08024,WIFI
A032056,P08025,AIR_CONDITIONING
A032057,P08025,WIFI
A032058,P08025,GARDEN
A032059,P08026,WIFI
A032060,P08026,SWIMMING_POOL
A032061,P08026,GYM
A032062,P08026,PARKING
A032063,P08027,SWIMMING_POOL
A032064,P08027,WIFI
A032065,P08027,GYM
A032066,P08027,POWER_BACKUP
A032067,P08028,LIFT
A032068,P08028,POWER_BACKUP
A032069,P08028,WIFI
A032070,P08028,PARKING
A032071,P08028,GARDEN
A032072,P08028,AIR_CONDITIONING
A032073,P08029,CLUBHOUSE
A032074,P08029,PARKING
A032075,P08029,WIFI
A032076,P08029,SWIMMING_POOL
A032077,P08029,AIR_CONDITIONING
A032078,P08030,PARKING
A032079,P08030,POWER_BACKUP
A032080,P08030,WIFI
A032081,P08030,CLUBHOUSE
A032082,P08031,GARDEN
A032083,P08031,GYM
A032084,P08031,CLUBHOUSE
A032085,P08032,GARDEN
A032086,P08032,CLUBHOUSE
A032087,P08032,WIFI
A032088,P08033,GYM
A032089,P08033,POWER_BACKUP
A032090,P08034,CLUBHOUSE
A032091,P08034,AIR_CONDITIONING
A032092,P08034,SWIMMING_POOL
A032093,P08034,POWER_BACKUP
A032094,P08035,GARDEN
A032095,P08035,AIR_CONDITIONING
A032096,P08035,LIFT
A032097,P08035,POWER_BACKUP
A032098,P08035,PARKING
A032099,P08035,GYM
A032100,P08036,WIFI
A032101,P08036,SWIMMING_POOL
A032102,P08036,LIFT
A032103,P08037,GARDEN
A032104,P08037,POWER_BACKUP
A032105,P08037,CLUBHOUSE
A032106,P08038,WIFI
A032107,P08038,SWIMMING_POOL
A032108,P08038,GARDEN
A032109,P08038,AIR_CONDITIONING
A032110,P08038,GYM
A032111,P08038,POWER_BACKUP
A032112,P08039,GYM
A032113,P08039,LIFT
A032114,P08040,CLUBHOUSE
A032115,P08040,GARDEN
A032116,P08041,SECURITY
A032117,P08041,LIFT
A032118,P08041,SWIMMING_POOL
A032119,P08041,AIR_CONDITIONING
A032120,P08041,WIFI
A032121,P08042,WIFI
A032122,P08042,POWER_BACKUP
A032123,P08042,LIFT
A032124,P08042,SECURITY
A032125,P08042,GARDEN
A032126,P08043,POWER_BACKUP
A032127,P08043,LIFT
A032128,P08043,WIFI
A032129,P08043,CLUBHOUSE
A032130,P08043,GARDEN
A032131,P08043,SWIMMING_POOL
A032132,P08044,GARDEN
A032133,P08044,SWIMMING_POOL
A032134,P08044,CLUBHOUSE
A032135,P08044,LIFT
A032136,P08044,POWER_BACKUP
A032137,P08045,GARDEN
A032138,P08045,AIR_CONDITIONING
A032139,P08046,SECURITY
A032140,P08046,WIFI
A032141,P08047,LIFT
A032142,P08047,GYM
A032143,P08047,GARDEN
A032144,P08048,AIR_CONDITIONING
A032145,P08048,PARKING
A032146,P08048,WIFI
A032147,P08048,LIFT
A032148,P08048,SECURITY
A032149,P08048,SWIMMING_POOL
A032150,P08049,GYM
A032151,P08049,LIFT
A032152,P08049,CLUBHOUSE
A032153,P08050,SECURITY
A032154,P08050,GARDEN
A032155,P08050,GYM
A032156,P08050,AIR_CONDITIONING
A032157,P08050,PARKING
A032158,P08050,CLUBHOUSE
A032159,P08051,PARKING
A032160,P08051,SWIMMING_POOL
A032161,P08051,GYM
A032162,P08051,LIFT
A032163,P08051,AIR_CONDITIONING
A032164,P08051,WIFI
A032165,P08052,WIFI
A032166,P08052,POWER_BACKUP
A032167,P08052,GARDEN
A032168,P08052,CLUBHOUSE
A032169,P08052,LIFT
A032170,P08053,WIFI
A032171,P08053,CLUBHOUSE
A032172,P08053,LIFT
A032173,P08053,AIR_CONDITIONING
A032174,P08053,GARDEN
A032175,P08053,POWER_BACKUP
A032176,P08054,AIR_CONDITIONING
A032177,P08054,LIFT
A032178,P08054,PARKING
A032179,P08054,CLUBHOUSE
A032180,P08054,SWIMMING_POOL
A032181,P08054,GYM
A032182,P08055,SWIMMING_POOL
A032183,P08055,LIFT
A032184,P08055,PARKING
A032185,P08055,GARDEN
A032186,P08055,POWER_BACKUP
A032187,P08055,WIFI
A032188,P08056,SECURITY
A032189,P08056,GARDEN
A032190,P08056,POWER_BACKUP
A032191,P08057,GARDEN
A032192,P08057,PARKING
A032193,P08058,PARKING
A032194,P08058,AIR_CONDITIONING
A032195,P08059,GARDEN
A032196,P08059,GYM
A032197,P08060,SWIMMING_POOL
A032198,P08060,AIR_CONDITIONING
A032199,P08060,GYM
A032200,P08060,WIFI
A032201,P08060,LIFT
A032202,P08060,PARKING
A032203,P08061,SECURITY
A032204,P08061,SWIMMING_POOL
A032205,P08061,CLUBHOUSE
A032206,P08062,GYM
A032207,P08062,WIFI
A032208,P08063,CLUBHOUSE
A032209,P08063,PARKING
A032210,P08064,LIFT
A032211,P08064,WIFI
A032212,P08065,PARKING
A032213,P08065,SWIMMING_POOL
A032214,P08065,POWER_BACKUP
A032215,P08065,GARDEN
A032216,P08065,LIFT
A032217,P08066,AIR_CONDITIONING
A032218,P08066,PARKING
A032219,P08066,SECURITY
A032220,P08066,CLUBHOUSE
A032221,P08067,GARDEN
A032222,P08067,SWIMMING_POOL
A032223,P08067,PARKING
A032224,P08067,POWER_BACKUP
A032225,P08067,AIR_CONDITIONING
A032226,P08068,WIFI
A032227,P08068,PARKING
A032228,P08068,GARDEN
A032229,P08068,GYM
A032230,P08069,LIFT
A032231,P08069,SECURITY
A032232,P08069,WIFI
A032233,P08070,SECURITY
A032234,P08070,SWIMMING_POOL
A032235,P08070,POWER_BACKUP
A032236,P08070,PARKING
A032237,P08070,CLUBHOUSE
A032238,P08070,GARDEN
A032239,P08071,AIR_CONDITIONING
A032240,P08071,LIFT
A032241,P08071,CLUBHOUSE
A032242,P08071,SECURITY
A032243,P08072,GARDEN
A032244,P08072,SWIMMING_POOL
A032245,P08072,WIFI
A032246,P08072,SECURITY
A032247,P08073,LIFT
A032248,P08073,GARDEN
A032249,P08074,AIR_CONDITIONING
A032250,P08074,CLUBHOUSE
A032251,P08074,LIFT
A032252,P08074,POWER_BACKUP
A032253,P08074,PARKING
A032254,P08074,GYM
A032255,P08075,POWER_BACKUP
A032256,P08075,PARKING
A032257,P08075,CLUBHOUSE
A032258,P08076,WIFI
A032259,P08076,AIR_CONDITIONING
A032260,P08076,CLUBHOUSE
A032261,P08076,SWIMMING_POOL
A032262,P08077,SWIMMING_POOL
A032263,P08077,GARDEN
A032264,P08077,CLUBHOUSE
A032265,P08078,CLUBHOUSE
A032266,P08078,POWER_BACKUP
A032267,P08079,GARDEN
A032268,P08079,PARKING
A032269,P08079,WIFI
A032270,P08079,SWIMMING_POOL
A032271,P08079,POWER_BACKUP
A032272,P08080,AIR_CONDITIONING
A032273,P08080,SWIMMING_POOL
A032274,P08080,GARDEN
A032275,P08080,PARKING
A032276,P08080,CLUBHOUSE
A032277,P08080,WIFI
A032278,P08081,GYM
A032279,P08081,AIR_CONDITIONING
A032280,P08081,PARKING
A032281,P08081,GARDEN
A032282,P08081,SECURITY
A032283,P08081,SWIMMING_POOL
A032284,P08082,WIFI
A032285,P08082,SECURITY
A032286,P08083,WIFI
A032287,P08083,GARDEN
A032288,P08083,PARKING
A032289,P08083,GYM
A032290,P08083,SWIMMING_POOL
A032291,P08083,CLUBHOUSE
A032292,P08084,GARDEN
A032293,P08084,PARKING
A032294,P08084,CLUBHOUSE
A032295,P08084,WIFI
A032296,P08084,SWIMMING_POOL
A032297,P08084,POWER_BACKUP
A032298,P08085,PARKING
A032299,P08085,SECURITY
A032300,P08085,CLUBHOUSE
A032301,P08085,LIFT
A032302,P08085,SWIMMING_POOL
A032303,P08085,GYM
A032304,P08086,GARDEN
A032305,P08086,SWIMMING_POOL
A032306,P08086,CLUBHOUSE
A032307,P08086,POWER_BACKUP
A032308,P08087,SECURITY
A032309,P08087,PARKING
A032310,P08087,GARDEN
A032311,P08087,POWER_BACKUP
A032312,P08087,SWIMMING_POOL
A032313,P08088,SECURITY
A032314,P08088,LIFT
A032315,P08088,POWER_BACKUP
A032316,P08088,SWIMMING_POOL
A032317,P08089,GYM
A032318,P08089,SECURITY
A032319,P08089,WIFI
A032320,P08089,CLUBHOUSE
A032321,P08089,POWER_BACKUP
A032322,P08089,GARDEN
A032323,P08090,GYM
A032324,P08090,WIFI
A032325,P08090,SWIMMING_POOL
A032326,P08090,PARKING
A032327,P08091,GYM
A032328,P08091,PARKING
A032329,P08092,WIFI
A032330,P08092,CLUBHOUSE
A032331,P08092,AIR_CONDITIONING
A032332,P08092,GARDEN
A032333,P08092,POWER_BACKUP
A032334,P08092,SECURITY
A032335,P08093,LIFT
A032336,P08093,WIFI
A032337,P08093,CLUBHOUSE
A032338,P08093,POWER_BACKUP
A032339,P08094,AIR_CONDITIONING
A032340,P08094,CLUBHOUSE
A032341,P08094,PARKING
A032342,P08094,GARDEN
A032343,P08095,SECURITY
A032344,P08095,WIFI
A032345,P08095,GARDEN
A032346,P08096,GARDEN
A032347,P08096,POWER_BACKUP
A032348,P08096,PARKING
A032349,P08097,PARKING
A032350,P08097,POWER_BACKUP
A032351,P08097,AIR_CONDITIONING
A032352,P08097,SECURITY
A032353,P08097,LIFT
A032354,P08098,GARDEN
A032355,P08098,LIFT
A032356,P08099,GARDEN
A032357,P08099,SWIMMING_POOL
A032358,P08099,POWER_BACKUP
A032359,P08099,LIFT
A032360,P08100,CLUBHOUSE
A032361,P08100,GYM
A032362,P08101,LIFT
A032363,P08101,GYM
A032364,P08101,SWIMMING_POOL
A032365,P08101,SECURITY
A032366,P08101,WIFI
A032367,P08102,GYM
A032368,P08102,SWIMMING_POOL
A032369,P08102,CLUBHOUSE
A032370,P08102,WIFI
A032371,P08102,GARDEN
A032372,P08103,GYM
A032373,P08103,WIFI
A032374,P08104,WIFI
A032375,P08104,POWER_BACKUP
A032376,P08104,GARDEN
A032377,P08105,SWIMMING_POOL
A032378,P08105,PARKING
A032379,P08105,GARDEN
A032380,P08105,GYM
A032381,P08106,LIFT
A032382,P08106,POWER_BACKUP
A032383,P08107,WIFI
A032384,P08107,PARKING
A032385,P08107,SECURITY
A032386,P08107,LIFT
A032387,P08107,GYM
A032388,P08107,POWER_BACKUP
A032389,P08108,GARDEN
A032390,P08108,PARKING
A032391,P08109,WIFI
A032392,P08109,SWIMMING_POOL
A032393,P08109,POWER_BACKUP
A032394,P08109,SECURITY
A032395,P08110,WIFI
A032396,P08110,AIR_CONDITIONING
A032397,P08110,CLUBHOUSE
A032398,P08110,GYM
A032399,P08111,LIFT
A032400,P08111,GYM
A032401,P08112,CLUBHOUSE
A032402,P08112,GARDEN
A032403,P08112,SWIMMING_POOL
A032404,P08112,AIR_CONDITIONING
A032405,P08112,POWER_BACKUP
A032406,P08113,GARDEN
A032407,P08113,LIFT
A032408,P08113,POWER_BACKUP
A032409,P08114,LIFT
A032410,P08114,GARDEN
A032411,P08115,PARKING
A032412,P08115,WIFI
A032413,P08115,CLUBHOUSE
A032414,P08115,GARDEN
A032415,P08115,GYM
A032416,P08115,AIR_CONDITIONING
A032417,P08116,POWER_BACKUP
A032418,P08116,WIFI
A032419,P08117,AIR_CONDITIONING
A032420,P08117,SECURITY
A032421,P08117,PARKING
A032422,P08118,LIFT
A032423,P08118,SWIMMING_POOL
A032424,P08118,WIFI
A032425,P08118,CLUBHOUSE
A032426,P08118,GYM
A032427,P08119,SECURITY
A032428,P08119,CLUBHOUSE
A032429,P08120,GYM
A032430,P08120,SECURITY
A032431,P08120,GARDEN
A032432,P08121,SWIMMING_POOL
A032433,P08121,LIFT
A032434,P08121,WIFI
A032435,P08121,PARKING
A032436,P08121,GYM
A032437,P08122,WIFI
A032438,P08122,GYM
A032439,P08122,PARKING
A032440,P08123,SWIMMING_POOL
A032441,P08123,AIR_CONDITIONING
A032442,P08123,WIFI
A032443,P08123,GARDEN
A032444,P08123,CLUBHOUSE
A032445,P08123,LIFT
A032446,P08124,CLUBHOUSE
A032447,P08124,POWER_BACKUP
A032448,P08124,SWIMMING_POOL
A032449,P08124,AIR_CONDITIONING
A032450,P08125,SWIMMING_POOL
A032451,P08125,SECURITY
A032452,P08125,GYM
A032453,P08125,AIR_CONDITIONING
A032454,P08126,LIFT
A032455,P08126,SWIMMING_POOL
A032456,P08127,PARKING
A032457,P08127,AIR_CONDITIONING
A032458,P08127,GYM
A032459,P08127,POWER_BACKUP
A032460,P08127,GARDEN
A032461,P08128,POWER_BACKUP
A032462,P08128,AIR_CONDITIONING
A032463,P08128,SWIMMING_POOL
A032464,P08128,PARKING
A032465,P08129,WIFI
A032466,P08129,SECURITY
A032467,P08129,POWER_BACKUP
A032468,P08129,PARKING
A032469,P08129,GARDEN
A032470,P08129,LIFT
A032471,P08130,LIFT
A032472,P08130,PARKING
A032473,P08131,WIFI
A032474,P08131,PARKING
A032475,P08131,CLUBHOUSE
A032476,P08131,GYM
A032477,P08131,SWIMMING_POOL
A032478,P08131,LIFT
A032479,P08132,GARDEN
A032480,P08132,SECURITY
A032481,P08133,GARDEN
A032482,P08133,CLUBHOUSE
A032483,P08133,GYM
A032484,P08134,SECURITY
A032485,P08134,WIFI
A032486,P08134,LIFT
A032487,P08135,LIFT
A032488,P08135,WIFI
A032489,P08136,LIFT
A032490,P08136,WIFI
A032491,P08136,GARDEN
A032492,P08136,AIR_CONDITIONING
A032493,P08137,POWER_BACKUP
A032494,P08137,SECURITY
A032495,P08138,SWIMMING_POOL
A032496,P08138,POWER_BACKUP
A032497,P08138,GARDEN
A032498,P08138,PARKING
A032499,P08138,LIFT
A032500,P08139,GYM
A032501,P08139,CLUBHOUSE
A032502,P08139,SWIMMING_POOL
A032503,P08139,LIFT
A032504,P08140,SECURITY
A032505,P08140,POWER_BACKUP
A032506,P08140,GYM
A032507,P08141,GARDEN
A032508,P08141,SECURITY
A032509,P08141,GYM
A032510,P08141,LIFT
A032511,P08142,GARDEN
A032512,P08142,LIFT
A032513,P08142,POWER_BACKUP
A032514,P08142,PARKING
A032515,P08142,SECURITY
A032516,P08143,GARDEN
A032517,P08143,SECURITY
A032518,P08143,SWIMMING_POOL
A032519,P08143,GYM
A032520,P08143,POWER_BACKUP
A032521,P08143,PARKING
A032522,P08144,PARKING
A032523,P08144,GYM
A032524,P08145,SWIMMING_POOL
A032525,P08145,GYM
A032526,P08145,CLUBHOUSE
A032527,P08145,GARDEN
A032528,P08146,AIR_CONDITIONING
A032529,P08146,PARKING
A032530,P08146,SWIMMING_POOL
A032531,P08146,GARDEN
A032532,P08146,SECURITY
A032533,P08146,WIFI
A032534,P08147,CLUBHOUSE
A032535,P08147,PARKING
A032536,P08147,GYM
A032537,P08147,POWER_BACKUP
A032538,P08148,PARKING
A032539,P08148,AIR_CONDITIONING
A032540,P08148,GYM
A032541,P08148,GARDEN
A032542,P08148,SWIMMING_POOL
A032543,P08149,GYM
A032544,P08149,GARDEN
A032545,P08149,CLUBHOUSE
A032546,P08149,LIFT
A032547,P08150,SECURITY
A032548,P08150,POWER_BACKUP
A032549,P08150,SWIMMING_POOL
A032550,P08150,WIFI
A032551,P08150,LIFT
A032552,P08151,CLUBHOUSE
A032553,P08151,SECURITY
A032554,P08151,AIR_CONDITIONING
A032555,P08151,SWIMMING_POOL
A032556,P08151,LIFT
A032557,P08152,WIFI
A032558,P08152,GARDEN
A032559,P08152,SECURITY
A032560,P08152,AIR_CONDITIONING
A032561,P08153,POWER_BACKUP
A032562,P08153,GARDEN
A032563,P08153,SWIMMING_POOL
A032564,P08154,LIFT
A032565,P08154,POWER_BACKUP
A032566,P08155,GARDEN
A032567,P08155,AIR_CONDITIONING
A032568,P08156,LIFT
A032569,P08156,WIFI
A032570,P08157,PARKING
A032571,P08157,GARDEN
A032572,P08157,GYM
A032573,P08157,SECURITY
A032574,P08157,AIR_CONDITIONING
A032575,P08157,LIFT
A032576,P08158,LIFT
A032577,P08158,GYM
A032578,P08158,AIR_CONDITIONING
A032579,P08158,WIFI
A032580,P08159,SECURITY
A032581,P08159,SWIMMING_POOL
A032582,P08159,POWER_BACKUP
A032583,P08160,SWIMMING_POOL
A032584,P08160,AIR_CONDITIONING
A032585,P08160,LIFT
A032586,P08161,POWER_BACKUP
A032587,P08161,WIFI
A032588,P08162,POWER_BACKUP
A032589,P08162,WIFI
A032590,P08162,GARDEN
A032591,P08162,PARKING
A032592,P08163,LIFT
A032593,P08163,AIR_CONDITIONING
A032594,P08164,CLUBHOUSE
A032595,P08164,GARDEN
A032596,P08164,SECURITY
A032597,P08165,LIFT
A032598,P08165,PARKING
A032599,P08166,GARDEN
A032600,P08166,GYM
A032601,P08167,WIFI
A032602,P08167,AIR_CONDITIONING
A032603,P08167,SWIMMING_POOL
A032604,P08167,LIFT
A032605,P08168,SECURITY
A032606,P08168,LIFT
A032607,P08168,AIR_CONDITIONING
A032608,P08169,SWIMMING_POOL
A032609,P08169,CLUBHOUSE
A032610,P08169,LIFT
A032611,P08169,GYM
A032612,P08170,AIR_CONDITIONING
A032613,P08170,SECURITY
A032614,P08170,PARKING
A032615,P08170,LIFT
A032616,P08170,GARDEN
A032617,P08171,GARDEN
A032618,P08171,POWER_BACKUP
A032619,P08171,CLUBHOUSE
A032620,P08171,AIR_CONDITIONING
A032621,P08171,WIFI
A032622,P08172,AIR_CONDITIONING
A032623,P08172,SECURITY
A032624,P08172,WIFI
A032625,P08172,GYM
A032626,P08172,SWIMMING_POOL
A032627,P08172,PARKING
A032628,P08173,LIFT
A032629,P08173,SECURITY
A032630,P08173,PARKING
A032631,P08173,GYM
A032632,P08174,CLUBHOUSE
A032633,P08174,SECURITY
A032634,P08175,POWER_BACKUP
A032635,P08175,GYM
A032636,P08175,AIR_CONDITIONING
A032637,P08175,SWIMMING_POOL
A032638,P08175,SECURITY
A032639,P08175,WIFI
A032640,P08176,PARKING
A032641,P08176,LIFT
A032642,P08176,WIFI
A032643,P08176,SECURITY
A032644,P08177,GYM
A032645,P08177,LIFT
A032646,P08177,SWIMMING_POOL
A032647,P08177,SECURITY
A032648,P08177,GARDEN
A032649,P08178,CLUBHOUSE
A032650,P08178,WIFI
A032651,P08178,AIR_CONDITIONING
A032652,P08178,LIFT
A032653,P08179,LIFT
A032654,P08179,CLUBHOUSE
A032655,P08179,GYM
A032656,P08179,GARDEN
A032657,P08179,SWIMMING_POOL
A032658,P08180,AIR_CONDITIONING
A032659,P08180,SECURITY
A032660,P08181,PARKING
A032661,P08181,CLUBHOUSE
A032662,P08181,LIFT
A032663,P08182,GARDEN
A032664,P08182,POWER_BACKUP
A032665,P08182,GYM
A032666,P08183,PARKING
A032667,P08183,CLUBHOUSE
A032668,P08183,SECURITY
A032669,P08183,POWER_BACKUP
A032670,P08183,AIR_CONDITIONING
A032671,P08184,GYM
A032672,P08184,PARKING
A032673,P08184,AIR_CONDITIONING
A032674,P08185,CLUBHOUSE
A032675,P08185,SECURITY
A032676,P08185,GARDEN
A032677,P08185,WIFI
A032678,P08185,POWER_BACKUP
A032679,P08186,GARDEN
A032680,P08186,POWER_BACKUP
A032681,P08186,SECURITY
A032682,P08186,CLUBHOUSE
A032683,P08186,PARKING
A032684,P08187,LIFT
A032685,P08187,CLUBHOUSE
A032686,P08188,GARDEN
A032687,P08188,WIFI
A032688,P08188,PARKING
A032689,P08188,CLUBHOUSE
A032690,P08188,GYM
A032691,P08189,POWER_BACKUP
A032692,P08189,SECURITY
A032693,P08190,WIFI
A032694,P08190,POWER_BACKUP
A032695,P08190,LIFT
A032696,P08190,PARKING
A032697,P08190,GARDEN
A032698,P08191,POWER_BACKUP
A032699,P08191,SWIMMING_POOL
A032700,P08191,GYM
A032701,P08191,PARKING
A032702,P08191,SECURITY
A032703,P08191,CLUBHOUSE
A032704,P08192,POWER_BACKUP
A032705,P08192,AIR_CONDITIONING
A032706,P08192,SWIMMING_POOL
A032707,P08192,WIFI
A032708,P08192,CLUBHOUSE
A032709,P08192,LIFT
A032710,P08193,SWIMMING_POOL
A032711,P08193,SECURITY
A032712,P08193,PARKING
A032713,P08193,CLUBHOUSE
A032714,P08193,GARDEN
A032715,P08194,SWIMMING_POOL
A032716,P08194,AIR_CONDITIONING
A032717,P08194,SECURITY
A032718,P08194,GARDEN
A032719,P08194,WIFI
A032720,P08194,PARKING
A032721,P08195,SWIMMING_POOL
A032722,P08195,AIR_CONDITIONING
A032723,P08195,SECURITY
A032724,P08195,GARDEN
A032725,P08196,GARDEN
A032726,P08196,SECURITY
A032727,P08196,PARKING
A032728,P08196,AIR_CONDITIONING
A032729,P08196,SWIMMING_POOL
A032730,P08197,GARDEN
A032731,P08197,AIR_CONDITIONING
A032732,P08197,PARKING
A032733,P08198,WIFI
A032734,P08198,GYM
A032735,P08199,GARDEN
A032736,P08199,CLUBHOUSE
A032737,P08199,PARKING
A032738,P08200,GARDEN
A032739,P08200,LIFT
A032740,P08201,PARKING
A032741,P08201,GARDEN
A032742,P08201,SWIMMING_POOL
A032743,P08201,AIR_CONDITIONING
A032744,P08201,CLUBHOUSE
A032745,P08202,SECURITY
A032746,P08202,PARKING
A032747,P08202,SWIMMING_POOL
A032748,P08203,CLUBHOUSE
A032749,P08203,AIR_CONDITIONING
A032750,P08203,WIFI
A032751,P08204,CLUBHOUSE
A032752,P08204,PARKING
A032753,P08204,SECURITY
A032754,P08204,AIR_CONDITIONING
A032755,P08204,SWIMMING_POOL
A032756,P08204,LIFT
A032757,P08205,PARKING
A032758,P08205,WIFI
A032759,P08205,AIR_CONDITIONING
A032760,P08206,LIFT
A032761,P08206,SWIMMING_POOL
A032762,P08206,GARDEN
A032763,P08206,POWER_BACKUP
A032764,P08207,SECURITY
A032765,P08207,CLUBHOUSE
A032766,P08207,LIFT
A032767,P08207,GARDEN
A032768,P08208,GYM
A032769,P08208,PARKING
A032770,P08208,AIR_CONDITIONING
A032771,P08208,POWER_BACKUP
A032772,P08208,LIFT
A032773,P08208,WIFI
A032774,P08209,GYM
A032775,P08209,POWER_BACKUP
A032776,P08209,SECURITY
A032777,P08209,LIFT
A032778,P08210,SECURITY
A032779,P08210,GARDEN
A032780,P08210,GYM
A032781,P08210,AIR_CONDITIONING
A032782,P08210,LIFT
A032783,P08210,PARKING
A032784,P08211,LIFT
A032785,P08211,AIR_CONDITIONING
A032786,P08211,SWIMMING_POOL
A032787,P08212,POWER_BACKUP
A032788,P08212,WIFI
A032789,P08212,SECURITY
A032790,P08212,GYM
A032791,P08213,GARDEN
A032792,P08213,LIFT
A032793,P08213,GYM
A032794,P08213,PARKING
A032795,P08214,PARKING
A032796,P08214,WIFI
A032797,P08214,POWER_BACKUP
A032798,P08214,CLUBHOUSE
A032799,P08214,SWIMMING_POOL
A032800,P08214,AIR_CONDITIONING
A032801,P08215,GYM
A032802,P08215,SWIMMING_POOL
A032803,P08215,GARDEN
A032804,P08216,LIFT
A032805,P08216,PARKING
A032806,P08216,GYM
A032807,P08217,WIFI
A032808,P08217,AIR_CONDITIONING
A032809,P08218,GYM
A032810,P08218,WIFI
A032811,P08218,GARDEN
A032812,P08218,POWER_BACKUP
A032813,P08219,AIR_CONDITIONING
A032814,P08219,PARKING
A032815,P08219,SWIMMING_POOL
A032816,P08219,SECURITY
A032817,P08219,POWER_BACKUP
A032818,P08219,LIFT
A032819,P08220,SECURITY
A032820,P08220,CLUBHOUSE
A032821,P08220,SWIMMING_POOL
A032822,P08220,POWER_BACKUP
A032823,P08220,WIFI
A032824,P08220,LIFT
A032825,P08221,CLUBHOUSE
A032826,P08221,GYM
A032827,P08221,POWER_BACKUP
A032828,P08222,GARDEN
A032829,P08222,PARKING
A032830,P08223,CLUBHOUSE
A032831,P08223,SWIMMING_POOL
A032832,P08223,GARDEN
A032833,P08223,SECURITY
A032834,P08224,PARKING
A032835,P08224,LIFT
A032836,P08224,SECURITY
A032837,P08225,AIR_CONDITIONING
A032838,P08225,WIFI
A032839,P08225,PARKING
A032840,P08225,LIFT
A032841,P08225,SECURITY
A032842,P08226,WIFI
A032843,P08226,CLUBHOUSE
A032844,P08227,GARDEN
A032845,P08227,AIR_CONDITIONING
A032846,P08227,GYM
A032847,P08227,SECURITY
A032848,P08228,GYM
A032849,P08228,SWIMMING_POOL
A032850,P08228,CLUBHOUSE
A032851,P08229,PARKING
A032852,P08229,WIFI
A032853,P08229,POWER_BACKUP
A032854,P08229,GARDEN
A032855,P08229,AIR_CONDITIONING
A032856,P08229,LIFT
A032857,P08230,LIFT
A032858,P08230,GARDEN
A032859,P08230,SWIMMING_POOL
A032860,P08231,WIFI
A032861,P08231,SECURITY
A032862,P08231,GARDEN
A032863,P08231,POWER_BACKUP
A032864,P08231,AIR_CONDITIONING
A032865,P08231,CLUBHOUSE
A032866,P08232,LIFT
A032867,P08232,GYM
A032868,P08232,GARDEN
A032869,P08232,WIFI
A032870,P08232,CLUBHOUSE
A032871,P08232,POWER_BACKUP
A032872,P08233,AIR_CONDITIONING
A032873,P08233,GYM
A032874,P08233,PARKING
A032875,P08233,SECURITY
A032876,P08234,CLUBHOUSE
A032877,P08234,AIR_CONDITIONING
A032878,P08234,GYM
A032879,P08235,GYM
A032880,P08235,LIFT
A032881,P08235,CLUBHOUSE
A032882,P08235,SWIMMING_POOL
A032883,P08235,GARDEN
A032884,P08236,PARKING
A032885,P08236,CLUBHOUSE
A032886,P08236,GARDEN
A032887,P08236,AIR_CONDITIONING
A032888,P08237,POWER_BACKUP
A032889,P08237,LIFT
A032890,P08237,WIFI
A032891,P08237,CLUBHOUSE
A032892,P08237,AIR_CONDITIONING
A032893,P08237,SECURITY
A032894,P08238,GARDEN
A032895,P08238,PARKING
A032896,P08238,WIFI
A032897,P08238,SECURITY
A032898,P08238,AIR_CONDITIONING
A032899,P08239,SECURITY
A032900,P08239,AIR_CONDITIONING
A032901,P08239,LIFT
A032902,P08239,CLUBHOUSE
A032903,P08240,AIR_CONDITIONING
A032904,P08240,SWIMMING_POOL
A032905,P08240,GYM
A032906,P08240,PARKING
A032907,P08240,SECURITY
A032908,P08240,POWER_BACKUP
A032909,P08241,POWER_BACKUP
A032910,P08241,GARDEN
A032911,P08241,SECURITY
A032912,P08241,SWIMMING_POOL
A032913,P08241,CLUBHOUSE
A032914,P08242,POWER_BACKUP
A032915,P08242,GYM
A032916,P08242,PARKING
A032917,P08242,AIR_CONDITIONING
A032918,P08242,GARDEN
A032919,P08243,GYM
A032920,P08243,AIR_CONDITIONING
A032921,P08243,SECURITY
A032922,P08244,SWIMMING_POOL
A032923,P08244,LIFT
A032924,P08244,WIFI
A032925,P08244,GARDEN
A032926,P08244,PARKING
A032927,P08245,PARKING
A032928,P08245,LIFT
A032929,P08245,POWER_BACKUP
A032930,P08246,CLUBHOUSE
A032931,P08246,POWER_BACKUP
A032932,P08246,PARKING
A032933,P08246,AIR_CONDITIONING
A032934,P08246,GYM
A032935,P08247,WIFI
A032936,P08247,GYM
A032937,P08247,PARKING
A032938,P08247,LIFT
A032939,P08247,SWIMMING_POOL
A032940,P08248,SWIMMING_POOL
A032941,P08248,POWER_BACKUP
A032942,P08248,PARKING
A032943,P08248,GARDEN
A032944,P08249,CLUBHOUSE
A032945,P08249,GYM
A032946,P08249,AIR_CONDITIONING
A032947,P08249,WIFI
A032948,P08249,LIFT
A032949,P08250,AIR_CONDITIONING
A032950,P08250,SWIMMING_POOL
A032951,P08250,GYM
A032952,P08250,LIFT
A032953,P08250,CLUBHOUSE
A032954,P08251,SECURITY
A032955,P08251,GYM
A032956,P08251,WIFI
A032957,P08251,POWER_BACKUP
A032958,P08251,GARDEN
A032959,P08252,AIR_CONDITIONING
A032960,P08252,CLUBHOUSE
A032961,P08252,GARDEN
A032962,P08252,LIFT
A032963,P08252,WIFI
A032964,P08253,AIR_CONDITIONING
A032965,P08253,SWIMMING_POOL
A032966,P08253,POWER_BACKUP
A032967,P08253,SECURITY
A032968,P08253,CLUBHOUSE
A032969,P08254,GYM
A032970,P08254,SWIMMING_POOL
A032971,P08254,WIFI
A032972,P08255,LIFT
A032973,P08255,CLUBHOUSE
A032974,P08255,AIR_CONDITIONING
A032975,P08255,SWIMMING_POOL
A032976,P08256,POWER_BACKUP
A032977,P08256,GYM
A032978,P08257,GYM
A032979,P08257,LIFT
A032980,P08257,WIFI
A032981,P08257,CLUBHOUSE
A032982,P08257,GARDEN
A032983,P08257,POWER_BACKUP
A032984,P08258,LIFT
A032985,P08258,WIFI
A032986,P08258,GARDEN
A032987,P08259,PARKING
A032988,P08259,AIR_CONDITIONING
A032989,P08259,CLUBHOUSE
A032990,P08259,LIFT
A032991,P08259,SWIMMING_POOL
A032992,P08259,GYM
A032993,P08260,WIFI
A032994,P08260,GYM
A032995,P08260,LIFT
A032996,P08260,SWIMMING_POOL
A032997,P08260,CLUBHOUSE
A032998,P08260,POWER_BACKUP
A032999,P08261,SWIMMING_POOL
A033000,P08261,PARKING
A033001,P08262,GYM
A033002,P08262,POWER_BACKUP
A033003,P08262,SWIMMING_POOL
A033004,P08262,GARDEN
A033005,P08262,CLUBHOUSE
A033006,P08263,GARDEN
A033007,P08263,SWIMMING_POOL
A033008,P08263,SECURITY
A033009,P08263,PARKING
A033010,P08264,SECURITY
A033011,P08264,GARDEN
A033012,P08265,SECURITY
A033013,P08265,POWER_BACKUP
A033014,P08265,GYM
A033015,P08265,PARKING
A033016,P08265,CLUBHOUSE
A033017,P08266,GYM
A033018,P08266,SECURITY
A033019,P08266,LIFT
A033020,P08266,GARDEN
A033021,P08267,GYM
A033022,P08267,AIR_CONDITIONING
A033023,P08267,GARDEN
A033024,P08267,SECURITY
A033025,P08267,POWER_BACKUP
A033026,P08268,POWER_BACKUP
A033027,P08268,GARDEN
A033028,P08268,WIFI
A033029,P08269,PARKING
A033030,P08269,LIFT
A033031,P08270,GARDEN
A033032,P08270,GYM
A033033,P08270,SECURITY
A033034,P08270,CLUBHOUSE
A033035,P08271,SWIMMING_POOL
A033036,P08271,PARKING
A033037,P08272,SWIMMING_POOL
A033038,P08272,WIFI
A033039,P08272,GARDEN
A033040,P08272,AIR_CONDITIONING
A033041,P08272,CLUBHOUSE
A033042,P08273,SECURITY
A033043,P08273,GYM
A033044,P08274,POWER_BACKUP
A033045,P08274,PARKING
A033046,P08274,GARDEN
A033047,P08274,SWIMMING_POOL
A033048,P08274,SECURITY
A033049,P08275,SECURITY
A033050,P08275,POWER_BACKUP
A033051,P08275,GARDEN
A033052,P08275,SWIMMING_POOL
A033053,P08276,LIFT
A033054,P08276,SECURITY
A033055,P08276,SWIMMING_POOL
A033056,P08276,POWER_BACKUP
A033057,P08276,AIR_CONDITIONING
A033058,P08276,PARKING
A033059,P08277,AIR_CONDITIONING
A033060,P08277,CLUBHOUSE
A033061,P08277,WIFI
A033062,P08277,GYM
A033063,P08277,SECURITY
A033064,P08278,LIFT
A033065,P08278,POWER_BACKUP
A033066,P08278,CLUBHOUSE
A033067,P08278,GYM
A033068,P08279,GYM
A033069,P08279,AIR_CONDITIONING
A033070,P08279,SECURITY
A033071,P08279,CLUBHOUSE
A033072,P08279,GARDEN
A033073,P08279,SWIMMING_POOL
A033074,P08280,CLUBHOUSE
A033075,P08280,WIFI
A033076,P08280,GARDEN
A033077,P08280,AIR_CONDITIONING
A033078,P08280,PARKING
A033079,P08281,SECURITY
A033080,P08281,PARKING
A033081,P08281,AIR_CONDITIONING
A033082,P08282,SWIMMING_POOL
A033083,P08282,GARDEN
A033084,P08283,PARKING
A033085,P08283,GYM
A033086,P08283,GARDEN
A033087,P08283,POWER_BACKUP
A033088,P08283,AIR_CONDITIONING
A033089,P08283,SECURITY
A033090,P08284,POWER_BACKUP
A033091,P08284,CLUBHOUSE
A033092,P08284,WIFI
A033093,P08284,GARDEN
A033094,P08284,SWIMMING_POOL
A033095,P08284,LIFT
A033096,P08285,SECURITY
A033097,P08285,WIFI
A033098,P08285,SWIMMING_POOL
A033099,P08285,PARKING
A033100,P08286,PARKING
A033101,P08286,AIR_CONDITIONING
A033102,P08287,GYM
A033103,P08287,WIFI
A033104,P08287,GARDEN
A033105,P08288,POWER_BACKUP
A033106,P08288,SECURITY
A033107,P08288,CLUBHOUSE
A033108,P08288,WIFI
A033109,P08288,AIR_CONDITIONING
A033110,P08289,AIR_CONDITIONING
A033111,P08289,CLUBHOUSE
A033112,P08289,GYM
A033113,P08289,LIFT
A033114,P08289,PARKING
A033115,P08290,POWER_BACKUP
A033116,P08290,PARKING
A033117,P08291,PARKING
A033118,P08291,POWER_BACKUP
A033119,P08291,GARDEN
A033120,P08291,WIFI
A033121,P08291,LIFT
A033122,P08291,SECURITY
A033123,P08292,GARDEN
A033124,P08292,PARKING
A033125,P08293,GYM
A033126,P08293,CLUBHOUSE
A033127,P08293,AIR_CONDITIONING
A033128,P08293,GARDEN
A033129,P08293,SWIMMING_POOL
A033130,P08293,SECURITY
A033131,P08294,CLUBHOUSE
A033132,P08294,LIFT
A033133,P08294,PARKING
A033134,P08294,GYM
A033135,P08295,WIFI
A033136,P08295,LIFT
A033137,P08295,SWIMMING_POOL
A033138,P08295,GARDEN
A033139,P08295,SECURITY
A033140,P08295,PARKING
A033141,P08296,AIR_CONDITIONING
A033142,P08296,CLUBHOUSE
A033143,P08296,WIFI
A033144,P08297,LIFT
A033145,P08297,SWIMMING_POOL
A033146,P08297,PARKING
A033147,P08297,SECURITY
A033148,P08298,SWIMMING_POOL
A033149,P08298,SECURITY
A033150,P08298,AIR_CONDITIONING
A033151,P08299,LIFT
A033152,P08299,GARDEN
A033153,P08299,PARKING
A033154,P08299,SWIMMING_POOL
A033155,P08299,SECURITY
A033156,P08300,WIFI
A033157,P08300,GYM
A033158,P08301,GARDEN
A033159,P08301,WIFI
A033160,P08301,AIR_CONDITIONING
A033161,P08301,GYM
A033162,P08301,POWER_BACKUP
A033163,P08302,LIFT
A033164,P08302,POWER_BACKUP
A033165,P08302,SECURITY
A033166,P08302,SWIMMING_POOL
A033167,P08302,GYM
A033168,P08303,GYM
A033169,P08303,GARDEN
A033170,P08304,GYM
A033171,P08304,CLUBHOUSE
A033172,P08304,SWIMMING_POOL
A033173,P08304,SECURITY
A033174,P08304,WIFI
A033175,P08304,GARDEN
A033176,P08305,SWIMMING_POOL
A033177,P08305,SECURITY
A033178,P08305,LIFT
A033179,P08306,GARDEN
A033180,P08306,SWIMMING_POOL
A033181,P08306,AIR_CONDITIONING
A033182,P08306,WIFI
A033183,P08306,PARKING
A033184,P08306,CLUBHOUSE
A033185,P08307,AIR_CONDITIONING
A033186,P08307,SECURITY
A033187,P08307,GARDEN
A033188,P08308,SWIMMING_POOL
A033189,P08308,SECURITY
A033190,P08309,GYM
A033191,P08309,GARDEN
A033192,P08309,AIR_CONDITIONING
A033193,P08309,POWER_BACKUP
A033194,P08309,LIFT
A033195,P08309,SECURITY
A033196,P08310,SECURITY
A033197,P08310,SWIMMING_POOL
A033198,P08310,LIFT
A033199,P08310,GYM
A033200,P08310,POWER_BACKUP
A033201,P08311,SWIMMING_POOL
A033202,P08311,SECURITY
A033203,P08311,LIFT
A033204,P08311,CLUBHOUSE
A033205,P08311,GYM
A033206,P08312,LIFT
A033207,P08312,PARKING
A033208,P08312,POWER_BACKUP
A033209,P08313,AIR_CONDITIONING
A033210,P08313,LIFT
A033211,P08313,POWER_BACKUP
A033212,P08314,PARKING
A033213,P08314,GYM
A033214,P08314,SECURITY
A033215,P08314,GARDEN
A033216,P08314,POWER_BACKUP
A033217,P08314,CLUBHOUSE
A033218,P08315,PARKING
A033219,P08315,GARDEN
A033220,P08315,CLUBHOUSE
A033221,P08315,GYM
A033222,P08315,SECURITY
A033223,P08315,POWER_BACKUP
A033224,P08316,GARDEN
A033225,P08316,AIR_CONDITIONING
A033226,P08316,CLUBHOUSE
A033227,P08316,WIFI
A033228,P08317,SECURITY
A033229,P08317,CLUBHOUSE
A033230,P08317,PARKING
A033231,P08318,GYM
A033232,P08318,POWER_BACKUP
A033233,P08318,WIFI
A033234,P08318,PARKING
A033235,P08319,PARKING
A033236,P08319,SECURITY
A033237,P08319,AIR_CONDITIONING
A033238,P08320,AIR_CONDITIONING
A033239,P08320,PARKING
A033240,P08321,SWIMMING_POOL
A033241,P08321,AIR_CONDITIONING
A033242,P08321,LIFT
A033243,P08321,WIFI
A033244,P08322,WIFI
A033245,P08322,SECURITY
A033246,P08322,GARDEN
A033247,P08322,CLUBHOUSE
A033248,P08323,POWER_BACKUP
A033249,P08323,AIR_CONDITIONING
A033250,P08323,SWIMMING_POOL
A033251,P08323,GARDEN
A033252,P08324,PARKING
A033253,P08324,AIR_CONDITIONING
A033254,P08324,GYM
A033255,P08324,LIFT
A033256,P08324,CLUBHOUSE
A033257,P08324,GARDEN
A033258,P08325,POWER_BACKUP
A033259,P08325,AIR_CONDITIONING
A033260,P08325,SECURITY
A033261,P08325,PARKING
A033262,P08325,GARDEN
A033263,P08326,AIR_CONDITIONING
A033264,P08326,POWER_BACKUP
A033265,P08326,SECURITY
A033266,P08326,GARDEN
A033267,P08326,CLUBHOUSE
A033268,P08327,PARKING
A033269,P08327,AIR_CONDITIONING
A033270,P08328,PARKING
A033271,P08328,WIFI
A033272,P08329,SECURITY
A033273,P08329,GYM
A033274,P08329,PARKING
A033275,P08329,SWIMMING_POOL
A033276,P08330,POWER_BACKUP
A033277,P08330,AIR_CONDITIONING
A033278,P08330,PARKING
A033279,P08330,SWIMMING_POOL
A033280,P08330,LIFT
A033281,P08331,SECURITY
A033282,P08331,SWIMMING_POOL
A033283,P08331,GYM
A033284,P08331,POWER_BACKUP
A033285,P08332,CLUBHOUSE
A033286,P08332,SWIMMING_POOL
A033287,P08332,GYM
A033288,P08332,SECURITY
A033289,P08333,CLUBHOUSE
A033290,P08333,AIR_CONDITIONING
A033291,P08333,POWER_BACKUP
A033292,P08333,LIFT
A033293,P08333,WIFI
A033294,P08334,AIR_CONDITIONING
A033295,P08334,SECURITY
A033296,P08334,WIFI
A033297,P08335,GYM
A033298,P08335,LIFT
A033299,P08335,SECURITY
A033300,P08336,GYM
A033301,P08336,AIR_CONDITIONING
A033302,P08337,CLUBHOUSE
A033303,P08337,AIR_CONDITIONING
A033304,P08337,SECURITY
A033305,P08337,PARKING
A033306,P08337,LIFT
A033307,P08337,WIFI
A033308,P08338,GARDEN
A033309,P08338,POWER_BACKUP
A033310,P08338,CLUBHOUSE
A033311,P08338,PARKING
A033312,P08338,SWIMMING_POOL
A033313,P08338,AIR_CONDITIONING
A033314,P08339,SWIMMING_POOL
A033315,P08339,AIR_CONDITIONING
A033316,P08339,PARKING
A033317,P08339,GARDEN
A033318,P08339,WIFI
A033319,P08340,SECURITY
A033320,P08340,AIR_CONDITIONING
A033321,P08340,LIFT
A033322,P08340,PARKING
A033323,P08340,GARDEN
A033324,P08340,POWER_BACKUP
A033325,P08341,AIR_CONDITIONING
A033326,P08341,LIFT
A033327,P08342,PARKING
A033328,P08342,WIFI
A033329,P08342,POWER_BACKUP
A033330,P08343,POWER_BACKUP
A033331,P08343,PARKING
A033332,P08343,SECURITY
A033333,P08344,POWER_BACKUP
A033334,P08344,WIFI
A033335,P08344,GARDEN
A033336,P08344,LIFT
A033337,P08345,LIFT
A033338,P08345,AIR_CONDITIONING
A033339,P08346,SECURITY
A033340,P08346,AIR_CONDITIONING
A033341,P08346,CLUBHOUSE
A033342,P08347,AIR_CONDITIONING
A033343,P08347,GARDEN
A033344,P08347,POWER_BACKUP
A033345,P08347,CLUBHOUSE
A033346,P08348,AIR_CONDITIONING
A033347,P08348,SWIMMING_POOL
A033348,P08349,SWIMMING_POOL
A033349,P08349,GARDEN
A033350,P08350,SECURITY
A033351,P08350,POWER_BACKUP
A033352,P08350,PARKING
A033353,P08350,SWIMMING_POOL
A033354,P08351,AIR_CONDITIONING
A033355,P08351,WIFI
A033356,P08351,GYM
A033357,P08351,SECURITY
A033358,P08351,PARKING
A033359,P08351,GARDEN
A033360,P08352,SECURITY
A033361,P08352,PARKING
A033362,P08352,LIFT
A033363,P08353,SECURITY
A033364,P08353,LIFT
A033365,P08353,AIR_CONDITIONING
A033366,P08353,POWER_BACKUP
A033367,P08353,PARKING
A033368,P08354,GARDEN
A033369,P08354,SECURITY
A033370,P08354,WIFI
A033371,P08354,AIR_CONDITIONING
A033372,P08354,SWIMMING_POOL
A033373,P08354,CLUBHOUSE
A033374,P08355,POWER_BACKUP
A033375,P08355,PARKING
A033376,P08356,SECURITY
A033377,P08356,PARKING
A033378,P08356,AIR_CONDITIONING
A033379,P08356,GARDEN
A033380,P08356,CLUBHOUSE
A033381,P08357,LIFT
A033382,P08357,GYM
A033383,P08357,PARKING
A033384,P08357,WIFI
A033385,P08357,AIR_CONDITIONING
A033386,P08358,SECURITY
A033387,P08358,GYM
A033388,P08358,SWIMMING_POOL
A033389,P08359,AIR_CONDITIONING
A033390,P08359,POWER_BACKUP
A033391,P08359,LIFT
A033392,P08360,PARKING
A033393,P08360,POWER_BACKUP
A033394,P08360,GYM
A033395,P08360,SWIMMING_POOL
A033396,P08360,SECURITY
A033397,P08360,CLUBHOUSE
A033398,P08361,GYM
A033399,P08361,GARDEN
A033400,P08361,LIFT
A033401,P08361,POWER_BACKUP
A033402,P08362,GARDEN
A033403,P08362,PARKING
A033404,P08363,SECURITY
A033405,P08363,SWIMMING_POOL
A033406,P08363,AIR_CONDITIONING
A033407,P08363,PARKING
A033408,P08363,CLUBHOUSE
A033409,P08364,WIFI
A033410,P08364,GARDEN
A033411,P08364,GYM
A033412,P08364,SWIMMING_POOL
A033413,P08364,CLUBHOUSE
A033414,P08364,SECURITY
A033415,P08365,SWIMMING_POOL
A033416,P08365,GYM
A033417,P08366,AIR_CONDITIONING
A033418,P08366,GYM
A033419,P08366,PARKING
A033420,P08366,SWIMMING_POOL
A033421,P08367,PARKING
A033422,P08367,LIFT
A033423,P08368,SECURITY
A033424,P08368,WIFI
A033425,P08368,SWIMMING_POOL
A033426,P08368,AIR_CONDITIONING
A033427,P08368,CLUBHOUSE
A033428,P08369,AIR_CONDITIONING
A033429,P08369,POWER_BACKUP
A033430,P08369,WIFI
A033431,P08369,GYM
A033432,P08370,GARDEN
A033433,P08370,POWER_BACKUP
A033434,P08370,WIFI
A033435,P08371,SWIMMING_POOL
A033436,P08371,GARDEN
A033437,P08371,LIFT
A033438,P08371,AIR_CONDITIONING
A033439,P08371,POWER_BACKUP
A033440,P08371,PARKING
A033441,P08372,SECURITY
A033442,P08372,CLUBHOUSE
A033443,P08372,GARDEN
A033444,P08372,POWER_BACKUP
A033445,P08372,PARKING
A033446,P08372,SWIMMING_POOL
A033447,P08373,WIFI
A033448,P08373,POWER_BACKUP
A033449,P08373,PARKING
A033450,P08373,AIR_CONDITIONING
A033451,P08373,LIFT
A033452,P08374,LIFT
A033453,P08374,CLUBHOUSE
A033454,P08374,GARDEN
A033455,P08374,PARKING
A033456,P08374,SWIMMING_POOL
A033457,P08375,SECURITY
A033458,P08375,GARDEN
A033459,P08376,SECURITY
A033460,P08376,PARKING
A033461,P08377,WIFI
A033462,P08377,CLUBHOUSE
A033463,P08377,SECURITY
A033464,P08377,PARKING
A033465,P08377,GYM
A033466,P08378,GYM
A033467,P08378,GARDEN
A033468,P08378,SWIMMING_POOL
A033469,P08379,LIFT
A033470,P08379,AIR_CONDITIONING
A033471,P08379,POWER_BACKUP
A033472,P08379,SECURITY
A033473,P08379,CLUBHOUSE
A033474,P08379,SWIMMING_POOL
A033475,P08380,PARKING
A033476,P08380,AIR_CONDITIONING
A033477,P08380,CLUBHOUSE
A033478,P08380,POWER_BACKUP
A033479,P08380,SWIMMING_POOL
A033480,P08381,SWIMMING_POOL
A033481,P08381,GYM
A033482,P08381,CLUBHOUSE
A033483,P08381,WIFI
A033484,P08381,SECURITY
A033485,P08381,AIR_CONDITIONING
A033486,P08382,SWIMMING_POOL
A033487,P08382,GARDEN
A033488,P08382,AIR_CONDITIONING
A033489,P08382,CLUBHOUSE
A033490,P08382,PARKING
A033491,P08383,GARDEN
A033492,P08383,SECURITY
A033493,P08384,SWIMMING_POOL
A033494,P08384,GARDEN
A033495,P08384,AIR_CONDITIONING
A033496,P08385,GARDEN
A033497,P08385,LIFT
A033498,P08386,LIFT
A033499,P08386,PARKING
A033500,P08386,WIFI
A033501,P08386,SWIMMING_POOL
A033502,P08386,AIR_CONDITIONING
A033503,P08387,SECURITY
A033504,P08387,AIR_CONDITIONING
A033505,P08387,PARKING
A033506,P08387,POWER_BACKUP
A033507,P08387,CLUBHOUSE
A033508,P08388,SWIMMING_POOL
A033509,P08388,WIFI
A033510,P08388,SECURITY
A033511,P08388,LIFT
A033512,P08389,PARKING
A033513,P08389,WIFI
A033514,P08389,POWER_BACKUP
A033515,P08389,SECURITY
A033516,P08389,CLUBHOUSE
A033517,P08389,GARDEN
A033518,P08390,POWER_BACKUP
A033519,P08390,SECURITY
A033520,P08390,SWIMMING_POOL
A033521,P08390,AIR_CONDITIONING
A033522,P08390,GYM
A033523,P08391,SECURITY
A033524,P08391,GYM
A033525,P08391,CLUBHOUSE
A033526,P08391,SWIMMING_POOL
A033527,P08392,WIFI
A033528,P08392,GARDEN
A033529,P08393,GARDEN
A033530,P08393,LIFT
A033531,P08393,AIR_CONDITIONING
A033532,P08393,SWIMMING_POOL
A033533,P08394,PARKING
A033534,P08394,WIFI
A033535,P08394,CLUBHOUSE
A033536,P08394,AIR_CONDITIONING
A033537,P08395,CLUBHOUSE
A033538,P08395,SWIMMING_POOL
A033539,P08396,WIFI
A033540,P08396,LIFT
A033541,P08396,PARKING
A033542,P08397,SECURITY
A033543,P08397,CLUBHOUSE
A033544,P08397,GYM
A033545,P08397,LIFT
A033546,P08397,SWIMMING_POOL
A033547,P08398,SWIMMING_POOL
A033548,P08398,POWER_BACKUP
A033549,P08398,GARDEN
A033550,P08398,CLUBHOUSE
A033551,P08398,AIR_CONDITIONING
A033552,P08398,WIFI
A033553,P08399,SWIMMING_POOL
A033554,P08399,PARKING
A033555,P08399,WIFI
A033556,P08400,CLUBHOUSE
A033557,P08400,LIFT
A033558,P08400,POWER_BACKUP
A033559,P08401,POWER_BACKUP
A033560,P08401,SECURITY
A033561,P08401,CLUBHOUSE
A033562,P08401,LIFT
A033563,P08402,WIFI
A033564,P08402,SWIMMING_POOL
A033565,P08402,POWER_BACKUP
A033566,P08402,LIFT
A033567,P08403,LIFT
A033568,P08403,PARKING
A033569,P08404,GYM
A033570,P08404,CLUBHOUSE
A033571,P08404,PARKING
A033572,P08404,AIR_CONDITIONING
A033573,P08405,WIFI
A033574,P08405,GARDEN
A033575,P08405,AIR_CONDITIONING
A033576,P08405,LIFT
A033577,P08405,CLUBHOUSE
A033578,P08406,GARDEN
A033579,P08406,CLUBHOUSE
A033580,P08406,PARKING
A033581,P08406,LIFT
A033582,P08407,GARDEN
A033583,P08407,WIFI
A033584,P08407,AIR_CONDITIONING
A033585,P08407,POWER_BACKUP
A033586,P08407,SECURITY
A033587,P08408,PARKING
A033588,P08408,GYM
A033589,P08408,WIFI
A033590,P08409,LIFT
A033591,P08409,SECURITY
A033592,P08409,CLUBHOUSE
A033593,P08409,GARDEN
A033594,P08409,GYM
A033595,P08410,PARKING
A033596,P08410,SECURITY
A033597,P08410,GYM
A033598,P08410,CLUBHOUSE
A033599,P08410,SWIMMING_POOL
A033600,P08411,LIFT
A033601,P08411,WIFI
A033602,P08411,POWER_BACKUP
A033603,P08411,CLUBHOUSE
A033604,P08411,AIR_CONDITIONING
A033605,P08412,PARKING
A033606,P08412,POWER_BACKUP
A033607,P08412,LIFT
A033608,P08412,SECURITY
A033609,P08412,GARDEN
A033610,P08413,SWIMMING_POOL
A033611,P08413,WIFI
A033612,P08413,POWER_BACKUP
A033613,P08413,PARKING
A033614,P08413,AIR_CONDITIONING
A033615,P08413,SECURITY
A033616,P08414,CLUBHOUSE
A033617,P08414,SECURITY
A033618,P08414,POWER_BACKUP
A033619,P08414,WIFI
A033620,P08414,SWIMMING_POOL
A033621,P08415,SECURITY
A033622,P08415,POWER_BACKUP
A033623,P08415,AIR_CONDITIONING
A033624,P08415,WIFI
A033625,P08415,SWIMMING_POOL
A033626,P08416,GARDEN
A033627,P08416,PARKING
A033628,P08416,WIFI
A033629,P08416,SWIMMING_POOL
A033630,P08417,AIR_CONDITIONING
A033631,P08417,PARKING
A033632,P08417,CLUBHOUSE
A033633,P08417,LIFT
A033634,P08417,SECURITY
A033635,P08417,POWER_BACKUP
A033636,P08418,SECURITY
A033637,P08418,LIFT
A033638,P08418,GARDEN
A033639,P08418,AIR_CONDITIONING
A033640,P08418,PARKING
A033641,P08419,WIFI
A033642,P08419,LIFT
A033643,P08419,SECURITY
A033644,P08419,PARKING
A033645,P08419,AIR_CONDITIONING
A033646,P08419,CLUBHOUSE
A033647,P08420,POWER_BACKUP
A033648,P08420,GARDEN
A033649,P08420,SWIMMING_POOL
A033650,P08420,WIFI
A033651,P08420,SECURITY
A033652,P08421,POWER_BACKUP
A033653,P08421,PARKING
A033654,P08421,SWIMMING_POOL
A033655,P08421,WIFI
A033656,P08421,LIFT
A033657,P08421,GYM
A033658,P08422,PARKING
A033659,P08422,GYM
A033660,P08422,CLUBHOUSE
A033661,P08422,SECURITY
A033662,P08422,POWER_BACKUP
A033663,P08422,WIFI
A033664,P08423,WIFI
A033665,P08423,POWER_BACKUP
A033666,P08423,CLUBHOUSE
A033667,P08423,SWIMMING_POOL
A033668,P08424,GARDEN
A033669,P08424,PARKING
A033670,P08424,GYM
A033671,P08424,AIR_CONDITIONING
A033672,P08424,POWER_BACKUP
A033673,P08424,WIFI
A033674,P08425,CLUBHOUSE
A033675,P08425,PARKING
A033676,P08425,GARDEN
A033677,P08425,SWIMMING_POOL
A033678,P08425,WIFI
A033679,P08426,GYM
A033680,P08426,SECURITY
A033681,P08426,WIFI
A033682,P08427,LIFT
A033683,P08427,POWER_BACKUP
A033684,P08427,GYM
A033685,P08427,CLUBHOUSE
A033686,P08428,SECURITY
A033687,P08428,CLUBHOUSE
A033688,P08428,LIFT
A033689,P08428,WIFI
A033690,P08428,GARDEN
A033691,P08428,POWER_BACKUP
A033692,P08429,GYM
A033693,P08429,PARKING
A033694,P08429,CLUBHOUSE
A033695,P08429,WIFI
A033696,P08430,GYM
A033697,P08430,SWIMMING_POOL
A033698,P08431,SECURITY
A033699,P08431,SWIMMING_POOL
A033700,P08431,AIR_CONDITIONING
A033701,P08431,PARKING
A033702,P08431,GARDEN
A033703,P08432,SWIMMING_POOL
A033704,P08432,GARDEN
A033705,P08433,SECURITY
A033706,P08433,WIFI
A033707,P08433,SWIMMING_POOL
A033708,P08433,AIR_CONDITIONING
A033709,P08434,LIFT
A033710,P08434,GYM
A033711,P08434,POWER_BACKUP
A033712,P08434,PARKING
A033713,P08434,WIFI
A033714,P08434,SECURITY
A033715,P08435,SECURITY
A033716,P08435,PARKING
A033717,P08435,AIR_CONDITIONING
A033718,P08435,GARDEN
A033719,P08436,PARKING
A033720,P08436,AIR_CONDITIONING
A033721,P08436,SECURITY
A033722,P08437,LIFT
A033723,P08437,CLUBHOUSE
A033724,P08437,AIR_CONDITIONING
A033725,P08437,PARKING
A033726,P08437,GYM
A033727,P08438,CLUBHOUSE
A033728,P08438,POWER_BACKUP
A033729,P08439,GARDEN
A033730,P08439,LIFT
A033731,P08439,PARKING
A033732,P08439,SECURITY
A033733,P08439,CLUBHOUSE
A033734,P08439,GYM
A033735,P08440,POWER_BACKUP
A033736,P08440,WIFI
A033737,P08440,GYM
A033738,P08440,CLUBHOUSE
A033739,P08441,GYM
A033740,P08441,WIFI
A033741,P08442,POWER_BACKUP
A033742,P08442,CLUBHOUSE
A033743,P08442,GARDEN
A033744,P08442,GYM
A033745,P08443,GYM
A033746,P08443,GARDEN
A033747,P08443,POWER_BACKUP
A033748,P08443,WIFI
A033749,P08443,SWIMMING_POOL
A033750,P08444,POWER_BACKUP
A033751,P08444,CLUBHOUSE
A033752,P08444,SECURITY
A033753,P08444,LIFT
A033754,P08444,PARKING
A033755,P08445,CLUBHOUSE
A033756,P08445,WIFI
A033757,P08446,LIFT
A033758,P08446,GYM
A033759,P08446,SECURITY
A033760,P08446,AIR_CONDITIONING
A033761,P08446,SWIMMING_POOL
A033762,P08446,WIFI
A033763,P08447,PARKING
A033764,P08447,SWIMMING_POOL
A033765,P08447,SECURITY
A033766,P08447,GYM
A033767,P08447,CLUBHOUSE
A033768,P08448,CLUBHOUSE
A033769,P08448,LIFT
A033770,P08448,POWER_BACKUP
A033771,P08448,SECURITY
A033772,P08448,SWIMMING_POOL
A033773,P08449,LIFT
A033774,P08449,GYM
A033775,P08449,GARDEN
A033776,P08449,SECURITY
A033777,P08450,LIFT
A033778,P08450,CLUBHOUSE
A033779,P08450,SECURITY
A033780,P08450,PARKING
A033781,P08451,SECURITY
A033782,P08451,GYM
A033783,P08451,CLUBHOUSE
A033784,P08451,LIFT
A033785,P08451,PARKING
A033786,P08452,SWIMMING_POOL
A033787,P08452,PARKING
A033788,P08453,SECURITY
A033789,P08453,GYM
A033790,P08453,SWIMMING_POOL
A033791,P08453,AIR_CONDITIONING
A033792,P08453,PARKING
A033793,P08453,WIFI
A033794,P08454,GYM
A033795,P08454,CLUBHOUSE
A033796,P08454,WIFI
A033797,P08454,PARKING
A033798,P08454,AIR_CONDITIONING
A033799,P08455,SWIMMING_POOL
A033800,P08455,AIR_CONDITIONING
A033801,P08455,WIFI
A033802,P08455,GYM
A033803,P08456,GARDEN
A033804,P08456,PARKING
A033805,P08457,SWIMMING_POOL
A033806,P08457,CLUBHOUSE
A033807,P08457,AIR_CONDITIONING
A033808,P08457,WIFI
A033809,P08458,CLUBHOUSE
A033810,P08458,SWIMMING_POOL
A033811,P08459,GARDEN
A033812,P08459,PARKING
A033813,P08459,SECURITY
A033814,P08459,SWIMMING_POOL
A033815,P08459,WIFI
A033816,P08460,LIFT
A033817,P08460,GARDEN
A033818,P08461,SWIMMING_POOL
A033819,P08461,LIFT
A033820,P08461,GYM
A033821,P08461,SECURITY
A033822,P08462,SWIMMING_POOL
A033823,P08462,AIR_CONDITIONING
A033824,P08462,PARKING
A033825,P08463,SECURITY
A033826,P08463,GYM
A033827,P08463,CLUBHOUSE
A033828,P08464,PARKING
A033829,P08464,SECURITY
A033830,P08464,WIFI
A033831,P08465,AIR_CONDITIONING
A033832,P08465,POWER_BACKUP
A033833,P08465,GARDEN
A033834,P08466,LIFT
A033835,P08466,WIFI
A033836,P08466,AIR_CONDITIONING
A033837,P08466,SECURITY
A033838,P08467,LIFT
A033839,P08467,SECURITY
A033840,P08467,POWER_BACKUP
A033841,P08467,WIFI
A033842,P08468,PARKING
A033843,P08468,GYM
A033844,P08468,LIFT
A033845,P08468,SECURITY
A033846,P08468,SWIMMING_POOL
A033847,P08469,LIFT
A033848,P08469,SECURITY
A033849,P08470,LIFT
A033850,P08470,GARDEN
A033851,P08471,LIFT
A033852,P08471,PARKING
A033853,P08471,SECURITY
A033854,P08472,GYM
A033855,P08472,LIFT
A033856,P08472,SWIMMING_POOL
A033857,P08472,AIR_CONDITIONING
A033858,P08473,AIR_CONDITIONING
A033859,P08473,SECURITY
A033860,P08473,GARDEN
A033861,P08474,GYM
A033862,P08474,WIFI
A033863,P08475,LIFT
A033864,P08475,GARDEN
A033865,P08475,PARKING
A033866,P08475,POWER_BACKUP
A033867,P08475,AIR_CONDITIONING
A033868,P08476,GARDEN
A033869,P08476,AIR_CONDITIONING
A033870,P08477,CLUBHOUSE
A033871,P08477,PARKING
A033872,P08477,WIFI
A033873,P08477,LIFT
A033874,P08478,POWER_BACKUP
A033875,P08478,PARKING
A033876,P08478,SECURITY
A033877,P08478,LIFT
A033878,P08478,WIFI
A033879,P08479,GYM
A033880,P08479,LIFT
A033881,P08479,CLUBHOUSE
A033882,P08479,AIR_CONDITIONING
A033883,P08480,LIFT
A033884,P08480,PARKING
A033885,P08481,GYM
A033886,P08481,WIFI
A033887,P08482,LIFT
A033888,P08482,GYM
A033889,P08482,CLUBHOUSE
A033890,P08482,SWIMMING_POOL
A033891,P08482,POWER_BACKUP
A033892,P08482,PARKING
A033893,P08483,AIR_CONDITIONING
A033894,P08483,LIFT
A033895,P08483,CLUBHOUSE
A033896,P08483,PARKING
A033897,P08483,GARDEN
A033898,P08483,SWIMMING_POOL
A033899,P08484,GARDEN
A033900,P08484,LIFT
A033901,P08484,CLUBHOUSE
A033902,P08484,SWIMMING_POOL
A033903,P08484,WIFI
A033904,P08485,SECURITY
A033905,P08485,CLUBHOUSE
A033906,P08486,PARKING
A033907,P08486,AIR_CONDITIONING
A033908,P08486,CLUBHOUSE
A033909,P08486,GYM
A033910,P08487,CLUBHOUSE
A033911,P08487,GYM
A033912,P08488,PARKING
A033913,P08488,CLUBHOUSE
A033914,P08488,GARDEN
A033915,P08488,SWIMMING_POOL
A033916,P08488,POWER_BACKUP
A033917,P08489,LIFT
A033918,P08489,CLUBHOUSE
A033919,P08490,POWER_BACKUP
A033920,P08490,AIR_CONDITIONING
A033921,P08490,WIFI
A033922,P08491,SECURITY
A033923,P08491,GARDEN
A033924,P08491,PARKING
A033925,P08491,LIFT
A033926,P08492,PARKING
A033927,P08492,LIFT
A033928,P08493,GARDEN
A033929,P08493,LIFT
A033930,P08494,GARDEN
A033931,P08494,WIFI
A033932,P08494,POWER_BACKUP
A033933,P08494,SWIMMING_POOL
A033934,P08495,SECURITY
A033935,P08495,LIFT
A033936,P08496,SWIMMING_POOL
A033937,P08496,GYM
A033938,P08496,GARDEN
A033939,P08496,SECURITY
A033940,P08496,POWER_BACKUP
A033941,P08497,GARDEN
A033942,P08497,SWIMMING_POOL
A033943,P08498,CLUBHOUSE
A033944,P08498,GYM
A033945,P08498,WIFI
A033946,P08499,GARDEN
A033947,P08499,LIFT
A033948,P08499,SECURITY
A033949,P08499,SWIMMING_POOL
A033950,P08499,WIFI
A033951,P08500,POWER_BACKUP
A033952,P08500,GARDEN
A033953,P08500,SWIMMING_POOL
A033954,P08500,PARKING
A033955,P08501,POWER_BACKUP
A033956,P08501,CLUBHOUSE
A033957,P08501,SECURITY
A033958,P08501,GYM
A033959,P08501,SWIMMING_POOL
A033960,P08502,SECURITY
A033961,P08502,SWIMMING_POOL
A033962,P08502,AIR_CONDITIONING
A033963,P08503,GARDEN
A033964,P08503,CLUBHOUSE
A033965,P08503,SECURITY
A033966,P08503,GYM
A033967,P08503,AIR_CONDITIONING
A033968,P08503,SWIMMING_POOL
A033969,P08504,PARKING
A033970,P08504,GARDEN
A033971,P08504,CLUBHOUSE
A033972,P08504,SWIMMING_POOL
A033973,P08505,WIFI
A033974,P08505,SWIMMING_POOL
A033975,P08506,SWIMMING_POOL
A033976,P08506,POWER_BACKUP
A033977,P08506,GYM
A033978,P08506,AIR_CONDITIONING
A033979,P08506,GARDEN
A033980,P08506,WIFI
A033981,P08507,CLUBHOUSE
A033982,P08507,PARKING
A033983,P08507,SECURITY
A033984,P08508,GARDEN
A033985,P08508,WIFI
A033986,P08508,POWER_BACKUP
A033987,P08509,POWER_BACKUP
A033988,P08509,AIR_CONDITIONING
A033989,P08510,WIFI
A033990,P08510,SECURITY
A033991,P08510,AIR_CONDITIONING
A033992,P08510,PARKING
A033993,P08511,PARKING
A033994,P08511,AIR_CONDITIONING
A033995,P08511,GARDEN
A033996,P08511,GYM
A033997,P08511,SWIMMING_POOL
A033998,P08511,LIFT
A033999,P08512,GARDEN
A034000,P08512,LIFT
A034001,P08513,SWIMMING_POOL
A034002,P08513,WIFI
A034003,P08513,PARKING
A034004,P08513,POWER_BACKUP
A034005,P08513,SECURITY
A034006,P08513,AIR_CONDITIONING
A034007,P08514,CLUBHOUSE
A034008,P08514,POWER_BACKUP
A034009,P08514,WIFI
A034010,P08514,SWIMMING_POOL
A034011,P08515,LIFT
A034012,P08515,AIR_CONDITIONING
A034013,P08516,CLUBHOUSE
A034014,P08516,AIR_CONDITIONING
A034015,P08516,PARKING
A034016,P08516,GARDEN
A034017,P08516,LIFT
A034018,P08517,AIR_CONDITIONING
A034019,P08517,CLUBHOUSE
A034020,P08517,GARDEN
A034021,P08517,LIFT
A034022,P08517,WIFI
A034023,P08518,SWIMMING_POOL
A034024,P08518,WIFI
A034025,P08518,POWER_BACKUP
A034026,P08518,CLUBHOUSE
A034027,P08519,POWER_BACKUP
A034028,P08519,AIR_CONDITIONING
A034029,P08519,LIFT
A034030,P08519,WIFI
A034031,P08520,SWIMMING_POOL
A034032,P08520,PARKING
A034033,P08520,CLUBHOUSE
A034034,P08520,POWER_BACKUP
A034035,P08520,LIFT
A034036,P08520,AIR_CONDITIONING
A034037,P08521,WIFI
A034038,P08521,AIR_CONDITIONING
A034039,P08521,GYM
A034040,P08521,SECURITY
A034041,P08521,SWIMMING_POOL
A034042,P08522,GYM
A034043,P08522,SECURITY
A034044,P08522,WIFI
A034045,P08522,POWER_BACKUP
A034046,P08522,AIR_CONDITIONING
A034047,P08522,SWIMMING_POOL
A034048,P08523,CLUBHOUSE
A034049,P08523,LIFT
A034050,P08523,SWIMMING_POOL
A034051,P08523,GYM
A034052,P08523,POWER_BACKUP
A034053,P08523,SECURITY
A034054,P08524,LIFT
A034055,P08524,GYM
A034056,P08524,AIR_CONDITIONING
A034057,P08524,WIFI
A034058,P08525,GYM
A034059,P08525,AIR_CONDITIONING
A034060,P08525,PARKING
A034061,P08526,SWIMMING_POOL
A034062,P08526,PARKING
A034063,P08526,LIFT
A034064,P08526,GARDEN
A034065,P08527,SECURITY
A034066,P08527,POWER_BACKUP
A034067,P08528,POWER_BACKUP
A034068,P08528,SWIMMING_POOL
A034069,P08528,WIFI
A034070,P08528,LIFT
A034071,P08529,SWIMMING_POOL
A034072,P08529,LIFT
A034073,P08529,POWER_BACKUP
A034074,P08529,AIR_CONDITIONING
A034075,P08529,WIFI
A034076,P08530,POWER_BACKUP
A034077,P08530,SECURITY
A034078,P08530,SWIMMING_POOL
A034079,P08530,PARKING
A034080,P08530,GYM
A034081,P08531,POWER_BACKUP
A034082,P08531,LIFT
A034083,P08531,GARDEN
A034084,P08531,PARKING
A034085,P08532,CLUBHOUSE
A034086,P08532,SECURITY
A034087,P08532,LIFT
A034088,P08532,AIR_CONDITIONING
A034089,P08533,POWER_BACKUP
A034090,P08533,GARDEN
A034091,P08533,AIR_CONDITIONING
A034092,P08534,SECURITY
A034093,P08534,GYM
A034094,P08534,AIR_CONDITIONING
A034095,P08534,LIFT
A034096,P08534,GARDEN
A034097,P08535,SECURITY
A034098,P08535,POWER_BACKUP
A034099,P08535,LIFT
A034100,P08535,GYM
A034101,P08535,AIR_CONDITIONING
A034102,P08536,POWER_BACKUP
A034103,P08536,SECURITY
A034104,P08536,PARKING
A034105,P08537,GARDEN
A034106,P08537,SWIMMING_POOL
A034107,P08537,SECURITY
A034108,P08537,WIFI
A034109,P08538,POWER_BACKUP
A034110,P08538,CLUBHOUSE
A034111,P08538,AIR_CONDITIONING
A034112,P08538,SECURITY
A034113,P08538,SWIMMING_POOL
A034114,P08539,LIFT
A034115,P08539,WIFI
A034116,P08539,GYM
A034117,P08540,GYM
A034118,P08540,LIFT
A034119,P08540,AIR_CONDITIONING
A034120,P08541,SWIMMING_POOL
A034121,P08541,POWER_BACKUP
A034122,P08541,WIFI
A034123,P08541,LIFT
A034124,P08541,GYM
A034125,P08541,SECURITY
A034126,P08542,WIFI
A034127,P08542,GARDEN
A034128,P08542,CLUBHOUSE
A034129,P08542,LIFT
A034130,P08543,WIFI
A034131,P08543,SWIMMING_POOL
A034132,P08543,CLUBHOUSE
A034133,P08543,POWER_BACKUP
A034134,P08543,PARKING
A034135,P08544,LIFT
A034136,P08544,POWER_BACKUP
A034137,P08544,GARDEN
A034138,P08544,SWIMMING_POOL
A034139,P08544,AIR_CONDITIONING
A034140,P08545,SWIMMING_POOL
A034141,P08545,LIFT
A034142,P08545,GARDEN
A034143,P08546,WIFI
A034144,P08546,GYM
A034145,P08546,SWIMMING_POOL
A034146,P08546,SECURITY
A034147,P08546,LIFT
A034148,P08546,CLUBHOUSE
A034149,P08547,POWER_BACKUP
A034150,P08547,SECURITY
A034151,P08548,WIFI
A034152,P08548,CLUBHOUSE
A034153,P08549,PARKING
A034154,P08549,POWER_BACKUP
A034155,P08550,CLUBHOUSE
A034156,P08550,SECURITY
A034157,P08550,POWER_BACKUP
A034158,P08551,CLUBHOUSE
A034159,P08551,POWER_BACKUP
A034160,P08551,GYM
A034161,P08551,SECURITY
A034162,P08552,SWIMMING_POOL
A034163,P08552,GYM
A034164,P08552,AIR_CONDITIONING
A034165,P08552,POWER_BACKUP
A034166,P08552,GARDEN
A034167,P08553,SECURITY
A034168,P08553,POWER_BACKUP
A034169,P08553,PARKING
A034170,P08553,GYM
A034171,P08553,LIFT
A034172,P08554,WIFI
A034173,P08554,SECURITY
A034174,P08555,LIFT
A034175,P08555,CLUBHOUSE
A034176,P08555,POWER_BACKUP
A034177,P08556,SWIMMING_POOL
A034178,P08556,PARKING
A034179,P08556,CLUBHOUSE
A034180,P08556,WIFI
A034181,P08556,GYM
A034182,P08557,SWIMMING_POOL
A034183,P08557,AIR_CONDITIONING
A034184,P08557,SECURITY
A034185,P08558,PARKING
A034186,P08558,GARDEN
A034187,P08558,CLUBHOUSE
A034188,P08559,GYM
A034189,P08559,POWER_BACKUP
A034190,P08559,CLUBHOUSE
A034191,P08560,LIFT
A034192,P08560,GYM
A034193,P08560,POWER_BACKUP
A034194,P08560,WIFI
A034195,P08561,POWER_BACKUP
A034196,P08561,SWIMMING_POOL
A034197,P08561,AIR_CONDITIONING
A034198,P08561,PARKING
A034199,P08561,CLUBHOUSE
A034200,P08561,LIFT
A034201,P08562,CLUBHOUSE
A034202,P08562,AIR_CONDITIONING
A034203,P08562,SWIMMING_POOL
A034204,P08562,GARDEN
A034205,P08563,GYM
A034206,P08563,WIFI
A034207,P08563,CLUBHOUSE
A034208,P08563,SECURITY
A034209,P08563,POWER_BACKUP
A034210,P08564,SECURITY
A034211,P08564,PARKING
A034212,P08564,GARDEN
A034213,P08564,SWIMMING_POOL
A034214,P08564,CLUBHOUSE
A034215,P08564,LIFT
A034216,P08565,WIFI
A034217,P08565,GARDEN
A034218,P08565,SWIMMING_POOL
A034219,P08565,CLUBHOUSE
A034220,P08565,PARKING
A034221,P08565,POWER_BACKUP
A034222,P08566,WIFI
A034223,P08566,GYM
A034224,P08567,GYM
A034225,P08567,POWER_BACKUP
A034226,P08568,SECURITY
A034227,P08568,GARDEN
A034228,P08568,AIR_CONDITIONING
A034229,P08568,SWIMMING_POOL
A034230,P08568,LIFT
A034231,P08568,POWER_BACKUP
A034232,P08569,GYM
A034233,P08569,SECURITY
A034234,P08569,GARDEN
A034235,P08569,CLUBHOUSE
A034236,P08570,GARDEN
A034237,P08570,GYM
A034238,P08571,POWER_BACKUP
A034239,P08571,CLUBHOUSE
A034240,P08572,POWER_BACKUP
A034241,P08572,SECURITY
A034242,P08572,GYM
A034243,P08572,CLUBHOUSE
A034244,P08572,AIR_CONDITIONING
A034245,P08572,SWIMMING_POOL
A034246,P08573,SWIMMING_POOL
A034247,P08573,GARDEN
A034248,P08573,GYM
A034249,P08574,SECURITY
A034250,P08574,SWIMMING_POOL
A034251,P08574,CLUBHOUSE
A034252,P08574,PARKING
A034253,P08575,AIR_CONDITIONING
A034254,P08575,SWIMMING_POOL
A034255,P08575,WIFI
A034256,P08575,GYM
A034257,P08575,LIFT
A034258,P08575,PARKING
A034259,P08576,LIFT
A034260,P08576,CLUBHOUSE
A034261,P08577,CLUBHOUSE
A034262,P08577,POWER_BACKUP
A034263,P08577,GARDEN
A034264,P08578,GARDEN
A034265,P08578,SWIMMING_POOL
A034266,P08579,PARKING
A034267,P08579,SWIMMING_POOL
A034268,P08579,CLUBHOUSE
A034269,P08579,SECURITY
A034270,P08579,AIR_CONDITIONING
A034271,P08579,WIFI
A034272,P08580,GYM
A034273,P08580,LIFT
A034274,P08580,WIFI
A034275,P08581,CLUBHOUSE
A034276,P08581,AIR_CONDITIONING
A034277,P08581,PARKING
A034278,P08582,GARDEN
A034279,P08582,SECURITY
A034280,P08582,POWER_BACKUP
A034281,P08582,SWIMMING_POOL
A034282,P08582,GYM
A034283,P08583,PARKING
A034284,P08583,CLUBHOUSE
A034285,P08583,SWIMMING_POOL
A034286,P08583,WIFI
A034287,P08584,LIFT
A034288,P08584,GYM
A034289,P08584,SECURITY
A034290,P08585,CLUBHOUSE
A034291,P08585,LIFT
A034292,P08585,POWER_BACKUP
A034293,P08585,SWIMMING_POOL
A034294,P08585,SECURITY
A034295,P08586,AIR_CONDITIONING
A034296,P08586,GYM
A034297,P08586,POWER_BACKUP
A034298,P08586,PARKING
A034299,P08587,GARDEN
A034300,P08587,GYM
A034301,P08587,AIR_CONDITIONING
A034302,P08587,CLUBHOUSE
A034303,P08587,POWER_BACKUP
A034304,P08588,SECURITY
A034305,P08588,GYM
A034306,P08588,AIR_CONDITIONING
A034307,P08589,GARDEN
A034308,P08589,POWER_BACKUP
A034309,P08589,WIFI
A034310,P08589,GYM
A034311,P08589,SWIMMING_POOL
A034312,P08589,SECURITY
A034313,P08590,WIFI
A034314,P08590,CLUBHOUSE
A034315,P08590,SWIMMING_POOL
A034316,P08590,AIR_CONDITIONING
A034317,P08590,LIFT
A034318,P08590,SECURITY
A034319,P08591,SWIMMING_POOL
A034320,P08591,PARKING
A034321,P08591,GYM
A034322,P08591,POWER_BACKUP
A034323,P08592,SECURITY
A034324,P08592,GARDEN
A034325,P08592,WIFI
A034326,P08592,LIFT
A034327,P08593,LIFT
A034328,P08593,PARKING
A034329,P08593,WIFI
A034330,P08593,SWIMMING_POOL
A034331,P08594,CLUBHOUSE
A034332,P08594,SECURITY
A034333,P08595,POWER_BACKUP
A034334,P08595,WIFI
A034335,P08596,POWER_BACKUP
A034336,P08596,GARDEN
A034337,P08596,PARKING
A034338,P08596,SWIMMING_POOL
A034339,P08596,LIFT
A034340,P08596,CLUBHOUSE
A034341,P08597,POWER_BACKUP
A034342,P08597,GYM
A034343,P08597,SWIMMING_POOL
A034344,P08597,LIFT
A034345,P08597,PARKING
A034346,P08597,CLUBHOUSE
A034347,P08598,AIR_CONDITIONING
A034348,P08598,SWIMMING_POOL
A034349,P08598,WIFI
A034350,P08598,SECURITY
A034351,P08599,SECURITY
A034352,P08599,AIR_CONDITIONING
A034353,P08599,GYM
A034354,P08599,WIFI
A034355,P08600,WIFI
A034356,P08600,PARKING
A034357,P08600,CLUBHOUSE
A034358,P08600,LIFT
A034359,P08600,SWIMMING_POOL
A034360,P08601,SWIMMING_POOL
A034361,P08601,GYM
A034362,P08602,SWIMMING_POOL
A034363,P08602,GYM
A034364,P08602,CLUBHOUSE
A034365,P08602,WIFI
A034366,P08602,LIFT
A034367,P08602,AIR_CONDITIONING
A034368,P08603,AIR_CONDITIONING
A034369,P08603,LIFT
A034370,P08603,POWER_BACKUP
A034371,P08604,LIFT
A034372,P08604,AIR_CONDITIONING
A034373,P08605,LIFT
A034374,P08605,SECURITY
A034375,P08605,GYM
A034376,P08606,GYM
A034377,P08606,POWER_BACKUP
A034378,P08606,WIFI
A034379,P08606,LIFT
A034380,P08607,WIFI
A034381,P08607,AIR_CONDITIONING
A034382,P08607,CLUBHOUSE
A034383,P08607,GARDEN
A034384,P08607,GYM
A034385,P08607,PARKING
A034386,P08608,PARKING
A034387,P08608,CLUBHOUSE
A034388,P08608,GARDEN
A034389,P08608,SWIMMING_POOL
A034390,P08608,GYM
A034391,P08608,AIR_CONDITIONING
A034392,P08609,GYM
A034393,P08609,WIFI
A034394,P08609,CLUBHOUSE
A034395,P08610,LIFT
A034396,P08610,SWIMMING_POOL
A034397,P08610,POWER_BACKUP
A034398,P08610,CLUBHOUSE
A034399,P08610,SECURITY
A034400,P08611,GARDEN
A034401,P08611,SECURITY
A034402,P08611,PARKING
A034403,P08611,CLUBHOUSE
A034404,P08611,GYM
A034405,P08611,SWIMMING_POOL
A034406,P08612,POWER_BACKUP
A034407,P08612,SECURITY
A034408,P08612,PARKING
A034409,P08612,WIFI
A034410,P08613,POWER_BACKUP
A034411,P08613,LIFT
A034412,P08613,GARDEN
A034413,P08613,WIFI
A034414,P08613,PARKING
A034415,P08614,GARDEN
A034416,P08614,SECURITY
A034417,P08614,PARKING
A034418,P08614,POWER_BACKUP
A034419,P08614,GYM
A034420,P08615,GYM
A034421,P08615,SECURITY
A034422,P08615,POWER_BACKUP
A034423,P08616,GYM
A034424,P08616,GARDEN
A034425,P08617,SWIMMING_POOL
A034426,P08617,CLUBHOUSE
A034427,P08617,AIR_CONDITIONING
A034428,P08617,SECURITY
A034429,P08617,POWER_BACKUP
A034430,P08617,GYM
A034431,P08618,CLUBHOUSE
A034432,P08618,POWER_BACKUP
A034433,P08618,WIFI
A034434,P08618,PARKING
A034435,P08618,LIFT
A034436,P08618,SECURITY
A034437,P08619,LIFT
A034438,P08619,PARKING
A034439,P08619,AIR_CONDITIONING
A034440,P08619,CLUBHOUSE
A034441,P08619,SWIMMING_POOL
A034442,P08620,WIFI
A034443,P08620,CLUBHOUSE
A034444,P08620,GARDEN
A034445,P08621,POWER_BACKUP
A034446,P08621,CLUBHOUSE
A034447,P08621,PARKING
A034448,P08621,AIR_CONDITIONING
A034449,P08621,GYM
A034450,P08622,SECURITY
A034451,P08622,SWIMMING_POOL
A034452,P08622,CLUBHOUSE
A034453,P08622,WIFI
A034454,P08622,GYM
A034455,P08623,CLUBHOUSE
A034456,P08623,WIFI
A034457,P08623,GARDEN
A034458,P08624,CLUBHOUSE
A034459,P08624,SWIMMING_POOL
A034460,P08624,SECURITY
A034461,P08625,GYM
A034462,P08625,CLUBHOUSE
A034463,P08625,GARDEN
A034464,P08625,WIFI
A034465,P08626,CLUBHOUSE
A034466,P08626,WIFI
A034467,P08626,GYM
A034468,P08627,PARKING
A034469,P08627,CLUBHOUSE
A034470,P08628,LIFT
A034471,P08628,CLUBHOUSE
A034472,P08628,GYM
A034473,P08628,SECURITY
A034474,P08628,PARKING
A034475,P08628,WIFI
A034476,P08629,SWIMMING_POOL
A034477,P08629,POWER_BACKUP
A034478,P08629,SECURITY
A034479,P08629,PARKING
A034480,P08629,GYM
A034481,P08629,CLUBHOUSE
A034482,P08630,AIR_CONDITIONING
A034483,P08630,CLUBHOUSE
A034484,P08630,SECURITY
A034485,P08631,GARDEN
A034486,P08631,SECURITY
A034487,P08632,AIR_CONDITIONING
A034488,P08632,GARDEN
A034489,P08632,SWIMMING_POOL
A034490,P08632,CLUBHOUSE
A034491,P08632,PARKING
A034492,P08632,LIFT
A034493,P08633,AIR_CONDITIONING
A034494,P08633,PARKING
A034495,P08634,AIR_CONDITIONING
A034496,P08634,SWIMMING_POOL
A034497,P08634,CLUBHOUSE
A034498,P08634,GARDEN
A034499,P08634,SECURITY
A034500,P08635,PARKING
A034501,P08635,POWER_BACKUP
A034502,P08635,LIFT
A034503,P08635,AIR_CONDITIONING
A034504,P08635,GYM
A034505,P08636,PARKING
A034506,P08636,LIFT
A034507,P08636,POWER_BACKUP
A034508,P08636,WIFI
A034509,P08636,GYM
A034510,P08636,SWIMMING_POOL
A034511,P08637,LIFT
A034512,P08637,POWER_BACKUP
A034513,P08638,WIFI
A034514,P08638,SECURITY
A034515,P08638,GARDEN
A034516,P08639,GARDEN
A034517,P08639,PARKING
A034518,P08639,SWIMMING_POOL
A034519,P08639,SECURITY
A034520,P08639,POWER_BACKUP
A034521,P08640,SWIMMING_POOL
A034522,P08640,AIR_CONDITIONING
A034523,P08640,PARKING
A034524,P08640,SECURITY
A034525,P08641,WIFI
A034526,P08641,GYM
A034527,P08642,LIFT
A034528,P08642,GARDEN
A034529,P08643,POWER_BACKUP
A034530,P08643,PARKING
A034531,P08643,WIFI
A034532,P08644,SECURITY
A034533,P08644,POWER_BACKUP
A034534,P08644,CLUBHOUSE
A034535,P08644,LIFT
A034536,P08644,GYM
A034537,P08645,SECURITY
A034538,P08645,LIFT
A034539,P08646,AIR_CONDITIONING
A034540,P08646,WIFI
A034541,P08647,POWER_BACKUP
A034542,P08647,PARKING
A034543,P08648,AIR_CONDITIONING
A034544,P08648,SWIMMING_POOL
A034545,P08648,WIFI
A034546,P08648,PARKING
A034547,P08648,GYM
A034548,P08649,LIFT
A034549,P08649,PARKING
A034550,P08650,LIFT
A034551,P08650,AIR_CONDITIONING
A034552,P08650,CLUBHOUSE
A034553,P08651,CLUBHOUSE
A034554,P08651,GARDEN
A034555,P08652,POWER_BACKUP
A034556,P08652,CLUBHOUSE
A034557,P08652,GYM
A034558,P08652,WIFI
A034559,P08652,SECURITY
A034560,P08653,GARDEN
A034561,P08653,CLUBHOUSE
A034562,P08653,SWIMMING_POOL
A034563,P08653,LIFT
A034564,P08654,SWIMMING_POOL
A034565,P08654,AIR_CONDITIONING
A034566,P08655,GARDEN
A034567,P08655,SWIMMING_POOL
A034568,P08655,POWER_BACKUP
A034569,P08656,POWER_BACKUP
A034570,P08656,GARDEN
A034571,P08656,SECURITY
A034572,P08657,PARKING
A034573,P08657,AIR_CONDITIONING
A034574,P08657,POWER_BACKUP
A034575,P08657,GARDEN
A034576,P08657,SECURITY
A034577,P08657,WIFI
A034578,P08658,SWIMMING_POOL
A034579,P08658,SECURITY
A034580,P08658,LIFT
A034581,P08659,GARDEN
A034582,P08659,SWIMMING_POOL
A034583,P08659,CLUBHOUSE
A034584,P08660,CLUBHOUSE
A034585,P08660,WIFI
A034586,P08660,GYM
A034587,P08660,AIR_CONDITIONING
A034588,P08660,SECURITY
A034589,P08660,PARKING
A034590,P08661,SECURITY
A034591,P08661,GYM
A034592,P08661,SWIMMING_POOL
A034593,P08661,CLUBHOUSE
A034594,P08662,PARKING
A034595,P08662,WIFI
A034596,P08662,CLUBHOUSE
A034597,P08662,AIR_CONDITIONING
A034598,P08663,LIFT
A034599,P08663,POWER_BACKUP
A034600,P08663,GYM
A034601,P08663,SWIMMING_POOL
A034602,P08663,CLUBHOUSE
A034603,P08664,SWIMMING_POOL
A034604,P08664,LIFT
A034605,P08664,CLUBHOUSE
A034606,P08664,POWER_BACKUP
A034607,P08665,SECURITY
A034608,P08665,SWIMMING_POOL
A034609,P08665,PARKING
A034610,P08666,GARDEN
A034611,P08666,WIFI
A034612,P08666,LIFT
A034613,P08666,POWER_BACKUP
A034614,P08667,PARKING
A034615,P08667,GARDEN
A034616,P08667,GYM
A034617,P08667,LIFT
A034618,P08668,CLUBHOUSE
A034619,P08668,POWER_BACKUP
A034620,P08668,PARKING
A034621,P08668,SWIMMING_POOL
A034622,P08668,WIFI
A034623,P08668,GARDEN
A034624,P08669,LIFT
A034625,P08669,CLUBHOUSE
A034626,P08669,PARKING
A034627,P08669,GYM
A034628,P08669,SECURITY
A034629,P08670,GARDEN
A034630,P08670,GYM
A034631,P08670,POWER_BACKUP
A034632,P08671,GARDEN
A034633,P08671,SWIMMING_POOL
A034634,P08671,SECURITY
A034635,P08671,CLUBHOUSE
A034636,P08671,AIR_CONDITIONING
A034637,P08671,LIFT
A034638,P08672,SWIMMING_POOL
A034639,P08672,LIFT
A034640,P08672,WIFI
A034641,P08672,AIR_CONDITIONING
A034642,P08672,CLUBHOUSE
A034643,P08672,GARDEN
A034644,P08673,LIFT
A034645,P08673,AIR_CONDITIONING
A034646,P08673,SWIMMING_POOL
A034647,P08673,PARKING
A034648,P08673,GYM
A034649,P08674,GARDEN
A034650,P08674,CLUBHOUSE
A034651,P08675,LIFT
A034652,P08675,GARDEN
A034653,P08675,SECURITY
A034654,P08675,SWIMMING_POOL
A034655,P08675,CLUBHOUSE
A034656,P08675,POWER_BACKUP
A034657,P08676,GYM
A034658,P08676,AIR_CONDITIONING
A034659,P08676,PARKING
A034660,P08677,CLUBHOUSE
A034661,P08677,POWER_BACKUP
A034662,P08677,SECURITY
A034663,P08678,GYM
A034664,P08678,WIFI
A034665,P08678,GARDEN
A034666,P08679,WIFI
A034667,P08679,POWER_BACKUP
A034668,P08679,LIFT
A034669,P08679,SECURITY
A034670,P08680,PARKING
A034671,P08680,GYM
A034672,P08680,GARDEN
A034673,P08681,LIFT
A034674,P08681,GYM
A034675,P08682,AIR_CONDITIONING
A034676,P08682,WIFI
A034677,P08682,GYM
A034678,P08683,CLUBHOUSE
A034679,P08683,GYM
A034680,P08684,SECURITY
A034681,P08684,PARKING
A034682,P08684,POWER_BACKUP
A034683,P08684,GYM
A034684,P08685,SWIMMING_POOL
A034685,P08685,GARDEN
A034686,P08685,AIR_CONDITIONING
A034687,P08685,SECURITY
A034688,P08686,PARKING
A034689,P08686,GYM
A034690,P08686,WIFI
A034691,P08686,SECURITY
A034692,P08686,GARDEN
A034693,P08687,SECURITY
A034694,P08687,CLUBHOUSE
A034695,P08687,WIFI
A034696,P08688,LIFT
A034697,P08688,PARKING
A034698,P08689,GARDEN
A034699,P08689,WIFI
A034700,P08690,PARKING
A034701,P08690,SWIMMING_POOL
A034702,P08690,POWER_BACKUP
A034703,P08690,CLUBHOUSE
A034704,P08691,SECURITY
A034705,P08691,PARKING
A034706,P08692,SECURITY
A034707,P08692,LIFT
A034708,P08692,CLUBHOUSE
A034709,P08693,GYM
A034710,P08693,PARKING
A034711,P08693,SECURITY
A034712,P08693,LIFT
A034713,P08693,SWIMMING_POOL
A034714,P08694,WIFI
A034715,P08694,AIR_CONDITIONING
A034716,P08694,SECURITY
A034717,P08694,CLUBHOUSE
A034718,P08695,CLUBHOUSE
A034719,P08695,PARKING
A034720,P08695,GARDEN
A034721,P08695,LIFT
A034722,P08695,GYM
A034723,P08696,GYM
A034724,P08696,GARDEN
A034725,P08696,LIFT
A034726,P08696,WIFI
A034727,P08697,GYM
A034728,P08697,GARDEN
A034729,P08697,PARKING
A034730,P08697,AIR_CONDITIONING
A034731,P08698,POWER_BACKUP
A034732,P08698,GARDEN
A034733,P08698,WIFI
A034734,P08698,LIFT
A034735,P08698,GYM
A034736,P08698,AIR_CONDITIONING
A034737,P08699,GYM
A034738,P08699,POWER_BACKUP
A034739,P08699,SWIMMING_POOL
A034740,P08699,PARKING
A034741,P08699,AIR_CONDITIONING
A034742,P08700,LIFT
A034743,P08700,PARKING
A034744,P08700,GARDEN
A034745,P08701,CLUBHOUSE
A034746,P08701,LIFT
A034747,P08701,SECURITY
A034748,P08702,WIFI
A034749,P08702,SECURITY
A034750,P08702,CLUBHOUSE
A034751,P08702,LIFT
A034752,P08703,SWIMMING_POOL
A034753,P08703,PARKING
A034754,P08704,LIFT
A034755,P08704,PARKING
A034756,P08704,POWER_BACKUP
A034757,P08704,AIR_CONDITIONING
A034758,P08705,LIFT
A034759,P08705,CLUBHOUSE
A034760,P08705,POWER_BACKUP
A034761,P08705,SWIMMING_POOL
A034762,P08705,PARKING
A034763,P08706,GYM
A034764,P08706,SWIMMING_POOL
A034765,P08707,GARDEN
A034766,P08707,PARKING
A034767,P08707,CLUBHOUSE
A034768,P08707,LIFT
A034769,P08707,SWIMMING_POOL
A034770,P08707,GYM
A034771,P08708,GYM
A034772,P08708,CLUBHOUSE
A034773,P08708,WIFI
A034774,P08708,LIFT
A034775,P08708,SECURITY
A034776,P08709,GYM
A034777,P08709,LIFT
A034778,P08709,CLUBHOUSE
A034779,P08709,SECURITY
A034780,P08709,SWIMMING_POOL
A034781,P08709,AIR_CONDITIONING
A034782,P08710,SWIMMING_POOL
A034783,P08710,LIFT
A034784,P08710,POWER_BACKUP
A034785,P08710,CLUBHOUSE
A034786,P08711,CLUBHOUSE
A034787,P08711,WIFI
A034788,P08711,SECURITY
A034789,P08712,POWER_BACKUP
A034790,P08712,WIFI
A034791,P08712,GYM
A034792,P08713,GARDEN
A034793,P08713,SWIMMING_POOL
A034794,P08713,PARKING
A034795,P08713,SECURITY
A034796,P08713,AIR_CONDITIONING
A034797,P08714,AIR_CONDITIONING
A034798,P08714,POWER_BACKUP
A034799,P08714,WIFI
A034800,P08714,SWIMMING_POOL
A034801,P08714,GYM
A034802,P08714,PARKING
A034803,P08715,WIFI
A034804,P08715,GARDEN
A034805,P08716,GARDEN
A034806,P08716,CLUBHOUSE
A034807,P08716,SWIMMING_POOL
A034808,P08716,SECURITY
A034809,P08717,GYM
A034810,P08717,SWIMMING_POOL
A034811,P08717,PARKING
A034812,P08718,POWER_BACKUP
A034813,P08718,PARKING
A034814,P08718,AIR_CONDITIONING
A034815,P08719,SECURITY
A034816,P08719,AIR_CONDITIONING
A034817,P08719,GYM
A034818,P08719,CLUBHOUSE
A034819,P08719,SWIMMING_POOL
A034820,P08719,LIFT
A034821,P08720,CLUBHOUSE
A034822,P08720,PARKING
A034823,P08720,LIFT
A034824,P08720,POWER_BACKUP
A034825,P08721,GARDEN
A034826,P08721,WIFI
A034827,P08722,GARDEN
A034828,P08722,SWIMMING_POOL
A034829,P08722,LIFT
A034830,P08722,PARKING
A034831,P08722,CLUBHOUSE
A034832,P08722,POWER_BACKUP
A034833,P08723,AIR_CONDITIONING
A034834,P08723,LIFT
A034835,P08723,POWER_BACKUP
A034836,P08723,CLUBHOUSE
A034837,P08723,PARKING
A034838,P08724,CLUBHOUSE
A034839,P08724,POWER_BACKUP
A034840,P08724,SWIMMING_POOL
A034841,P08724,WIFI
A034842,P08725,GYM
A034843,P08725,SECURITY
A034844,P08725,LIFT
A034845,P08725,CLUBHOUSE
A034846,P08725,SWIMMING_POOL
A034847,P08725,AIR_CONDITIONING
A034848,P08726,AIR_CONDITIONING
A034849,P08726,PARKING
A034850,P08727,POWER_BACKUP
A034851,P08727,GARDEN
A034852,P08727,GYM
A034853,P08727,CLUBHOUSE
A034854,P08728,SWIMMING_POOL
A034855,P08728,SECURITY
A034856,P08728,GARDEN
A034857,P08728,WIFI
A034858,P08728,GYM
A034859,P08729,CLUBHOUSE
A034860,P08729,AIR_CONDITIONING
A034861,P08729,SWIMMING_POOL
A034862,P08729,WIFI
A034863,P08729,LIFT
A034864,P08730,AIR_CONDITIONING
A034865,P08730,SECURITY
A034866,P08731,WIFI
A034867,P08731,CLUBHOUSE
A034868,P08731,LIFT
A034869,P08732,SECURITY
A034870,P08732,SWIMMING_POOL
A034871,P08732,GARDEN
A034872,P08733,SWIMMING_POOL
A034873,P08733,SECURITY
A034874,P08733,LIFT
A034875,P08733,GARDEN
A034876,P08734,POWER_BACKUP
A034877,P08734,GYM
A034878,P08734,GARDEN
A034879,P08735,POWER_BACKUP
A034880,P08735,GARDEN
A034881,P08735,CLUBHOUSE
A034882,P08735,PARKING
A034883,P08735,WIFI
A034884,P08735,SWIMMING_POOL
A034885,P08736,GARDEN
A034886,P08736,WIFI
A034887,P08736,LIFT
A034888,P08736,GYM
A034889,P08736,AIR_CONDITIONING
A034890,P08736,SWIMMING_POOL
A034891,P08737,PARKING
A034892,P08737,SWIMMING_POOL
A034893,P08737,LIFT
A034894,P08737,WIFI
A034895,P08737,POWER_BACKUP
A034896,P08738,LIFT
A034897,P08738,SWIMMING_POOL
A034898,P08738,AIR_CONDITIONING
A034899,P08738,CLUBHOUSE
A034900,P08739,SECURITY
A034901,P08739,LIFT
A034902,P08739,PARKING
A034903,P08739,GYM
A034904,P08739,POWER_BACKUP
A034905,P08740,SECURITY
A034906,P08740,LIFT
A034907,P08740,WIFI
A034908,P08740,GARDEN
A034909,P08740,PARKING
A034910,P08740,POWER_BACKUP
A034911,P08741,SWIMMING_POOL
A034912,P08741,SECURITY
A034913,P08741,GARDEN
A034914,P08741,WIFI
A034915,P08742,GARDEN
A034916,P08742,WIFI
A034917,P08742,AIR_CONDITIONING
A034918,P08743,SWIMMING_POOL
A034919,P08743,POWER_BACKUP
A034920,P08743,SECURITY
A034921,P08743,GYM
A034922,P08743,WIFI
A034923,P08743,CLUBHOUSE
A034924,P08744,PARKING
A034925,P08744,POWER_BACKUP
A034926,P08744,GYM
A034927,P08745,POWER_BACKUP
A034928,P08745,GYM
A034929,P08745,WIFI
A034930,P08745,SWIMMING_POOL
A034931,P08746,WIFI
A034932,P08746,LIFT
A034933,P08746,AIR_CONDITIONING
A034934,P08747,AIR_CONDITIONING
A034935,P08747,POWER_BACKUP
A034936,P08747,PARKING
A034937,P08748,AIR_CONDITIONING
A034938,P08748,WIFI
A034939,P08749,SWIMMING_POOL
A034940,P08749,SECURITY
A034941,P08749,PARKING
A034942,P08749,WIFI
A034943,P08749,GARDEN
A034944,P08750,AIR_CONDITIONING
A034945,P08750,POWER_BACKUP
A034946,P08750,LIFT
A034947,P08750,PARKING
A034948,P08751,PARKING
A034949,P08751,GARDEN
A034950,P08752,AIR_CONDITIONING
A034951,P08752,LIFT
A034952,P08752,SECURITY
A034953,P08753,CLUBHOUSE
A034954,P08753,LIFT
A034955,P08753,AIR_CONDITIONING
A034956,P08753,GARDEN
A034957,P08754,GARDEN
A034958,P08754,WIFI
A034959,P08754,SWIMMING_POOL
A034960,P08755,POWER_BACKUP
A034961,P08755,GYM
A034962,P08755,SWIMMING_POOL
A034963,P08755,AIR_CONDITIONING
A034964,P08755,CLUBHOUSE
A034965,P08755,LIFT
A034966,P08756,LIFT
A034967,P08756,SECURITY
A034968,P08756,CLUBHOUSE
A034969,P08756,AIR_CONDITIONING
A034970,P08756,GARDEN
A034971,P08756,WIFI
A034972,P08757,POWER_BACKUP
A034973,P08757,AIR_CONDITIONING
A034974,P08757,LIFT
A034975,P08757,PARKING
A034976,P08758,WIFI
A034977,P08758,SWIMMING_POOL
A034978,P08759,CLUBHOUSE
A034979,P08759,PARKING
A034980,P08759,GARDEN
A034981,P08759,LIFT
A034982,P08759,AIR_CONDITIONING
A034983,P08760,LIFT
A034984,P08760,GYM
A034985,P08761,PARKING
A034986,P08761,GARDEN
A034987,P08762,CLUBHOUSE
A034988,P08762,LIFT
A034989,P08763,GYM
A034990,P08763,SWIMMING_POOL
A034991,P08763,PARKING
A034992,P08763,POWER_BACKUP
A034993,P08764,SECURITY
A034994,P08764,LIFT
A034995,P08764,CLUBHOUSE
A034996,P08765,PARKING
A034997,P08765,AIR_CONDITIONING
A034998,P08765,SWIMMING_POOL
A034999,P08766,LIFT
A035000,P08766,AIR_CONDITIONING
A035001,P08766,POWER_BACKUP
A035002,P08767,POWER_BACKUP
A035003,P08767,GYM
A035004,P08767,LIFT
A035005,P08767,SECURITY
A035006,P08768,SECURITY
A035007,P08768,POWER_BACKUP
A035008,P08769,LIFT
A035009,P08769,CLUBHOUSE
A035010,P08769,GARDEN
A035011,P08769,SWIMMING_POOL
A035012,P08769,POWER_BACKUP
A035013,P08769,WIFI
A035014,P08770,GYM
A035015,P08770,WIFI
A035016,P08770,POWER_BACKUP
A035017,P08770,GARDEN
A035018,P08771,GYM
A035019,P08771,SECURITY
A035020,P08771,CLUBHOUSE
A035021,P08771,PARKING
A035022,P08771,GARDEN
A035023,P08772,PARKING
A035024,P08772,POWER_BACKUP
A035025,P08773,AIR_CONDITIONING
A035026,P08773,PARKING
A035027,P08773,POWER_BACKUP
A035028,P08773,WIFI
A035029,P08774,CLUBHOUSE
A035030,P08774,SECURITY
A035031,P08774,PARKING
A035032,P08774,GYM
A035033,P08774,GARDEN
A035034,P08774,SWIMMING_POOL
A035035,P08775,SWIMMING_POOL
A035036,P08775,CLUBHOUSE
A035037,P08775,GYM
A035038,P08775,POWER_BACKUP
A035039,P08775,GARDEN
A035040,P08776,WIFI
A035041,P08776,SWIMMING_POOL
A035042,P08776,AIR_CONDITIONING
A035043,P08776,PARKING
A035044,P08777,GYM
A035045,P08777,WIFI
A035046,P08777,SWIMMING_POOL
A035047,P08777,LIFT
A035048,P08777,CLUBHOUSE
A035049,P08777,AIR_CONDITIONING
A035050,P08778,AIR_CONDITIONING
A035051,P08778,LIFT
A035052,P08778,SECURITY
A035053,P08778,PARKING
A035054,P08779,SWIMMING_POOL
A035055,P08779,LIFT
A035056,P08780,WIFI
A035057,P08780,SWIMMING_POOL
A035058,P08780,PARKING
A035059,P08780,AIR_CONDITIONING
A035060,P08780,POWER_BACKUP
A035061,P08780,LIFT
A035062,P08781,GYM
A035063,P08781,AIR_CONDITIONING
A035064,P08781,GARDEN
A035065,P08782,PARKING
A035066,P08782,WIFI
A035067,P08783,GYM
A035068,P08783,WIFI
A035069,P08783,AIR_CONDITIONING
A035070,P08784,POWER_BACKUP
A035071,P08784,PARKING
A035072,P08784,SWIMMING_POOL
A035073,P08784,WIFI
A035074,P08785,AIR_CONDITIONING
A035075,P08785,GYM
A035076,P08785,CLUBHOUSE
A035077,P08786,AIR_CONDITIONING
A035078,P08786,POWER_BACKUP
A035079,P08786,LIFT
A035080,P08786,GARDEN
A035081,P08787,POWER_BACKUP
A035082,P08787,CLUBHOUSE
A035083,P08787,GYM
A035084,P08787,GARDEN
A035085,P08787,WIFI
A035086,P08787,SECURITY
A035087,P08788,GYM
A035088,P08788,SWIMMING_POOL
A035089,P08789,WIFI
A035090,P08789,SECURITY
A035091,P08789,POWER_BACKUP
A035092,P08789,PARKING
A035093,P08790,CLUBHOUSE
A035094,P08790,SWIMMING_POOL
A035095,P08791,AIR_CONDITIONING
A035096,P08791,WIFI
A035097,P08791,PARKING
A035098,P08792,CLUBHOUSE
A035099,P08792,SWIMMING_POOL
A035100,P08792,LIFT
A035101,P08792,GARDEN
A035102,P08792,WIFI
A035103,P08792,PARKING
A035104,P08793,SWIMMING_POOL
A035105,P08793,PARKING
A035106,P08793,CLUBHOUSE
A035107,P08793,POWER_BACKUP
A035108,P08793,SECURITY
A035109,P08793,GYM
A035110,P08794,PARKING
A035111,P08794,WIFI
A035112,P08794,GARDEN
A035113,P08794,POWER_BACKUP
A035114,P08794,LIFT
A035115,P08795,WIFI
A035116,P08795,SWIMMING_POOL
A035117,P08795,PARKING
A035118,P08795,POWER_BACKUP
A035119,P08796,SECURITY
A035120,P08796,AIR_CONDITIONING
A035121,P08796,GYM
A035122,P08796,GARDEN
A035123,P08796,CLUBHOUSE
A035124,P08796,WIFI
A035125,P08797,GARDEN
A035126,P08797,GYM
A035127,P08797,CLUBHOUSE
A035128,P08797,SECURITY
A035129,P08797,POWER_BACKUP
A035130,P08797,AIR_CONDITIONING
A035131,P08798,POWER_BACKUP
A035132,P08798,LIFT
A035133,P08798,CLUBHOUSE
A035134,P08798,AIR_CONDITIONING
A035135,P08799,POWER_BACKUP
A035136,P08799,GARDEN
A035137,P08799,SWIMMING_POOL
A035138,P08799,GYM
A035139,P08800,GYM
A035140,P08800,POWER_BACKUP
A035141,P08801,GARDEN
A035142,P08801,WIFI
A035143,P08801,SECURITY
A035144,P08801,PARKING
A035145,P08801,AIR_CONDITIONING
A035146,P08802,GARDEN
A035147,P08802,PARKING
A035148,P08802,SWIMMING_POOL
A035149,P08802,CLUBHOUSE
A035150,P08802,POWER_BACKUP
A035151,P08803,PARKING
A035152,P08803,GYM
A035153,P08804,WIFI
A035154,P08804,POWER_BACKUP
A035155,P08804,GARDEN
A035156,P08804,SECURITY
A035157,P08804,CLUBHOUSE
A035158,P08805,CLUBHOUSE
A035159,P08805,WIFI
A035160,P08805,GYM
A035161,P08805,SECURITY
A035162,P08806,GARDEN
A035163,P08806,SECURITY
A035164,P08806,LIFT
A035165,P08807,GARDEN
A035166,P08807,SWIMMING_POOL
A035167,P08807,WIFI
A035168,P08807,SECURITY
A035169,P08808,AIR_CONDITIONING
A035170,P08808,POWER_BACKUP
A035171,P08808,GARDEN
A035172,P08808,SWIMMING_POOL
A035173,P08808,CLUBHOUSE
A035174,P08809,GYM
A035175,P08809,WIFI
A035176,P08809,LIFT
A035177,P08809,GARDEN
A035178,P08810,SWIMMING_POOL
A035179,P08810,POWER_BACKUP
A035180,P08810,LIFT
A035181,P08810,GYM
A035182,P08810,AIR_CONDITIONING
A035183,P08811,LIFT
A035184,P08811,PARKING
A035185,P08811,WIFI
A035186,P08811,GYM
A035187,P08811,SECURITY
A035188,P08811,GARDEN
A035189,P08812,CLUBHOUSE
A035190,P08812,PARKING
A035191,P08812,WIFI
A035192,P08812,AIR_CONDITIONING
A035193,P08813,LIFT
A035194,P08813,POWER_BACKUP
A035195,P08813,AIR_CONDITIONING
A035196,P08813,CLUBHOUSE
A035197,P08813,SECURITY
A035198,P08813,PARKING
A035199,P08814,GARDEN
A035200,P08814,AIR_CONDITIONING
A035201,P08814,PARKING
A035202,P08814,GYM
A035203,P08815,LIFT
A035204,P08815,GARDEN
A035205,P08815,WIFI
A035206,P08815,SECURITY
A035207,P08815,CLUBHOUSE
A035208,P08815,GYM
A035209,P08816,WIFI
A035210,P08816,AIR_CONDITIONING
A035211,P08816,SWIMMING_POOL
A035212,P08816,CLUBHOUSE
A035213,P08816,GARDEN
A035214,P08817,PARKING
A035215,P08817,GARDEN
A035216,P08818,GARDEN
A035217,P08818,SWIMMING_POOL
A035218,P08818,SECURITY
A035219,P08818,WIFI
A035220,P08818,LIFT
A035221,P08819,POWER_BACKUP
A035222,P08819,WIFI
A035223,P08819,GARDEN
A035224,P08819,AIR_CONDITIONING
A035225,P08819,LIFT
A035226,P08820,GARDEN
A035227,P08820,SECURITY
A035228,P08820,CLUBHOUSE
A035229,P08821,SECURITY
A035230,P08821,CLUBHOUSE
A035231,P08821,SWIMMING_POOL
A035232,P08821,AIR_CONDITIONING
A035233,P08821,LIFT
A035234,P08822,SWIMMING_POOL
A035235,P08822,AIR_CONDITIONING
A035236,P08823,LIFT
A035237,P08823,AIR_CONDITIONING
A035238,P08824,SWIMMING_POOL
A035239,P08824,GYM
A035240,P08824,POWER_BACKUP
A035241,P08825,CLUBHOUSE
A035242,P08825,GARDEN
A035243,P08825,LIFT
A035244,P08826,GYM
A035245,P08826,PARKING
A035246,P08826,AIR_CONDITIONING
A035247,P08826,LIFT
A035248,P08826,CLUBHOUSE
A035249,P08826,SECURITY
A035250,P08827,SECURITY
A035251,P08827,GYM
A035252,P08827,PARKING
A035253,P08827,WIFI
A035254,P08827,AIR_CONDITIONING
A035255,P08827,LIFT
A035256,P08828,SECURITY
A035257,P08828,PARKING
A035258,P08828,POWER_BACKUP
A035259,P08828,LIFT
A035260,P08829,PARKING
A035261,P08829,SWIMMING_POOL
A035262,P08830,LIFT
A035263,P08830,CLUBHOUSE
A035264,P08830,POWER_BACKUP
A035265,P08830,PARKING
A035266,P08830,SWIMMING_POOL
A035267,P08830,SECURITY
A035268,P08831,GARDEN
A035269,P08831,GYM
A035270,P08831,AIR_CONDITIONING
A035271,P08831,SWIMMING_POOL
A035272,P08832,PARKING
A035273,P08832,AIR_CONDITIONING
A035274,P08832,POWER_BACKUP
A035275,P08832,LIFT
A035276,P08833,GYM
A035277,P08833,PARKING
A035278,P08834,CLUBHOUSE
A035279,P08834,WIFI
A035280,P08834,POWER_BACKUP
A035281,P08834,AIR_CONDITIONING
A035282,P08834,PARKING
A035283,P08835,LIFT
A035284,P08835,POWER_BACKUP
A035285,P08835,AIR_CONDITIONING
A035286,P08835,WIFI
A035287,P08835,CLUBHOUSE
A035288,P08836,AIR_CONDITIONING
A035289,P08836,GYM
A035290,P08836,PARKING
A035291,P08836,WIFI
A035292,P08837,POWER_BACKUP
A035293,P08837,AIR_CONDITIONING
A035294,P08838,SWIMMING_POOL
A035295,P08838,GYM
A035296,P08839,SWIMMING_POOL
A035297,P08839,SECURITY
A035298,P08839,CLUBHOUSE
A035299,P08839,POWER_BACKUP
A035300,P08840,AIR_CONDITIONING
A035301,P08840,LIFT
A035302,P08840,GARDEN
A035303,P08841,SWIMMING_POOL
A035304,P08841,AIR_CONDITIONING
A035305,P08841,CLUBHOUSE
A035306,P08842,PARKING
A035307,P08842,SWIMMING_POOL
A035308,P08842,SECURITY
A035309,P08842,AIR_CONDITIONING
A035310,P08842,GYM
A035311,P08843,CLUBHOUSE
A035312,P08843,POWER_BACKUP
A035313,P08844,POWER_BACKUP
A035314,P08844,SWIMMING_POOL
A035315,P08844,CLUBHOUSE
A035316,P08845,SWIMMING_POOL
A035317,P08845,GYM
A035318,P08845,POWER_BACKUP
A035319,P08845,AIR_CONDITIONING
A035320,P08846,SWIMMING_POOL
A035321,P08846,GARDEN
A035322,P08846,LIFT
A035323,P08846,GYM
A035324,P08846,POWER_BACKUP
A035325,P08847,SWIMMING_POOL
A035326,P08847,PARKING
A035327,P08847,CLUBHOUSE
A035328,P08847,GYM
A035329,P08847,LIFT
A035330,P08848,SWIMMING_POOL
A035331,P08848,PARKING
A035332,P08848,CLUBHOUSE
A035333,P08848,GARDEN
A035334,P08848,SECURITY
A035335,P08849,PARKING
A035336,P08849,SWIMMING_POOL
A035337,P08849,LIFT
A035338,P08849,GARDEN
A035339,P08849,POWER_BACKUP
A035340,P08849,SECURITY
A035341,P08850,GYM
A035342,P08850,POWER_BACKUP
A035343,P08850,WIFI
A035344,P08850,SECURITY
A035345,P08851,GARDEN
A035346,P08851,SWIMMING_POOL
A035347,P08851,CLUBHOUSE
A035348,P08851,WIFI
A035349,P08851,SECURITY
A035350,P08852,GYM
A035351,P08852,POWER_BACKUP
A035352,P08853,WIFI
A035353,P08853,GARDEN
A035354,P08853,PARKING
A035355,P08853,SECURITY
A035356,P08853,LIFT
A035357,P08853,POWER_BACKUP
A035358,P08854,WIFI
A035359,P08854,SECURITY
A035360,P08854,PARKING
A035361,P08854,AIR_CONDITIONING
A035362,P08855,AIR_CONDITIONING
A035363,P08855,SECURITY
A035364,P08855,CLUBHOUSE
A035365,P08856,CLUBHOUSE
A035366,P08856,WIFI
A035367,P08856,PARKING
A035368,P08857,GYM
A035369,P08857,GARDEN
A035370,P08857,AIR_CONDITIONING
A035371,P08858,LIFT
A035372,P08858,WIFI
A035373,P08858,PARKING
A035374,P08858,GYM
A035375,P08858,CLUBHOUSE
A035376,P08858,AIR_CONDITIONING
A035377,P08859,LIFT
A035378,P08859,GYM
A035379,P08859,AIR_CONDITIONING
A035380,P08859,POWER_BACKUP
A035381,P08859,GARDEN
A035382,P08860,SECURITY
A035383,P08860,WIFI
A035384,P08860,GYM
A035385,P08860,CLUBHOUSE
A035386,P08861,LIFT
A035387,P08861,CLUBHOUSE
A035388,P08861,GARDEN
A035389,P08862,PARKING
A035390,P08862,SECURITY
A035391,P08862,WIFI
A035392,P08862,GARDEN
A035393,P08862,SWIMMING_POOL
A035394,P08862,LIFT
A035395,P08863,SWIMMING_POOL
A035396,P08863,AIR_CONDITIONING
A035397,P08863,SECURITY
A035398,P08863,WIFI
A035399,P08864,GARDEN
A035400,P08864,LIFT
A035401,P08864,CLUBHOUSE
A035402,P08864,GYM
A035403,P08865,AIR_CONDITIONING
A035404,P08865,WIFI
A035405,P08865,CLUBHOUSE
A035406,P08865,LIFT
A035407,P08865,GARDEN
A035408,P08865,SECURITY
A035409,P08866,CLUBHOUSE
A035410,P08866,SECURITY
A035411,P08866,WIFI
A035412,P08866,LIFT
A035413,P08867,CLUBHOUSE
A035414,P08867,LIFT
A035415,P08867,WIFI
A035416,P08868,AIR_CONDITIONING
A035417,P08868,POWER_BACKUP
A035418,P08868,WIFI
A035419,P08868,SECURITY
A035420,P08868,GARDEN
A035421,P08868,LIFT
A035422,P08869,SWIMMING_POOL
A035423,P08869,GYM
A035424,P08869,SECURITY
A035425,P08870,SECURITY
A035426,P08870,PARKING
A035427,P08870,GARDEN
A035428,P08870,SWIMMING_POOL
A035429,P08870,GYM
A035430,P08870,POWER_BACKUP
A035431,P08871,WIFI
A035432,P08871,GARDEN
A035433,P08872,GARDEN
A035434,P08872,AIR_CONDITIONING
A035435,P08873,SECURITY
A035436,P08873,GYM
A035437,P08874,POWER_BACKUP
A035438,P08874,GYM
A035439,P08874,PARKING
A035440,P08874,AIR_CONDITIONING
A035441,P08875,AIR_CONDITIONING
A035442,P08875,GYM
A035443,P08876,LIFT
A035444,P08876,WIFI
A035445,P08876,GYM
A035446,P08876,PARKING
A035447,P08877,GYM
A035448,P08877,CLUBHOUSE
A035449,P08877,WIFI
A035450,P08878,GARDEN
A035451,P08878,AIR_CONDITIONING
A035452,P08879,GARDEN
A035453,P08879,WIFI
A035454,P08879,GYM
A035455,P08879,CLUBHOUSE
A035456,P08879,SWIMMING_POOL
A035457,P08880,AIR_CONDITIONING
A035458,P08880,SECURITY
A035459,P08881,LIFT
A035460,P08881,GYM
A035461,P08882,WIFI
A035462,P08882,GYM
A035463,P08882,GARDEN
A035464,P08883,LIFT
A035465,P08883,GARDEN
A035466,P08883,WIFI
A035467,P08883,SWIMMING_POOL
A035468,P08883,SECURITY
A035469,P08883,POWER_BACKUP
A035470,P08884,SWIMMING_POOL
A035471,P08884,GYM
A035472,P08885,GARDEN
A035473,P08885,WIFI
A035474,P08885,SWIMMING_POOL
A035475,P08886,SECURITY
A035476,P08886,LIFT
A035477,P08886,CLUBHOUSE
A035478,P08886,GARDEN
A035479,P08886,AIR_CONDITIONING
A035480,P08886,POWER_BACKUP
A035481,P08887,GARDEN
A035482,P08887,SECURITY
A035483,P08888,POWER_BACKUP
A035484,P08888,AIR_CONDITIONING
A035485,P08888,SWIMMING_POOL
A035486,P08889,PARKING
A035487,P08889,GYM
A035488,P08889,WIFI
A035489,P08889,GARDEN
A035490,P08889,CLUBHOUSE
A035491,P08890,POWER_BACKUP
A035492,P08890,LIFT
A035493,P08890,AIR_CONDITIONING
A035494,P08890,GYM
A035495,P08891,POWER_BACKUP
A035496,P08891,PARKING
A035497,P08891,LIFT
A035498,P08891,AIR_CONDITIONING
A035499,P08891,GARDEN
A035500,P08892,WIFI
A035501,P08892,LIFT
A035502,P08892,SECURITY
A035503,P08893,GYM
A035504,P08893,AIR_CONDITIONING
A035505,P08893,WIFI
A035506,P08893,POWER_BACKUP
A035507,P08893,SECURITY
A035508,P08894,LIFT
A035509,P08894,GYM
A035510,P08894,GARDEN
A035511,P08894,AIR_CONDITIONING
A035512,P08894,SWIMMING_POOL
A035513,P08895,SWIMMING_POOL
A035514,P08895,GARDEN
A035515,P08895,PARKING
A035516,P08895,CLUBHOUSE
A035517,P08896,POWER_BACKUP
A035518,P08896,GARDEN
A035519,P08896,SWIMMING_POOL
A035520,P08896,LIFT
A035521,P08896,SECURITY
A035522,P08897,PARKING
A035523,P08897,GYM
A035524,P08897,POWER_BACKUP
A035525,P08897,GARDEN
A035526,P08897,WIFI
A035527,P08898,SWIMMING_POOL
A035528,P08898,GYM
A035529,P08898,AIR_CONDITIONING
A035530,P08899,LIFT
A035531,P08899,WIFI
A035532,P08900,CLUBHOUSE
A035533,P08900,GARDEN
A035534,P08900,POWER_BACKUP
A035535,P08900,GYM
A035536,P08900,WIFI
A035537,P08900,AIR_CONDITIONING
A035538,P08901,POWER_BACKUP
A035539,P08901,AIR_CONDITIONING
A035540,P08901,CLUBHOUSE
A035541,P08901,LIFT
A035542,P08901,PARKING
A035543,P08902,SWIMMING_POOL
A035544,P08902,PARKING
A035545,P08902,POWER_BACKUP
A035546,P08902,SECURITY
A035547,P08902,GYM
A035548,P08902,LIFT
A035549,P08903,SWIMMING_POOL
A035550,P08903,WIFI
A035551,P08903,SECURITY
A035552,P08903,PARKING
A035553,P08903,LIFT
A035554,P08903,GARDEN
A035555,P08904,CLUBHOUSE
A035556,P08904,SWIMMING_POOL
A035557,P08904,AIR_CONDITIONING
A035558,P08905,POWER_BACKUP
A035559,P08905,GYM
A035560,P08905,AIR_CONDITIONING
A035561,P08905,GARDEN
A035562,P08906,POWER_BACKUP
A035563,P08906,AIR_CONDITIONING
A035564,P08907,SECURITY
A035565,P08907,PARKING
A035566,P08907,GARDEN
A035567,P08908,GYM
A035568,P08908,SECURITY
A035569,P08908,SWIMMING_POOL
A035570,P08909,GYM
A035571,P08909,CLUBHOUSE
A035572,P08909,SWIMMING_POOL
A035573,P08909,SECURITY
A035574,P08909,PARKING
A035575,P08910,SECURITY
A035576,P08910,LIFT
A035577,P08910,SWIMMING_POOL
A035578,P08911,SECURITY
A035579,P08911,CLUBHOUSE
A035580,P08911,LIFT
A035581,P08912,LIFT
A035582,P08912,GARDEN
A035583,P08912,AIR_CONDITIONING
A035584,P08912,GYM
A035585,P08912,POWER_BACKUP
A035586,P08913,AIR_CONDITIONING
A035587,P08913,SECURITY
A035588,P08913,GYM
A035589,P08913,SWIMMING_POOL
A035590,P08914,PARKING
A035591,P08914,LIFT
A035592,P08914,GYM
A035593,P08914,WIFI
A035594,P08914,GARDEN
A035595,P08914,CLUBHOUSE
A035596,P08915,PARKING
A035597,P08915,WIFI
A035598,P08916,SWIMMING_POOL
A035599,P08916,LIFT
A035600,P08917,LIFT
A035601,P08917,CLUBHOUSE
A035602,P08918,LIFT
A035603,P08918,SWIMMING_POOL
A035604,P08918,PARKING
A035605,P08918,WIFI
A035606,P08918,GARDEN
A035607,P08919,AIR_CONDITIONING
A035608,P08919,GARDEN
A035609,P08920,GARDEN
A035610,P08920,GYM
A035611,P08921,GYM
A035612,P08921,SWIMMING_POOL
A035613,P08922,SECURITY
A035614,P08922,AIR_CONDITIONING
A035615,P08922,WIFI
A035616,P08922,GYM
A035617,P08922,CLUBHOUSE
A035618,P08922,POWER_BACKUP
A035619,P08923,SWIMMING_POOL
A035620,P08923,SECURITY
A035621,P08923,PARKING
A035622,P08923,WIFI
A035623,P08923,POWER_BACKUP
A035624,P08924,LIFT
A035625,P08924,GARDEN
A035626,P08924,POWER_BACKUP
A035627,P08924,SECURITY
A035628,P08925,GYM
A035629,P08925,WIFI
A035630,P08925,PARKING
A035631,P08925,SECURITY
A035632,P08925,AIR_CONDITIONING
A035633,P08925,LIFT
A035634,P08926,SECURITY
A035635,P08926,POWER_BACKUP
A035636,P08926,GARDEN
A035637,P08926,LIFT
A035638,P08927,SECURITY
A035639,P08927,GYM
A035640,P08927,PARKING
A035641,P08927,WIFI
A035642,P08928,AIR_CONDITIONING
A035643,P08928,SECURITY
A035644,P08928,PARKING
A035645,P08928,GARDEN
A035646,P08928,GYM
A035647,P08928,POWER_BACKUP
A035648,P08929,PARKING
A035649,P08929,WIFI
A035650,P08929,CLUBHOUSE
A035651,P08930,WIFI
A035652,P08930,POWER_BACKUP
A035653,P08930,PARKING
A035654,P08930,AIR_CONDITIONING
A035655,P08930,GARDEN
A035656,P08931,PARKING
A035657,P08931,CLUBHOUSE
A035658,P08931,POWER_BACKUP
A035659,P08931,AIR_CONDITIONING
A035660,P08931,LIFT
A035661,P08931,SWIMMING_POOL
A035662,P08932,WIFI
A035663,P08932,PARKING
A035664,P08932,POWER_BACKUP
A035665,P08933,SECURITY
A035666,P08933,WIFI
A035667,P08933,POWER_BACKUP
A035668,P08934,LIFT
A035669,P08934,PARKING
A035670,P08935,AIR_CONDITIONING
A035671,P08935,PARKING
A035672,P08936,GYM
A035673,P08936,AIR_CONDITIONING
A035674,P08936,PARKING
A035675,P08936,GARDEN
A035676,P08936,WIFI
A035677,P08936,SECURITY
A035678,P08937,GARDEN
A035679,P08937,SECURITY
A035680,P08937,GYM
A035681,P08937,WIFI
A035682,P08938,GARDEN
A035683,P08938,CLUBHOUSE
A035684,P08938,PARKING
A035685,P08938,POWER_BACKUP
A035686,P08938,WIFI
A035687,P08939,AIR_CONDITIONING
A035688,P08939,GYM
A035689,P08940,SWIMMING_POOL
A035690,P08940,SECURITY
A035691,P08940,GARDEN
A035692,P08940,POWER_BACKUP
A035693,P08940,GYM
A035694,P08941,GARDEN
A035695,P08941,LIFT
A035696,P08941,CLUBHOUSE
A035697,P08941,SECURITY
A035698,P08941,POWER_BACKUP
A035699,P08942,SWIMMING_POOL
A035700,P08942,WIFI
A035701,P08942,AIR_CONDITIONING
A035702,P08942,GARDEN
A035703,P08942,SECURITY
A035704,P08943,AIR_CONDITIONING
A035705,P08943,POWER_BACKUP
A035706,P08943,GARDEN
A035707,P08944,GYM
A035708,P08944,PARKING
A035709,P08944,WIFI
A035710,P08944,SECURITY
A035711,P08944,AIR_CONDITIONING
A035712,P08945,GARDEN
A035713,P08945,POWER_BACKUP
A035714,P08945,LIFT
A035715,P08945,SWIMMING_POOL
A035716,P08946,GYM
A035717,P08946,PARKING
A035718,P08946,LIFT
A035719,P08947,LIFT
A035720,P08947,GYM
A035721,P08948,POWER_BACKUP
A035722,P08948,SECURITY
A035723,P08948,SWIMMING_POOL
A035724,P08948,GYM
A035725,P08949,AIR_CONDITIONING
A035726,P08949,WIFI
A035727,P08949,POWER_BACKUP
A035728,P08949,SWIMMING_POOL
A035729,P08949,CLUBHOUSE
A035730,P08949,LIFT
A035731,P08950,AIR_CONDITIONING
A035732,P08950,GARDEN
A035733,P08950,GYM
A035734,P08950,PARKING
A035735,P08951,GARDEN
A035736,P08951,SECURITY
A035737,P08951,GYM
A035738,P08951,CLUBHOUSE
A035739,P08952,POWER_BACKUP
A035740,P08952,GYM
A035741,P08952,CLUBHOUSE
A035742,P08952,AIR_CONDITIONING
A035743,P08952,SWIMMING_POOL
A035744,P08953,SWIMMING_POOL
A035745,P08953,GARDEN
A035746,P08953,PARKING
A035747,P08953,LIFT
A035748,P08953,POWER_BACKUP
A035749,P08954,SWIMMING_POOL
A035750,P08954,AIR_CONDITIONING
A035751,P08954,GYM
A035752,P08954,LIFT
A035753,P08954,CLUBHOUSE
A035754,P08954,PARKING
A035755,P08955,LIFT
A035756,P08955,GYM
A035757,P08956,GYM
A035758,P08956,WIFI
A035759,P08957,WIFI
A035760,P08957,GYM
A035761,P08957,PARKING
A035762,P08957,CLUBHOUSE
A035763,P08958,POWER_BACKUP
A035764,P08958,LIFT
A035765,P08959,CLUBHOUSE
A035766,P08959,GYM
A035767,P08959,WIFI
A035768,P08959,AIR_CONDITIONING
A035769,P08959,POWER_BACKUP
A035770,P08959,LIFT
A035771,P08960,CLUBHOUSE
A035772,P08960,SECURITY
A035773,P08960,WIFI
A035774,P08961,POWER_BACKUP
A035775,P08961,WIFI
A035776,P08962,PARKING
A035777,P08962,POWER_BACKUP
A035778,P08963,POWER_BACKUP
A035779,P08963,WIFI
A035780,P08964,WIFI
A035781,P08964,LIFT
A035782,P08964,SECURITY
A035783,P08964,AIR_CONDITIONING
A035784,P08964,GYM
A035785,P08964,CLUBHOUSE
A035786,P08965,GYM
A035787,P08965,CLUBHOUSE
A035788,P08965,WIFI
A035789,P08965,AIR_CONDITIONING
A035790,P08966,PARKING
A035791,P08966,AIR_CONDITIONING
A035792,P08966,CLUBHOUSE
A035793,P08966,GARDEN
A035794,P08967,CLUBHOUSE
A035795,P08967,POWER_BACKUP
A035796,P08968,PARKING
A035797,P08968,AIR_CONDITIONING
A035798,P08968,GARDEN
A035799,P08968,LIFT
A035800,P08968,SWIMMING_POOL
A035801,P08969,POWER_BACKUP
A035802,P08969,SECURITY
A035803,P08970,GYM
A035804,P08970,LIFT
A035805,P08970,SWIMMING_POOL
A035806,P08970,WIFI
A035807,P08970,SECURITY
A035808,P08971,PARKING
A035809,P08971,GYM
A035810,P08971,GARDEN
A035811,P08971,CLUBHOUSE
A035812,P08971,SECURITY
A035813,P08972,AIR_CONDITIONING
A035814,P08972,SWIMMING_POOL
A035815,P08972,GARDEN
A035816,P08972,WIFI
A035817,P08972,PARKING
A035818,P08972,GYM
A035819,P08973,SECURITY
A035820,P08973,AIR_CONDITIONING
A035821,P08973,GYM
A035822,P08973,PARKING
A035823,P08973,SWIMMING_POOL
A035824,P08973,POWER_BACKUP
A035825,P08974,AIR_CONDITIONING
A035826,P08974,WIFI
A035827,P08975,AIR_CONDITIONING
A035828,P08975,GARDEN
A035829,P08976,CLUBHOUSE
A035830,P08976,SWIMMING_POOL
A035831,P08976,PARKING
A035832,P08976,WIFI
A035833,P08976,GARDEN
A035834,P08977,LIFT
A035835,P08977,SWIMMING_POOL
A035836,P08977,GARDEN
A035837,P08977,POWER_BACKUP
A035838,P08977,PARKING
A035839,P08978,SWIMMING_POOL
A035840,P08978,POWER_BACKUP
A035841,P08978,LIFT
A035842,P08979,PARKING
A035843,P08979,POWER_BACKUP
A035844,P08979,WIFI
A035845,P08979,CLUBHOUSE
A035846,P08980,POWER_BACKUP
A035847,P08980,SWIMMING_POOL
A035848,P08980,CLUBHOUSE
A035849,P08980,AIR_CONDITIONING
A035850,P08980,WIFI
A035851,P08981,AIR_CONDITIONING
A035852,P08981,LIFT
A035853,P08981,CLUBHOUSE
A035854,P08981,PARKING
A035855,P08981,SWIMMING_POOL
A035856,P08981,WIFI
A035857,P08982,POWER_BACKUP
A035858,P08982,GARDEN
A035859,P08983,CLUBHOUSE
A035860,P08983,GARDEN
A035861,P08983,SECURITY
A035862,P08983,AIR_CONDITIONING
A035863,P08984,CLUBHOUSE
A035864,P08984,LIFT
A035865,P08984,POWER_BACKUP
A035866,P08984,AIR_CONDITIONING
A035867,P08984,WIFI
A035868,P08985,LIFT
A035869,P08985,POWER_BACKUP
A035870,P08985,CLUBHOUSE
A035871,P08985,SWIMMING_POOL
A035872,P08985,GARDEN
A035873,P08986,WIFI
A035874,P08986,CLUBHOUSE
A035875,P08986,AIR_CONDITIONING
A035876,P08986,GARDEN
A035877,P08986,SECURITY
A035878,P08987,GARDEN
A035879,P08987,CLUBHOUSE
A035880,P08987,AIR_CONDITIONING
A035881,P08988,WIFI
A035882,P08988,LIFT
A035883,P08988,SECURITY
A035884,P08988,AIR_CONDITIONING
A035885,P08988,CLUBHOUSE
A035886,P08989,SECURITY
A035887,P08989,GYM
A035888,P08989,CLUBHOUSE
A035889,P08990,WIFI
A035890,P08990,POWER_BACKUP
A035891,P08990,CLUBHOUSE
A035892,P08991,SECURITY
A035893,P08991,GYM
A035894,P08991,POWER_BACKUP
A035895,P08991,LIFT
A035896,P08992,CLUBHOUSE
A035897,P08992,PARKING
A035898,P08992,SWIMMING_POOL
A035899,P08992,LIFT
A035900,P08992,SECURITY
A035901,P08992,POWER_BACKUP
A035902,P08993,PARKING
A035903,P08993,GYM
A035904,P08993,POWER_BACKUP
A035905,P08993,CLUBHOUSE
A035906,P08993,LIFT
A035907,P08993,SECURITY
A035908,P08994,PARKING
A035909,P08994,AIR_CONDITIONING
A035910,P08994,POWER_BACKUP
A035911,P08994,GARDEN
A035912,P08994,SECURITY
A035913,P08995,AIR_CONDITIONING
A035914,P08995,SECURITY
A035915,P08995,WIFI
A035916,P08995,SWIMMING_POOL
A035917,P08995,PARKING
A035918,P08996,SECURITY
A035919,P08996,GYM
A035920,P08996,PARKING
A035921,P08996,CLUBHOUSE
A035922,P08996,GARDEN
A035923,P08997,CLUBHOUSE
A035924,P08997,SECURITY
A035925,P08998,WIFI
A035926,P08998,SECURITY
A035927,P08998,GYM
A035928,P08998,CLUBHOUSE
A035929,P08998,POWER_BACKUP
A035930,P08999,SWIMMING_POOL
A035931,P08999,LIFT
A035932,P08999,GARDEN
A035933,P08999,SECURITY
A035934,P08999,POWER_BACKUP
A035935,P08999,PARKING
A035936,P09000,GYM
A035937,P09000,SWIMMING_POOL
A035938,P09000,POWER_BACKUP
A035939,P09000,SECURITY
A035940,P09000,WIFI
A035941,P09000,AIR_CONDITIONING
A035942,P09001,SECURITY
A035943,P09001,POWER_BACKUP
A035944,P09002,CLUBHOUSE
A035945,P09002,POWER_BACKUP
A035946,P09002,LIFT
A035947,P09002,SECURITY
A035948,P09002,WIFI
A035949,P09002,GARDEN
A035950,P09003,CLUBHOUSE
A035951,P09003,AIR_CONDITIONING
A035952,P09003,WIFI
A035953,P09003,SECURITY
A035954,P09003,LIFT
A035955,P09003,GARDEN
A035956,P09004,SECURITY
A035957,P09004,GYM
A035958,P09004,WIFI
A035959,P09004,AIR_CONDITIONING
A035960,P09004,GARDEN
A035961,P09004,CLUBHOUSE
A035962,P09005,POWER_BACKUP
A035963,P09005,WIFI
A035964,P09005,GARDEN
A035965,P09005,GYM
A035966,P09006,GARDEN
A035967,P09006,PARKING
A035968,P09006,POWER_BACKUP
A035969,P09006,AIR_CONDITIONING
A035970,P09006,CLUBHOUSE
A035971,P09006,LIFT
A035972,P09007,GARDEN
A035973,P09007,LIFT
A035974,P09007,PARKING
A035975,P09007,GYM
A035976,P09007,SECURITY
A035977,P09007,SWIMMING_POOL
A035978,P09008,SECURITY
A035979,P09008,PARKING
A035980,P09008,POWER_BACKUP
A035981,P09008,AIR_CONDITIONING
A035982,P09008,GARDEN
A035983,P09009,WIFI
A035984,P09009,CLUBHOUSE
A035985,P09009,POWER_BACKUP
A035986,P09009,PARKING
A035987,P09010,SWIMMING_POOL
A035988,P09010,CLUBHOUSE
A035989,P09010,SECURITY
A035990,P09011,POWER_BACKUP
A035991,P09011,GYM
A035992,P09011,GARDEN
A035993,P09011,AIR_CONDITIONING
A035994,P09012,SECURITY
A035995,P09012,LIFT
A035996,P09012,GARDEN
A035997,P09012,PARKING
A035998,P09012,SWIMMING_POOL
A035999,P09012,AIR_CONDITIONING
A036000,P09013,SECURITY
A036001,P09013,GYM
A036002,P09013,SWIMMING_POOL
A036003,P09013,POWER_BACKUP
A036004,P09013,WIFI
A036005,P09014,GARDEN
A036006,P09014,PARKING
A036007,P09015,CLUBHOUSE
A036008,P09015,WIFI
A036009,P09015,SWIMMING_POOL
A036010,P09015,GYM
A036011,P09015,LIFT
A036012,P09015,POWER_BACKUP
A036013,P09016,PARKING
A036014,P09016,GARDEN
A036015,P09016,SECURITY
A036016,P09016,WIFI
A036017,P09017,GYM
A036018,P09017,CLUBHOUSE
A036019,P09017,WIFI
A036020,P09017,POWER_BACKUP
A036021,P09017,SECURITY
A036022,P09018,POWER_BACKUP
A036023,P09018,GARDEN
A036024,P09018,GYM
A036025,P09018,SECURITY
A036026,P09019,CLUBHOUSE
A036027,P09019,PARKING
A036028,P09019,GYM
A036029,P09019,WIFI
A036030,P09020,POWER_BACKUP
A036031,P09020,AIR_CONDITIONING
A036032,P09020,SWIMMING_POOL
A036033,P09020,PARKING
A036034,P09021,SWIMMING_POOL
A036035,P09021,GYM
A036036,P09021,WIFI
A036037,P09022,POWER_BACKUP
A036038,P09022,SECURITY
A036039,P09022,PARKING
A036040,P09022,GYM
A036041,P09022,WIFI
A036042,P09023,GARDEN
A036043,P09023,POWER_BACKUP
A036044,P09024,GARDEN
A036045,P09024,SECURITY
A036046,P09024,SWIMMING_POOL
A036047,P09024,AIR_CONDITIONING
A036048,P09025,WIFI
A036049,P09025,SWIMMING_POOL
A036050,P09025,SECURITY
A036051,P09025,CLUBHOUSE
A036052,P09026,CLUBHOUSE
A036053,P09026,SECURITY
A036054,P09026,LIFT
A036055,P09026,AIR_CONDITIONING
A036056,P09026,POWER_BACKUP
A036057,P09026,GARDEN
A036058,P09027,WIFI
A036059,P09027,SWIMMING_POOL
A036060,P09027,GARDEN
A036061,P09027,POWER_BACKUP
A036062,P09027,AIR_CONDITIONING
A036063,P09027,CLUBHOUSE
A036064,P09028,GYM
A036065,P09028,POWER_BACKUP
A036066,P09029,WIFI
A036067,P09029,GARDEN
A036068,P09029,POWER_BACKUP
A036069,P09029,AIR_CONDITIONING
A036070,P09029,SECURITY
A036071,P09030,SWIMMING_POOL
A036072,P09030,AIR_CONDITIONING
A036073,P09030,LIFT
A036074,P09031,GARDEN
A036075,P09031,GYM
A036076,P09031,AIR_CONDITIONING
A036077,P09031,POWER_BACKUP
A036078,P09031,SWIMMING_POOL
A036079,P09031,PARKING
A036080,P09032,SECURITY
A036081,P09032,LIFT
A036082,P09032,CLUBHOUSE
A036083,P09032,POWER_BACKUP
A036084,P09032,GYM
A036085,P09033,GARDEN
A036086,P09033,SECURITY
A036087,P09033,CLUBHOUSE
A036088,P09034,CLUBHOUSE
A036089,P09034,WIFI
A036090,P09034,SWIMMING_POOL
A036091,P09034,GYM
A036092,P09035,SWIMMING_POOL
A036093,P09035,AIR_CONDITIONING
A036094,P09035,POWER_BACKUP
A036095,P09035,GARDEN
A036096,P09035,SECURITY
A036097,P09036,AIR_CONDITIONING
A036098,P09036,POWER_BACKUP
A036099,P09036,SECURITY
A036100,P09037,PARKING
A036101,P09037,WIFI
A036102,P09037,AIR_CONDITIONING
A036103,P09037,POWER_BACKUP
A036104,P09038,SECURITY
A036105,P09038,LIFT
A036106,P09038,AIR_CONDITIONING
A036107,P09038,SWIMMING_POOL
A036108,P09038,GARDEN
A036109,P09038,CLUBHOUSE
A036110,P09039,CLUBHOUSE
A036111,P09039,LIFT
A036112,P09040,PARKING
A036113,P09040,CLUBHOUSE
A036114,P09040,POWER_BACKUP
A036115,P09041,GYM
A036116,P09041,WIFI
A036117,P09041,AIR_CONDITIONING
A036118,P09042,PARKING
A036119,P09042,POWER_BACKUP
A036120,P09042,GARDEN
A036121,P09042,LIFT
A036122,P09042,WIFI
A036123,P09042,GYM
A036124,P09043,GYM
A036125,P09043,POWER_BACKUP
A036126,P09043,SECURITY
A036127,P09043,AIR_CONDITIONING
A036128,P09043,PARKING
A036129,P09044,AIR_CONDITIONING
A036130,P09044,WIFI
A036131,P09044,SWIMMING_POOL
A036132,P09045,PARKING
A036133,P09045,AIR_CONDITIONING
A036134,P09045,SWIMMING_POOL
A036135,P09046,WIFI
A036136,P09046,GARDEN
A036137,P09046,PARKING
A036138,P09046,POWER_BACKUP
A036139,P09046,CLUBHOUSE
A036140,P09046,LIFT
A036141,P09047,PARKING
A036142,P09047,POWER_BACKUP
A036143,P09047,CLUBHOUSE
A036144,P09047,AIR_CONDITIONING
A036145,P09047,GARDEN
A036146,P09047,LIFT
A036147,P09048,GARDEN
A036148,P09048,SWIMMING_POOL
A036149,P09049,PARKING
A036150,P09049,GARDEN
A036151,P09049,SECURITY
A036152,P09049,CLUBHOUSE
A036153,P09049,SWIMMING_POOL
A036154,P09050,GYM
A036155,P09050,SECURITY
A036156,P09050,AIR_CONDITIONING
A036157,P09050,GARDEN
A036158,P09050,PARKING
A036159,P09051,CLUBHOUSE
A036160,P09051,LIFT
A036161,P09052,PARKING
A036162,P09052,SWIMMING_POOL
A036163,P09052,GYM
A036164,P09052,POWER_BACKUP
A036165,P09052,AIR_CONDITIONING
A036166,P09053,SECURITY
A036167,P09053,AIR_CONDITIONING
A036168,P09053,LIFT
A036169,P09053,WIFI
A036170,P09054,PARKING
A036171,P09054,POWER_BACKUP
A036172,P09054,CLUBHOUSE
A036173,P09055,SECURITY
A036174,P09055,GARDEN
A036175,P09055,AIR_CONDITIONING
A036176,P09055,GYM
A036177,P09056,CLUBHOUSE
A036178,P09056,SECURITY
A036179,P09056,POWER_BACKUP
A036180,P09056,SWIMMING_POOL
A036181,P09056,AIR_CONDITIONING
A036182,P09057,AIR_CONDITIONING
A036183,P09057,POWER_BACKUP
A036184,P09058,WIFI
A036185,P09058,SWIMMING_POOL
A036186,P09059,GARDEN
A036187,P09059,WIFI
A036188,P09059,POWER_BACKUP
A036189,P09059,SECURITY
A036190,P09059,PARKING
A036191,P09060,LIFT
A036192,P09060,PARKING
A036193,P09060,AIR_CONDITIONING
A036194,P09061,POWER_BACKUP
A036195,P09061,GYM
A036196,P09061,WIFI
A036197,P09061,PARKING
A036198,P09061,SWIMMING_POOL
A036199,P09061,LIFT
A036200,P09062,WIFI
A036201,P09062,GARDEN
A036202,P09062,AIR_CONDITIONING
A036203,P09062,SWIMMING_POOL
A036204,P09062,SECURITY
A036205,P09062,PARKING
A036206,P09063,POWER_BACKUP
A036207,P09063,WIFI
A036208,P09063,SECURITY
A036209,P09063,CLUBHOUSE
A036210,P09063,AIR_CONDITIONING
A036211,P09064,SWIMMING_POOL
A036212,P09064,SECURITY
A036213,P09064,CLUBHOUSE
A036214,P09064,PARKING
A036215,P09064,GARDEN
A036216,P09064,LIFT
A036217,P09065,SECURITY
A036218,P09065,PARKING
A036219,P09065,LIFT
A036220,P09065,POWER_BACKUP
A036221,P09066,SWIMMING_POOL
A036222,P09066,PARKING
A036223,P09067,CLUBHOUSE
A036224,P09067,LIFT
A036225,P09067,SWIMMING_POOL
A036226,P09068,WIFI
A036227,P09068,GARDEN
A036228,P09068,GYM
A036229,P09069,SECURITY
A036230,P09069,GYM
A036231,P09069,POWER_BACKUP
A036232,P09069,PARKING
A036233,P09070,SWIMMING_POOL
A036234,P09070,POWER_BACKUP
A036235,P09070,SECURITY
A036236,P09070,LIFT
A036237,P09070,AIR_CONDITIONING
A036238,P09070,CLUBHOUSE
A036239,P09071,SWIMMING_POOL
A036240,P09071,CLUBHOUSE
A036241,P09071,GARDEN
A036242,P09072,AIR_CONDITIONING
A036243,P09072,SECURITY
A036244,P09072,GYM
A036245,P09072,CLUBHOUSE
A036246,P09072,SWIMMING_POOL
A036247,P09073,SECURITY
A036248,P09073,CLUBHOUSE
A036249,P09073,WIFI
A036250,P09073,GARDEN
A036251,P09074,GARDEN
A036252,P09074,POWER_BACKUP
A036253,P09074,WIFI
A036254,P09074,SWIMMING_POOL
A036255,P09074,AIR_CONDITIONING
A036256,P09074,CLUBHOUSE
A036257,P09075,AIR_CONDITIONING
A036258,P09075,GYM
A036259,P09075,SWIMMING_POOL
A036260,P09075,LIFT
A036261,P09075,WIFI
A036262,P09076,CLUBHOUSE
A036263,P09076,SECURITY
A036264,P09076,GARDEN
A036265,P09076,WIFI
A036266,P09076,SWIMMING_POOL
A036267,P09077,PARKING
A036268,P09077,LIFT
A036269,P09077,SECURITY
A036270,P09077,WIFI
A036271,P09078,PARKING
A036272,P09078,GARDEN
A036273,P09078,LIFT
A036274,P09078,WIFI
A036275,P09078,CLUBHOUSE
A036276,P09078,AIR_CONDITIONING
A036277,P09079,PARKING
A036278,P09079,WIFI
A036279,P09079,POWER_BACKUP
A036280,P09079,SECURITY
A036281,P09079,AIR_CONDITIONING
A036282,P09079,CLUBHOUSE
A036283,P09080,GARDEN
A036284,P09080,SWIMMING_POOL
A036285,P09080,GYM
A036286,P09081,AIR_CONDITIONING
A036287,P09081,SWIMMING_POOL
A036288,P09081,GYM
A036289,P09081,PARKING
A036290,P09082,CLUBHOUSE
A036291,P09082,PARKING
A036292,P09082,LIFT
A036293,P09082,GARDEN
A036294,P09082,POWER_BACKUP
A036295,P09083,GYM
A036296,P09083,GARDEN
A036297,P09083,PARKING
A036298,P09083,SECURITY
A036299,P09083,AIR_CONDITIONING
A036300,P09083,SWIMMING_POOL
A036301,P09084,GARDEN
A036302,P09084,SWIMMING_POOL
A036303,P09085,POWER_BACKUP
A036304,P09085,WIFI
A036305,P09085,GYM
A036306,P09085,PARKING
A036307,P09086,AIR_CONDITIONING
A036308,P09086,POWER_BACKUP
A036309,P09086,CLUBHOUSE
A036310,P09086,SWIMMING_POOL
A036311,P09086,LIFT
A036312,P09087,WIFI
A036313,P09087,LIFT
A036314,P09087,AIR_CONDITIONING
A036315,P09087,SWIMMING_POOL
A036316,P09087,GARDEN
A036317,P09088,WIFI
A036318,P09088,AIR_CONDITIONING
A036319,P09089,GYM
A036320,P09089,PARKING
A036321,P09090,POWER_BACKUP
A036322,P09090,LIFT
A036323,P09090,WIFI
A036324,P09090,GARDEN
A036325,P09090,SWIMMING_POOL
A036326,P09091,PARKING
A036327,P09091,POWER_BACKUP
A036328,P09091,CLUBHOUSE
A036329,P09092,GYM
A036330,P09092,LIFT
A036331,P09093,WIFI
A036332,P09093,SECURITY
A036333,P09093,GARDEN
A036334,P09093,SWIMMING_POOL
A036335,P09093,AIR_CONDITIONING
A036336,P09094,POWER_BACKUP
A036337,P09094,PARKING
A036338,P09094,GYM
A036339,P09094,LIFT
A036340,P09094,SECURITY
A036341,P09094,WIFI
A036342,P09095,LIFT
A036343,P09095,PARKING
A036344,P09095,GYM
A036345,P09095,CLUBHOUSE
A036346,P09096,SWIMMING_POOL
A036347,P09096,LIFT
A036348,P09096,GARDEN
A036349,P09097,SECURITY
A036350,P09097,AIR_CONDITIONING
A036351,P09098,POWER_BACKUP
A036352,P09098,GARDEN
A036353,P09099,LIFT
A036354,P09099,GYM
A036355,P09099,CLUBHOUSE
A036356,P09099,POWER_BACKUP
A036357,P09099,PARKING
A036358,P09100,SWIMMING_POOL
A036359,P09100,CLUBHOUSE
A036360,P09100,SECURITY
A036361,P09100,AIR_CONDITIONING
A036362,P09100,LIFT
A036363,P09100,GYM
A036364,P09101,GYM
A036365,P09101,WIFI
A036366,P09101,SECURITY
A036367,P09101,POWER_BACKUP
A036368,P09101,CLUBHOUSE
A036369,P09101,SWIMMING_POOL
A036370,P09102,CLUBHOUSE
A036371,P09102,POWER_BACKUP
A036372,P09102,AIR_CONDITIONING
A036373,P09102,GYM
A036374,P09102,SECURITY
A036375,P09102,SWIMMING_POOL
A036376,P09103,SECURITY
A036377,P09103,LIFT
A036378,P09104,GYM
A036379,P09104,POWER_BACKUP
A036380,P09104,SWIMMING_POOL
A036381,P09104,LIFT
A036382,P09104,PARKING
A036383,P09104,GARDEN
A036384,P09105,CLUBHOUSE
A036385,P09105,LIFT
A036386,P09105,PARKING
A036387,P09105,SECURITY
A036388,P09105,SWIMMING_POOL
A036389,P09105,GYM
A036390,P09106,GYM
A036391,P09106,POWER_BACKUP
A036392,P09107,GARDEN
A036393,P09107,AIR_CONDITIONING
A036394,P09107,POWER_BACKUP
A036395,P09107,PARKING
A036396,P09107,SECURITY
A036397,P09108,GARDEN
A036398,P09108,SWIMMING_POOL
A036399,P09108,LIFT
A036400,P09108,AIR_CONDITIONING
A036401,P09108,POWER_BACKUP
A036402,P09108,SECURITY
A036403,P09109,LIFT
A036404,P09109,GYM
A036405,P09110,PARKING
A036406,P09110,POWER_BACKUP
A036407,P09110,CLUBHOUSE
A036408,P09110,GARDEN
A036409,P09110,SWIMMING_POOL
A036410,P09110,AIR_CONDITIONING
A036411,P09111,POWER_BACKUP
A036412,P09111,SWIMMING_POOL
A036413,P09111,SECURITY
A036414,P09111,CLUBHOUSE
A036415,P09111,AIR_CONDITIONING
A036416,P09112,SECURITY
A036417,P09112,POWER_BACKUP
A036418,P09112,WIFI
A036419,P09112,GARDEN
A036420,P09113,GARDEN
A036421,P09113,WIFI
A036422,P09113,SECURITY
A036423,P09113,CLUBHOUSE
A036424,P09114,GARDEN
A036425,P09114,PARKING
A036426,P09114,AIR_CONDITIONING
A036427,P09114,SECURITY
A036428,P09114,LIFT
A036429,P09114,GYM
A036430,P09115,PARKING
A036431,P09115,AIR_CONDITIONING
A036432,P09115,GYM
A036433,P09115,LIFT
A036434,P09115,WIFI
A036435,P09115,GARDEN
A036436,P09116,POWER_BACKUP
A036437,P09116,SECURITY
A036438,P09116,SWIMMING_POOL
A036439,P09116,PARKING
A036440,P09116,GARDEN
A036441,P09117,WIFI
A036442,P09117,PARKING
A036443,P09117,SWIMMING_POOL
A036444,P09117,GYM
A036445,P09117,LIFT
A036446,P09117,POWER_BACKUP
A036447,P09118,WIFI
A036448,P09118,LIFT
A036449,P09118,POWER_BACKUP
A036450,P09118,GYM
A036451,P09118,SECURITY
A036452,P09119,PARKING
A036453,P09119,CLUBHOUSE
A036454,P09119,WIFI
A036455,P09119,AIR_CONDITIONING
A036456,P09120,POWER_BACKUP
A036457,P09120,AIR_CONDITIONING
A036458,P09121,SWIMMING_POOL
A036459,P09121,GARDEN
A036460,P09121,PARKING
A036461,P09121,AIR_CONDITIONING
A036462,P09121,GYM
A036463,P09121,WIFI
A036464,P09122,SWIMMING_POOL
A036465,P09122,POWER_BACKUP
A036466,P09122,GARDEN
A036467,P09122,WIFI
A036468,P09123,PARKING
A036469,P09123,LIFT
A036470,P09123,CLUBHOUSE
A036471,P09123,GARDEN
A036472,P09124,PARKING
A036473,P09124,CLUBHOUSE
A036474,P09125,AIR_CONDITIONING
A036475,P09125,LIFT
A036476,P09125,SWIMMING_POOL
A036477,P09126,GYM
A036478,P09126,AIR_CONDITIONING
A036479,P09126,SECURITY
A036480,P09126,POWER_BACKUP
A036481,P09126,GARDEN
A036482,P09127,POWER_BACKUP
A036483,P09127,WIFI
A036484,P09127,SWIMMING_POOL
A036485,P09127,AIR_CONDITIONING
A036486,P09127,CLUBHOUSE
A036487,P09127,SECURITY
A036488,P09128,SECURITY
A036489,P09128,SWIMMING_POOL
A036490,P09129,AIR_CONDITIONING
A036491,P09129,GARDEN
A036492,P09129,CLUBHOUSE
A036493,P09129,GYM
A036494,P09129,SWIMMING_POOL
A036495,P09129,WIFI
A036496,P09130,CLUBHOUSE
A036497,P09130,WIFI
A036498,P09131,GARDEN
A036499,P09131,SECURITY
A036500,P09131,WIFI
A036501,P09131,CLUBHOUSE
A036502,P09131,AIR_CONDITIONING
A036503,P09132,GARDEN
A036504,P09132,GYM
A036505,P09132,AIR_CONDITIONING
A036506,P09132,LIFT
A036507,P09132,CLUBHOUSE
A036508,P09133,PARKING
A036509,P09133,LIFT
A036510,P09133,SWIMMING_POOL
A036511,P09133,WIFI
A036512,P09133,GYM
A036513,P09134,SWIMMING_POOL
A036514,P09134,LIFT
A036515,P09135,GYM
A036516,P09135,SECURITY
A036517,P09135,LIFT
A036518,P09135,WIFI
A036519,P09136,SWIMMING_POOL
A036520,P09136,PARKING
A036521,P09136,WIFI
A036522,P09136,POWER_BACKUP
A036523,P09136,SECURITY
A036524,P09136,LIFT
A036525,P09137,POWER_BACKUP
A036526,P09137,AIR_CONDITIONING
A036527,P09137,PARKING
A036528,P09137,LIFT
A036529,P09137,CLUBHOUSE
A036530,P09137,SWIMMING_POOL
A036531,P09138,GYM
A036532,P09138,PARKING
A036533,P09138,WIFI
A036534,P09138,AIR_CONDITIONING
A036535,P09138,SWIMMING_POOL
A036536,P09139,WIFI
A036537,P09139,GYM
A036538,P09139,GARDEN
A036539,P09139,AIR_CONDITIONING
A036540,P09140,WIFI
A036541,P09140,PARKING
A036542,P09141,SECURITY
A036543,P09141,CLUBHOUSE
A036544,P09141,PARKING
A036545,P09141,WIFI
A036546,P09142,GARDEN
A036547,P09142,AIR_CONDITIONING
A036548,P09142,GYM
A036549,P09142,LIFT
A036550,P09143,SWIMMING_POOL
A036551,P09143,POWER_BACKUP
A036552,P09143,WIFI
A036553,P09143,PARKING
A036554,P09144,SECURITY
A036555,P09144,GYM
A036556,P09144,CLUBHOUSE
A036557,P09144,PARKING
A036558,P09145,SWIMMING_POOL
A036559,P09145,AIR_CONDITIONING
A036560,P09145,WIFI
A036561,P09145,POWER_BACKUP
A036562,P09146,LIFT
A036563,P09146,SWIMMING_POOL
A036564,P09147,POWER_BACKUP
A036565,P09147,GARDEN
A036566,P09147,CLUBHOUSE
A036567,P09147,SECURITY
A036568,P09147,SWIMMING_POOL
A036569,P09147,AIR_CONDITIONING
A036570,P09148,WIFI
A036571,P09148,SECURITY
A036572,P09148,SWIMMING_POOL
A036573,P09149,WIFI
A036574,P09149,POWER_BACKUP
A036575,P09149,GARDEN
A036576,P09150,AIR_CONDITIONING
A036577,P09150,SWIMMING_POOL
A036578,P09150,PARKING
A036579,P09150,WIFI
A036580,P09151,GARDEN
A036581,P09151,AIR_CONDITIONING
A036582,P09151,LIFT
A036583,P09151,SWIMMING_POOL
A036584,P09151,SECURITY
A036585,P09152,WIFI
A036586,P09152,PARKING
A036587,P09153,SECURITY
A036588,P09153,WIFI
A036589,P09153,LIFT
A036590,P09153,GARDEN
A036591,P09154,POWER_BACKUP
A036592,P09154,SECURITY
A036593,P09154,SWIMMING_POOL
A036594,P09154,GARDEN
A036595,P09154,AIR_CONDITIONING
A036596,P09154,LIFT
A036597,P09155,LIFT
A036598,P09155,CLUBHOUSE
A036599,P09155,GARDEN
A036600,P09155,GYM
A036601,P09155,SECURITY
A036602,P09155,POWER_BACKUP
A036603,P09156,AIR_CONDITIONING
A036604,P09156,PARKING
A036605,P09156,WIFI
A036606,P09156,POWER_BACKUP
A036607,P09157,GARDEN
A036608,P09157,CLUBHOUSE
A036609,P09157,LIFT
A036610,P09157,AIR_CONDITIONING
A036611,P09157,GYM
A036612,P09157,WIFI
A036613,P09158,CLUBHOUSE
A036614,P09158,GARDEN
A036615,P09159,CLUBHOUSE
A036616,P09159,LIFT
A036617,P09159,PARKING
A036618,P09160,GARDEN
A036619,P09160,LIFT
A036620,P09160,PARKING
A036621,P09160,SECURITY
A036622,P09160,CLUBHOUSE
A036623,P09161,LIFT
A036624,P09161,WIFI
A036625,P09162,AIR_CONDITIONING
A036626,P09162,PARKING
A036627,P09162,SWIMMING_POOL
A036628,P09162,GYM
A036629,P09163,GARDEN
A036630,P09163,SECURITY
A036631,P09164,CLUBHOUSE
A036632,P09164,SWIMMING_POOL
A036633,P09164,PARKING
A036634,P09164,AIR_CONDITIONING
A036635,P09165,POWER_BACKUP
A036636,P09165,CLUBHOUSE
A036637,P09166,PARKING
A036638,P09166,POWER_BACKUP
A036639,P09166,LIFT
A036640,P09167,SWIMMING_POOL
A036641,P09167,LIFT
A036642,P09167,POWER_BACKUP
A036643,P09167,AIR_CONDITIONING
A036644,P09167,WIFI
A036645,P09167,GARDEN
A036646,P09168,GYM
A036647,P09168,SWIMMING_POOL
A036648,P09168,GARDEN
A036649,P09168,AIR_CONDITIONING
A036650,P09168,POWER_BACKUP
A036651,P09169,AIR_CONDITIONING
A036652,P09169,LIFT
A036653,P09169,PARKING
A036654,P09169,GARDEN
A036655,P09169,CLUBHOUSE
A036656,P09169,SWIMMING_POOL
A036657,P09170,GARDEN
A036658,P09170,CLUBHOUSE
A036659,P09171,AIR_CONDITIONING
A036660,P09171,LIFT
A036661,P09171,GARDEN
A036662,P09171,SECURITY
A036663,P09171,WIFI
A036664,P09172,PARKING
A036665,P09172,WIFI
A036666,P09172,SECURITY
A036667,P09172,CLUBHOUSE
A036668,P09173,POWER_BACKUP
A036669,P09173,GYM
A036670,P09173,CLUBHOUSE
A036671,P09173,SWIMMING_POOL
A036672,P09174,GARDEN
A036673,P09174,SECURITY
A036674,P09174,GYM
A036675,P09174,LIFT
A036676,P09174,SWIMMING_POOL
A036677,P09174,WIFI
A036678,P09175,SWIMMING_POOL
A036679,P09175,LIFT
A036680,P09175,SECURITY
A036681,P09175,PARKING
A036682,P09175,AIR_CONDITIONING
A036683,P09175,POWER_BACKUP
A036684,P09176,POWER_BACKUP
A036685,P09176,AIR_CONDITIONING
A036686,P09176,SWIMMING_POOL
A036687,P09177,SWIMMING_POOL
A036688,P09177,PARKING
A036689,P09177,GYM
A036690,P09177,POWER_BACKUP
A036691,P09177,SECURITY
A036692,P09178,POWER_BACKUP
A036693,P09178,GARDEN
A036694,P09178,WIFI
A036695,P09178,SWIMMING_POOL
A036696,P09179,PARKING
A036697,P09179,CLUBHOUSE
A036698,P09180,AIR_CONDITIONING
A036699,P09180,SECURITY
A036700,P09180,SWIMMING_POOL
A036701,P09180,WIFI
A036702,P09180,PARKING
A036703,P09181,CLUBHOUSE
A036704,P09181,SECURITY
A036705,P09182,SECURITY
A036706,P09182,AIR_CONDITIONING
A036707,P09182,PARKING
A036708,P09182,POWER_BACKUP
A036709,P09182,SWIMMING_POOL
A036710,P09182,GYM
A036711,P09183,GYM
A036712,P09183,WIFI
A036713,P09183,CLUBHOUSE
A036714,P09184,LIFT
A036715,P09184,PARKING
A036716,P09184,SECURITY
A036717,P09184,CLUBHOUSE
A036718,P09184,WIFI
A036719,P09184,SWIMMING_POOL
A036720,P09185,AIR_CONDITIONING
A036721,P09185,LIFT
A036722,P09185,GYM
A036723,P09185,WIFI
A036724,P09185,GARDEN
A036725,P09185,PARKING
A036726,P09186,GYM
A036727,P09186,CLUBHOUSE
A036728,P09186,PARKING
A036729,P09186,GARDEN
A036730,P09186,WIFI
A036731,P09187,SECURITY
A036732,P09187,WIFI
A036733,P09187,POWER_BACKUP
A036734,P09187,GYM
A036735,P09187,SWIMMING_POOL
A036736,P09187,GARDEN
A036737,P09188,AIR_CONDITIONING
A036738,P09188,GARDEN
A036739,P09188,CLUBHOUSE
A036740,P09188,POWER_BACKUP
A036741,P09188,SECURITY
A036742,P09188,LIFT
A036743,P09189,GYM
A036744,P09189,GARDEN
A036745,P09189,AIR_CONDITIONING
A036746,P09190,GARDEN
A036747,P09190,SECURITY
A036748,P09190,AIR_CONDITIONING
A036749,P09190,POWER_BACKUP
A036750,P09191,GARDEN
A036751,P09191,POWER_BACKUP
A036752,P09191,WIFI
A036753,P09192,SWIMMING_POOL
A036754,P09192,GARDEN
A036755,P09192,CLUBHOUSE
A036756,P09193,GYM
A036757,P09193,WIFI
A036758,P09193,GARDEN
A036759,P09194,PARKING
A036760,P09194,WIFI
A036761,P09195,GYM
A036762,P09195,POWER_BACKUP
A036763,P09195,WIFI
A036764,P09195,SWIMMING_POOL
A036765,P09195,PARKING
A036766,P09196,SWIMMING_POOL
A036767,P09196,AIR_CONDITIONING
A036768,P09196,POWER_BACKUP
A036769,P09197,WIFI
A036770,P09197,PARKING
A036771,P09197,GYM
A036772,P09197,POWER_BACKUP
A036773,P09197,GARDEN
A036774,P09197,LIFT
A036775,P09198,SWIMMING_POOL
A036776,P09198,CLUBHOUSE
A036777,P09198,LIFT
A036778,P09198,AIR_CONDITIONING
A036779,P09198,GARDEN
A036780,P09199,SWIMMING_POOL
A036781,P09199,WIFI
A036782,P09199,AIR_CONDITIONING
A036783,P09199,SECURITY
A036784,P09199,PARKING
A036785,P09200,PARKING
A036786,P09200,GYM
A036787,P09200,WIFI
A036788,P09200,GARDEN
A036789,P09201,SWIMMING_POOL
A036790,P09201,GYM
A036791,P09201,LIFT
A036792,P09201,POWER_BACKUP
A036793,P09202,GYM
A036794,P09202,PARKING
A036795,P09202,CLUBHOUSE
A036796,P09202,WIFI
A036797,P09202,SECURITY
A036798,P09203,SWIMMING_POOL
A036799,P09203,GARDEN
A036800,P09203,AIR_CONDITIONING
A036801,P09203,POWER_BACKUP
A036802,P09203,SECURITY
A036803,P09204,GYM
A036804,P09204,SECURITY
A036805,P09204,LIFT
A036806,P09204,AIR_CONDITIONING
A036807,P09205,SWIMMING_POOL
A036808,P09205,CLUBHOUSE
A036809,P09205,GYM
A036810,P09206,GARDEN
A036811,P09206,GYM
A036812,P09207,POWER_BACKUP
A036813,P09207,SECURITY
A036814,P09207,PARKING
A036815,P09207,GARDEN
A036816,P09207,CLUBHOUSE
A036817,P09207,AIR_CONDITIONING
A036818,P09208,GYM
A036819,P09208,AIR_CONDITIONING
A036820,P09209,GYM
A036821,P09209,SWIMMING_POOL
A036822,P09209,PARKING
A036823,P09209,SECURITY
A036824,P09209,AIR_CONDITIONING
A036825,P09210,POWER_BACKUP
A036826,P09210,SWIMMING_POOL
A036827,P09210,GARDEN
A036828,P09210,WIFI
A036829,P09210,AIR_CONDITIONING
A036830,P09210,SECURITY
A036831,P09211,SWIMMING_POOL
A036832,P09211,AIR_CONDITIONING
A036833,P09212,SECURITY
A036834,P09212,LIFT
A036835,P09212,POWER_BACKUP
A036836,P09212,SWIMMING_POOL
A036837,P09213,GARDEN
A036838,P09213,AIR_CONDITIONING
A036839,P09213,POWER_BACKUP
A036840,P09213,CLUBHOUSE
A036841,P09213,GYM
A036842,P09214,AIR_CONDITIONING
A036843,P09214,GARDEN
A036844,P09215,CLUBHOUSE
A036845,P09215,SECURITY
A036846,P09215,GARDEN
A036847,P09215,PARKING
A036848,P09215,LIFT
A036849,P09216,GYM
A036850,P09216,WIFI
A036851,P09216,LIFT
A036852,P09217,CLUBHOUSE
A036853,P09217,PARKING
A036854,P09217,WIFI
A036855,P09217,SECURITY
A036856,P09218,CLUBHOUSE
A036857,P09218,LIFT
A036858,P09219,GYM
A036859,P09219,GARDEN
A036860,P09219,WIFI
A036861,P09219,SWIMMING_POOL
A036862,P09220,GARDEN
A036863,P09220,POWER_BACKUP
A036864,P09220,PARKING
A036865,P09220,SWIMMING_POOL
A036866,P09220,WIFI
A036867,P09220,SECURITY
A036868,P09221,LIFT
A036869,P09221,AIR_CONDITIONING
A036870,P09221,SWIMMING_POOL
A036871,P09222,LIFT
A036872,P09222,GYM
A036873,P09222,WIFI
A036874,P09222,SECURITY
A036875,P09222,AIR_CONDITIONING
A036876,P09223,LIFT
A036877,P09223,CLUBHOUSE
A036878,P09223,POWER_BACKUP
A036879,P09223,SECURITY
A036880,P09224,SECURITY
A036881,P09224,WIFI
A036882,P09224,SWIMMING_POOL
A036883,P09224,GYM
A036884,P09224,GARDEN
A036885,P09225,PARKING
A036886,P09225,SWIMMING_POOL
A036887,P09225,POWER_BACKUP
A036888,P09226,POWER_BACKUP
A036889,P09226,GYM
A036890,P09226,PARKING
A036891,P09226,GARDEN
A036892,P09226,AIR_CONDITIONING
A036893,P09227,SWIMMING_POOL
A036894,P09227,PARKING
A036895,P09227,POWER_BACKUP
A036896,P09227,AIR_CONDITIONING
A036897,P09227,GARDEN
A036898,P09228,LIFT
A036899,P09228,AIR_CONDITIONING
A036900,P09228,SWIMMING_POOL
A036901,P09229,AIR_CONDITIONING
A036902,P09229,SECURITY
A036903,P09229,LIFT
A036904,P09229,CLUBHOUSE
A036905,P09229,POWER_BACKUP
A036906,P09230,SWIMMING_POOL
A036907,P09230,CLUBHOUSE
A036908,P09230,LIFT
A036909,P09231,SECURITY
A036910,P09231,GARDEN
A036911,P09231,LIFT
A036912,P09231,GYM
A036913,P09231,CLUBHOUSE
A036914,P09232,GARDEN
A036915,P09232,CLUBHOUSE
A036916,P09232,POWER_BACKUP
A036917,P09232,WIFI
A036918,P09232,LIFT
A036919,P09232,GYM
A036920,P09233,CLUBHOUSE
A036921,P09233,SWIMMING_POOL
A036922,P09233,LIFT
A036923,P09233,AIR_CONDITIONING
A036924,P09233,WIFI
A036925,P09234,AIR_CONDITIONING
A036926,P09234,LIFT
A036927,P09234,PARKING
A036928,P09234,SWIMMING_POOL
A036929,P09235,AIR_CONDITIONING
A036930,P09235,WIFI
A036931,P09235,LIFT
A036932,P09235,SECURITY
A036933,P09236,LIFT
A036934,P09236,AIR_CONDITIONING
A036935,P09236,CLUBHOUSE
A036936,P09237,GARDEN
A036937,P09237,CLUBHOUSE
A036938,P09237,LIFT
A036939,P09237,POWER_BACKUP
A036940,P09237,WIFI
A036941,P09237,PARKING
A036942,P09238,AIR_CONDITIONING
A036943,P09238,WIFI
A036944,P09238,CLUBHOUSE
A036945,P09238,LIFT
A036946,P09238,SWIMMING_POOL
A036947,P09239,WIFI
A036948,P09239,SECURITY
A036949,P09239,CLUBHOUSE
A036950,P09240,LIFT
A036951,P09240,GARDEN
A036952,P09240,GYM
A036953,P09241,SWIMMING_POOL
A036954,P09241,AIR_CONDITIONING
A036955,P09241,LIFT
A036956,P09241,PARKING
A036957,P09241,POWER_BACKUP
A036958,P09241,GARDEN
A036959,P09242,POWER_BACKUP
A036960,P09242,GYM
A036961,P09242,LIFT
A036962,P09242,CLUBHOUSE
A036963,P09243,WIFI
A036964,P09243,SECURITY
A036965,P09244,SECURITY
A036966,P09244,GARDEN
A036967,P09244,SWIMMING_POOL
A036968,P09244,LIFT
A036969,P09244,GYM
A036970,P09245,CLUBHOUSE
A036971,P09245,AIR_CONDITIONING
A036972,P09245,GARDEN
A036973,P09245,PARKING
A036974,P09246,CLUBHOUSE
A036975,P09246,SWIMMING_POOL
A036976,P09246,AIR_CONDITIONING
A036977,P09246,POWER_BACKUP
A036978,P09246,PARKING
A036979,P09246,GARDEN
A036980,P09247,GARDEN
A036981,P09247,POWER_BACKUP
A036982,P09247,SECURITY
A036983,P09247,PARKING
A036984,P09248,SECURITY
A036985,P09248,POWER_BACKUP
A036986,P09248,PARKING
A036987,P09248,AIR_CONDITIONING
A036988,P09248,GARDEN
A036989,P09249,CLUBHOUSE
A036990,P09249,GARDEN
A036991,P09249,SWIMMING_POOL
A036992,P09249,PARKING
A036993,P09249,SECURITY
A036994,P09249,AIR_CONDITIONING
A036995,P09250,SECURITY
A036996,P09250,GARDEN
A036997,P09250,CLUBHOUSE
A036998,P09250,POWER_BACKUP
A036999,P09251,SECURITY
A037000,P09251,POWER_BACKUP
A037001,P09251,GYM
A037002,P09252,CLUBHOUSE
A037003,P09252,SECURITY
A037004,P09253,POWER_BACKUP
A037005,P09253,SWIMMING_POOL
A037006,P09253,GARDEN
A037007,P09254,WIFI
A037008,P09254,LIFT
A037009,P09254,PARKING
A037010,P09254,POWER_BACKUP
A037011,P09254,GARDEN
A037012,P09254,GYM
A037013,P09255,CLUBHOUSE
A037014,P09255,AIR_CONDITIONING
A037015,P09255,LIFT
A037016,P09255,SWIMMING_POOL
A037017,P09255,WIFI
A037018,P09255,POWER_BACKUP
A037019,P09256,SECURITY
A037020,P09256,PARKING
A037021,P09256,AIR_CONDITIONING
A037022,P09256,GYM
A037023,P09256,WIFI
A037024,P09256,POWER_BACKUP
A037025,P09257,SWIMMING_POOL
A037026,P09257,GARDEN
A037027,P09257,GYM
A037028,P09257,AIR_CONDITIONING
A037029,P09257,LIFT
A037030,P09258,POWER_BACKUP
A037031,P09258,WIFI
A037032,P09258,PARKING
A037033,P09259,WIFI
A037034,P09259,PARKING
A037035,P09260,GYM
A037036,P09260,SECURITY
A037037,P09260,AIR_CONDITIONING
A037038,P09260,WIFI
A037039,P09260,CLUBHOUSE
A037040,P09260,PARKING
A037041,P09261,GARDEN
A037042,P09261,POWER_BACKUP
A037043,P09261,AIR_CONDITIONING
A037044,P09261,CLUBHOUSE
A037045,P09261,WIFI
A037046,P09261,SECURITY
A037047,P09262,PARKING
A037048,P09262,GYM
A037049,P09262,GARDEN
A037050,P09262,WIFI
A037051,P09263,GARDEN
A037052,P09263,POWER_BACKUP
A037053,P09264,PARKING
A037054,P09264,GYM
A037055,P09264,GARDEN
A037056,P09264,SWIMMING_POOL
A037057,P09265,POWER_BACKUP
A037058,P09265,PARKING
A037059,P09266,LIFT
A037060,P09266,AIR_CONDITIONING
A037061,P09266,SWIMMING_POOL
A037062,P09267,GARDEN
A037063,P09267,GYM
A037064,P09267,LIFT
A037065,P09267,POWER_BACKUP
A037066,P09268,LIFT
A037067,P09268,AIR_CONDITIONING
A037068,P09268,CLUBHOUSE
A037069,P09268,GYM
A037070,P09269,AIR_CONDITIONING
A037071,P09269,GARDEN
A037072,P09269,CLUBHOUSE
A037073,P09269,GYM
A037074,P09269,SWIMMING_POOL
A037075,P09270,PARKING
A037076,P09270,AIR_CONDITIONING
A037077,P09271,GYM
A037078,P09271,PARKING
A037079,P09271,POWER_BACKUP
A037080,P09271,SWIMMING_POOL
A037081,P09271,AIR_CONDITIONING
A037082,P09271,CLUBHOUSE
A037083,P09272,GYM
A037084,P09272,SECURITY
A037085,P09273,WIFI
A037086,P09273,PARKING
A037087,P09273,AIR_CONDITIONING
A037088,P09273,GARDEN
A037089,P09273,SECURITY
A037090,P09273,GYM
A037091,P09274,SECURITY
A037092,P09274,AIR_CONDITIONING
A037093,P09274,PARKING
A037094,P09274,WIFI
A037095,P09274,POWER_BACKUP
A037096,P09275,LIFT
A037097,P09275,AIR_CONDITIONING
A037098,P09275,POWER_BACKUP
A037099,P09276,PARKING
A037100,P09276,AIR_CONDITIONING
A037101,P09276,SECURITY
A037102,P09277,AIR_CONDITIONING
A037103,P09277,CLUBHOUSE
A037104,P09277,PARKING
A037105,P09277,WIFI
A037106,P09277,SECURITY
A037107,P09277,SWIMMING_POOL
A037108,P09278,GYM
A037109,P09278,CLUBHOUSE
A037110,P09278,SWIMMING_POOL
A037111,P09279,WIFI
A037112,P09279,GARDEN
A037113,P09279,SECURITY
A037114,P09279,LIFT
A037115,P09279,AIR_CONDITIONING
A037116,P09279,GYM
A037117,P09280,SWIMMING_POOL
A037118,P09280,PARKING
A037119,P09280,GYM
A037120,P09280,AIR_CONDITIONING
A037121,P09281,PARKING
A037122,P09281,SECURITY
A037123,P09281,LIFT
A037124,P09281,WIFI
A037125,P09281,AIR_CONDITIONING
A037126,P09281,SWIMMING_POOL
A037127,P09282,PARKING
A037128,P09282,CLUBHOUSE
A037129,P09282,WIFI
A037130,P09282,GYM
A037131,P09283,SECURITY
A037132,P09283,LIFT
A037133,P09284,CLUBHOUSE
A037134,P09284,WIFI
A037135,P09284,GYM
A037136,P09284,LIFT
A037137,P09284,SWIMMING_POOL
A037138,P09284,AIR_CONDITIONING
A037139,P09285,AIR_CONDITIONING
A037140,P09285,SECURITY
A037141,P09285,POWER_BACKUP
A037142,P09285,GARDEN
A037143,P09285,WIFI
A037144,P09286,SWIMMING_POOL
A037145,P09286,CLUBHOUSE
A037146,P09286,GYM
A037147,P09286,LIFT
A037148,P09286,WIFI
A037149,P09286,GARDEN
A037150,P09287,LIFT
A037151,P09287,PARKING
A037152,P09287,POWER_BACKUP
A037153,P09287,SECURITY
A037154,P09287,GARDEN
A037155,P09288,LIFT
A037156,P09288,AIR_CONDITIONING
A037157,P09288,SWIMMING_POOL
A037158,P09288,CLUBHOUSE
A037159,P09288,GYM
A037160,P09289,POWER_BACKUP
A037161,P09289,GARDEN
A037162,P09289,WIFI
A037163,P09290,AIR_CONDITIONING
A037164,P09290,SECURITY
A037165,P09291,PARKING
A037166,P09291,GYM
A037167,P09292,SECURITY
A037168,P09292,LIFT
A037169,P09293,LIFT
A037170,P09293,AIR_CONDITIONING
A037171,P09293,CLUBHOUSE
A037172,P09293,POWER_BACKUP
A037173,P09293,SECURITY
A037174,P09293,PARKING
A037175,P09294,POWER_BACKUP
A037176,P09294,AIR_CONDITIONING
A037177,P09295,POWER_BACKUP
A037178,P09295,WIFI
A037179,P09296,LIFT
A037180,P09296,WIFI
A037181,P09296,GARDEN
A037182,P09296,PARKING
A037183,P09297,POWER_BACKUP
A037184,P09297,AIR_CONDITIONING
A037185,P09297,CLUBHOUSE
A037186,P09297,GARDEN
A037187,P09298,SECURITY
A037188,P09298,POWER_BACKUP
A037189,P09298,SWIMMING_POOL
A037190,P09298,AIR_CONDITIONING
A037191,P09298,CLUBHOUSE
A037192,P09299,PARKING
A037193,P09299,GARDEN
A037194,P09299,SECURITY
A037195,P09299,POWER_BACKUP
A037196,P09299,LIFT
A037197,P09299,GYM
A037198,P09300,SECURITY
A037199,P09300,GYM
A037200,P09300,WIFI
A037201,P09300,GARDEN
A037202,P09300,PARKING
A037203,P09301,GARDEN
A037204,P09301,PARKING
A037205,P09301,LIFT
A037206,P09301,WIFI
A037207,P09301,SECURITY
A037208,P09302,CLUBHOUSE
A037209,P09302,GARDEN
A037210,P09302,LIFT
A037211,P09302,PARKING
A037212,P09302,AIR_CONDITIONING
A037213,P09303,AIR_CONDITIONING
A037214,P09303,LIFT
A037215,P09303,WIFI
A037216,P09303,SECURITY
A037217,P09304,CLUBHOUSE
A037218,P09304,WIFI
A037219,P09304,GARDEN
A037220,P09304,GYM
A037221,P09305,SWIMMING_POOL
A037222,P09305,PARKING
A037223,P09305,POWER_BACKUP
A037224,P09305,GARDEN
A037225,P09305,AIR_CONDITIONING
A037226,P09305,CLUBHOUSE
A037227,P09306,AIR_CONDITIONING
A037228,P09306,SWIMMING_POOL
A037229,P09306,GARDEN
A037230,P09306,POWER_BACKUP
A037231,P09306,CLUBHOUSE
A037232,P09306,LIFT
A037233,P09307,SECURITY
A037234,P09307,CLUBHOUSE
A037235,P09307,AIR_CONDITIONING
A037236,P09307,WIFI
A037237,P09307,SWIMMING_POOL
A037238,P09308,GYM
A037239,P09308,SWIMMING_POOL
A037240,P09308,SECURITY
A037241,P09309,WIFI
A037242,P09309,AIR_CONDITIONING
A037243,P09309,SECURITY
A037244,P09309,GYM
A037245,P09309,POWER_BACKUP
A037246,P09310,PARKING
A037247,P09310,SECURITY
A037248,P09310,SWIMMING_POOL
A037249,P09310,GARDEN
A037250,P09310,AIR_CONDITIONING
A037251,P09311,AIR_CONDITIONING
A037252,P09311,SECURITY
A037253,P09311,GARDEN
A037254,P09311,POWER_BACKUP
A037255,P09311,LIFT
A037256,P09312,CLUBHOUSE
A037257,P09312,LIFT
A037258,P09312,SWIMMING_POOL
A037259,P09313,CLUBHOUSE
A037260,P09313,WIFI
A037261,P09313,SWIMMING_POOL
A037262,P09313,GARDEN
A037263,P09314,AIR_CONDITIONING
A037264,P09314,GARDEN
A037265,P09315,LIFT
A037266,P09315,CLUBHOUSE
A037267,P09315,SECURITY
A037268,P09315,GYM
A037269,P09315,AIR_CONDITIONING
A037270,P09316,GARDEN
A037271,P09316,CLUBHOUSE
A037272,P09316,SWIMMING_POOL
A037273,P09316,GYM
A037274,P09316,PARKING
A037275,P09316,WIFI
A037276,P09317,WIFI
A037277,P09317,AIR_CONDITIONING
A037278,P09317,POWER_BACKUP
A037279,P09318,LIFT
A037280,P09318,GYM
A037281,P09318,GARDEN
A037282,P09319,SECURITY
A037283,P09319,POWER_BACKUP
A037284,P09319,WIFI
A037285,P09319,CLUBHOUSE
A037286,P09320,SECURITY
A037287,P09320,WIFI
A037288,P09320,GYM
A037289,P09321,GYM
A037290,P09321,AIR_CONDITIONING
A037291,P09321,PARKING
A037292,P09321,POWER_BACKUP
A037293,P09322,GARDEN
A037294,P09322,LIFT
A037295,P09322,POWER_BACKUP
A037296,P09323,LIFT
A037297,P09323,CLUBHOUSE
A037298,P09323,SECURITY
A037299,P09323,GYM
A037300,P09323,POWER_BACKUP
A037301,P09324,SWIMMING_POOL
A037302,P09324,CLUBHOUSE
A037303,P09324,GYM
A037304,P09325,POWER_BACKUP
A037305,P09325,SWIMMING_POOL
A037306,P09326,GYM
A037307,P09326,AIR_CONDITIONING
A037308,P09327,SWIMMING_POOL
A037309,P09327,LIFT
A037310,P09327,GARDEN
A037311,P09327,CLUBHOUSE
A037312,P09327,WIFI
A037313,P09328,WIFI
A037314,P09328,CLUBHOUSE
A037315,P09328,SWIMMING_POOL
A037316,P09329,CLUBHOUSE
A037317,P09329,PARKING
A037318,P09329,WIFI
A037319,P09329,SWIMMING_POOL
A037320,P09330,POWER_BACKUP
A037321,P09330,SECURITY
A037322,P09331,AIR_CONDITIONING
A037323,P09331,POWER_BACKUP
A037324,P09331,SWIMMING_POOL
A037325,P09331,PARKING
A037326,P09332,GYM
A037327,P09332,SWIMMING_POOL
A037328,P09333,POWER_BACKUP
A037329,P09333,AIR_CONDITIONING
A037330,P09334,SECURITY
A037331,P09334,CLUBHOUSE
A037332,P09334,WIFI
A037333,P09335,CLUBHOUSE
A037334,P09335,SECURITY
A037335,P09336,CLUBHOUSE
A037336,P09336,LIFT
A037337,P09337,CLUBHOUSE
A037338,P09337,POWER_BACKUP
A037339,P09337,GARDEN
A037340,P09337,LIFT
A037341,P09337,SWIMMING_POOL
A037342,P09337,SECURITY
A037343,P09338,POWER_BACKUP
A037344,P09338,AIR_CONDITIONING
A037345,P09338,SECURITY
A037346,P09339,LIFT
A037347,P09339,POWER_BACKUP
A037348,P09340,SWIMMING_POOL
A037349,P09340,GARDEN
A037350,P09340,LIFT
A037351,P09340,POWER_BACKUP
A037352,P09341,CLUBHOUSE
A037353,P09341,SECURITY
A037354,P09342,AIR_CONDITIONING
A037355,P09342,SECURITY
A037356,P09342,GYM
A037357,P09342,WIFI
A037358,P09343,PARKING
A037359,P09343,WIFI
A037360,P09343,SWIMMING_POOL
A037361,P09343,GYM
A037362,P09344,GYM
A037363,P09344,SECURITY
A037364,P09344,LIFT
A037365,P09344,POWER_BACKUP
A037366,P09344,SWIMMING_POOL
A037367,P09344,AIR_CONDITIONING
A037368,P09345,CLUBHOUSE
A037369,P09345,AIR_CONDITIONING
A037370,P09345,PARKING
A037371,P09345,POWER_BACKUP
A037372,P09345,LIFT
A037373,P09346,GYM
A037374,P09346,AIR_CONDITIONING
A037375,P09346,LIFT
A037376,P09346,CLUBHOUSE
A037377,P09346,SECURITY
A037378,P09346,WIFI
A037379,P09347,SECURITY
A037380,P09347,PARKING
A037381,P09348,WIFI
A037382,P09348,GARDEN
A037383,P09349,GYM
A037384,P09349,GARDEN
A037385,P09349,WIFI
A037386,P09350,WIFI
A037387,P09350,SWIMMING_POOL
A037388,P09351,PARKING
A037389,P09351,GARDEN
A037390,P09351,WIFI
A037391,P09351,SECURITY
A037392,P09351,GYM
A037393,P09352,AIR_CONDITIONING
A037394,P09352,PARKING
A037395,P09352,LIFT
A037396,P09352,SECURITY
A037397,P09353,SWIMMING_POOL
A037398,P09353,SECURITY
A037399,P09353,CLUBHOUSE
A037400,P09353,GARDEN
A037401,P09353,LIFT
A037402,P09354,PARKING
A037403,P09354,SWIMMING_POOL
A037404,P09354,CLUBHOUSE
A037405,P09354,AIR_CONDITIONING
A037406,P09354,GARDEN
A037407,P09354,LIFT
A037408,P09355,AIR_CONDITIONING
A037409,P09355,GYM
A037410,P09355,POWER_BACKUP
A037411,P09355,SECURITY
A037412,P09356,SECURITY
A037413,P09356,AIR_CONDITIONING
A037414,P09357,SECURITY
A037415,P09357,POWER_BACKUP
A037416,P09357,PARKING
A037417,P09357,GYM
A037418,P09357,SWIMMING_POOL
A037419,P09358,SECURITY
A037420,P09358,AIR_CONDITIONING
A037421,P09359,AIR_CONDITIONING
A037422,P09359,WIFI
A037423,P09359,GYM
A037424,P09359,SWIMMING_POOL
A037425,P09359,CLUBHOUSE
A037426,P09360,POWER_BACKUP
A037427,P09360,AIR_CONDITIONING
A037428,P09361,AIR_CONDITIONING
A037429,P09361,POWER_BACKUP
A037430,P09362,LIFT
A037431,P09362,POWER_BACKUP
A037432,P09362,CLUBHOUSE
A037433,P09363,SWIMMING_POOL
A037434,P09363,POWER_BACKUP
A037435,P09363,GARDEN
A037436,P09364,GYM
A037437,P09364,CLUBHOUSE
A037438,P09364,LIFT
A037439,P09364,SECURITY
A037440,P09364,AIR_CONDITIONING
A037441,P09365,WIFI
A037442,P09365,GARDEN
A037443,P09365,SWIMMING_POOL
A037444,P09365,AIR_CONDITIONING
A037445,P09365,SECURITY
A037446,P09365,POWER_BACKUP
A037447,P09366,CLUBHOUSE
A037448,P09366,SWIMMING_POOL
A037449,P09366,WIFI
A037450,P09367,SECURITY
A037451,P09367,PARKING
A037452,P09367,POWER_BACKUP
A037453,P09367,GARDEN
A037454,P09367,WIFI
A037455,P09368,AIR_CONDITIONING
A037456,P09368,CLUBHOUSE
A037457,P09368,LIFT
A037458,P09369,SECURITY
A037459,P09369,GYM
A037460,P09369,POWER_BACKUP
A037461,P09369,SWIMMING_POOL
A037462,P09369,PARKING
A037463,P09369,GARDEN
A037464,P09370,GYM
A037465,P09370,PARKING
A037466,P09370,SWIMMING_POOL
A037467,P09370,AIR_CONDITIONING
A037468,P09371,POWER_BACKUP
A037469,P09371,LIFT
A037470,P09372,AIR_CONDITIONING
A037471,P09372,SECURITY
A037472,P09373,LIFT
A037473,P09373,AIR_CONDITIONING
A037474,P09373,SWIMMING_POOL
A037475,P09373,PARKING
A037476,P09373,WIFI
A037477,P09374,SWIMMING_POOL
A037478,P09374,GARDEN
A037479,P09375,GARDEN
A037480,P09375,WIFI
A037481,P09375,POWER_BACKUP
A037482,P09376,PARKING
A037483,P09376,WIFI
A037484,P09376,SECURITY
A037485,P09376,POWER_BACKUP
A037486,P09376,CLUBHOUSE
A037487,P09376,SWIMMING_POOL
A037488,P09377,GYM
A037489,P09377,SECURITY
A037490,P09377,WIFI
A037491,P09377,CLUBHOUSE
A037492,P09378,PARKING
A037493,P09378,WIFI
A037494,P09379,SECURITY
A037495,P09379,CLUBHOUSE
A037496,P09379,POWER_BACKUP
A037497,P09380,SWIMMING_POOL
A037498,P09380,SECURITY
A037499,P09381,GARDEN
A037500,P09381,WIFI
A037501,P09381,SWIMMING_POOL
A037502,P09381,PARKING
A037503,P09381,AIR_CONDITIONING
A037504,P09382,GARDEN
A037505,P09382,LIFT
A037506,P09382,CLUBHOUSE
A037507,P09382,POWER_BACKUP
A037508,P09382,SWIMMING_POOL
A037509,P09382,PARKING
A037510,P09383,SWIMMING_POOL
A037511,P09383,GARDEN
A037512,P09383,LIFT
A037513,P09383,POWER_BACKUP
A037514,P09383,WIFI
A037515,P09383,AIR_CONDITIONING
A037516,P09384,WIFI
A037517,P09384,CLUBHOUSE
A037518,P09384,POWER_BACKUP
A037519,P09384,LIFT
A037520,P09385,WIFI
A037521,P09385,AIR_CONDITIONING
A037522,P09385,POWER_BACKUP
A037523,P09385,SECURITY
A037524,P09385,SWIMMING_POOL
A037525,P09386,AIR_CONDITIONING
A037526,P09386,LIFT
A037527,P09386,SECURITY
A037528,P09386,GYM
A037529,P09386,PARKING
A037530,P09387,PARKING
A037531,P09387,WIFI
A037532,P09387,CLUBHOUSE
A037533,P09387,GARDEN
A037534,P09387,POWER_BACKUP
A037535,P09388,GARDEN
A037536,P09388,POWER_BACKUP
A037537,P09388,LIFT
A037538,P09388,CLUBHOUSE
A037539,P09389,SWIMMING_POOL
A037540,P09389,AIR_CONDITIONING
A037541,P09389,WIFI
A037542,P09389,LIFT
A037543,P09390,GYM
A037544,P09390,CLUBHOUSE
A037545,P09390,POWER_BACKUP
A037546,P09390,PARKING
A037547,P09390,WIFI
A037548,P09390,GARDEN
A037549,P09391,CLUBHOUSE
A037550,P09391,POWER_BACKUP
A037551,P09391,SECURITY
A037552,P09391,LIFT
A037553,P09392,CLUBHOUSE
A037554,P09392,SECURITY
A037555,P09392,GYM
A037556,P09393,WIFI
A037557,P09393,AIR_CONDITIONING
A037558,P09393,GARDEN
A037559,P09393,SWIMMING_POOL
A037560,P09393,PARKING
A037561,P09393,SECURITY
A037562,P09394,POWER_BACKUP
A037563,P09394,AIR_CONDITIONING
A037564,P09395,GYM
A037565,P09395,GARDEN
A037566,P09395,SECURITY
A037567,P09395,LIFT
A037568,P09395,POWER_BACKUP
A037569,P09395,AIR_CONDITIONING
A037570,P09396,LIFT
A037571,P09396,PARKING
A037572,P09396,WIFI
A037573,P09396,SWIMMING_POOL
A037574,P09397,GYM
A037575,P09397,LIFT
A037576,P09397,CLUBHOUSE
A037577,P09397,SECURITY
A037578,P09398,GYM
A037579,P09398,LIFT
A037580,P09398,AIR_CONDITIONING
A037581,P09399,LIFT
A037582,P09399,GYM
A037583,P09399,SWIMMING_POOL
A037584,P09399,POWER_BACKUP
A037585,P09399,WIFI
A037586,P09400,PARKING
A037587,P09400,POWER_BACKUP
A037588,P09400,GARDEN
A037589,P09400,CLUBHOUSE
A037590,P09400,GYM
A037591,P09401,GARDEN
A037592,P09401,PARKING
A037593,P09401,CLUBHOUSE
A037594,P09401,POWER_BACKUP
A037595,P09401,LIFT
A037596,P09402,SECURITY
A037597,P09402,PARKING
A037598,P09402,AIR_CONDITIONING
A037599,P09403,LIFT
A037600,P09403,CLUBHOUSE
A037601,P09403,PARKING
A037602,P09403,GYM
A037603,P09404,CLUBHOUSE
A037604,P09404,GARDEN
A037605,P09405,SECURITY
A037606,P09405,WIFI
A037607,P09405,PARKING
A037608,P09405,GARDEN
A037609,P09405,LIFT
A037610,P09406,PARKING
A037611,P09406,SECURITY
A037612,P09406,POWER_BACKUP
A037613,P09406,GYM
A037614,P09406,GARDEN
A037615,P09407,SWIMMING_POOL
A037616,P09407,PARKING
A037617,P09407,POWER_BACKUP
A037618,P09407,GYM
A037619,P09407,WIFI
A037620,P09407,CLUBHOUSE
A037621,P09408,CLUBHOUSE
A037622,P09408,PARKING
A037623,P09409,SECURITY
A037624,P09409,WIFI
A037625,P09409,POWER_BACKUP
A037626,P09409,CLUBHOUSE
A037627,P09409,LIFT
A037628,P09409,PARKING
A037629,P09410,SECURITY
A037630,P09410,LIFT
A037631,P09410,WIFI
A037632,P09410,PARKING
A037633,P09411,WIFI
A037634,P09411,SECURITY
A037635,P09412,POWER_BACKUP
A037636,P09412,PARKING
A037637,P09412,CLUBHOUSE
A037638,P09412,AIR_CONDITIONING
A037639,P09412,SWIMMING_POOL
A037640,P09413,GARDEN
A037641,P09413,LIFT
A037642,P09414,SWIMMING_POOL
A037643,P09414,WIFI
A037644,P09414,GYM
A037645,P09414,PARKING
A037646,P09415,GYM
A037647,P09415,LIFT
A037648,P09415,SWIMMING_POOL
A037649,P09416,GARDEN
A037650,P09416,SWIMMING_POOL
A037651,P09416,LIFT
A037652,P09416,CLUBHOUSE
A037653,P09417,GYM
A037654,P09417,GARDEN
A037655,P09417,SECURITY
A037656,P09417,AIR_CONDITIONING
A037657,P09418,SECURITY
A037658,P09418,GYM
A037659,P09418,PARKING
A037660,P09418,WIFI
A037661,P09419,SWIMMING_POOL
A037662,P09419,CLUBHOUSE
A037663,P09419,GYM
A037664,P09419,PARKING
A037665,P09420,LIFT
A037666,P09420,CLUBHOUSE
A037667,P09420,PARKING
A037668,P09421,GYM
A037669,P09421,GARDEN
A037670,P09421,WIFI
A037671,P09421,PARKING
A037672,P09421,POWER_BACKUP
A037673,P09421,AIR_CONDITIONING
A037674,P09422,LIFT
A037675,P09422,GYM
A037676,P09422,PARKING
A037677,P09422,SECURITY
A037678,P09422,SWIMMING_POOL
A037679,P09423,GARDEN
A037680,P09423,POWER_BACKUP
A037681,P09423,SECURITY
A037682,P09423,CLUBHOUSE
A037683,P09423,GYM
A037684,P09424,PARKING
A037685,P09424,AIR_CONDITIONING
A037686,P09424,WIFI
A037687,P09424,SECURITY
A037688,P09424,SWIMMING_POOL
A037689,P09424,LIFT
A037690,P09425,LIFT
A037691,P09425,AIR_CONDITIONING
A037692,P09425,GYM
A037693,P09425,POWER_BACKUP
A037694,P09425,SWIMMING_POOL
A037695,P09425,WIFI
A037696,P09426,SWIMMING_POOL
A037697,P09426,PARKING
A037698,P09427,POWER_BACKUP
A037699,P09427,GYM
A037700,P09427,WIFI
A037701,P09427,AIR_CONDITIONING
A037702,P09427,LIFT
A037703,P09427,PARKING
A037704,P09428,SWIMMING_POOL
A037705,P09428,GARDEN
A037706,P09428,GYM
A037707,P09428,LIFT
A037708,P09428,PARKING
A037709,P09429,SWIMMING_POOL
A037710,P09429,CLUBHOUSE
A037711,P09429,LIFT
A037712,P09430,PARKING
A037713,P09430,SECURITY
A037714,P09430,AIR_CONDITIONING
A037715,P09430,LIFT
A037716,P09431,GARDEN
A037717,P09431,POWER_BACKUP
A037718,P09431,PARKING
A037719,P09431,WIFI
A037720,P09431,AIR_CONDITIONING
A037721,P09432,CLUBHOUSE
A037722,P09432,GARDEN
A037723,P09432,PARKING
A037724,P09432,SECURITY
A037725,P09433,GYM
A037726,P09433,GARDEN
A037727,P09434,WIFI
A037728,P09434,AIR_CONDITIONING
A037729,P09434,LIFT
A037730,P09434,POWER_BACKUP
A037731,P09434,GYM
A037732,P09435,WIFI
A037733,P09435,POWER_BACKUP
A037734,P09435,AIR_CONDITIONING
A037735,P09436,SECURITY
A037736,P09436,LIFT
A037737,P09437,GARDEN
A037738,P09437,LIFT
A037739,P09437,POWER_BACKUP
A037740,P09438,CLUBHOUSE
A037741,P09438,GARDEN
A037742,P09439,AIR_CONDITIONING
A037743,P09439,GARDEN
A037744,P09440,PARKING
A037745,P09440,SWIMMING_POOL
A037746,P09441,LIFT
A037747,P09441,CLUBHOUSE
A037748,P09441,AIR_CONDITIONING
A037749,P09442,SWIMMING_POOL
A037750,P09442,GYM
A037751,P09442,POWER_BACKUP
A037752,P09443,LIFT
A037753,P09443,POWER_BACKUP
A037754,P09444,AIR_CONDITIONING
A037755,P09444,WIFI
A037756,P09444,PARKING
A037757,P09445,SECURITY
A037758,P09445,POWER_BACKUP
A037759,P09445,AIR_CONDITIONING
A037760,P09445,PARKING
A037761,P09445,WIFI
A037762,P09446,GYM
A037763,P09446,PARKING
A037764,P09446,LIFT
A037765,P09447,WIFI
A037766,P09447,LIFT
A037767,P09447,POWER_BACKUP
A037768,P09447,AIR_CONDITIONING
A037769,P09447,PARKING
A037770,P09447,GARDEN
A037771,P09448,CLUBHOUSE
A037772,P09448,SWIMMING_POOL
A037773,P09448,AIR_CONDITIONING
A037774,P09449,SWIMMING_POOL
A037775,P09449,POWER_BACKUP
A037776,P09450,PARKING
A037777,P09450,LIFT
A037778,P09450,GYM
A037779,P09451,PARKING
A037780,P09451,CLUBHOUSE
A037781,P09452,POWER_BACKUP
A037782,P09452,CLUBHOUSE
A037783,P09453,POWER_BACKUP
A037784,P09453,GARDEN
A037785,P09453,SECURITY
A037786,P09453,AIR_CONDITIONING
A037787,P09454,GARDEN
A037788,P09454,PARKING
A037789,P09455,LIFT
A037790,P09455,WIFI
A037791,P09455,POWER_BACKUP
A037792,P09455,AIR_CONDITIONING
A037793,P09456,WIFI
A037794,P09456,PARKING
A037795,P09456,AIR_CONDITIONING
A037796,P09456,POWER_BACKUP
A037797,P09456,CLUBHOUSE
A037798,P09456,SWIMMING_POOL
A037799,P09457,POWER_BACKUP
A037800,P09457,LIFT
A037801,P09457,GARDEN
A037802,P09457,SWIMMING_POOL
A037803,P09457,WIFI
A037804,P09457,PARKING
A037805,P09458,AIR_CONDITIONING
A037806,P09458,LIFT
A037807,P09459,POWER_BACKUP
A037808,P09459,SWIMMING_POOL
A037809,P09459,WIFI
A037810,P09459,SECURITY
A037811,P09459,AIR_CONDITIONING
A037812,P09459,GARDEN
A037813,P09460,WIFI
A037814,P09460,LIFT
A037815,P09460,CLUBHOUSE
A037816,P09460,AIR_CONDITIONING
A037817,P09461,LIFT
A037818,P09461,AIR_CONDITIONING
A037819,P09461,GYM
A037820,P09461,POWER_BACKUP
A037821,P09461,SECURITY
A037822,P09461,WIFI
A037823,P09462,WIFI
A037824,P09462,GARDEN
A037825,P09463,SWIMMING_POOL
A037826,P09463,GARDEN
A037827,P09463,GYM
A037828,P09463,POWER_BACKUP
A037829,P09463,WIFI
A037830,P09464,GARDEN
A037831,P09464,POWER_BACKUP
A037832,P09464,LIFT
A037833,P09464,AIR_CONDITIONING
A037834,P09464,SECURITY
A037835,P09464,SWIMMING_POOL
A037836,P09465,LIFT
A037837,P09465,CLUBHOUSE
A037838,P09465,SECURITY
A037839,P09465,WIFI
A037840,P09465,GYM
A037841,P09466,SECURITY
A037842,P09466,LIFT
A037843,P09466,GARDEN
A037844,P09467,CLUBHOUSE
A037845,P09467,PARKING
A037846,P09467,SECURITY
A037847,P09467,SWIMMING_POOL
A037848,P09467,AIR_CONDITIONING
A037849,P09467,GARDEN
A037850,P09468,LIFT
A037851,P09468,CLUBHOUSE
A037852,P09468,SWIMMING_POOL
A037853,P09468,GARDEN
A037854,P09468,WIFI
A037855,P09469,CLUBHOUSE
A037856,P09469,PARKING
A037857,P09469,GARDEN
A037858,P09469,POWER_BACKUP
A037859,P09469,WIFI
A037860,P09470,LIFT
A037861,P09470,SWIMMING_POOL
A037862,P09470,CLUBHOUSE
A037863,P09470,PARKING
A037864,P09470,SECURITY
A037865,P09471,AIR_CONDITIONING
A037866,P09471,CLUBHOUSE
A037867,P09471,POWER_BACKUP
A037868,P09472,LIFT
A037869,P09472,SWIMMING_POOL
A037870,P09472,WIFI
A037871,P09473,POWER_BACKUP
A037872,P09473,SECURITY
A037873,P09474,PARKING
A037874,P09474,CLUBHOUSE
A037875,P09475,GYM
A037876,P09475,POWER_BACKUP
A037877,P09475,PARKING
A037878,P09475,AIR_CONDITIONING
A037879,P09475,SWIMMING_POOL
A037880,P09475,CLUBHOUSE
A037881,P09476,GYM
A037882,P09476,SWIMMING_POOL
A037883,P09476,CLUBHOUSE
A037884,P09477,SWIMMING_POOL
A037885,P09477,SECURITY
A037886,P09477,GARDEN
A037887,P09478,CLUBHOUSE
A037888,P09478,POWER_BACKUP
A037889,P09479,SECURITY
A037890,P09479,SWIMMING_POOL
A037891,P09480,GYM
A037892,P09480,PARKING
A037893,P09480,SECURITY
A037894,P09480,LIFT
A037895,P09481,GARDEN
A037896,P09481,AIR_CONDITIONING
A037897,P09481,SECURITY
A037898,P09481,POWER_BACKUP
A037899,P09481,CLUBHOUSE
A037900,P09482,WIFI
A037901,P09482,SECURITY
A037902,P09482,SWIMMING_POOL
A037903,P09483,SWIMMING_POOL
A037904,P09483,PARKING
A037905,P09483,SECURITY
A037906,P09483,CLUBHOUSE
A037907,P09484,GYM
A037908,P09484,WIFI
A037909,P09484,SWIMMING_POOL
A037910,P09484,AIR_CONDITIONING
A037911,P09484,SECURITY
A037912,P09485,GYM
A037913,P09485,GARDEN
A037914,P09485,CLUBHOUSE
A037915,P09485,AIR_CONDITIONING
A037916,P09486,PARKING
A037917,P09486,SWIMMING_POOL
A037918,P09486,WIFI
A037919,P09486,AIR_CONDITIONING
A037920,P09487,WIFI
A037921,P09487,LIFT
A037922,P09488,SWIMMING_POOL
A037923,P09488,PARKING
A037924,P09488,AIR_CONDITIONING
A037925,P09489,SWIMMING_POOL
A037926,P09489,LIFT
A037927,P09489,WIFI
A037928,P09489,GARDEN
A037929,P09489,PARKING
A037930,P09489,AIR_CONDITIONING
A037931,P09490,SECURITY
A037932,P09490,CLUBHOUSE
A037933,P09491,GARDEN
A037934,P09491,LIFT
A037935,P09491,AIR_CONDITIONING
A037936,P09491,POWER_BACKUP
A037937,P09491,WIFI
A037938,P09492,GARDEN
A037939,P09492,SWIMMING_POOL
A037940,P09492,WIFI
A037941,P09493,SWIMMING_POOL
A037942,P09493,GYM
A037943,P09494,PARKING
A037944,P09494,CLUBHOUSE
A037945,P09494,LIFT
A037946,P09495,WIFI
A037947,P09495,GYM
A037948,P09495,POWER_BACKUP
A037949,P09495,SECURITY
A037950,P09495,GARDEN
A037951,P09496,GYM
A037952,P09496,GARDEN
A037953,P09496,PARKING
A037954,P09496,WIFI
A037955,P09496,POWER_BACKUP
A037956,P09496,SECURITY
A037957,P09497,GARDEN
A037958,P09497,SECURITY
A037959,P09497,CLUBHOUSE
A037960,P09497,SWIMMING_POOL
A037961,P09497,POWER_BACKUP
A037962,P09497,LIFT
A037963,P09498,GARDEN
A037964,P09498,POWER_BACKUP
A037965,P09498,WIFI
A037966,P09499,CLUBHOUSE
A037967,P09499,SECURITY
A037968,P09500,SWIMMING_POOL
A037969,P09500,GYM
A037970,P09500,AIR_CONDITIONING
A037971,P09500,GARDEN
A037972,P09500,PARKING
A037973,P09500,CLUBHOUSE
A037974,P09501,AIR_CONDITIONING
A037975,P09501,POWER_BACKUP
A037976,P09501,WIFI
A037977,P09501,GYM
A037978,P09501,SWIMMING_POOL
A037979,P09501,GARDEN
A037980,P09502,POWER_BACKUP
A037981,P09502,LIFT
A037982,P09502,SWIMMING_POOL
A037983,P09502,WIFI
A037984,P09502,GYM
A037985,P09502,SECURITY
A037986,P09503,PARKING
A037987,P09503,WIFI
A037988,P09503,LIFT
A037989,P09503,GYM
A037990,P09503,AIR_CONDITIONING
A037991,P09504,SWIMMING_POOL
A037992,P09504,PARKING
A037993,P09504,LIFT
A037994,P09504,SECURITY
A037995,P09505,LIFT
A037996,P09505,AIR_CONDITIONING
A037997,P09505,SWIMMING_POOL
A037998,P09505,POWER_BACKUP
A037999,P09505,PARKING
A038000,P09505,GYM
A038001,P09506,GYM
A038002,P09506,AIR_CONDITIONING
A038003,P09506,SECURITY
A038004,P09507,SWIMMING_POOL
A038005,P09507,POWER_BACKUP
A038006,P09508,POWER_BACKUP
A038007,P09508,SWIMMING_POOL
A038008,P09509,GYM
A038009,P09509,PARKING
A038010,P09509,CLUBHOUSE
A038011,P09510,GYM
A038012,P09510,LIFT
A038013,P09510,SWIMMING_POOL
A038014,P09510,SECURITY
A038015,P09511,SECURITY
A038016,P09511,LIFT
A038017,P09511,CLUBHOUSE
A038018,P09511,POWER_BACKUP
A038019,P09512,GARDEN
A038020,P09512,LIFT
A038021,P09512,WIFI
A038022,P09512,SECURITY
A038023,P09512,CLUBHOUSE
A038024,P09513,SWIMMING_POOL
A038025,P09513,CLUBHOUSE
A038026,P09513,GARDEN
A038027,P09514,PARKING
A038028,P09514,AIR_CONDITIONING
A038029,P09515,CLUBHOUSE
A038030,P09515,LIFT
A038031,P09515,AIR_CONDITIONING
A038032,P09516,AIR_CONDITIONING
A038033,P09516,LIFT
A038034,P09516,POWER_BACKUP
A038035,P09516,GARDEN
A038036,P09516,GYM
A038037,P09516,PARKING
A038038,P09517,SWIMMING_POOL
A038039,P09517,GARDEN
A038040,P09518,POWER_BACKUP
A038041,P09518,SECURITY
A038042,P09518,PARKING
A038043,P09518,CLUBHOUSE
A038044,P09519,LIFT
A038045,P09519,WIFI
A038046,P09519,GYM
A038047,P09519,SECURITY
A038048,P09519,AIR_CONDITIONING
A038049,P09520,AIR_CONDITIONING
A038050,P09520,WIFI
A038051,P09520,POWER_BACKUP
A038052,P09521,GYM
A038053,P09521,LIFT
A038054,P09521,PARKING
A038055,P09522,PARKING
A038056,P09522,POWER_BACKUP
A038057,P09522,SWIMMING_POOL
A038058,P09522,CLUBHOUSE
A038059,P09522,AIR_CONDITIONING
A038060,P09523,CLUBHOUSE
A038061,P09523,LIFT
A038062,P09523,WIFI
A038063,P09523,SECURITY
A038064,P09524,GYM
A038065,P09524,GARDEN
A038066,P09524,LIFT
A038067,P09524,WIFI
A038068,P09524,POWER_BACKUP
A038069,P09525,LIFT
A038070,P09525,GARDEN
A038071,P09525,POWER_BACKUP
A038072,P09526,SWIMMING_POOL
A038073,P09526,PARKING
A038074,P09526,AIR_CONDITIONING
A038075,P09527,LIFT
A038076,P09527,PARKING
A038077,P09527,SWIMMING_POOL
A038078,P09527,POWER_BACKUP
A038079,P09527,AIR_CONDITIONING
A038080,P09527,SECURITY
A038081,P09528,GYM
A038082,P09528,SWIMMING_POOL
A038083,P09528,POWER_BACKUP
A038084,P09528,PARKING
A038085,P09529,AIR_CONDITIONING
A038086,P09529,PARKING
A038087,P09529,LIFT
A038088,P09529,SWIMMING_POOL
A038089,P09529,GYM
A038090,P09530,GARDEN
A038091,P09530,CLUBHOUSE
A038092,P09530,WIFI
A038093,P09530,LIFT
A038094,P09530,SWIMMING_POOL
A038095,P09531,GYM
A038096,P09531,AIR_CONDITIONING
A038097,P09531,WIFI
A038098,P09532,PARKING
A038099,P09532,SWIMMING_POOL
A038100,P09532,CLUBHOUSE
A038101,P09532,LIFT
A038102,P09532,GARDEN
A038103,P09532,AIR_CONDITIONING
A038104,P09533,LIFT
A038105,P09533,SWIMMING_POOL
A038106,P09533,GARDEN
A038107,P09533,POWER_BACKUP
A038108,P09534,GARDEN
A038109,P09534,PARKING
A038110,P09534,SWIMMING_POOL
A038111,P09534,POWER_BACKUP
A038112,P09534,AIR_CONDITIONING
A038113,P09535,POWER_BACKUP
A038114,P09535,GYM
A038115,P09535,PARKING
A038116,P09535,AIR_CONDITIONING
A038117,P09535,WIFI
A038118,P09535,GARDEN
A038119,P09536,GYM
A038120,P09536,SWIMMING_POOL
A038121,P09537,WIFI
A038122,P09537,POWER_BACKUP
A038123,P09538,CLUBHOUSE
A038124,P09538,PARKING
A038125,P09538,LIFT
A038126,P09538,GYM
A038127,P09539,POWER_BACKUP
A038128,P09539,SWIMMING_POOL
A038129,P09540,AIR_CONDITIONING
A038130,P09540,WIFI
A038131,P09540,LIFT
A038132,P09540,SECURITY
A038133,P09541,CLUBHOUSE
A038134,P09541,PARKING
A038135,P09541,GYM
A038136,P09541,LIFT
A038137,P09541,AIR_CONDITIONING
A038138,P09542,LIFT
A038139,P09542,PARKING
A038140,P09542,WIFI
A038141,P09543,CLUBHOUSE
A038142,P09543,POWER_BACKUP
A038143,P09543,AIR_CONDITIONING
A038144,P09543,PARKING
A038145,P09543,LIFT
A038146,P09544,POWER_BACKUP
A038147,P09544,WIFI
A038148,P09544,CLUBHOUSE
A038149,P09545,PARKING
A038150,P09545,WIFI
A038151,P09546,AIR_CONDITIONING
A038152,P09546,SECURITY
A038153,P09546,SWIMMING_POOL
A038154,P09546,CLUBHOUSE
A038155,P09547,PARKING
A038156,P09547,GYM
A038157,P09547,CLUBHOUSE
A038158,P09547,AIR_CONDITIONING
A038159,P09547,POWER_BACKUP
A038160,P09547,SECURITY
A038161,P09548,GYM
A038162,P09548,POWER_BACKUP
A038163,P09549,GARDEN
A038164,P09549,WIFI
A038165,P09549,GYM
A038166,P09549,CLUBHOUSE
A038167,P09549,POWER_BACKUP
A038168,P09549,AIR_CONDITIONING
A038169,P09550,CLUBHOUSE
A038170,P09550,SWIMMING_POOL
A038171,P09550,SECURITY
A038172,P09551,WIFI
A038173,P09551,CLUBHOUSE
A038174,P09551,AIR_CONDITIONING
A038175,P09552,GARDEN
A038176,P09552,AIR_CONDITIONING
A038177,P09552,WIFI
A038178,P09552,POWER_BACKUP
A038179,P09553,AIR_CONDITIONING
A038180,P09553,SECURITY
A038181,P09553,SWIMMING_POOL
A038182,P09554,WIFI
A038183,P09554,GARDEN
A038184,P09554,POWER_BACKUP
A038185,P09554,CLUBHOUSE
A038186,P09554,LIFT
A038187,P09555,AIR_CONDITIONING
A038188,P09555,SECURITY
A038189,P09555,GARDEN
A038190,P09555,GYM
A038191,P09555,LIFT
A038192,P09556,GYM
A038193,P09556,WIFI
A038194,P09556,SWIMMING_POOL
A038195,P09556,CLUBHOUSE
A038196,P09556,SECURITY
A038197,P09556,LIFT
A038198,P09557,GYM
A038199,P09557,LIFT
A038200,P09557,WIFI
A038201,P09557,PARKING
A038202,P09557,AIR_CONDITIONING
A038203,P09557,CLUBHOUSE
A038204,P09558,GYM
A038205,P09558,PARKING
A038206,P09558,SWIMMING_POOL
A038207,P09558,WIFI
A038208,P09558,GARDEN
A038209,P09559,AIR_CONDITIONING
A038210,P09559,SECURITY
A038211,P09559,GYM
A038212,P09559,WIFI
A038213,P09559,SWIMMING_POOL
A038214,P09559,PARKING
A038215,P09560,GARDEN
A038216,P09560,AIR_CONDITIONING
A038217,P09560,SECURITY
A038218,P09560,WIFI
A038219,P09560,POWER_BACKUP
A038220,P09561,POWER_BACKUP
A038221,P09561,AIR_CONDITIONING
A038222,P09561,WIFI
A038223,P09561,CLUBHOUSE
A038224,P09561,SECURITY
A038225,P09561,PARKING
A038226,P09562,WIFI
A038227,P09562,SWIMMING_POOL
A038228,P09563,SWIMMING_POOL
A038229,P09563,CLUBHOUSE
A038230,P09563,AIR_CONDITIONING
A038231,P09563,POWER_BACKUP
A038232,P09563,LIFT
A038233,P09563,PARKING
A038234,P09564,SWIMMING_POOL
A038235,P09564,POWER_BACKUP
A038236,P09564,GYM
A038237,P09564,WIFI
A038238,P09564,CLUBHOUSE
A038239,P09564,LIFT
A038240,P09565,WIFI
A038241,P09565,POWER_BACKUP
A038242,P09565,AIR_CONDITIONING
A038243,P09565,LIFT
A038244,P09565,GARDEN
A038245,P09566,POWER_BACKUP
A038246,P09566,GYM
A038247,P09566,AIR_CONDITIONING
A038248,P09567,LIFT
A038249,P09567,WIFI
A038250,P09567,AIR_CONDITIONING
A038251,P09568,GARDEN
A038252,P09568,POWER_BACKUP
A038253,P09568,SECURITY
A038254,P09568,WIFI
A038255,P09569,SECURITY
A038256,P09569,SWIMMING_POOL
A038257,P09569,GYM
A038258,P09569,WIFI
A038259,P09570,SECURITY
A038260,P09570,PARKING
A038261,P09570,GYM
A038262,P09571,LIFT
A038263,P09571,AIR_CONDITIONING
A038264,P09571,SWIMMING_POOL
A038265,P09571,CLUBHOUSE
A038266,P09571,PARKING
A038267,P09571,WIFI
A038268,P09572,CLUBHOUSE
A038269,P09572,GARDEN
A038270,P09572,SWIMMING_POOL
A038271,P09572,LIFT
A038272,P09572,SECURITY
A038273,P09573,POWER_BACKUP
A038274,P09573,PARKING
A038275,P09573,SWIMMING_POOL
A038276,P09574,SWIMMING_POOL
A038277,P09574,LIFT
A038278,P09574,WIFI
A038279,P09574,SECURITY
A038280,P09574,AIR_CONDITIONING
A038281,P09575,PARKING
A038282,P09575,AIR_CONDITIONING
A038283,P09575,WIFI
A038284,P09576,CLUBHOUSE
A038285,P09576,PARKING
A038286,P09576,GYM
A038287,P09576,WIFI
A038288,P09577,POWER_BACKUP
A038289,P09577,AIR_CONDITIONING
A038290,P09578,SECURITY
A038291,P09578,LIFT
A038292,P09578,GARDEN
A038293,P09579,LIFT
A038294,P09579,PARKING
A038295,P09579,AIR_CONDITIONING
A038296,P09579,SECURITY
A038297,P09579,GYM
A038298,P09580,PARKING
A038299,P09580,CLUBHOUSE
A038300,P09581,LIFT
A038301,P09581,SECURITY
A038302,P09582,LIFT
A038303,P09582,AIR_CONDITIONING
A038304,P09583,SWIMMING_POOL
A038305,P09583,POWER_BACKUP
A038306,P09583,PARKING
A038307,P09584,SECURITY
A038308,P09584,LIFT
A038309,P09584,SWIMMING_POOL
A038310,P09584,CLUBHOUSE
A038311,P09584,AIR_CONDITIONING
A038312,P09584,GYM
A038313,P09585,GARDEN
A038314,P09585,SWIMMING_POOL
A038315,P09586,CLUBHOUSE
A038316,P09586,PARKING
A038317,P09586,AIR_CONDITIONING
A038318,P09586,LIFT
A038319,P09586,GARDEN
A038320,P09586,SWIMMING_POOL
A038321,P09587,LIFT
A038322,P09587,POWER_BACKUP
A038323,P09587,AIR_CONDITIONING
A038324,P09588,SECURITY
A038325,P09588,GYM
A038326,P09589,GYM
A038327,P09589,POWER_BACKUP
A038328,P09589,WIFI
A038329,P09589,PARKING
A038330,P09589,CLUBHOUSE
A038331,P09589,LIFT
A038332,P09590,GYM
A038333,P09590,LIFT
A038334,P09590,CLUBHOUSE
A038335,P09590,SECURITY
A038336,P09590,POWER_BACKUP
A038337,P09590,SWIMMING_POOL
A038338,P09591,SWIMMING_POOL
A038339,P09591,WIFI
A038340,P09591,PARKING
A038341,P09591,AIR_CONDITIONING
A038342,P09591,SECURITY
A038343,P09592,GYM
A038344,P09592,LIFT
A038345,P09592,POWER_BACKUP
A038346,P09592,CLUBHOUSE
A038347,P09593,CLUBHOUSE
A038348,P09593,WIFI
A038349,P09593,SWIMMING_POOL
A038350,P09593,AIR_CONDITIONING
A038351,P09593,POWER_BACKUP
A038352,P09593,GARDEN
A038353,P09594,LIFT
A038354,P09594,SWIMMING_POOL
A038355,P09594,POWER_BACKUP
A038356,P09595,CLUBHOUSE
A038357,P09595,GYM
A038358,P09595,POWER_BACKUP
A038359,P09596,SWIMMING_POOL
A038360,P09596,CLUBHOUSE
A038361,P09596,SECURITY
A038362,P09596,AIR_CONDITIONING
A038363,P09596,POWER_BACKUP
A038364,P09597,GARDEN
A038365,P09597,WIFI
A038366,P09597,AIR_CONDITIONING
A038367,P09598,GARDEN
A038368,P09598,POWER_BACKUP
A038369,P09599,GARDEN
A038370,P09599,GYM
A038371,P09599,WIFI
A038372,P09599,SWIMMING_POOL
A038373,P09599,SECURITY
A038374,P09600,CLUBHOUSE
A038375,P09600,SWIMMING_POOL
A038376,P09600,PARKING
A038377,P09600,SECURITY
A038378,P09600,AIR_CONDITIONING
A038379,P09600,POWER_BACKUP
A038380,P09601,WIFI
A038381,P09601,AIR_CONDITIONING
A038382,P09601,SECURITY
A038383,P09602,WIFI
A038384,P09602,LIFT
A038385,P09602,PARKING
A038386,P09602,SECURITY
A038387,P09603,SWIMMING_POOL
A038388,P09603,GARDEN
A038389,P09603,POWER_BACKUP
A038390,P09603,WIFI
A038391,P09603,PARKING
A038392,P09603,AIR_CONDITIONING
A038393,P09604,AIR_CONDITIONING
A038394,P09604,PARKING
A038395,P09605,POWER_BACKUP
A038396,P09605,PARKING
A038397,P09606,POWER_BACKUP
A038398,P09606,PARKING
A038399,P09607,SECURITY
A038400,P09607,AIR_CONDITIONING
A038401,P09607,PARKING
A038402,P09607,POWER_BACKUP
A038403,P09607,LIFT
A038404,P09607,GARDEN
A038405,P09608,LIFT
A038406,P09608,PARKING
A038407,P09608,GYM
A038408,P09608,GARDEN
A038409,P09608,POWER_BACKUP
A038410,P09609,GYM
A038411,P09609,SECURITY
A038412,P09609,SWIMMING_POOL
A038413,P09610,SWIMMING_POOL
A038414,P09610,SECURITY
A038415,P09610,GARDEN
A038416,P09610,PARKING
A038417,P09610,AIR_CONDITIONING
A038418,P09611,SECURITY
A038419,P09611,SWIMMING_POOL
A038420,P09611,GARDEN
A038421,P09611,GYM
A038422,P09611,LIFT
A038423,P09612,CLUBHOUSE
A038424,P09612,PARKING
A038425,P09613,AIR_CONDITIONING
A038426,P09613,CLUBHOUSE
A038427,P09613,PARKING
A038428,P09613,GYM
A038429,P09613,WIFI
A038430,P09614,WIFI
A038431,P09614,SECURITY
A038432,P09615,SWIMMING_POOL
A038433,P09615,POWER_BACKUP
A038434,P09615,CLUBHOUSE
A038435,P09615,SECURITY
A038436,P09616,GYM
A038437,P09616,SWIMMING_POOL
A038438,P09616,SECURITY
A038439,P09616,WIFI
A038440,P09616,POWER_BACKUP
A038441,P09617,GYM
A038442,P09617,SECURITY
A038443,P09617,LIFT
A038444,P09618,WIFI
A038445,P09618,CLUBHOUSE
A038446,P09618,POWER_BACKUP
A038447,P09618,LIFT
A038448,P09619,SWIMMING_POOL
A038449,P09619,POWER_BACKUP
A038450,P09619,GARDEN
A038451,P09619,PARKING
A038452,P09619,SECURITY
A038453,P09620,LIFT
A038454,P09620,WIFI
A038455,P09620,POWER_BACKUP
A038456,P09620,SWIMMING_POOL
A038457,P09621,SWIMMING_POOL
A038458,P09621,CLUBHOUSE
A038459,P09621,LIFT
A038460,P09622,AIR_CONDITIONING
A038461,P09622,CLUBHOUSE
A038462,P09622,PARKING
A038463,P09622,SECURITY
A038464,P09622,GARDEN
A038465,P09623,GYM
A038466,P09623,GARDEN
A038467,P09623,CLUBHOUSE
A038468,P09624,GYM
A038469,P09624,CLUBHOUSE
A038470,P09624,GARDEN
A038471,P09624,SECURITY
A038472,P09624,AIR_CONDITIONING
A038473,P09625,LIFT
A038474,P09625,CLUBHOUSE
A038475,P09625,GYM
A038476,P09625,WIFI
A038477,P09626,AIR_CONDITIONING
A038478,P09626,SWIMMING_POOL
A038479,P09626,SECURITY
A038480,P09626,POWER_BACKUP
A038481,P09627,POWER_BACKUP
A038482,P09627,CLUBHOUSE
A038483,P09627,SECURITY
A038484,P09627,LIFT
A038485,P09627,GARDEN
A038486,P09627,SWIMMING_POOL
A038487,P09628,WIFI
A038488,P09628,CLUBHOUSE
A038489,P09628,GARDEN
A038490,P09628,LIFT
A038491,P09628,AIR_CONDITIONING
A038492,P09628,GYM
A038493,P09629,AIR_CONDITIONING
A038494,P09629,POWER_BACKUP
A038495,P09629,GYM
A038496,P09629,SWIMMING_POOL
A038497,P09630,WIFI
A038498,P09630,GYM
A038499,P09631,SECURITY
A038500,P09631,AIR_CONDITIONING
A038501,P09631,POWER_BACKUP
A038502,P09631,WIFI
A038503,P09631,GARDEN
A038504,P09632,SECURITY
A038505,P09632,GYM
A038506,P09632,GARDEN
A038507,P09632,POWER_BACKUP
A038508,P09632,PARKING
A038509,P09633,SWIMMING_POOL
A038510,P09633,LIFT
A038511,P09633,GARDEN
A038512,P09633,AIR_CONDITIONING
A038513,P09634,CLUBHOUSE
A038514,P09634,WIFI
A038515,P09634,SECURITY
A038516,P09634,PARKING
A038517,P09634,GYM
A038518,P09635,POWER_BACKUP
A038519,P09635,AIR_CONDITIONING
A038520,P09635,SECURITY
A038521,P09635,LIFT
A038522,P09636,GARDEN
A038523,P09636,LIFT
A038524,P09637,SWIMMING_POOL
A038525,P09637,WIFI
A038526,P09637,PARKING
A038527,P09637,LIFT
A038528,P09637,GARDEN
A038529,P09637,POWER_BACKUP
A038530,P09638,AIR_CONDITIONING
A038531,P09638,SECURITY
A038532,P09638,CLUBHOUSE
A038533,P09638,LIFT
A038534,P09638,GYM
A038535,P09639,GYM
A038536,P09639,SECURITY
A038537,P09639,LIFT
A038538,P09640,SECURITY
A038539,P09640,POWER_BACKUP
A038540,P09641,PARKING
A038541,P09641,POWER_BACKUP
A038542,P09641,WIFI
A038543,P09641,CLUBHOUSE
A038544,P09642,SWIMMING_POOL
A038545,P09642,POWER_BACKUP
A038546,P09643,POWER_BACKUP
A038547,P09643,CLUBHOUSE
A038548,P09643,SECURITY
A038549,P09643,AIR_CONDITIONING
A038550,P09643,SWIMMING_POOL
A038551,P09643,PARKING
A038552,P09644,SWIMMING_POOL
A038553,P09644,GYM
A038554,P09645,LIFT
A038555,P09645,WIFI
A038556,P09645,GYM
A038557,P09646,SWIMMING_POOL
A038558,P09646,LIFT
A038559,P09646,GYM
A038560,P09646,GARDEN
A038561,P09646,PARKING
A038562,P09647,GYM
A038563,P09647,POWER_BACKUP
A038564,P09647,GARDEN
A038565,P09648,PARKING
A038566,P09648,AIR_CONDITIONING
A038567,P09648,CLUBHOUSE
A038568,P09649,AIR_CONDITIONING
A038569,P09649,PARKING
A038570,P09649,SECURITY
A038571,P09650,SWIMMING_POOL
A038572,P09650,CLUBHOUSE
A038573,P09650,PARKING
A038574,P09650,WIFI
A038575,P09651,CLUBHOUSE
A038576,P09651,WIFI
A038577,P09652,PARKING
A038578,P09652,POWER_BACKUP
A038579,P09652,WIFI
A038580,P09652,AIR_CONDITIONING
A038581,P09652,CLUBHOUSE
A038582,P09653,SWIMMING_POOL
A038583,P09653,WIFI
A038584,P09653,GYM
A038585,P09653,PARKING
A038586,P09653,SECURITY
A038587,P09654,LIFT
A038588,P09654,POWER_BACKUP
A038589,P09654,GYM
A038590,P09655,WIFI
A038591,P09655,PARKING
A038592,P09655,SWIMMING_POOL
A038593,P09655,AIR_CONDITIONING
A038594,P09655,GYM
A038595,P09655,SECURITY
A038596,P09656,SECURITY
A038597,P09656,POWER_BACKUP
A038598,P09656,AIR_CONDITIONING
A038599,P09656,SWIMMING_POOL
A038600,P09656,GARDEN
A038601,P09657,PARKING
A038602,P09657,SWIMMING_POOL
A038603,P09657,LIFT
A038604,P09657,POWER_BACKUP
A038605,P09657,CLUBHOUSE
A038606,P09658,POWER_BACKUP
A038607,P09658,LIFT
A038608,P09658,SWIMMING_POOL
A038609,P09658,AIR_CONDITIONING
A038610,P09659,GYM
A038611,P09659,AIR_CONDITIONING
A038612,P09659,WIFI
A038613,P09660,AIR_CONDITIONING
A038614,P09660,SECURITY
A038615,P09661,POWER_BACKUP
A038616,P09661,SWIMMING_POOL
A038617,P09661,GYM
A038618,P09661,CLUBHOUSE
A038619,P09662,AIR_CONDITIONING
A038620,P09662,PARKING
A038621,P09663,AIR_CONDITIONING
A038622,P09663,WIFI
A038623,P09663,CLUBHOUSE
A038624,P09664,SWIMMING_POOL
A038625,P09664,PARKING
A038626,P09664,POWER_BACKUP
A038627,P09665,PARKING
A038628,P09665,POWER_BACKUP
A038629,P09665,WIFI
A038630,P09665,SWIMMING_POOL
A038631,P09665,AIR_CONDITIONING
A038632,P09665,SECURITY
A038633,P09666,AIR_CONDITIONING
A038634,P09666,GARDEN
A038635,P09666,SECURITY
A038636,P09666,GYM
A038637,P09666,WIFI
A038638,P09667,GARDEN
A038639,P09667,CLUBHOUSE
A038640,P09668,LIFT
A038641,P09668,WIFI
A038642,P09668,GYM
A038643,P09668,GARDEN
A038644,P09668,AIR_CONDITIONING
A038645,P09669,CLUBHOUSE
A038646,P09669,AIR_CONDITIONING
A038647,P09669,WIFI
A038648,P09670,SECURITY
A038649,P09670,GARDEN
A038650,P09670,POWER_BACKUP
A038651,P09670,GYM
A038652,P09671,SWIMMING_POOL
A038653,P09671,GARDEN
A038654,P09671,WIFI
A038655,P09671,PARKING
A038656,P09672,CLUBHOUSE
A038657,P09672,SWIMMING_POOL
A038658,P09673,SECURITY
A038659,P09673,POWER_BACKUP
A038660,P09673,SWIMMING_POOL
A038661,P09673,GARDEN
A038662,P09673,PARKING
A038663,P09673,CLUBHOUSE
A038664,P09674,CLUBHOUSE
A038665,P09674,GYM
A038666,P09675,WIFI
A038667,P09675,POWER_BACKUP
A038668,P09675,AIR_CONDITIONING
A038669,P09675,SWIMMING_POOL
A038670,P09675,LIFT
A038671,P09675,PARKING
A038672,P09676,CLUBHOUSE
A038673,P09676,GARDEN
A038674,P09677,SECURITY
A038675,P09677,WIFI
A038676,P09677,AIR_CONDITIONING
A038677,P09677,GYM
A038678,P09677,GARDEN
A038679,P09677,CLUBHOUSE
A038680,P09678,AIR_CONDITIONING
A038681,P09678,POWER_BACKUP
A038682,P09678,GYM
A038683,P09678,SWIMMING_POOL
A038684,P09678,GARDEN
A038685,P09679,GYM
A038686,P09679,PARKING
A038687,P09679,AIR_CONDITIONING
A038688,P09679,POWER_BACKUP
A038689,P09679,GARDEN
A038690,P09680,LIFT
A038691,P09680,AIR_CONDITIONING
A038692,P09681,CLUBHOUSE
A038693,P09681,WIFI
A038694,P09681,GYM
A038695,P09681,SECURITY
A038696,P09681,LIFT
A038697,P09682,CLUBHOUSE
A038698,P09682,SWIMMING_POOL
A038699,P09683,POWER_BACKUP
A038700,P09683,CLUBHOUSE
A038701,P09683,GARDEN
A038702,P09683,PARKING
A038703,P09684,SECURITY
A038704,P09684,WIFI
A038705,P09684,AIR_CONDITIONING
A038706,P09684,CLUBHOUSE
A038707,P09684,SWIMMING_POOL
A038708,P09685,SECURITY
A038709,P09685,POWER_BACKUP
A038710,P09685,AIR_CONDITIONING
A038711,P09686,LIFT
A038712,P09686,POWER_BACKUP
A038713,P09687,AIR_CONDITIONING
A038714,P09687,PARKING
A038715,P09687,GYM
A038716,P09687,SWIMMING_POOL
A038717,P09687,CLUBHOUSE
A038718,P09688,GARDEN
A038719,P09688,POWER_BACKUP
A038720,P09688,CLUBHOUSE
A038721,P09688,GYM
A038722,P09688,LIFT
A038723,P09689,CLUBHOUSE
A038724,P09689,SECURITY
A038725,P09689,LIFT
A038726,P09689,WIFI
A038727,P09689,GARDEN
A038728,P09690,GYM
A038729,P09690,SECURITY
A038730,P09691,SECURITY
A038731,P09691,GYM
A038732,P09691,SWIMMING_POOL
A038733,P09691,AIR_CONDITIONING
A038734,P09692,AIR_CONDITIONING
A038735,P09692,GARDEN
A038736,P09692,PARKING
A038737,P09692,SECURITY
A038738,P09692,WIFI
A038739,P09693,POWER_BACKUP
A038740,P09693,GARDEN
A038741,P09693,GYM
A038742,P09694,CLUBHOUSE
A038743,P09694,WIFI
A038744,P09694,LIFT
A038745,P09694,GARDEN
A038746,P09694,SWIMMING_POOL
A038747,P09694,AIR_CONDITIONING
A038748,P09695,AIR_CONDITIONING
A038749,P09695,PARKING
A038750,P09695,WIFI
A038751,P09695,SECURITY
A038752,P09695,GYM
A038753,P09696,LIFT
A038754,P09696,SECURITY
A038755,P09696,GYM
A038756,P09696,WIFI
A038757,P09696,AIR_CONDITIONING
A038758,P09696,GARDEN
A038759,P09697,GARDEN
A038760,P09697,SECURITY
A038761,P09697,CLUBHOUSE
A038762,P09698,CLUBHOUSE
A038763,P09698,SWIMMING_POOL
A038764,P09698,WIFI
A038765,P09698,GARDEN
A038766,P09698,POWER_BACKUP
A038767,P09699,POWER_BACKUP
A038768,P09699,PARKING
A038769,P09699,AIR_CONDITIONING
A038770,P09699,GYM
A038771,P09700,GARDEN
A038772,P09700,SWIMMING_POOL
A038773,P09700,SECURITY
A038774,P09700,GYM
A038775,P09700,POWER_BACKUP
A038776,P09700,LIFT
A038777,P09701,SECURITY
A038778,P09701,LIFT
A038779,P09701,POWER_BACKUP
A038780,P09701,AIR_CONDITIONING
A038781,P09701,WIFI
A038782,P09702,SECURITY
A038783,P09702,POWER_BACKUP
A038784,P09702,SWIMMING_POOL
A038785,P09703,GYM
A038786,P09703,POWER_BACKUP
A038787,P09703,SECURITY
A038788,P09703,CLUBHOUSE
A038789,P09703,LIFT
A038790,P09704,LIFT
A038791,P09704,AIR_CONDITIONING
A038792,P09704,GARDEN
A038793,P09704,SWIMMING_POOL
A038794,P09704,WIFI
A038795,P09705,PARKING
A038796,P09705,SWIMMING_POOL
A038797,P09705,POWER_BACKUP
A038798,P09705,AIR_CONDITIONING
A038799,P09705,SECURITY
A038800,P09706,GARDEN
A038801,P09706,LIFT
A038802,P09707,POWER_BACKUP
A038803,P09707,GARDEN
A038804,P09707,WIFI
A038805,P09707,CLUBHOUSE
A038806,P09708,WIFI
A038807,P09708,GYM
A038808,P09708,POWER_BACKUP
A038809,P09708,SWIMMING_POOL
A038810,P09708,AIR_CONDITIONING
A038811,P09709,SWIMMING_POOL
A038812,P09709,LIFT
A038813,P09709,SECURITY
A038814,P09709,GARDEN
A038815,P09709,CLUBHOUSE
A038816,P09710,GARDEN
A038817,P09710,CLUBHOUSE
A038818,P09710,WIFI
A038819,P09710,SECURITY
A038820,P09710,GYM
A038821,P09711,SWIMMING_POOL
A038822,P09711,WIFI
A038823,P09712,POWER_BACKUP
A038824,P09712,LIFT
A038825,P09712,WIFI
A038826,P09712,GARDEN
A038827,P09713,SWIMMING_POOL
A038828,P09713,AIR_CONDITIONING
A038829,P09713,PARKING
A038830,P09714,POWER_BACKUP
A038831,P09714,SECURITY
A038832,P09715,WIFI
A038833,P09715,GYM
A038834,P09716,POWER_BACKUP
A038835,P09716,SWIMMING_POOL
A038836,P09716,CLUBHOUSE
A038837,P09716,GARDEN
A038838,P09716,WIFI
A038839,P09717,SWIMMING_POOL
A038840,P09717,GYM
A038841,P09717,SECURITY
A038842,P09717,WIFI
A038843,P09718,PARKING
A038844,P09718,GARDEN
A038845,P09718,GYM
A038846,P09718,SECURITY
A038847,P09719,SWIMMING_POOL
A038848,P09719,AIR_CONDITIONING
A038849,P09719,POWER_BACKUP
A038850,P09719,CLUBHOUSE
A038851,P09719,SECURITY
A038852,P09719,GYM
A038853,P09720,SECURITY
A038854,P09720,GYM
A038855,P09720,LIFT
A038856,P09720,POWER_BACKUP
A038857,P09720,CLUBHOUSE
A038858,P09720,AIR_CONDITIONING
A038859,P09721,GARDEN
A038860,P09721,SECURITY
A038861,P09722,GARDEN
A038862,P09722,WIFI
A038863,P09722,SECURITY
A038864,P09722,LIFT
A038865,P09722,PARKING
A038866,P09722,SWIMMING_POOL
A038867,P09723,PARKING
A038868,P09723,LIFT
A038869,P09723,SWIMMING_POOL
A038870,P09723,SECURITY
A038871,P09723,WIFI
A038872,P09724,GYM
A038873,P09724,AIR_CONDITIONING
A038874,P09725,LIFT
A038875,P09725,SECURITY
A038876,P09725,SWIMMING_POOL
A038877,P09726,POWER_BACKUP
A038878,P09726,WIFI
A038879,P09726,AIR_CONDITIONING
A038880,P09727,GARDEN
A038881,P09727,GYM
A038882,P09728,GARDEN
A038883,P09728,SECURITY
A038884,P09728,POWER_BACKUP
A038885,P09728,AIR_CONDITIONING
A038886,P09728,LIFT
A038887,P09728,GYM
A038888,P09729,WIFI
A038889,P09729,GARDEN
A038890,P09730,AIR_CONDITIONING
A038891,P09730,LIFT
A038892,P09730,GARDEN
A038893,P09730,SWIMMING_POOL
A038894,P09731,CLUBHOUSE
A038895,P09731,WIFI
A038896,P09731,PARKING
A038897,P09732,SWIMMING_POOL
A038898,P09732,PARKING
A038899,P09732,CLUBHOUSE
A038900,P09732,SECURITY
A038901,P09733,SWIMMING_POOL
A038902,P09733,SECURITY
A038903,P09734,GYM
A038904,P09734,SECURITY
A038905,P09734,LIFT
A038906,P09735,GYM
A038907,P09735,POWER_BACKUP
A038908,P09735,CLUBHOUSE
A038909,P09735,SECURITY
A038910,P09736,AIR_CONDITIONING
A038911,P09736,POWER_BACKUP
A038912,P09736,LIFT
A038913,P09736,WIFI
A038914,P09736,SECURITY
A038915,P09737,GYM
A038916,P09737,GARDEN
A038917,P09737,SWIMMING_POOL
A038918,P09737,AIR_CONDITIONING
A038919,P09738,SWIMMING_POOL
A038920,P09738,WIFI
A038921,P09738,GARDEN
A038922,P09738,LIFT
A038923,P09738,AIR_CONDITIONING
A038924,P09739,AIR_CONDITIONING
A038925,P09739,WIFI
A038926,P09740,POWER_BACKUP
A038927,P09740,CLUBHOUSE
A038928,P09740,GARDEN
A038929,P09740,GYM
A038930,P09741,SWIMMING_POOL
A038931,P09741,GYM
A038932,P09741,GARDEN
A038933,P09741,AIR_CONDITIONING
A038934,P09741,CLUBHOUSE
A038935,P09741,LIFT
A038936,P09742,GYM
A038937,P09742,POWER_BACKUP
A038938,P09743,CLUBHOUSE
A038939,P09743,AIR_CONDITIONING
A038940,P09743,GYM
A038941,P09743,WIFI
A038942,P09743,GARDEN
A038943,P09744,AIR_CONDITIONING
A038944,P09744,POWER_BACKUP
A038945,P09744,WIFI
A038946,P09745,WIFI
A038947,P09745,AIR_CONDITIONING
A038948,P09745,GARDEN
A038949,P09745,GYM
A038950,P09746,SECURITY
A038951,P09746,POWER_BACKUP
A038952,P09746,LIFT
A038953,P09747,PARKING
A038954,P09747,LIFT
A038955,P09747,CLUBHOUSE
A038956,P09748,GARDEN
A038957,P09748,POWER_BACKUP
A038958,P09748,AIR_CONDITIONING
A038959,P09748,LIFT
A038960,P09749,SECURITY
A038961,P09749,GARDEN
A038962,P09749,LIFT
A038963,P09749,SWIMMING_POOL
A038964,P09750,AIR_CONDITIONING
A038965,P09750,GARDEN
A038966,P09750,LIFT
A038967,P09750,SWIMMING_POOL
A038968,P09750,CLUBHOUSE
A038969,P09750,WIFI
A038970,P09751,LIFT
A038971,P09751,CLUBHOUSE
A038972,P09751,GARDEN
A038973,P09751,AIR_CONDITIONING
A038974,P09752,PARKING
A038975,P09752,LIFT
A038976,P09752,CLUBHOUSE
A038977,P09752,POWER_BACKUP
A038978,P09752,WIFI
A038979,P09752,SWIMMING_POOL
A038980,P09753,POWER_BACKUP
A038981,P09753,GYM
A038982,P09754,CLUBHOUSE
A038983,P09754,AIR_CONDITIONING
A038984,P09754,POWER_BACKUP
A038985,P09755,SECURITY
A038986,P09755,AIR_CONDITIONING
A038987,P09755,WIFI
A038988,P09755,GYM
A038989,P09755,SWIMMING_POOL
A038990,P09756,GARDEN
A038991,P09756,SWIMMING_POOL
A038992,P09756,POWER_BACKUP
A038993,P09756,AIR_CONDITIONING
A038994,P09757,LIFT
A038995,P09757,GARDEN
A038996,P09757,SECURITY
A038997,P09757,PARKING
A038998,P09758,CLUBHOUSE
A038999,P09758,SECURITY
A039000,P09758,WIFI
A039001,P09758,GARDEN
A039002,P09758,AIR_CONDITIONING
A039003,P09758,GYM
A039004,P09759,GYM
A039005,P09759,LIFT
A039006,P09759,GARDEN
A039007,P09759,AIR_CONDITIONING
A039008,P09760,AIR_CONDITIONING
A039009,P09760,LIFT
A039010,P09760,CLUBHOUSE
A039011,P09760,WIFI
A039012,P09761,WIFI
A039013,P09761,POWER_BACKUP
A039014,P09761,PARKING
A039015,P09761,LIFT
A039016,P09761,CLUBHOUSE
A039017,P09761,SWIMMING_POOL
A039018,P09762,CLUBHOUSE
A039019,P09762,GYM
A039020,P09762,GARDEN
A039021,P09762,AIR_CONDITIONING
A039022,P09762,LIFT
A039023,P09762,WIFI
A039024,P09763,GARDEN
A039025,P09763,POWER_BACKUP
A039026,P09763,AIR_CONDITIONING
A039027,P09763,LIFT
A039028,P09763,SWIMMING_POOL
A039029,P09763,WIFI
A039030,P09764,AIR_CONDITIONING
A039031,P09764,PARKING
A039032,P09764,GYM
A039033,P09764,SECURITY
A039034,P09764,SWIMMING_POOL
A039035,P09764,WIFI
A039036,P09765,GYM
A039037,P09765,SECURITY
A039038,P09765,CLUBHOUSE
A039039,P09765,SWIMMING_POOL
A039040,P09765,GARDEN
A039041,P09765,LIFT
A039042,P09766,AIR_CONDITIONING
A039043,P09766,CLUBHOUSE
A039044,P09766,SWIMMING_POOL
A039045,P09767,SECURITY
A039046,P09767,PARKING
A039047,P09767,POWER_BACKUP
A039048,P09768,PARKING
A039049,P09768,WIFI
A039050,P09768,CLUBHOUSE
A039051,P09768,GYM
A039052,P09768,LIFT
A039053,P09768,POWER_BACKUP
A039054,P09769,GARDEN
A039055,P09769,PARKING
A039056,P09769,GYM
A039057,P09769,WIFI
A039058,P09769,AIR_CONDITIONING
A039059,P09769,CLUBHOUSE
A039060,P09770,WIFI
A039061,P09770,LIFT
A039062,P09770,GYM
A039063,P09770,CLUBHOUSE
A039064,P09770,GARDEN
A039065,P09770,POWER_BACKUP
A039066,P09771,PARKING
A039067,P09771,GYM
A039068,P09771,LIFT
A039069,P09771,POWER_BACKUP
A039070,P09771,WIFI
A039071,P09771,GARDEN
A039072,P09772,SECURITY
A039073,P09772,AIR_CONDITIONING
A039074,P09772,CLUBHOUSE
A039075,P09772,PARKING
A039076,P09772,GARDEN
A039077,P09773,WIFI
A039078,P09773,GARDEN
A039079,P09773,POWER_BACKUP
A039080,P09773,PARKING
A039081,P09773,LIFT
A039082,P09774,POWER_BACKUP
A039083,P09774,SWIMMING_POOL
A039084,P09774,GYM
A039085,P09774,SECURITY
A039086,P09774,WIFI
A039087,P09774,LIFT
A039088,P09775,PARKING
A039089,P09775,GYM
A039090,P09775,GARDEN
A039091,P09776,LIFT
A039092,P09776,GARDEN
A039093,P09776,PARKING
A039094,P09776,CLUBHOUSE
A039095,P09777,SECURITY
A039096,P09777,AIR_CONDITIONING
A039097,P09777,CLUBHOUSE
A039098,P09777,PARKING
A039099,P09777,LIFT
A039100,P09778,LIFT
A039101,P09778,SWIMMING_POOL
A039102,P09778,WIFI
A039103,P09778,AIR_CONDITIONING
A039104,P09779,CLUBHOUSE
A039105,P09779,AIR_CONDITIONING
A039106,P09780,AIR_CONDITIONING
A039107,P09780,PARKING
A039108,P09780,SECURITY
A039109,P09780,GYM
A039110,P09780,LIFT
A039111,P09781,WIFI
A039112,P09781,POWER_BACKUP
A039113,P09781,SECURITY
A039114,P09781,GYM
A039115,P09781,SWIMMING_POOL
A039116,P09782,LIFT
A039117,P09782,SECURITY
A039118,P09783,WIFI
A039119,P09783,CLUBHOUSE
A039120,P09783,POWER_BACKUP
A039121,P09784,PARKING
A039122,P09784,GYM
A039123,P09784,POWER_BACKUP
A039124,P09784,SWIMMING_POOL
A039125,P09784,SECURITY
A039126,P09785,SECURITY
A039127,P09785,PARKING
A039128,P09785,SWIMMING_POOL
A039129,P09785,AIR_CONDITIONING
A039130,P09785,LIFT
A039131,P09785,WIFI
A039132,P09786,LIFT
A039133,P09786,WIFI
A039134,P09786,SECURITY
A039135,P09787,GARDEN
A039136,P09787,GYM
A039137,P09787,SECURITY
A039138,P09788,LIFT
A039139,P09788,POWER_BACKUP
A039140,P09788,SWIMMING_POOL
A039141,P09788,PARKING
A039142,P09788,SECURITY
A039143,P09789,GYM
A039144,P09789,SWIMMING_POOL
A039145,P09789,CLUBHOUSE
A039146,P09789,SECURITY
A039147,P09790,GARDEN
A039148,P09790,PARKING
A039149,P09791,LIFT
A039150,P09791,PARKING
A039151,P09791,CLUBHOUSE
A039152,P09791,GYM
A039153,P09791,SECURITY
A039154,P09791,WIFI
A039155,P09792,PARKING
A039156,P09792,SECURITY
A039157,P09792,CLUBHOUSE
A039158,P09792,GARDEN
A039159,P09792,AIR_CONDITIONING
A039160,P09792,SWIMMING_POOL
A039161,P09793,WIFI
A039162,P09793,AIR_CONDITIONING
A039163,P09793,LIFT
A039164,P09793,GARDEN
A039165,P09793,SECURITY
A039166,P09793,CLUBHOUSE
A039167,P09794,GYM
A039168,P09794,SWIMMING_POOL
A039169,P09795,POWER_BACKUP
A039170,P09795,LIFT
A039171,P09795,AIR_CONDITIONING
A039172,P09795,SECURITY
A039173,P09796,WIFI
A039174,P09796,AIR_CONDITIONING
A039175,P09796,GYM
A039176,P09797,POWER_BACKUP
A039177,P09797,WIFI
A039178,P09797,LIFT
A039179,P09797,SWIMMING_POOL
A039180,P09797,PARKING
A039181,P09798,WIFI
A039182,P09798,GARDEN
A039183,P09798,AIR_CONDITIONING
A039184,P09799,GARDEN
A039185,P09799,SWIMMING_POOL
A039186,P09799,GYM
A039187,P09799,PARKING
A039188,P09799,LIFT
A039189,P09799,SECURITY
A039190,P09800,PARKING
A039191,P09800,AIR_CONDITIONING
A039192,P09800,SECURITY
A039193,P09800,WIFI
A039194,P09801,LIFT
A039195,P09801,WIFI
A039196,P09801,PARKING
A039197,P09801,CLUBHOUSE
A039198,P09801,POWER_BACKUP
A039199,P09801,SECURITY
A039200,P09802,PARKING
A039201,P09802,SECURITY
A039202,P09803,SECURITY
A039203,P09803,CLUBHOUSE
A039204,P09803,GARDEN
A039205,P09803,GYM
A039206,P09803,WIFI
A039207,P09804,PARKING
A039208,P09804,CLUBHOUSE
A039209,P09804,POWER_BACKUP
A039210,P09805,GYM
A039211,P09805,CLUBHOUSE
A039212,P09805,AIR_CONDITIONING
A039213,P09805,SWIMMING_POOL
A039214,P09806,PARKING
A039215,P09806,CLUBHOUSE
A039216,P09806,AIR_CONDITIONING
A039217,P09806,SECURITY
A039218,P09806,LIFT
A039219,P09806,WIFI
A039220,P09807,GARDEN
A039221,P09807,SWIMMING_POOL
A039222,P09807,WIFI
A039223,P09808,SECURITY
A039224,P09808,CLUBHOUSE
A039225,P09808,AIR_CONDITIONING
A039226,P09809,GYM
A039227,P09809,LIFT
A039228,P09809,CLUBHOUSE
A039229,P09810,LIFT
A039230,P09810,GARDEN
A039231,P09810,PARKING
A039232,P09810,SWIMMING_POOL
A039233,P09810,GYM
A039234,P09810,POWER_BACKUP
A039235,P09811,WIFI
A039236,P09811,GYM
A039237,P09811,POWER_BACKUP
A039238,P09811,SWIMMING_POOL
A039239,P09811,LIFT
A039240,P09812,LIFT
A039241,P09812,POWER_BACKUP
A039242,P09812,CLUBHOUSE
A039243,P09812,AIR_CONDITIONING
A039244,P09813,POWER_BACKUP
A039245,P09813,WIFI
A039246,P09813,SWIMMING_POOL
A039247,P09813,PARKING
A039248,P09813,AIR_CONDITIONING
A039249,P09814,LIFT
A039250,P09814,PARKING
A039251,P09814,GYM
A039252,P09814,SWIMMING_POOL
A039253,P09815,PARKING
A039254,P09815,GYM
A039255,P09815,AIR_CONDITIONING
A039256,P09815,WIFI
A039257,P09815,POWER_BACKUP
A039258,P09815,GARDEN
A039259,P09816,PARKING
A039260,P09816,AIR_CONDITIONING
A039261,P09816,POWER_BACKUP
A039262,P09816,CLUBHOUSE
A039263,P09817,AIR_CONDITIONING
A039264,P09817,CLUBHOUSE
A039265,P09817,WIFI
A039266,P09818,SECURITY
A039267,P09818,WIFI
A039268,P09818,AIR_CONDITIONING
A039269,P09818,PARKING
A039270,P09819,GYM
A039271,P09819,SECURITY
A039272,P09819,POWER_BACKUP
A039273,P09819,WIFI
A039274,P09819,GARDEN
A039275,P09820,GARDEN
A039276,P09820,SWIMMING_POOL
A039277,P09820,SECURITY
A039278,P09820,CLUBHOUSE
A039279,P09821,SWIMMING_POOL
A039280,P09821,POWER_BACKUP
A039281,P09821,SECURITY
A039282,P09821,GYM
A039283,P09821,PARKING
A039284,P09822,POWER_BACKUP
A039285,P09822,LIFT
A039286,P09822,CLUBHOUSE
A039287,P09823,GARDEN
A039288,P09823,LIFT
A039289,P09824,CLUBHOUSE
A039290,P09824,WIFI
A039291,P09825,SECURITY
A039292,P09825,LIFT
A039293,P09826,WIFI
A039294,P09826,AIR_CONDITIONING
A039295,P09826,LIFT
A039296,P09826,PARKING
A039297,P09826,SWIMMING_POOL
A039298,P09826,POWER_BACKUP
A039299,P09827,LIFT
A039300,P09827,SECURITY
A039301,P09827,CLUBHOUSE
A039302,P09827,GARDEN
A039303,P09827,SWIMMING_POOL
A039304,P09828,GYM
A039305,P09828,LIFT
A039306,P09829,LIFT
A039307,P09829,SWIMMING_POOL
A039308,P09829,WIFI
A039309,P09830,AIR_CONDITIONING
A039310,P09830,POWER_BACKUP
A039311,P09830,GARDEN
A039312,P09830,SECURITY
A039313,P09831,GYM
A039314,P09831,WIFI
A039315,P09831,PARKING
A039316,P09832,POWER_BACKUP
A039317,P09832,SWIMMING_POOL
A039318,P09833,PARKING
A039319,P09833,POWER_BACKUP
A039320,P09833,GYM
A039321,P09833,WIFI
A039322,P09834,AIR_CONDITIONING
A039323,P09834,WIFI
A039324,P09834,PARKING
A039325,P09834,GYM
A039326,P09834,POWER_BACKUP
A039327,P09834,CLUBHOUSE
A039328,P09835,POWER_BACKUP
A039329,P09835,AIR_CONDITIONING
A039330,P09836,AIR_CONDITIONING
A039331,P09836,GARDEN
A039332,P09837,SWIMMING_POOL
A039333,P09837,POWER_BACKUP
A039334,P09837,WIFI
A039335,P09837,SECURITY
A039336,P09838,SECURITY
A039337,P09838,CLUBHOUSE
A039338,P09838,AIR_CONDITIONING
A039339,P09838,GYM
A039340,P09839,GARDEN
A039341,P09839,WIFI
A039342,P09839,AIR_CONDITIONING
A039343,P09840,PARKING
A039344,P09840,GARDEN
A039345,P09840,POWER_BACKUP
A039346,P09840,SECURITY
A039347,P09840,LIFT
A039348,P09841,WIFI
A039349,P09841,LIFT
A039350,P09842,WIFI
A039351,P09842,PARKING
A039352,P09842,AIR_CONDITIONING
A039353,P09842,LIFT
A039354,P09842,CLUBHOUSE
A039355,P09843,GYM
A039356,P09843,SECURITY
A039357,P09843,AIR_CONDITIONING
A039358,P09843,POWER_BACKUP
A039359,P09843,GARDEN
A039360,P09843,PARKING
A039361,P09844,PARKING
A039362,P09844,WIFI
A039363,P09844,GYM
A039364,P09844,GARDEN
A039365,P09844,SWIMMING_POOL
A039366,P09845,WIFI
A039367,P09845,GYM
A039368,P09845,GARDEN
A039369,P09845,LIFT
A039370,P09845,PARKING
A039371,P09846,POWER_BACKUP
A039372,P09846,GYM
A039373,P09846,GARDEN
A039374,P09847,PARKING
A039375,P09847,CLUBHOUSE
A039376,P09847,GYM
A039377,P09848,SECURITY
A039378,P09848,PARKING
A039379,P09848,WIFI
A039380,P09849,LIFT
A039381,P09849,SWIMMING_POOL
A039382,P09850,CLUBHOUSE
A039383,P09850,POWER_BACKUP
A039384,P09851,GYM
A039385,P09851,WIFI
A039386,P09852,SWIMMING_POOL
A039387,P09852,GARDEN
A039388,P09852,LIFT
A039389,P09852,PARKING
A039390,P09853,SECURITY
A039391,P09853,CLUBHOUSE
A039392,P09853,AIR_CONDITIONING
A039393,P09853,WIFI
A039394,P09853,PARKING
A039395,P09853,POWER_BACKUP
A039396,P09854,AIR_CONDITIONING
A039397,P09854,CLUBHOUSE
A039398,P09854,SWIMMING_POOL
A039399,P09854,PARKING
A039400,P09855,GYM
A039401,P09855,POWER_BACKUP
A039402,P09856,CLUBHOUSE
A039403,P09856,SWIMMING_POOL
A039404,P09856,LIFT
A039405,P09856,PARKING
A039406,P09856,GYM
A039407,P09856,WIFI
A039408,P09857,GYM
A039409,P09857,WIFI
A039410,P09857,PARKING
A039411,P09857,SWIMMING_POOL
A039412,P09858,GYM
A039413,P09858,PARKING
A039414,P09858,SWIMMING_POOL
A039415,P09858,CLUBHOUSE
A039416,P09859,SWIMMING_POOL
A039417,P09859,SECURITY
A039418,P09859,GARDEN
A039419,P09859,POWER_BACKUP
A039420,P09860,AIR_CONDITIONING
A039421,P09860,WIFI
A039422,P09861,POWER_BACKUP
A039423,P09861,PARKING
A039424,P09861,CLUBHOUSE
A039425,P09862,GARDEN
A039426,P09862,POWER_BACKUP
A039427,P09862,WIFI
A039428,P09863,GYM
A039429,P09863,POWER_BACKUP
A039430,P09863,AIR_CONDITIONING
A039431,P09864,LIFT
A039432,P09864,WIFI
A039433,P09864,POWER_BACKUP
A039434,P09864,CLUBHOUSE
A039435,P09864,SWIMMING_POOL
A039436,P09865,PARKING
A039437,P09865,WIFI
A039438,P09865,GYM
A039439,P09865,LIFT
A039440,P09865,POWER_BACKUP
A039441,P09865,GARDEN
A039442,P09866,LIFT
A039443,P09866,WIFI
A039444,P09867,PARKING
A039445,P09867,GYM
A039446,P09868,WIFI
A039447,P09868,SWIMMING_POOL
A039448,P09869,SWIMMING_POOL
A039449,P09869,PARKING
A039450,P09869,GARDEN
A039451,P09869,CLUBHOUSE
A039452,P09870,AIR_CONDITIONING
A039453,P09870,SECURITY
A039454,P09870,GYM
A039455,P09870,GARDEN
A039456,P09871,SWIMMING_POOL
A039457,P09871,PARKING
A039458,P09871,CLUBHOUSE
A039459,P09871,GARDEN
A039460,P09871,POWER_BACKUP
A039461,P09871,WIFI
A039462,P09872,SWIMMING_POOL
A039463,P09872,LIFT
A039464,P09872,CLUBHOUSE
A039465,P09873,AIR_CONDITIONING
A039466,P09873,PARKING
A039467,P09873,SWIMMING_POOL
A039468,P09873,WIFI
A039469,P09873,CLUBHOUSE
A039470,P09874,GYM
A039471,P09874,POWER_BACKUP
A039472,P09874,GARDEN
A039473,P09874,WIFI
A039474,P09874,CLUBHOUSE
A039475,P09875,GYM
A039476,P09875,LIFT
A039477,P09875,GARDEN
A039478,P09875,SECURITY
A039479,P09876,AIR_CONDITIONING
A039480,P09876,GYM
A039481,P09876,SECURITY
A039482,P09876,CLUBHOUSE
A039483,P09876,PARKING
A039484,P09876,SWIMMING_POOL
A039485,P09877,GYM
A039486,P09877,SECURITY
A039487,P09878,AIR_CONDITIONING
A039488,P09878,SECURITY
A039489,P09879,GARDEN
A039490,P09879,LIFT
A039491,P09879,CLUBHOUSE
A039492,P09879,AIR_CONDITIONING
A039493,P09880,WIFI
A039494,P09880,POWER_BACKUP
A039495,P09880,LIFT
A039496,P09880,SECURITY
A039497,P09880,CLUBHOUSE
A039498,P09881,SECURITY
A039499,P09881,SWIMMING_POOL
A039500,P09881,AIR_CONDITIONING
A039501,P09882,SECURITY
A039502,P09882,WIFI
A039503,P09883,POWER_BACKUP
A039504,P09883,AIR_CONDITIONING
A039505,P09883,LIFT
A039506,P09883,SECURITY
A039507,P09884,SWIMMING_POOL
A039508,P09884,POWER_BACKUP
A039509,P09884,GYM
A039510,P09884,SECURITY
A039511,P09885,POWER_BACKUP
A039512,P09885,GARDEN
A039513,P09885,SWIMMING_POOL
A039514,P09885,CLUBHOUSE
A039515,P09885,GYM
A039516,P09885,WIFI
A039517,P09886,PARKING
A039518,P09886,AIR_CONDITIONING
A039519,P09886,GARDEN
A039520,P09886,CLUBHOUSE
A039521,P09887,AIR_CONDITIONING
A039522,P09887,POWER_BACKUP
A039523,P09887,SWIMMING_POOL
A039524,P09887,PARKING
A039525,P09887,GARDEN
A039526,P09888,AIR_CONDITIONING
A039527,P09888,SECURITY
A039528,P09889,GYM
A039529,P09889,LIFT
A039530,P09890,GARDEN
A039531,P09890,SWIMMING_POOL
A039532,P09891,LIFT
A039533,P09891,AIR_CONDITIONING
A039534,P09891,GARDEN
A039535,P09891,PARKING
A039536,P09892,WIFI
A039537,P09892,PARKING
A039538,P09892,GARDEN
A039539,P09892,POWER_BACKUP
A039540,P09893,SECURITY
A039541,P09893,LIFT
A039542,P09893,GARDEN
A039543,P09893,POWER_BACKUP
A039544,P09893,SWIMMING_POOL
A039545,P09893,PARKING
A039546,P09894,CLUBHOUSE
A039547,P09894,POWER_BACKUP
A039548,P09894,LIFT
A039549,P09895,LIFT
A039550,P09895,SWIMMING_POOL
A039551,P09895,GARDEN
A039552,P09895,SECURITY
A039553,P09895,POWER_BACKUP
A039554,P09896,AIR_CONDITIONING
A039555,P09896,SECURITY
A039556,P09896,GYM
A039557,P09896,SWIMMING_POOL
A039558,P09897,SECURITY
A039559,P09897,AIR_CONDITIONING
A039560,P09897,POWER_BACKUP
A039561,P09897,SWIMMING_POOL
A039562,P09897,CLUBHOUSE
A039563,P09897,LIFT
A039564,P09898,GYM
A039565,P09898,LIFT
A039566,P09898,AIR_CONDITIONING
A039567,P09898,GARDEN
A039568,P09898,SWIMMING_POOL
A039569,P09899,SWIMMING_POOL
A039570,P09899,POWER_BACKUP
A039571,P09900,SWIMMING_POOL
A039572,P09900,PARKING
A039573,P09900,WIFI
A039574,P09901,CLUBHOUSE
A039575,P09901,SECURITY
A039576,P09901,LIFT
A039577,P09901,SWIMMING_POOL
A039578,P09901,AIR_CONDITIONING
A039579,P09902,AIR_CONDITIONING
A039580,P09902,SWIMMING_POOL
A039581,P09902,SECURITY
A039582,P09903,CLUBHOUSE
A039583,P09903,POWER_BACKUP
A039584,P09903,LIFT
A039585,P09904,AIR_CONDITIONING
A039586,P09904,GARDEN
A039587,P09904,SECURITY
A039588,P09904,CLUBHOUSE
A039589,P09904,GYM
A039590,P09905,SWIMMING_POOL
A039591,P09905,LIFT
A039592,P09905,GYM
A039593,P09906,SWIMMING_POOL
A039594,P09906,CLUBHOUSE
A039595,P09906,AIR_CONDITIONING
A039596,P09906,LIFT
A039597,P09906,PARKING
A039598,P09907,PARKING
A039599,P09907,AIR_CONDITIONING
A039600,P09907,SECURITY
A039601,P09907,LIFT
A039602,P09907,SWIMMING_POOL
A039603,P09907,GARDEN
A039604,P09908,POWER_BACKUP
A039605,P09908,SECURITY
A039606,P09908,GYM
A039607,P09908,SWIMMING_POOL
A039608,P09908,GARDEN
A039609,P09909,SWIMMING_POOL
A039610,P09909,LIFT
A039611,P09909,WIFI
A039612,P09909,SECURITY
A039613,P09909,AIR_CONDITIONING
A039614,P09910,POWER_BACKUP
A039615,P09910,SWIMMING_POOL
A039616,P09911,AIR_CONDITIONING
A039617,P09911,PARKING
A039618,P09911,GARDEN
A039619,P09911,SWIMMING_POOL
A039620,P09911,WIFI
A039621,P09911,LIFT
A039622,P09912,POWER_BACKUP
A039623,P09912,SWIMMING_POOL
A039624,P09913,SWIMMING_POOL
A039625,P09913,GYM
A039626,P09913,PARKING
A039627,P09913,POWER_BACKUP
A039628,P09914,SECURITY
A039629,P09914,LIFT
A039630,P09914,GYM
A039631,P09914,GARDEN
A039632,P09915,CLUBHOUSE
A039633,P09915,GARDEN
A039634,P09915,PARKING
A039635,P09915,SECURITY
A039636,P09915,WIFI
A039637,P09916,SECURITY
A039638,P09916,SWIMMING_POOL
A039639,P09916,CLUBHOUSE
A039640,P09916,PARKING
A039641,P09916,POWER_BACKUP
A039642,P09916,GARDEN
A039643,P09917,SECURITY
A039644,P09917,GARDEN
A039645,P09918,POWER_BACKUP
A039646,P09918,LIFT
A039647,P09918,GYM
A039648,P09918,CLUBHOUSE
A039649,P09918,GARDEN
A039650,P09919,CLUBHOUSE
A039651,P09919,POWER_BACKUP
A039652,P09919,GYM
A039653,P09919,SECURITY
A039654,P09920,SWIMMING_POOL
A039655,P09920,AIR_CONDITIONING
A039656,P09920,LIFT
A039657,P09920,GARDEN
A039658,P09921,LIFT
A039659,P09921,GARDEN
A039660,P09921,WIFI
A039661,P09922,SECURITY
A039662,P09922,GARDEN
A039663,P09923,GYM
A039664,P09923,CLUBHOUSE
A039665,P09923,AIR_CONDITIONING
A039666,P09923,POWER_BACKUP
A039667,P09924,PARKING
A039668,P09924,AIR_CONDITIONING
A039669,P09924,LIFT
A039670,P09925,CLUBHOUSE
A039671,P09925,GYM
A039672,P09925,LIFT
A039673,P09926,PARKING
A039674,P09926,GYM
A039675,P09926,GARDEN
A039676,P09926,WIFI
A039677,P09926,POWER_BACKUP
A039678,P09927,CLUBHOUSE
A039679,P09927,PARKING
A039680,P09928,SWIMMING_POOL
A039681,P09928,WIFI
A039682,P09929,WIFI
A039683,P09929,SECURITY
A039684,P09929,CLUBHOUSE
A039685,P09929,GYM
A039686,P09929,GARDEN
A039687,P09930,GYM
A039688,P09930,PARKING
A039689,P09930,CLUBHOUSE
A039690,P09930,LIFT
A039691,P09930,AIR_CONDITIONING
A039692,P09931,POWER_BACKUP
A039693,P09931,SECURITY
A039694,P09932,PARKING
A039695,P09932,WIFI
A039696,P09932,CLUBHOUSE
A039697,P09933,PARKING
A039698,P09933,CLUBHOUSE
A039699,P09933,SWIMMING_POOL
A039700,P09934,GYM
A039701,P09934,LIFT
A039702,P09934,GARDEN
A039703,P09934,SECURITY
A039704,P09934,AIR_CONDITIONING
A039705,P09934,SWIMMING_POOL
A039706,P09935,PARKING
A039707,P09935,LIFT
A039708,P09936,SECURITY
A039709,P09936,LIFT
A039710,P09937,POWER_BACKUP
A039711,P09937,AIR_CONDITIONING
A039712,P09937,LIFT
A039713,P09937,WIFI
A039714,P09938,WIFI
A039715,P09938,PARKING
A039716,P09938,SWIMMING_POOL
A039717,P09938,SECURITY
A039718,P09938,POWER_BACKUP
A039719,P09939,GARDEN
A039720,P09939,CLUBHOUSE
A039721,P09939,PARKING
A039722,P09939,WIFI
A039723,P09940,CLUBHOUSE
A039724,P09940,GARDEN
A039725,P09940,WIFI
A039726,P09940,SECURITY
A039727,P09940,PARKING
A039728,P09941,GARDEN
A039729,P09941,LIFT
A039730,P09941,SWIMMING_POOL
A039731,P09942,AIR_CONDITIONING
A039732,P09942,LIFT
A039733,P09943,POWER_BACKUP
A039734,P09943,LIFT
A039735,P09943,WIFI
A039736,P09943,CLUBHOUSE
A039737,P09943,SWIMMING_POOL
A039738,P09943,PARKING
A039739,P09944,POWER_BACKUP
A039740,P09944,PARKING
A039741,P09944,CLUBHOUSE
A039742,P09945,GARDEN
A039743,P09945,CLUBHOUSE
A039744,P09945,GYM
A039745,P09945,SWIMMING_POOL
A039746,P09945,WIFI
A039747,P09946,SWIMMING_POOL
A039748,P09946,SECURITY
A039749,P09946,POWER_BACKUP
A039750,P09946,WIFI
A039751,P09947,LIFT
A039752,P09947,SWIMMING_POOL
A039753,P09947,GARDEN
A039754,P09947,AIR_CONDITIONING
A039755,P09948,POWER_BACKUP
A039756,P09948,CLUBHOUSE
A039757,P09949,LIFT
A039758,P09949,GYM
A039759,P09949,AIR_CONDITIONING
A039760,P09949,GARDEN
A039761,P09949,CLUBHOUSE
A039762,P09950,PARKING
A039763,P09950,GARDEN
A039764,P09950,GYM
A039765,P09950,AIR_CONDITIONING
A039766,P09951,LIFT
A039767,P09951,PARKING
A039768,P09951,WIFI
A039769,P09951,SECURITY
A039770,P09951,GARDEN
A039771,P09952,GARDEN
A039772,P09952,LIFT
A039773,P09952,CLUBHOUSE
A039774,P09953,CLUBHOUSE
A039775,P09953,LIFT
A039776,P09953,AIR_CONDITIONING
A039777,P09953,GARDEN
A039778,P09953,PARKING
A039779,P09954,WIFI
A039780,P09954,PARKING
A039781,P09955,SWIMMING_POOL
A039782,P09955,LIFT
A039783,P09955,SECURITY
A039784,P09956,POWER_BACKUP
A039785,P09956,GARDEN
A039786,P09956,CLUBHOUSE
A039787,P09957,SECURITY
A039788,P09957,CLUBHOUSE
A039789,P09957,AIR_CONDITIONING
A039790,P09957,GARDEN
A039791,P09957,GYM
A039792,P09958,GARDEN
A039793,P09958,LIFT
A039794,P09959,SWIMMING_POOL
A039795,P09959,WIFI
A039796,P09959,AIR_CONDITIONING
A039797,P09959,CLUBHOUSE
A039798,P09959,GARDEN
A039799,P09959,GYM
A039800,P09960,WIFI
A039801,P09960,PARKING
A039802,P09960,GARDEN
A039803,P09960,LIFT
A039804,P09961,PARKING
A039805,P09961,CLUBHOUSE
A039806,P09961,GYM
A039807,P09962,SWIMMING_POOL
A039808,P09962,WIFI
A039809,P09962,SECURITY
A039810,P09962,POWER_BACKUP
A039811,P09962,PARKING
A039812,P09962,CLUBHOUSE
A039813,P09963,GYM
A039814,P09963,CLUBHOUSE
A039815,P09963,SECURITY
A039816,P09963,POWER_BACKUP
A039817,P09964,LIFT
A039818,P09964,GYM
A039819,P09965,POWER_BACKUP
A039820,P09965,LIFT
A039821,P09965,CLUBHOUSE
A039822,P09965,GYM
A039823,P09965,SWIMMING_POOL
A039824,P09966,SWIMMING_POOL
A039825,P09966,WIFI
A039826,P09966,GARDEN
A039827,P09967,SECURITY
A039828,P09967,PARKING
A039829,P09967,POWER_BACKUP
A039830,P09967,AIR_CONDITIONING
A039831,P09968,GARDEN
A039832,P09968,AIR_CONDITIONING
A039833,P09968,GYM
A039834,P09968,SWIMMING_POOL
A039835,P09968,LIFT
A039836,P09969,PARKING
A039837,P09969,AIR_CONDITIONING
A039838,P09969,SECURITY
A039839,P09969,GYM
A039840,P09969,POWER_BACKUP
A039841,P09969,CLUBHOUSE
A039842,P09970,PARKING
A039843,P09970,GARDEN
A039844,P09970,SWIMMING_POOL
A039845,P09970,CLUBHOUSE
A039846,P09970,GYM
A039847,P09970,AIR_CONDITIONING
A039848,P09971,AIR_CONDITIONING
A039849,P09971,PARKING
A039850,P09971,POWER_BACKUP
A039851,P09971,CLUBHOUSE
A039852,P09971,GYM
A039853,P09971,SWIMMING_POOL
A039854,P09972,WIFI
A039855,P09972,GYM
A039856,P09972,SECURITY
A039857,P09972,CLUBHOUSE
A039858,P09972,LIFT
A039859,P09972,AIR_CONDITIONING
A039860,P09973,SECURITY
A039861,P09973,GARDEN
A039862,P09973,PARKING
A039863,P09974,SWIMMING_POOL
A039864,P09974,GARDEN
A039865,P09974,CLUBHOUSE
A039866,P09975,PARKING
A039867,P09975,AIR_CONDITIONING
A039868,P09975,SECURITY
A039869,P09975,POWER_BACKUP
A039870,P09976,SECURITY
A039871,P09976,WIFI
A039872,P09976,CLUBHOUSE
A039873,P09976,PARKING
A039874,P09976,SWIMMING_POOL
A039875,P09977,GYM
A039876,P09977,WIFI
A039877,P09977,AIR_CONDITIONING
A039878,P09978,PARKING
A039879,P09978,POWER_BACKUP
A039880,P09978,GYM
A039881,P09979,CLUBHOUSE
A039882,P09979,WIFI
A039883,P09979,GYM
A039884,P09979,POWER_BACKUP
A039885,P09979,AIR_CONDITIONING
A039886,P09979,LIFT
A039887,P09980,CLUBHOUSE
A039888,P09980,AIR_CONDITIONING
A039889,P09980,GARDEN
A039890,P09980,PARKING
A039891,P09980,SWIMMING_POOL
A039892,P09980,LIFT
A039893,P09981,LIFT
A039894,P09981,PARKING
A039895,P09982,WIFI
A039896,P09982,CLUBHOUSE
A039897,P09982,SECURITY
A039898,P09983,CLUBHOUSE
A039899,P09983,WIFI
A039900,P09983,AIR_CONDITIONING
A039901,P09984,AIR_CONDITIONING
A039902,P09984,SECURITY
A039903,P09984,LIFT
A039904,P09984,PARKING
A039905,P09984,SWIMMING_POOL
A039906,P09985,PARKING
A039907,P09985,GARDEN
A039908,P09985,SECURITY
A039909,P09985,SWIMMING_POOL
A039910,P09986,WIFI
A039911,P09986,SECURITY
A039912,P09986,POWER_BACKUP
A039913,P09986,GYM
A039914,P09987,GARDEN
A039915,P09987,CLUBHOUSE
A039916,P09987,GYM
A039917,P09987,POWER_BACKUP
A039918,P09987,PARKING
A039919,P09987,SECURITY
A039920,P09988,GARDEN
A039921,P09988,POWER_BACKUP
A039922,P09988,LIFT
A039923,P09989,PARKING
A039924,P09989,SECURITY
A039925,P09989,LIFT
A039926,P09989,POWER_BACKUP
A039927,P09989,WIFI
A039928,P09989,CLUBHOUSE
A039929,P09990,SWIMMING_POOL
A039930,P09990,LIFT
A039931,P09990,PARKING
A039932,P09991,SWIMMING_POOL
A039933,P09991,POWER_BACKUP
A039934,P09992,SECURITY
A039935,P09992,WIFI
A039936,P09992,SWIMMING_POOL
A039937,P09992,CLUBHOUSE
A039938,P09993,SECURITY
A039939,P09993,LIFT
A039940,P09994,POWER_BACKUP
A039941,P09994,PARKING
A039942,P09994,GYM
A039943,P09994,SWIMMING_POOL
A039944,P09994,GARDEN
A039945,P09994,WIFI
A039946,P09995,POWER_BACKUP
A039947,P09995,LIFT
A039948,P09995,WIFI
A039949,P09995,GARDEN
A039950,P09995,CLUBHOUSE
A039951,P09995,GYM
A039952,P09996,LIFT
A039953,P09996,CLUBHOUSE
A039954,P09996,AIR_CONDITIONING
A039955,P09996,POWER_BACKUP
A039956,P09996,SECURITY
A039957,P09997,GYM
A039958,P09997,GARDEN
A039959,P09997,POWER_BACKUP
A039960,P09997,SWIMMING_POOL
A039961,P09998,GYM
A039962,P09998,AIR_CONDITIONING
A039963,P09998,SECURITY
A039964,P09998,GARDEN
A039965,P09999,CLUBHOUSE
A039966,P09999,GARDEN
A039967,P09999,PARKING
A039968,P09999,WIFI
A039969,P10000,SECURITY
A039970,P10000,CLUBHOUSE
