preference_id,tenant_id,preferred_city,preferred_property_type,min_bedrooms,max_budget,preferred_furnishing,parking_required,amenity_preference,max_commute_distance_km
TP00001,T00001,Mumbai,VILLA,2,20791,FULLY_FURNISHED,False,POWER_BACKUP,26.2
TP00002,T00002,Delhi,HOUSE,3,95276,SEMI_FURNISHED,False,AIR_CONDITIONING,20.1
TP00003,T00003,Kolkata,HOUSE,1,117670,UNFURNISHED,False,GARDEN,13.2
TP00004,T00004,Bangalore,PG,1,99104,FULLY_FURNISHED,False,POWER_BACKUP,25.1
TP00005,T00005,Delhi,PG,1,23241,UNFURNISHED,True,WIFI,21.7
TP00006,T00006,Delhi,VILLA,2,22610,SEMI_FURNISHED,False,WIFI,10.5
TP00007,T00007,Mumbai,VILLA,3,69049,UNFURNISHED,True,CLUBHOUSE,18.8
TP00008,T00008,Kolkata,PG,1,19897,SEMI_FURNISHED,False,POWER_BACKUP,4.9
TP00009,T00009,Delhi,VILLA,1,65768,FULLY_FURNISHED,False,SECURITY,14.9
TP00010,T00010,Chennai,VILLA,2,65798,UNFURNISHED,True,POWER_BACKUP,22.8
TP00011,T00011,Kolkata,VILLA,3,105643,FULLY_FURNISHED,False,GARDEN,5.0
TP00012,T00012,Hyderabad,VILLA,2,35346,UNFURNISHED,True,SECURITY,13.6
TP00013,T00013,Mumbai,HOUSE,3,108608,UNFURNISHED,False,POWER_BACKUP,24.4
TP00014,T00014,Delhi,HOUSE,2,83135,SEMI_FURNISHED,True,GYM,4.4
TP00015,T00015,Chennai,APARTMENT,3,102447,FULLY_FURNISHED,True,POWER_BACKUP,18.3
TP00016,T00016,Bangalore,VILLA,3,79707,UNFURNISHED,False,SECURITY,20.5
TP00017,T00017,Kolkata,APARTMENT,2,49564,UNFURNISHED,False,GARDEN,25.9
TP00018,T00018,Bangalore,HOUSE,1,32596,FULLY_FURNISHED,True,SWIMMING_POOL,19.7
TP00019,T00019,Bangalore,APARTMENT,3,63025,UNFURNISHED,False,GYM,11.1
TP00020,T00020,Bangalore,VILLA,1,37575,FULLY_FURNISHED,False,WIFI,7.6
TP00021,T00021,Mumbai,PG,2,87513,UNFURNISHED,False,PARKING,3.6
TP00022,T00022,Mumbai,HOUSE,1,94380,SEMI_FURNISHED,True,GYM,21.2
TP00023,T00023,Chennai,HOUSE,1,114979,SEMI_FURNISHED,True,GYM,19.0
TP00024,T00024,Chennai,PG,1,95970,SEMI_FURNISHED,False,PARKING,4.2
TP00025,T00025,Chennai,PG,2,36797,UNFURNISHED,True,SECURITY,25.3
TP00026,T00026,Hyderabad,APARTMENT,3,39186,UNFURNISHED,False,SWIMMING_POOL,24.6
TP00027,T00027,Bangalore,HOUSE,3,70713,FULLY_FURNISHED,True,SECURITY,19.6
TP00028,T00028,Mumbai,APARTMENT,3,102951,FULLY_FURNISHED,False,GARDEN,15.1
TP00029,T00029,Hyderabad,VILLA,3,45929,UNFURNISHED,True,PARKING,22.6
TP00030,T00030,Delhi,HOUSE,2,69927,UNFURNISHED,True,SWIMMING_POOL,9.5
TP00031,T00031,Hyderabad,PG,3,69648,FULLY_FURNISHED,False,AIR_CONDITIONING,22.1
TP00032,T00032,Delhi,HOUSE,2,18675,FULLY_FURNISHED,False,LIFT,29.5
TP00033,T00033,Hyderabad,APARTMENT,1,80055,FULLY_FURNISHED,False,WIFI,20.6
TP00034,T00034,Bangalore,VILLA,1,32608,FULLY_FURNISHED,False,SECURITY,7.5
TP00035,T00035,Hyderabad,APARTMENT,1,90392,FULLY_FURNISHED,True,WIFI,11.3
TP00036,T00036,Chennai,PG,3,68621,UNFURNISHED,False,GYM,15.9
TP00037,T00037,Mumbai,HOUSE,1,59523,UNFURNISHED,False,SWIMMING_POOL,18.0
TP00038,T00038,Kolkata,PG,3,112035,UNFURNISHED,True,GYM,8.8
TP00039,T00039,Chennai,VILLA,1,58133,SEMI_FURNISHED,False,LIFT,22.6
TP00040,T00040,Bangalore,VILLA,1,64409,SEMI_FURNISHED,False,CLUBHOUSE,21.1
TP00041,T00041,Kolkata,APARTMENT,1,62766,SEMI_FURNISHED,True,PARKING,15.1
TP00042,T00042,Hyderabad,PG,1,90319,SEMI_FURNISHED,True,WIFI,10.4
TP00043,T00043,Bangalore,APARTMENT,1,101425,FULLY_FURNISHED,True,CLUBHOUSE,19.0
TP00044,T00044,Bangalore,PG,2,114723,FULLY_FURNISHED,False,SWIMMING_POOL,7.9
TP00045,T00045,Chennai,HOUSE,3,78865,UNFURNISHED,False,LIFT,24.3
TP00046,T00046,Mumbai,HOUSE,1,59240,FULLY_FURNISHED,False,LIFT,16.5
TP00047,T00047,Bangalore,PG,1,13856,FULLY_FURNISHED,True,PARKING,9.5
TP00048,T00048,Kolkata,APARTMENT,3,50575,SEMI_FURNISHED,False,LIFT,16.6
TP00049,T00049,Kolkata,HOUSE,3,116437,SEMI_FURNISHED,True,SECURITY,19.2
TP00050,T00050,Hyderabad,VILLA,2,103638,UNFURNISHED,True,AIR_CONDITIONING,11.3
TP00051,T00051,Chennai,VILLA,3,60964,SEMI_FURNISHED,False,CLUBHOUSE,25.7
TP00052,T00052,Bangalore,PG,1,89075,SEMI_FURNISHED,False,AIR_CONDITIONING,26.5
TP00053,T00053,Bangalore,PG,2,110111,UNFURNISHED,True,PARKING,12.9
TP00054,T00054,Hyderabad,APARTMENT,1,16932,FULLY_FURNISHED,False,SWIMMING_POOL,7.9
TP00055,T00055,Kolkata,PG,3,16125,FULLY_FURNISHED,True,CLUBHOUSE,5.5
TP00056,T00056,Kolkata,PG,3,91752,SEMI_FURNISHED,True,WIFI,6.4
TP00057,T00057,Chennai,VILLA,2,57870,FULLY_FURNISHED,True,SECURITY,3.3
TP00058,T00058,Hyderabad,VILLA,1,65819,UNFURNISHED,False,SWIMMING_POOL,10.8
TP00059,T00059,Mumbai,HOUSE,1,90601,FULLY_FURNISHED,True,LIFT,9.5
TP00060,T00060,Delhi,HOUSE,2,119460,SEMI_FURNISHED,False,AIR_CONDITIONING,7.9
TP00061,T00061,Chennai,VILLA,1,90743,UNFURNISHED,False,POWER_BACKUP,6.7
TP00062,T00062,Bangalore,HOUSE,3,14579,SEMI_FURNISHED,False,SECURITY,27.9
TP00063,T00063,Chennai,PG,2,79796,UNFURNISHED,False,SWIMMING_POOL,16.3
TP00064,T00064,Delhi,VILLA,3,21228,FULLY_FURNISHED,False,AIR_CONDITIONING,2.8
TP00065,T00065,Chennai,HOUSE,2,42654,FULLY_FURNISHED,True,LIFT,12.8
TP00066,T00066,Mumbai,APARTMENT,2,29302,SEMI_FURNISHED,False,WIFI,28.0
TP00067,T00067,Mumbai,HOUSE,3,48395,FULLY_FURNISHED,False,GYM,22.1
TP00068,T00068,Mumbai,VILLA,2,65616,UNFURNISHED,False,GARDEN,4.5
TP00069,T00069,Bangalore,HOUSE,2,59674,FULLY_FURNISHED,False,AIR_CONDITIONING,15.4
TP00070,T00070,Chennai,APARTMENT,1,84151,SEMI_FURNISHED,False,LIFT,4.8
TP00071,T00071,Mumbai,PG,2,87280,UNFURNISHED,False,SWIMMING_POOL,17.5
TP00072,T00072,Mumbai,PG,1,75328,UNFURNISHED,False,POWER_BACKUP,3.0
TP00073,T00073,Delhi,PG,1,42628,SEMI_FURNISHED,False,GYM,23.7
TP00074,T00074,Delhi,VILLA,2,18183,FULLY_FURNISHED,False,SECURITY,13.0
TP00075,T00075,Bangalore,APARTMENT,3,74948,SEMI_FURNISHED,False,GARDEN,29.8
TP00076,T00076,Kolkata,PG,2,25613,UNFURNISHED,False,WIFI,3.3
TP00077,T00077,Chennai,APARTMENT,2,60235,UNFURNISHED,False,LIFT,13.2
TP00078,T00078,Hyderabad,PG,2,27350,UNFURNISHED,True,SECURITY,17.6
TP00079,T00079,Mumbai,PG,2,71789,SEMI_FURNISHED,True,LIFT,8.9
TP00080,T00080,Delhi,VILLA,1,30631,SEMI_FURNISHED,True,POWER_BACKUP,9.4
TP00081,T00081,Mumbai,APARTMENT,2,90992,SEMI_FURNISHED,False,AIR_CONDITIONING,11.3
TP00082,T00082,Chennai,HOUSE,2,24854,SEMI_FURNISHED,False,POWER_BACKUP,2.7
TP00083,T00083,Kolkata,VILLA,2,81780,FULLY_FURNISHED,False,GYM,29.9
TP00084,T00084,Mumbai,VILLA,1,65951,FULLY_FURNISHED,True,CLUBHOUSE,6.8
TP00085,T00085,Mumbai,PG,3,112064,UNFURNISHED,False,GARDEN,5.6
TP00086,T00086,Kolkata,VILLA,3,71255,UNFURNISHED,False,CLUBHOUSE,23.4
TP00087,T00087,Mumbai,VILLA,2,27715,FULLY_FURNISHED,True,AIR_CONDITIONING,11.1
TP00088,T00088,Chennai,PG,1,93082,SEMI_FURNISHED,True,SWIMMING_POOL,23.2
TP00089,T00089,Hyderabad,HOUSE,3,40381,UNFURNISHED,False,GYM,19.1
TP00090,T00090,Hyderabad,PG,1,73029,FULLY_FURNISHED,True,PARKING,18.1
TP00091,T00091,Hyderabad,HOUSE,2,115338,UNFURNISHED,False,CLUBHOUSE,23.2
TP00092,T00092,Bangalore,VILLA,2,92851,FULLY_FURNISHED,False,LIFT,27.7
TP00093,T00093,Hyderabad,PG,3,39797,SEMI_FURNISHED,True,SECURITY,15.3
TP00094,T00094,Bangalore,HOUSE,1,19667,SEMI_FURNISHED,True,LIFT,26.7
TP00095,T00095,Kolkata,VILLA,2,41061,FULLY_FURNISHED,False,PARKING,19.6
TP00096,T00096,Hyderabad,HOUSE,3,118021,SEMI_FURNISHED,True,GARDEN,26.7
TP00097,T00097,Delhi,HOUSE,3,111881,UNFURNISHED,True,PARKING,17.3
TP00098,T00098,Bangalore,HOUSE,2,103467,UNFURNISHED,False,PARKING,17.3
TP00099,T00099,Delhi,APARTMENT,1,65702,FULLY_FURNISHED,False,SECURITY,21.6
TP00100,T00100,Hyderabad,HOUSE,3,40441,FULLY_FURNISHED,False,POWER_BACKUP,21.5
TP00101,T00101,Kolkata,PG,2,51482,UNFURNISHED,True,AIR_CONDITIONING,11.3
TP00102,T00102,Kolkata,PG,2,90703,FULLY_FURNISHED,False,GYM,12.4
TP00103,T00103,Hyderabad,HOUSE,2,117446,FULLY_FURNISHED,True,GARDEN,27.0
TP00104,T00104,Delhi,PG,1,63575,FULLY_FURNISHED,True,AIR_CONDITIONING,29.3
TP00105,T00105,Hyderabad,VILLA,1,75431,FULLY_FURNISHED,False,GARDEN,20.4
TP00106,T00106,Chennai,APARTMENT,3,38515,SEMI_FURNISHED,False,GYM,8.9
TP00107,T00107,Chennai,VILLA,2,21424,FULLY_FURNISHED,False,PARKING,2.7
TP00108,T00108,Kolkata,HOUSE,2,112219,UNFURNISHED,False,GYM,10.3
TP00109,T00109,Hyderabad,APARTMENT,1,62513,SEMI_FURNISHED,True,SWIMMING_POOL,13.5
TP00110,T00110,Hyderabad,APARTMENT,2,60856,UNFURNISHED,True,LIFT,27.9
TP00111,T00111,Hyderabad,HOUSE,2,116372,SEMI_FURNISHED,True,GARDEN,21.9
TP00112,T00112,Chennai,PG,1,41101,SEMI_FURNISHED,True,WIFI,22.3
TP00113,T00113,Chennai,VILLA,2,87350,FULLY_FURNISHED,True,POWER_BACKUP,18.5
TP00114,T00114,Chennai,APARTMENT,2,79724,SEMI_FURNISHED,True,LIFT,9.6
TP00115,T00115,Mumbai,PG,2,25883,UNFURNISHED,True,PARKING,16.1
TP00116,T00116,Delhi,APARTMENT,2,19554,SEMI_FURNISHED,False,POWER_BACKUP,26.1
TP00117,T00117,Hyderabad,HOUSE,3,115042,FULLY_FURNISHED,False,POWER_BACKUP,29.2
TP00118,T00118,Kolkata,APARTMENT,3,41466,SEMI_FURNISHED,True,CLUBHOUSE,20.6
TP00119,T00119,Kolkata,HOUSE,2,22730,FULLY_FURNISHED,False,SWIMMING_POOL,6.3
TP00120,T00120,Mumbai,VILLA,3,38624,FULLY_FURNISHED,True,SECURITY,13.6
TP00121,T00121,Chennai,APARTMENT,1,35581,SEMI_FURNISHED,True,SWIMMING_POOL,2.3
TP00122,T00122,Chennai,APARTMENT,3,57135,SEMI_FURNISHED,False,SECURITY,29.8
TP00123,T00123,Bangalore,HOUSE,3,18941,FULLY_FURNISHED,False,GARDEN,26.7
TP00124,T00124,Hyderabad,HOUSE,3,38310,SEMI_FURNISHED,False,SWIMMING_POOL,25.3
TP00125,T00125,Bangalore,APARTMENT,3,77397,UNFURNISHED,False,CLUBHOUSE,13.8
TP00126,T00126,Mumbai,VILLA,2,104901,FULLY_FURNISHED,False,SECURITY,16.6
TP00127,T00127,Chennai,PG,1,83589,SEMI_FURNISHED,False,CLUBHOUSE,23.5
TP00128,T00128,Chennai,APARTMENT,1,65897,SEMI_FURNISHED,True,LIFT,2.2
TP00129,T00129,Kolkata,APARTMENT,2,70022,FULLY_FURNISHED,False,AIR_CONDITIONING,21.1
TP00130,T00130,Kolkata,APARTMENT,3,60765,FULLY_FURNISHED,False,WIFI,16.4
TP00131,T00131,Chennai,HOUSE,3,13724,SEMI_FURNISHED,True,CLUBHOUSE,27.2
TP00132,T00132,Delhi,APARTMENT,2,13094,SEMI_FURNISHED,False,PARKING,22.2
TP00133,T00133,Kolkata,PG,1,41710,UNFURNISHED,True,POWER_BACKUP,2.2
TP00134,T00134,Delhi,VILLA,1,21136,SEMI_FURNISHED,False,LIFT,2.7
TP00135,T00135,Mumbai,APARTMENT,2,72812,SEMI_FURNISHED,False,LIFT,20.1
TP00136,T00136,Kolkata,HOUSE,3,106249,UNFURNISHED,False,WIFI,14.0
TP00137,T00137,Kolkata,HOUSE,3,110878,FULLY_FURNISHED,False,SWIMMING_POOL,13.4
TP00138,T00138,Chennai,VILLA,3,96200,UNFURNISHED,False,GYM,28.4
TP00139,T00139,Bangalore,VILLA,1,87484,FULLY_FURNISHED,False,GYM,14.8
TP00140,T00140,Hyderabad,APARTMENT,2,79328,UNFURNISHED,False,SECURITY,3.2
TP00141,T00141,Bangalore,APARTMENT,3,104435,SEMI_FURNISHED,True,SECURITY,22.3
TP00142,T00142,Mumbai,PG,2,86881,UNFURNISHED,False,SECURITY,4.2
TP00143,T00143,Chennai,PG,2,111913,FULLY_FURNISHED,True,GYM,19.1
TP00144,T00144,Hyderabad,PG,1,100625,FULLY_FURNISHED,True,CLUBHOUSE,11.5
TP00145,T00145,Hyderabad,APARTMENT,1,112058,FULLY_FURNISHED,True,WIFI,27.1
TP00146,T00146,Kolkata,HOUSE,1,58754,UNFURNISHED,False,SWIMMING_POOL,23.0
TP00147,T00147,Chennai,PG,2,68606,UNFURNISHED,False,GYM,28.0
TP00148,T00148,Delhi,VILLA,1,99596,SEMI_FURNISHED,True,LIFT,10.0
TP00149,T00149,Hyderabad,HOUSE,2,22713,SEMI_FURNISHED,False,CLUBHOUSE,29.2
TP00150,T00150,Delhi,VILLA,1,42078,FULLY_FURNISHED,False,SWIMMING_POOL,15.7
TP00151,T00151,Bangalore,HOUSE,3,40550,SEMI_FURNISHED,True,CLUBHOUSE,17.0
TP00152,T00152,Bangalore,HOUSE,3,35056,FULLY_FURNISHED,True,POWER_BACKUP,7.0
TP00153,T00153,Mumbai,HOUSE,3,16986,UNFURNISHED,False,SWIMMING_POOL,5.0
TP00154,T00154,Hyderabad,VILLA,3,37495,UNFURNISHED,False,GYM,12.4
TP00155,T00155,Chennai,VILLA,2,31544,SEMI_FURNISHED,False,LIFT,19.1
TP00156,T00156,Delhi,PG,1,33642,SEMI_FURNISHED,False,SECURITY,22.2
TP00157,T00157,Delhi,HOUSE,2,78037,FULLY_FURNISHED,False,GYM,20.5
TP00158,T00158,Delhi,APARTMENT,3,64752,UNFURNISHED,False,LIFT,5.9
TP00159,T00159,Kolkata,VILLA,1,32253,UNFURNISHED,False,SWIMMING_POOL,2.8
TP00160,T00160,Bangalore,VILLA,3,59190,UNFURNISHED,True,LIFT,21.5
TP00161,T00161,Kolkata,HOUSE,1,74883,FULLY_FURNISHED,True,GYM,8.6
TP00162,T00162,Chennai,VILLA,2,58017,UNFURNISHED,False,GYM,6.4
TP00163,T00163,Mumbai,APARTMENT,1,44976,FULLY_FURNISHED,False,WIFI,29.8
TP00164,T00164,Hyderabad,PG,1,114331,FULLY_FURNISHED,False,GARDEN,24.3
TP00165,T00165,Kolkata,VILLA,2,51285,SEMI_FURNISHED,False,SECURITY,4.6
TP00166,T00166,Hyderabad,PG,3,36006,SEMI_FURNISHED,False,CLUBHOUSE,8.5
TP00167,T00167,Bangalore,HOUSE,3,43303,FULLY_FURNISHED,False,WIFI,24.3
TP00168,T00168,Mumbai,HOUSE,3,116840,FULLY_FURNISHED,True,SWIMMING_POOL,5.6
TP00169,T00169,Chennai,VILLA,1,33131,SEMI_FURNISHED,True,GYM,24.8
TP00170,T00170,Chennai,VILLA,1,76883,SEMI_FURNISHED,True,LIFT,4.7
TP00171,T00171,Bangalore,PG,3,19795,FULLY_FURNISHED,True,LIFT,4.6
TP00172,T00172,Mumbai,APARTMENT,2,21179,UNFURNISHED,False,GYM,14.5
TP00173,T00173,Chennai,VILLA,3,32817,UNFURNISHED,False,WIFI,14.9
TP00174,T00174,Chennai,HOUSE,3,94001,SEMI_FURNISHED,True,PARKING,26.1
TP00175,T00175,Hyderabad,HOUSE,3,58790,SEMI_FURNISHED,False,GARDEN,8.9
TP00176,T00176,Kolkata,APARTMENT,3,30866,SEMI_FURNISHED,False,WIFI,17.3
TP00177,T00177,Kolkata,VILLA,2,56153,SEMI_FURNISHED,True,POWER_BACKUP,2.6
TP00178,T00178,Hyderabad,VILLA,2,49635,UNFURNISHED,False,GYM,2.4
TP00179,T00179,Mumbai,VILLA,3,83512,UNFURNISHED,True,GYM,23.0
TP00180,T00180,Hyderabad,APARTMENT,3,104345,SEMI_FURNISHED,True,WIFI,19.4
TP00181,T00181,Bangalore,HOUSE,2,79313,UNFURNISHED,False,CLUBHOUSE,14.1
TP00182,T00182,Mumbai,HOUSE,2,87615,FULLY_FURNISHED,True,WIFI,16.4
TP00183,T00183,Bangalore,PG,2,81271,SEMI_FURNISHED,False,GYM,15.5
TP00184,T00184,Kolkata,HOUSE,2,118844,SEMI_FURNISHED,False,PARKING,22.7
TP00185,T00185,Delhi,HOUSE,3,60751,FULLY_FURNISHED,True,SWIMMING_POOL,9.3
TP00186,T00186,Hyderabad,APARTMENT,3,86575,FULLY_FURNISHED,False,GYM,22.0
TP00187,T00187,Hyderabad,HOUSE,1,40168,FULLY_FURNISHED,False,GARDEN,21.2
TP00188,T00188,Mumbai,PG,1,93220,FULLY_FURNISHED,False,GARDEN,12.1
TP00189,T00189,Delhi,VILLA,2,36805,SEMI_FURNISHED,True,SWIMMING_POOL,26.0
TP00190,T00190,Chennai,VILLA,1,105141,FULLY_FURNISHED,False,WIFI,24.2
TP00191,T00191,Chennai,PG,2,93527,FULLY_FURNISHED,False,LIFT,8.7
TP00192,T00192,Chennai,APARTMENT,2,62601,FULLY_FURNISHED,True,POWER_BACKUP,14.1
TP00193,T00193,Bangalore,APARTMENT,3,106661,SEMI_FURNISHED,False,GYM,16.8
TP00194,T00194,Kolkata,HOUSE,1,63387,SEMI_FURNISHED,False,SECURITY,18.0
TP00195,T00195,Bangalore,PG,2,19053,UNFURNISHED,True,WIFI,20.6
TP00196,T00196,Hyderabad,VILLA,3,75498,FULLY_FURNISHED,True,GYM,21.2
TP00197,T00197,Chennai,HOUSE,3,118993,FULLY_FURNISHED,False,LIFT,22.2
TP00198,T00198,Hyderabad,APARTMENT,3,43063,UNFURNISHED,False,GARDEN,5.8
TP00199,T00199,Chennai,APARTMENT,1,16816,UNFURNISHED,False,LIFT,9.3
TP00200,T00200,Bangalore,PG,3,58882,SEMI_FURNISHED,False,POWER_BACKUP,2.7
TP00201,T00201,Chennai,HOUSE,2,47517,FULLY_FURNISHED,False,AIR_CONDITIONING,6.3
TP00202,T00202,Hyderabad,HOUSE,2,73869,FULLY_FURNISHED,True,LIFT,27.2
TP00203,T00203,Chennai,HOUSE,1,57024,FULLY_FURNISHED,False,SWIMMING_POOL,5.9
TP00204,T00204,Mumbai,HOUSE,3,45636,FULLY_FURNISHED,False,GARDEN,24.3
TP00205,T00205,Mumbai,APARTMENT,2,98954,FULLY_FURNISHED,False,GYM,23.1
TP00206,T00206,Hyderabad,PG,2,84421,UNFURNISHED,False,GYM,27.7
TP00207,T00207,Mumbai,PG,3,40892,SEMI_FURNISHED,False,WIFI,6.8
TP00208,T00208,Delhi,HOUSE,2,32380,FULLY_FURNISHED,False,POWER_BACKUP,28.1
TP00209,T00209,Hyderabad,HOUSE,2,40792,SEMI_FURNISHED,True,CLUBHOUSE,10.4
TP00210,T00210,Kolkata,HOUSE,2,12927,FULLY_FURNISHED,False,SWIMMING_POOL,17.2
TP00211,T00211,Chennai,HOUSE,1,56015,UNFURNISHED,False,LIFT,3.0
TP00212,T00212,Chennai,HOUSE,1,76835,UNFURNISHED,True,LIFT,9.5
TP00213,T00213,Hyderabad,HOUSE,3,79712,UNFURNISHED,False,SWIMMING_POOL,6.8
TP00214,T00214,Bangalore,APARTMENT,3,12537,SEMI_FURNISHED,False,POWER_BACKUP,29.8
TP00215,T00215,Chennai,PG,1,113989,UNFURNISHED,False,GARDEN,2.3
TP00216,T00216,Hyderabad,HOUSE,3,23174,SEMI_FURNISHED,False,LIFT,11.9
TP00217,T00217,Mumbai,PG,2,60652,UNFURNISHED,True,SECURITY,10.8
TP00218,T00218,Chennai,VILLA,2,83842,UNFURNISHED,False,AIR_CONDITIONING,24.7
TP00219,T00219,Mumbai,HOUSE,2,31261,UNFURNISHED,False,GARDEN,23.9
TP00220,T00220,Chennai,APARTMENT,2,94237,UNFURNISHED,True,LIFT,25.1
TP00221,T00221,Delhi,VILLA,3,90123,FULLY_FURNISHED,True,GARDEN,29.4
TP00222,T00222,Kolkata,PG,1,29554,FULLY_FURNISHED,False,AIR_CONDITIONING,11.5
TP00223,T00223,Bangalore,PG,2,39947,UNFURNISHED,False,CLUBHOUSE,6.4
TP00224,T00224,Hyderabad,VILLA,3,89462,FULLY_FURNISHED,False,POWER_BACKUP,28.6
TP00225,T00225,Hyderabad,PG,2,72456,FULLY_FURNISHED,True,PARKING,28.1
TP00226,T00226,Hyderabad,PG,1,92201,FULLY_FURNISHED,True,SECURITY,19.7
TP00227,T00227,Mumbai,PG,3,24229,FULLY_FURNISHED,False,WIFI,29.9
TP00228,T00228,Chennai,HOUSE,3,38592,FULLY_FURNISHED,True,POWER_BACKUP,29.8
TP00229,T00229,Chennai,HOUSE,3,110503,SEMI_FURNISHED,True,PARKING,17.8
TP00230,T00230,Mumbai,VILLA,2,58764,SEMI_FURNISHED,True,GYM,4.4
TP00231,T00231,Hyderabad,VILLA,2,68376,SEMI_FURNISHED,False,POWER_BACKUP,2.5
TP00232,T00232,Chennai,APARTMENT,1,54305,FULLY_FURNISHED,False,LIFT,9.1
TP00233,T00233,Chennai,HOUSE,3,38646,FULLY_FURNISHED,True,WIFI,16.4
TP00234,T00234,Kolkata,APARTMENT,1,20849,FULLY_FURNISHED,False,GYM,22.3
TP00235,T00235,Chennai,VILLA,1,80139,SEMI_FURNISHED,False,AIR_CONDITIONING,11.5
TP00236,T00236,Delhi,APARTMENT,2,39652,SEMI_FURNISHED,False,POWER_BACKUP,11.1
TP00237,T00237,Delhi,VILLA,3,101371,UNFURNISHED,False,PARKING,12.6
TP00238,T00238,Kolkata,HOUSE,1,89543,SEMI_FURNISHED,False,GYM,12.1
TP00239,T00239,Hyderabad,APARTMENT,2,84552,SEMI_FURNISHED,False,CLUBHOUSE,20.7
TP00240,T00240,Bangalore,APARTMENT,2,20796,SEMI_FURNISHED,True,WIFI,6.4
TP00241,T00241,Hyderabad,VILLA,2,94166,SEMI_FURNISHED,True,SWIMMING_POOL,11.4
TP00242,T00242,Mumbai,VILLA,2,62295,SEMI_FURNISHED,False,AIR_CONDITIONING,19.1
TP00243,T00243,Bangalore,PG,3,110113,FULLY_FURNISHED,True,SWIMMING_POOL,22.1
TP00244,T00244,Delhi,PG,1,91685,FULLY_FURNISHED,True,AIR_CONDITIONING,3.4
TP00245,T00245,Bangalore,HOUSE,2,111648,UNFURNISHED,False,GARDEN,24.6
TP00246,T00246,Hyderabad,PG,1,44652,UNFURNISHED,False,CLUBHOUSE,16.4
TP00247,T00247,Mumbai,HOUSE,3,89774,UNFURNISHED,False,WIFI,30.0
TP00248,T00248,Delhi,APARTMENT,2,76098,SEMI_FURNISHED,True,LIFT,23.8
TP00249,T00249,Bangalore,HOUSE,3,25621,FULLY_FURNISHED,True,CLUBHOUSE,4.0
TP00250,T00250,Mumbai,HOUSE,2,60769,UNFURNISHED,False,LIFT,20.9
TP00251,T00251,Hyderabad,APARTMENT,1,49620,UNFURNISHED,False,PARKING,21.2
TP00252,T00252,Bangalore,PG,2,86730,SEMI_FURNISHED,True,LIFT,5.7
TP00253,T00253,Bangalore,VILLA,2,118607,SEMI_FURNISHED,True,GARDEN,15.3
TP00254,T00254,Delhi,PG,3,45941,UNFURNISHED,True,LIFT,27.5
TP00255,T00255,Kolkata,PG,3,115199,SEMI_FURNISHED,False,AIR_CONDITIONING,16.1
TP00256,T00256,Bangalore,HOUSE,2,60629,UNFURNISHED,False,CLUBHOUSE,8.8
TP00257,T00257,Delhi,APARTMENT,2,50733,UNFURNISHED,True,GYM,27.0
TP00258,T00258,Bangalore,APARTMENT,1,80721,SEMI_FURNISHED,True,SWIMMING_POOL,18.8
TP00259,T00259,Hyderabad,PG,2,87089,SEMI_FURNISHED,True,LIFT,13.8
TP00260,T00260,Hyderabad,APARTMENT,1,70928,SEMI_FURNISHED,False,LIFT,17.0
TP00261,T00261,Hyderabad,APARTMENT,3,46648,FULLY_FURNISHED,False,LIFT,27.9
TP00262,T00262,Kolkata,PG,1,70252,FULLY_FURNISHED,True,SWIMMING_POOL,7.9
TP00263,T00263,Delhi,APARTMENT,1,100743,UNFURNISHED,True,LIFT,21.9
TP00264,T00264,Kolkata,APARTMENT,3,95363,SEMI_FURNISHED,False,LIFT,16.5
TP00265,T00265,Mumbai,APARTMENT,2,19414,UNFURNISHED,False,PARKING,24.6
TP00266,T00266,Mumbai,PG,2,17876,UNFURNISHED,True,POWER_BACKUP,29.2
TP00267,T00267,Mumbai,VILLA,3,45534,FULLY_FURNISHED,True,SECURITY,6.8
TP00268,T00268,Delhi,APARTMENT,2,107341,FULLY_FURNISHED,False,GARDEN,20.9
TP00269,T00269,Chennai,VILLA,3,65604,SEMI_FURNISHED,False,PARKING,25.5
TP00270,T00270,Hyderabad,HOUSE,1,28608,FULLY_FURNISHED,True,PARKING,2.9
TP00271,T00271,Delhi,VILLA,3,36269,FULLY_FURNISHED,False,PARKING,3.3
TP00272,T00272,Chennai,HOUSE,1,58944,UNFURNISHED,True,LIFT,6.5
TP00273,T00273,Chennai,APARTMENT,2,77931,UNFURNISHED,False,WIFI,28.2
TP00274,T00274,Mumbai,PG,3,115440,SEMI_FURNISHED,False,SWIMMING_POOL,17.2
TP00275,T00275,Bangalore,PG,1,36139,SEMI_FURNISHED,True,PARKING,27.7
TP00276,T00276,Delhi,APARTMENT,3,24336,FULLY_FURNISHED,False,GYM,2.9
TP00277,T00277,Chennai,APARTMENT,2,29700,FULLY_FURNISHED,True,POWER_BACKUP,18.1
TP00278,T00278,Chennai,HOUSE,1,71830,FULLY_FURNISHED,False,GARDEN,17.3
TP00279,T00279,Chennai,VILLA,1,48901,SEMI_FURNISHED,False,GYM,7.0
TP00280,T00280,Bangalore,PG,2,108795,FULLY_FURNISHED,True,WIFI,15.1
TP00281,T00281,Delhi,VILLA,3,29822,SEMI_FURNISHED,False,GARDEN,23.0
TP00282,T00282,Delhi,APARTMENT,1,24699,FULLY_FURNISHED,False,WIFI,8.5
TP00283,T00283,Hyderabad,HOUSE,3,69991,UNFURNISHED,True,CLUBHOUSE,19.3
TP00284,T00284,Chennai,HOUSE,1,112893,FULLY_FURNISHED,True,POWER_BACKUP,4.2
TP00285,T00285,Hyderabad,APARTMENT,1,94782,FULLY_FURNISHED,False,SWIMMING_POOL,19.8
TP00286,T00286,Bangalore,VILLA,1,17062,UNFURNISHED,True,PARKING,10.0
TP00287,T00287,Mumbai,VILLA,2,35706,SEMI_FURNISHED,False,GYM,22.9
TP00288,T00288,Hyderabad,APARTMENT,2,34287,FULLY_FURNISHED,True,LIFT,11.6
TP00289,T00289,Bangalore,APARTMENT,3,67477,SEMI_FURNISHED,False,AIR_CONDITIONING,28.0
TP00290,T00290,Mumbai,PG,1,118766,FULLY_FURNISHED,True,GYM,16.1
TP00291,T00291,Chennai,APARTMENT,1,62831,FULLY_FURNISHED,True,GYM,12.9
TP00292,T00292,Bangalore,PG,2,21645,UNFURNISHED,False,POWER_BACKUP,21.6
TP00293,T00293,Bangalore,APARTMENT,2,82145,SEMI_FURNISHED,True,POWER_BACKUP,4.0
TP00294,T00294,Hyderabad,PG,1,32183,FULLY_FURNISHED,False,WIFI,23.5
TP00295,T00295,Mumbai,APARTMENT,2,70859,UNFURNISHED,True,GYM,29.8
TP00296,T00296,Bangalore,PG,3,22975,FULLY_FURNISHED,False,SWIMMING_POOL,15.3
TP00297,T00297,Delhi,VILLA,1,81876,FULLY_FURNISHED,True,SWIMMING_POOL,4.6
TP00298,T00298,Bangalore,APARTMENT,1,56721,UNFURNISHED,True,LIFT,24.9
TP00299,T00299,Kolkata,HOUSE,3,101752,SEMI_FURNISHED,False,PARKING,10.8
TP00300,T00300,Delhi,APARTMENT,3,48156,SEMI_FURNISHED,False,SECURITY,12.0
TP00301,T00301,Bangalore,VILLA,2,16338,SEMI_FURNISHED,True,GARDEN,18.1
TP00302,T00302,Chennai,HOUSE,1,16624,UNFURNISHED,True,SECURITY,29.5
TP00303,T00303,Hyderabad,HOUSE,1,45794,FULLY_FURNISHED,True,GARDEN,14.2
TP00304,T00304,Mumbai,HOUSE,1,49583,FULLY_FURNISHED,False,POWER_BACKUP,15.2
TP00305,T00305,Chennai,PG,3,13223,UNFURNISHED,True,SWIMMING_POOL,5.2
TP00306,T00306,Bangalore,HOUSE,1,43811,SEMI_FURNISHED,False,GARDEN,17.5
TP00307,T00307,Bangalore,HOUSE,1,109306,SEMI_FURNISHED,False,SECURITY,22.2
TP00308,T00308,Hyderabad,PG,3,96135,FULLY_FURNISHED,False,AIR_CONDITIONING,18.8
TP00309,T00309,Chennai,APARTMENT,2,77490,SEMI_FURNISHED,False,CLUBHOUSE,7.5
TP00310,T00310,Bangalore,PG,3,102105,UNFURNISHED,False,CLUBHOUSE,18.8
TP00311,T00311,Bangalore,PG,2,98623,UNFURNISHED,True,POWER_BACKUP,4.7
TP00312,T00312,Kolkata,PG,1,60228,UNFURNISHED,False,SECURITY,3.3
TP00313,T00313,Hyderabad,HOUSE,1,56384,SEMI_FURNISHED,True,WIFI,6.5
TP00314,T00314,Chennai,VILLA,1,35337,SEMI_FURNISHED,True,GARDEN,23.7
TP00315,T00315,Kolkata,VILLA,3,78931,SEMI_FURNISHED,True,SECURITY,28.1
TP00316,T00316,Chennai,HOUSE,1,29227,FULLY_FURNISHED,True,SECURITY,6.2
TP00317,T00317,Delhi,APARTMENT,1,49862,UNFURNISHED,False,AIR_CONDITIONING,21.6
TP00318,T00318,Bangalore,HOUSE,3,46145,SEMI_FURNISHED,False,PARKING,22.8
TP00319,T00319,Delhi,PG,2,20603,SEMI_FURNISHED,False,PARKING,23.3
TP00320,T00320,Hyderabad,APARTMENT,1,18103,FULLY_FURNISHED,False,GARDEN,17.0
TP00321,T00321,Hyderabad,HOUSE,3,118076,UNFURNISHED,True,LIFT,24.8
TP00322,T00322,Delhi,APARTMENT,3,53135,FULLY_FURNISHED,False,AIR_CONDITIONING,21.1
TP00323,T00323,Bangalore,VILLA,2,18270,FULLY_FURNISHED,False,POWER_BACKUP,19.1
TP00324,T00324,Delhi,HOUSE,1,94916,FULLY_FURNISHED,True,PARKING,15.3
TP00325,T00325,Delhi,VILLA,2,76130,UNFURNISHED,True,SWIMMING_POOL,4.1
TP00326,T00326,Delhi,APARTMENT,1,81828,FULLY_FURNISHED,False,SECURITY,17.4
TP00327,T00327,Delhi,PG,1,110613,FULLY_FURNISHED,False,WIFI,17.8
TP00328,T00328,Kolkata,VILLA,2,68659,FULLY_FURNISHED,False,AIR_CONDITIONING,9.6
TP00329,T00329,Kolkata,PG,1,42218,UNFURNISHED,True,CLUBHOUSE,28.6
TP00330,T00330,Kolkata,APARTMENT,3,82140,FULLY_FURNISHED,False,CLUBHOUSE,23.4
TP00331,T00331,Kolkata,VILLA,2,93096,UNFURNISHED,False,GYM,6.8
TP00332,T00332,Delhi,APARTMENT,1,107444,UNFURNISHED,False,LIFT,28.7
TP00333,T00333,Mumbai,HOUSE,3,24377,SEMI_FURNISHED,False,SWIMMING_POOL,28.3
TP00334,T00334,Bangalore,APARTMENT,1,105445,FULLY_FURNISHED,False,LIFT,11.2
TP00335,T00335,Mumbai,APARTMENT,3,108685,FULLY_FURNISHED,True,GARDEN,25.3
TP00336,T00336,Bangalore,HOUSE,3,16228,SEMI_FURNISHED,False,WIFI,4.3
TP00337,T00337,Delhi,HOUSE,1,14400,UNFURNISHED,False,SWIMMING_POOL,17.0
TP00338,T00338,Chennai,VILLA,1,31583,FULLY_FURNISHED,False,AIR_CONDITIONING,10.1
TP00339,T00339,Hyderabad,APARTMENT,3,80391,FULLY_FURNISHED,False,AIR_CONDITIONING,4.3
TP00340,T00340,Bangalore,PG,2,22770,SEMI_FURNISHED,False,GYM,13.0
TP00341,T00341,Delhi,VILLA,1,80381,SEMI_FURNISHED,False,CLUBHOUSE,23.0
TP00342,T00342,Bangalore,VILLA,3,35870,UNFURNISHED,True,CLUBHOUSE,29.4
TP00343,T00343,Bangalore,APARTMENT,1,67143,FULLY_FURNISHED,True,POWER_BACKUP,5.6
TP00344,T00344,Bangalore,HOUSE,2,103481,SEMI_FURNISHED,True,CLUBHOUSE,27.2
TP00345,T00345,Chennai,VILLA,3,115903,UNFURNISHED,False,GARDEN,13.5
TP00346,T00346,Bangalore,VILLA,1,21891,FULLY_FURNISHED,False,SECURITY,18.8
TP00347,T00347,Chennai,APARTMENT,3,22312,SEMI_FURNISHED,False,LIFT,7.0
TP00348,T00348,Bangalore,VILLA,2,16908,SEMI_FURNISHED,False,LIFT,5.6
TP00349,T00349,Mumbai,HOUSE,2,71539,UNFURNISHED,True,POWER_BACKUP,23.3
TP00350,T00350,Bangalore,APARTMENT,2,30036,FULLY_FURNISHED,True,SECURITY,26.1
TP00351,T00351,Kolkata,HOUSE,2,99106,UNFURNISHED,False,WIFI,17.6
TP00352,T00352,Hyderabad,PG,1,70579,FULLY_FURNISHED,True,CLUBHOUSE,14.4
TP00353,T00353,Delhi,VILLA,3,119465,SEMI_FURNISHED,False,LIFT,15.3
TP00354,T00354,Chennai,VILLA,1,69322,FULLY_FURNISHED,False,GARDEN,6.7
TP00355,T00355,Hyderabad,APARTMENT,2,33004,FULLY_FURNISHED,False,GARDEN,25.7
TP00356,T00356,Bangalore,PG,3,78920,UNFURNISHED,False,GARDEN,27.3
TP00357,T00357,Hyderabad,VILLA,3,88761,UNFURNISHED,False,GARDEN,12.8
TP00358,T00358,Hyderabad,HOUSE,1,53695,FULLY_FURNISHED,False,WIFI,5.6
TP00359,T00359,Delhi,HOUSE,1,52880,FULLY_FURNISHED,False,CLUBHOUSE,17.7
TP00360,T00360,Mumbai,APARTMENT,1,54199,UNFURNISHED,False,SECURITY,22.8
TP00361,T00361,Mumbai,HOUSE,3,89156,FULLY_FURNISHED,False,GARDEN,18.0
TP00362,T00362,Bangalore,HOUSE,1,36990,SEMI_FURNISHED,False,GYM,20.3
TP00363,T00363,Chennai,HOUSE,3,67287,FULLY_FURNISHED,True,AIR_CONDITIONING,17.7
TP00364,T00364,Delhi,PG,2,90379,FULLY_FURNISHED,True,SECURITY,25.2
TP00365,T00365,Chennai,PG,1,88380,FULLY_FURNISHED,True,GYM,23.8
TP00366,T00366,Bangalore,APARTMENT,2,92551,UNFURNISHED,True,GARDEN,26.2
TP00367,T00367,Delhi,PG,1,47624,FULLY_FURNISHED,True,WIFI,3.2
TP00368,T00368,Bangalore,VILLA,2,66068,SEMI_FURNISHED,False,WIFI,10.1
TP00369,T00369,Hyderabad,PG,1,108928,SEMI_FURNISHED,True,AIR_CONDITIONING,6.1
TP00370,T00370,Hyderabad,PG,3,39057,SEMI_FURNISHED,True,POWER_BACKUP,21.7
TP00371,T00371,Mumbai,PG,2,54684,FULLY_FURNISHED,True,SWIMMING_POOL,5.3
TP00372,T00372,Mumbai,VILLA,1,79440,SEMI_FURNISHED,True,LIFT,14.1
TP00373,T00373,Delhi,APARTMENT,2,109197,UNFURNISHED,True,LIFT,27.2
TP00374,T00374,Hyderabad,PG,3,98855,UNFURNISHED,True,AIR_CONDITIONING,11.3
TP00375,T00375,Chennai,VILLA,1,114165,FULLY_FURNISHED,True,GYM,5.1
TP00376,T00376,Kolkata,APARTMENT,2,64534,FULLY_FURNISHED,True,GARDEN,13.5
TP00377,T00377,Chennai,HOUSE,2,23315,SEMI_FURNISHED,False,POWER_BACKUP,20.2
TP00378,T00378,Hyderabad,PG,1,26870,UNFURNISHED,True,SWIMMING_POOL,21.8
TP00379,T00379,Kolkata,HOUSE,3,47551,FULLY_FURNISHED,True,SWIMMING_POOL,28.4
TP00380,T00380,Bangalore,HOUSE,1,12893,FULLY_FURNISHED,False,WIFI,17.2
TP00381,T00381,Mumbai,HOUSE,3,59134,SEMI_FURNISHED,True,SECURITY,30.0
TP00382,T00382,Delhi,APARTMENT,2,48703,SEMI_FURNISHED,False,GYM,18.8
TP00383,T00383,Mumbai,HOUSE,1,48031,SEMI_FURNISHED,True,POWER_BACKUP,19.2
TP00384,T00384,Kolkata,VILLA,3,88155,FULLY_FURNISHED,True,WIFI,29.6
TP00385,T00385,Bangalore,APARTMENT,1,36620,FULLY_FURNISHED,False,CLUBHOUSE,5.7
TP00386,T00386,Kolkata,APARTMENT,1,91565,FULLY_FURNISHED,False,POWER_BACKUP,13.6
TP00387,T00387,Mumbai,VILLA,2,23013,SEMI_FURNISHED,True,AIR_CONDITIONING,2.4
TP00388,T00388,Bangalore,HOUSE,3,13523,UNFURNISHED,True,AIR_CONDITIONING,18.7
TP00389,T00389,Chennai,PG,1,34608,SEMI_FURNISHED,False,WIFI,20.8
TP00390,T00390,Kolkata,HOUSE,1,118887,UNFURNISHED,False,POWER_BACKUP,27.4
TP00391,T00391,Delhi,APARTMENT,1,84717,FULLY_FURNISHED,False,WIFI,12.4
TP00392,T00392,Kolkata,HOUSE,2,46141,FULLY_FURNISHED,False,WIFI,16.0
TP00393,T00393,Bangalore,APARTMENT,2,94123,FULLY_FURNISHED,False,PARKING,20.3
TP00394,T00394,Hyderabad,PG,2,81509,SEMI_FURNISHED,False,SWIMMING_POOL,16.0
TP00395,T00395,Chennai,HOUSE,1,51027,UNFURNISHED,True,PARKING,22.7
TP00396,T00396,Hyderabad,VILLA,2,33185,UNFURNISHED,True,LIFT,18.2
TP00397,T00397,Delhi,VILLA,3,60960,SEMI_FURNISHED,False,GYM,8.0
TP00398,T00398,Kolkata,HOUSE,1,105962,SEMI_FURNISHED,False,SECURITY,28.9
TP00399,T00399,Chennai,HOUSE,2,100930,SEMI_FURNISHED,False,SECURITY,4.0
TP00400,T00400,Chennai,APARTMENT,1,96172,SEMI_FURNISHED,False,CLUBHOUSE,2.5
TP00401,T00401,Delhi,PG,3,38853,UNFURNISHED,False,POWER_BACKUP,17.6
TP00402,T00402,Mumbai,APARTMENT,2,119843,FULLY_FURNISHED,False,POWER_BACKUP,3.8
TP00403,T00403,Hyderabad,APARTMENT,1,106535,FULLY_FURNISHED,True,CLUBHOUSE,24.8
TP00404,T00404,Mumbai,HOUSE,2,14978,FULLY_FURNISHED,False,AIR_CONDITIONING,19.2
TP00405,T00405,Chennai,HOUSE,3,64701,SEMI_FURNISHED,False,CLUBHOUSE,18.9
TP00406,T00406,Kolkata,APARTMENT,1,88575,FULLY_FURNISHED,False,POWER_BACKUP,15.6
TP00407,T00407,Mumbai,HOUSE,1,74864,UNFURNISHED,True,SECURITY,14.1
TP00408,T00408,Mumbai,HOUSE,3,119096,UNFURNISHED,False,POWER_BACKUP,18.3
TP00409,T00409,Kolkata,PG,3,26229,UNFURNISHED,True,SWIMMING_POOL,3.5
TP00410,T00410,Mumbai,VILLA,3,52401,SEMI_FURNISHED,False,AIR_CONDITIONING,11.6
TP00411,T00411,Hyderabad,APARTMENT,2,90367,SEMI_FURNISHED,False,LIFT,17.2
TP00412,T00412,Chennai,HOUSE,3,31294,SEMI_FURNISHED,False,LIFT,6.5
TP00413,T00413,Bangalore,VILLA,1,36587,FULLY_FURNISHED,False,WIFI,28.3
TP00414,T00414,Chennai,VILLA,1,32420,SEMI_FURNISHED,False,SWIMMING_POOL,22.7
TP00415,T00415,Chennai,APARTMENT,1,43047,UNFURNISHED,False,GARDEN,23.2
TP00416,T00416,Bangalore,PG,3,59550,SEMI_FURNISHED,False,GARDEN,17.8
TP00417,T00417,Delhi,PG,2,83277,UNFURNISHED,False,GARDEN,10.9
TP00418,T00418,Hyderabad,HOUSE,2,116290,SEMI_FURNISHED,True,SECURITY,28.4
TP00419,T00419,Kolkata,APARTMENT,1,94185,SEMI_FURNISHED,False,GARDEN,21.8
TP00420,T00420,Mumbai,PG,1,78210,FULLY_FURNISHED,True,SWIMMING_POOL,18.4
TP00421,T00421,Kolkata,VILLA,1,75312,FULLY_FURNISHED,False,SECURITY,17.7
TP00422,T00422,Bangalore,VILLA,2,116588,SEMI_FURNISHED,False,POWER_BACKUP,13.7
TP00423,T00423,Mumbai,HOUSE,2,20354,SEMI_FURNISHED,False,AIR_CONDITIONING,20.6
TP00424,T00424,Delhi,HOUSE,1,74792,FULLY_FURNISHED,False,AIR_CONDITIONING,19.8
TP00425,T00425,Kolkata,PG,3,76723,SEMI_FURNISHED,True,GARDEN,16.6
TP00426,T00426,Mumbai,APARTMENT,2,116930,SEMI_FURNISHED,False,PARKING,14.9
TP00427,T00427,Mumbai,VILLA,2,96157,UNFURNISHED,True,AIR_CONDITIONING,2.1
TP00428,T00428,Delhi,PG,2,28721,FULLY_FURNISHED,True,POWER_BACKUP,29.1
TP00429,T00429,Chennai,PG,3,68712,FULLY_FURNISHED,True,GARDEN,26.5
TP00430,T00430,Hyderabad,VILLA,2,57147,SEMI_FURNISHED,False,GARDEN,15.7
TP00431,T00431,Chennai,VILLA,1,20741,UNFURNISHED,False,PARKING,5.5
TP00432,T00432,Mumbai,HOUSE,1,64945,UNFURNISHED,False,SECURITY,9.4
TP00433,T00433,Delhi,HOUSE,3,111118,FULLY_FURNISHED,True,CLUBHOUSE,3.3
TP00434,T00434,Delhi,PG,2,23951,FULLY_FURNISHED,True,PARKING,6.6
TP00435,T00435,Hyderabad,VILLA,2,100214,SEMI_FURNISHED,False,WIFI,12.6
TP00436,T00436,Kolkata,HOUSE,2,59200,SEMI_FURNISHED,False,GYM,21.6
TP00437,T00437,Mumbai,PG,2,41185,SEMI_FURNISHED,True,SWIMMING_POOL,25.5
TP00438,T00438,Mumbai,PG,1,70548,UNFURNISHED,True,SWIMMING_POOL,2.9
TP00439,T00439,Bangalore,HOUSE,3,95430,FULLY_FURNISHED,False,GARDEN,19.0
TP00440,T00440,Kolkata,VILLA,3,61422,SEMI_FURNISHED,False,SECURITY,4.8
TP00441,T00441,Mumbai,PG,3,60801,UNFURNISHED,False,GYM,23.6
TP00442,T00442,Chennai,HOUSE,2,54551,SEMI_FURNISHED,False,LIFT,7.2
TP00443,T00443,Chennai,PG,3,97105,SEMI_FURNISHED,True,PARKING,18.4
TP00444,T00444,Mumbai,APARTMENT,3,109195,FULLY_FURNISHED,False,PARKING,7.5
TP00445,T00445,Kolkata,HOUSE,3,110096,FULLY_FURNISHED,True,WIFI,19.1
TP00446,T00446,Kolkata,HOUSE,2,51568,FULLY_FURNISHED,False,PARKING,9.9
TP00447,T00447,Chennai,VILLA,1,106902,FULLY_FURNISHED,True,POWER_BACKUP,12.6
TP00448,T00448,Hyderabad,APARTMENT,1,60126,SEMI_FURNISHED,True,AIR_CONDITIONING,12.8
TP00449,T00449,Mumbai,HOUSE,2,74775,UNFURNISHED,False,SECURITY,22.2
TP00450,T00450,Kolkata,HOUSE,1,66473,FULLY_FURNISHED,True,AIR_CONDITIONING,21.5
TP00451,T00451,Hyderabad,APARTMENT,1,15026,FULLY_FURNISHED,False,CLUBHOUSE,23.5
TP00452,T00452,Mumbai,VILLA,1,66848,FULLY_FURNISHED,True,SECURITY,3.0
TP00453,T00453,Chennai,APARTMENT,2,13724,UNFURNISHED,False,GYM,3.4
TP00454,T00454,Delhi,VILLA,2,106906,UNFURNISHED,True,POWER_BACKUP,18.4
TP00455,T00455,Hyderabad,VILLA,1,81510,UNFURNISHED,True,POWER_BACKUP,27.4
TP00456,T00456,Hyderabad,PG,2,29866,FULLY_FURNISHED,True,POWER_BACKUP,29.4
TP00457,T00457,Chennai,VILLA,2,73773,SEMI_FURNISHED,False,LIFT,29.8
TP00458,T00458,Bangalore,HOUSE,1,92346,FULLY_FURNISHED,True,CLUBHOUSE,12.2
TP00459,T00459,Hyderabad,PG,2,61783,SEMI_FURNISHED,True,WIFI,17.2
TP00460,T00460,Bangalore,HOUSE,3,17517,UNFURNISHED,False,SECURITY,7.0
TP00461,T00461,Chennai,PG,3,22310,UNFURNISHED,True,POWER_BACKUP,7.4
TP00462,T00462,Bangalore,APARTMENT,3,25444,UNFURNISHED,True,PARKING,18.9
TP00463,T00463,Hyderabad,HOUSE,1,47558,UNFURNISHED,True,GARDEN,22.0
TP00464,T00464,Bangalore,PG,3,86317,SEMI_FURNISHED,False,POWER_BACKUP,17.5
TP00465,T00465,Delhi,PG,1,55142,UNFURNISHED,True,WIFI,28.4
TP00466,T00466,Kolkata,VILLA,1,48842,SEMI_FURNISHED,True,WIFI,10.8
TP00467,T00467,Delhi,VILLA,3,48579,UNFURNISHED,False,SECURITY,6.8
TP00468,T00468,Chennai,PG,3,14418,UNFURNISHED,False,GARDEN,14.0
TP00469,T00469,Mumbai,PG,1,49591,UNFURNISHED,False,AIR_CONDITIONING,29.3
TP00470,T00470,Hyderabad,APARTMENT,2,79235,FULLY_FURNISHED,True,POWER_BACKUP,18.3
TP00471,T00471,Bangalore,PG,2,41614,SEMI_FURNISHED,True,SECURITY,4.8
TP00472,T00472,Chennai,PG,1,20058,SEMI_FURNISHED,False,GYM,11.4
TP00473,T00473,Bangalore,PG,1,74961,UNFURNISHED,False,SWIMMING_POOL,26.1
TP00474,T00474,Kolkata,PG,2,44777,UNFURNISHED,False,CLUBHOUSE,19.2
TP00475,T00475,Kolkata,VILLA,3,53530,FULLY_FURNISHED,True,GARDEN,25.5
TP00476,T00476,Kolkata,APARTMENT,3,64457,UNFURNISHED,False,GYM,5.0
TP00477,T00477,Hyderabad,HOUSE,2,33583,FULLY_FURNISHED,True,GARDEN,16.7
TP00478,T00478,Kolkata,PG,3,82067,UNFURNISHED,False,CLUBHOUSE,21.8
TP00479,T00479,Delhi,VILLA,1,57185,SEMI_FURNISHED,False,SECURITY,9.1
TP00480,T00480,Mumbai,APARTMENT,3,98216,FULLY_FURNISHED,False,CLUBHOUSE,22.3
TP00481,T00481,Hyderabad,APARTMENT,3,107755,FULLY_FURNISHED,False,GARDEN,16.0
TP00482,T00482,Mumbai,PG,1,26325,SEMI_FURNISHED,True,POWER_BACKUP,23.0
TP00483,T00483,Delhi,APARTMENT,2,17635,SEMI_FURNISHED,True,SWIMMING_POOL,16.5
TP00484,T00484,Mumbai,HOUSE,3,81051,FULLY_FURNISHED,False,POWER_BACKUP,21.4
TP00485,T00485,Hyderabad,PG,1,58653,SEMI_FURNISHED,True,WIFI,11.8
TP00486,T00486,Delhi,APARTMENT,2,63957,FULLY_FURNISHED,False,CLUBHOUSE,26.5
TP00487,T00487,Delhi,VILLA,3,86009,FULLY_FURNISHED,True,SECURITY,13.4
TP00488,T00488,Bangalore,APARTMENT,2,63456,SEMI_FURNISHED,False,WIFI,24.6
TP00489,T00489,Kolkata,APARTMENT,3,78342,UNFURNISHED,False,SECURITY,10.6
TP00490,T00490,Delhi,VILLA,1,35774,UNFURNISHED,False,GARDEN,15.6
TP00491,T00491,Kolkata,HOUSE,3,21342,SEMI_FURNISHED,True,AIR_CONDITIONING,14.4
TP00492,T00492,Hyderabad,HOUSE,1,66605,FULLY_FURNISHED,False,PARKING,23.7
TP00493,T00493,Hyderabad,PG,2,68884,FULLY_FURNISHED,True,AIR_CONDITIONING,21.4
TP00494,T00494,Delhi,APARTMENT,1,47230,FULLY_FURNISHED,True,GARDEN,19.4
TP00495,T00495,Kolkata,HOUSE,2,106499,SEMI_FURNISHED,True,GYM,16.4
TP00496,T00496,Delhi,HOUSE,2,91436,UNFURNISHED,False,POWER_BACKUP,4.9
TP00497,T00497,Chennai,HOUSE,2,76868,FULLY_FURNISHED,True,SECURITY,9.7
TP00498,T00498,Hyderabad,HOUSE,2,104517,UNFURNISHED,False,GARDEN,2.5
TP00499,T00499,Kolkata,PG,1,60970,UNFURNISHED,True,SECURITY,18.8
TP00500,T00500,Hyderabad,APARTMENT,2,108042,FULLY_FURNISHED,False,POWER_BACKUP,5.6
TP00501,T00501,Mumbai,PG,1,99481,FULLY_FURNISHED,True,AIR_CONDITIONING,5.6
TP00502,T00502,Chennai,PG,3,116622,SEMI_FURNISHED,True,WIFI,19.5
TP00503,T00503,Delhi,PG,1,41542,UNFURNISHED,True,LIFT,21.5
TP00504,T00504,Mumbai,VILLA,3,119783,UNFURNISHED,True,POWER_BACKUP,4.6
TP00505,T00505,Mumbai,APARTMENT,2,25224,UNFURNISHED,False,AIR_CONDITIONING,15.6
TP00506,T00506,Chennai,VILLA,3,86588,FULLY_FURNISHED,False,LIFT,4.6
TP00507,T00507,Bangalore,VILLA,1,104540,SEMI_FURNISHED,True,AIR_CONDITIONING,4.2
TP00508,T00508,Chennai,APARTMENT,3,56828,FULLY_FURNISHED,False,GYM,19.8
TP00509,T00509,Mumbai,VILLA,2,106785,UNFURNISHED,True,LIFT,22.8
TP00510,T00510,Kolkata,VILLA,2,39218,SEMI_FURNISHED,True,SECURITY,9.4
TP00511,T00511,Delhi,PG,3,101398,FULLY_FURNISHED,False,GARDEN,13.6
TP00512,T00512,Kolkata,HOUSE,3,14288,SEMI_FURNISHED,True,WIFI,16.3
TP00513,T00513,Bangalore,APARTMENT,1,95831,FULLY_FURNISHED,False,WIFI,26.5
TP00514,T00514,Kolkata,PG,2,70247,UNFURNISHED,False,LIFT,19.8
TP00515,T00515,Bangalore,APARTMENT,1,61990,SEMI_FURNISHED,False,POWER_BACKUP,26.0
TP00516,T00516,Kolkata,HOUSE,1,76687,FULLY_FURNISHED,True,POWER_BACKUP,8.5
TP00517,T00517,Mumbai,APARTMENT,3,80556,UNFURNISHED,False,CLUBHOUSE,16.6
TP00518,T00518,Kolkata,VILLA,1,99089,FULLY_FURNISHED,True,LIFT,21.2
TP00519,T00519,Kolkata,APARTMENT,2,89885,UNFURNISHED,False,SWIMMING_POOL,8.3
TP00520,T00520,Bangalore,VILLA,1,109634,SEMI_FURNISHED,True,SECURITY,6.7
TP00521,T00521,Mumbai,PG,2,39713,FULLY_FURNISHED,True,SECURITY,20.3
TP00522,T00522,Mumbai,HOUSE,2,108898,SEMI_FURNISHED,True,PARKING,6.8
TP00523,T00523,Delhi,APARTMENT,3,28799,UNFURNISHED,False,LIFT,20.3
TP00524,T00524,Hyderabad,APARTMENT,1,95370,FULLY_FURNISHED,False,PARKING,9.0
TP00525,T00525,Hyderabad,VILLA,2,23083,UNFURNISHED,True,POWER_BACKUP,14.2
TP00526,T00526,Bangalore,APARTMENT,2,113115,FULLY_FURNISHED,False,SWIMMING_POOL,17.6
TP00527,T00527,Chennai,VILLA,3,84171,SEMI_FURNISHED,True,AIR_CONDITIONING,12.7
TP00528,T00528,Delhi,HOUSE,1,74925,UNFURNISHED,True,GARDEN,9.7
TP00529,T00529,Delhi,HOUSE,3,109718,FULLY_FURNISHED,True,GYM,27.7
TP00530,T00530,Chennai,PG,3,96369,UNFURNISHED,False,AIR_CONDITIONING,28.4
TP00531,T00531,Hyderabad,HOUSE,3,104706,FULLY_FURNISHED,False,WIFI,7.2
TP00532,T00532,Delhi,APARTMENT,3,57479,FULLY_FURNISHED,True,AIR_CONDITIONING,27.0
TP00533,T00533,Mumbai,VILLA,3,26736,SEMI_FURNISHED,True,GARDEN,3.5
TP00534,T00534,Hyderabad,APARTMENT,3,86515,FULLY_FURNISHED,False,PARKING,2.9
TP00535,T00535,Mumbai,PG,2,109640,SEMI_FURNISHED,True,SWIMMING_POOL,20.6
TP00536,T00536,Delhi,PG,3,61659,UNFURNISHED,False,LIFT,10.6
TP00537,T00537,Mumbai,HOUSE,1,17444,FULLY_FURNISHED,False,POWER_BACKUP,10.2
TP00538,T00538,Chennai,VILLA,2,40221,FULLY_FURNISHED,False,GARDEN,13.9
TP00539,T00539,Hyderabad,PG,1,47169,UNFURNISHED,True,SECURITY,7.0
TP00540,T00540,Delhi,PG,2,55236,UNFURNISHED,False,SWIMMING_POOL,26.7
TP00541,T00541,Chennai,VILLA,3,27979,SEMI_FURNISHED,False,POWER_BACKUP,4.8
TP00542,T00542,Chennai,APARTMENT,1,69547,UNFURNISHED,True,SECURITY,22.0
TP00543,T00543,Delhi,HOUSE,1,119107,SEMI_FURNISHED,True,AIR_CONDITIONING,9.4
TP00544,T00544,Mumbai,VILLA,1,108208,UNFURNISHED,False,CLUBHOUSE,17.6
TP00545,T00545,Bangalore,VILLA,2,16710,SEMI_FURNISHED,True,AIR_CONDITIONING,17.6
TP00546,T00546,Chennai,HOUSE,3,33806,FULLY_FURNISHED,True,SECURITY,9.7
TP00547,T00547,Hyderabad,APARTMENT,2,19806,UNFURNISHED,False,PARKING,23.5
TP00548,T00548,Chennai,HOUSE,1,109890,FULLY_FURNISHED,False,AIR_CONDITIONING,8.6
TP00549,T00549,Chennai,PG,1,26211,SEMI_FURNISHED,True,GYM,4.5
TP00550,T00550,Mumbai,APARTMENT,2,38360,SEMI_FURNISHED,True,AIR_CONDITIONING,4.9
TP00551,T00551,Hyderabad,VILLA,2,65273,SEMI_FURNISHED,True,SECURITY,27.9
TP00552,T00552,Hyderabad,VILLA,2,81392,FULLY_FURNISHED,True,PARKING,15.2
TP00553,T00553,Hyderabad,APARTMENT,3,107759,UNFURNISHED,True,CLUBHOUSE,25.7
TP00554,T00554,Hyderabad,PG,1,81046,FULLY_FURNISHED,False,LIFT,26.2
TP00555,T00555,Bangalore,HOUSE,3,56744,SEMI_FURNISHED,True,PARKING,20.9
TP00556,T00556,Chennai,VILLA,3,61363,SEMI_FURNISHED,True,GYM,28.9
TP00557,T00557,Hyderabad,PG,3,114144,UNFURNISHED,False,GARDEN,21.6
TP00558,T00558,Delhi,HOUSE,2,117003,UNFURNISHED,False,CLUBHOUSE,22.0
TP00559,T00559,Kolkata,APARTMENT,3,100390,SEMI_FURNISHED,False,GYM,4.7
TP00560,T00560,Kolkata,APARTMENT,2,27875,FULLY_FURNISHED,False,GARDEN,27.6
TP00561,T00561,Delhi,HOUSE,2,67235,SEMI_FURNISHED,True,GYM,8.0
TP00562,T00562,Chennai,APARTMENT,3,60059,UNFURNISHED,True,POWER_BACKUP,26.4
TP00563,T00563,Delhi,VILLA,2,47259,UNFURNISHED,True,GARDEN,22.5
TP00564,T00564,Mumbai,HOUSE,3,49016,FULLY_FURNISHED,False,WIFI,20.1
TP00565,T00565,Bangalore,VILLA,2,118608,UNFURNISHED,False,GARDEN,11.2
TP00566,T00566,Bangalore,HOUSE,1,72698,SEMI_FURNISHED,False,SWIMMING_POOL,10.1
TP00567,T00567,Chennai,HOUSE,3,35896,UNFURNISHED,False,AIR_CONDITIONING,28.1
TP00568,T00568,Mumbai,PG,2,79583,UNFURNISHED,True,PARKING,19.9
TP00569,T00569,Kolkata,HOUSE,1,37490,UNFURNISHED,True,SECURITY,4.5
TP00570,T00570,Hyderabad,HOUSE,3,118728,SEMI_FURNISHED,True,PARKING,14.8
TP00571,T00571,Bangalore,PG,3,58778,UNFURNISHED,False,AIR_CONDITIONING,26.5
TP00572,T00572,Bangalore,PG,3,107299,FULLY_FURNISHED,True,GYM,13.9
TP00573,T00573,Mumbai,PG,3,110649,FULLY_FURNISHED,True,LIFT,20.3
TP00574,T00574,Kolkata,APARTMENT,3,101725,SEMI_FURNISHED,False,WIFI,24.0
TP00575,T00575,Mumbai,APARTMENT,1,101940,UNFURNISHED,False,GARDEN,4.8
TP00576,T00576,Chennai,PG,2,102187,SEMI_FURNISHED,False,POWER_BACKUP,25.1
TP00577,T00577,Chennai,HOUSE,3,37390,SEMI_FURNISHED,True,LIFT,19.7
TP00578,T00578,Hyderabad,HOUSE,3,100505,UNFURNISHED,True,POWER_BACKUP,23.0
TP00579,T00579,Chennai,APARTMENT,3,86782,FULLY_FURNISHED,True,AIR_CONDITIONING,24.7
TP00580,T00580,Chennai,HOUSE,2,108705,UNFURNISHED,True,PARKING,10.0
TP00581,T00581,Bangalore,APARTMENT,3,108573,SEMI_FURNISHED,False,SWIMMING_POOL,9.6
TP00582,T00582,Mumbai,HOUSE,3,109343,FULLY_FURNISHED,False,CLUBHOUSE,10.8
TP00583,T00583,Kolkata,APARTMENT,1,74940,FULLY_FURNISHED,False,POWER_BACKUP,3.8
TP00584,T00584,Mumbai,APARTMENT,3,81329,FULLY_FURNISHED,False,PARKING,16.0
TP00585,T00585,Mumbai,APARTMENT,3,83443,UNFURNISHED,True,SWIMMING_POOL,21.3
TP00586,T00586,Hyderabad,VILLA,1,30676,UNFURNISHED,False,POWER_BACKUP,9.0
TP00587,T00587,Mumbai,VILLA,3,27800,SEMI_FURNISHED,False,CLUBHOUSE,19.2
TP00588,T00588,Chennai,PG,3,17431,FULLY_FURNISHED,False,POWER_BACKUP,8.2
TP00589,T00589,Bangalore,APARTMENT,2,82386,UNFURNISHED,True,GYM,18.8
TP00590,T00590,Bangalore,PG,1,93686,FULLY_FURNISHED,False,SWIMMING_POOL,3.2
TP00591,T00591,Chennai,VILLA,2,33021,SEMI_FURNISHED,True,AIR_CONDITIONING,2.8
TP00592,T00592,Chennai,VILLA,2,95480,UNFURNISHED,False,SECURITY,16.5
TP00593,T00593,Kolkata,VILLA,3,37404,SEMI_FURNISHED,False,SWIMMING_POOL,13.6
TP00594,T00594,Bangalore,HOUSE,2,34933,UNFURNISHED,True,WIFI,4.4
TP00595,T00595,Hyderabad,HOUSE,1,55353,SEMI_FURNISHED,False,LIFT,8.5
TP00596,T00596,Chennai,HOUSE,1,109662,SEMI_FURNISHED,False,CLUBHOUSE,18.2
TP00597,T00597,Hyderabad,HOUSE,1,110090,UNFURNISHED,True,WIFI,20.0
TP00598,T00598,Delhi,APARTMENT,1,88310,UNFURNISHED,False,SWIMMING_POOL,20.0
TP00599,T00599,Chennai,APARTMENT,1,104213,FULLY_FURNISHED,True,POWER_BACKUP,23.0
TP00600,T00600,Bangalore,HOUSE,3,20758,SEMI_FURNISHED,False,LIFT,6.1
TP00601,T00601,Chennai,PG,2,52752,UNFURNISHED,False,SECURITY,27.0
TP00602,T00602,Mumbai,VILLA,3,80537,FULLY_FURNISHED,False,LIFT,13.4
TP00603,T00603,Bangalore,HOUSE,2,40178,SEMI_FURNISHED,False,LIFT,25.2
TP00604,T00604,Delhi,PG,2,109338,UNFURNISHED,False,SECURITY,3.4
TP00605,T00605,Chennai,HOUSE,2,61477,UNFURNISHED,False,GYM,12.4
TP00606,T00606,Delhi,PG,3,113398,UNFURNISHED,True,CLUBHOUSE,19.6
TP00607,T00607,Hyderabad,APARTMENT,3,22459,SEMI_FURNISHED,True,SECURITY,11.2
TP00608,T00608,Bangalore,APARTMENT,2,65794,SEMI_FURNISHED,False,POWER_BACKUP,22.2
TP00609,T00609,Hyderabad,APARTMENT,1,49522,UNFURNISHED,True,WIFI,7.2
TP00610,T00610,Bangalore,PG,2,53957,SEMI_FURNISHED,True,LIFT,25.9
TP00611,T00611,Chennai,VILLA,1,105038,UNFURNISHED,True,GYM,12.7
TP00612,T00612,Bangalore,VILLA,1,65345,SEMI_FURNISHED,False,PARKING,24.5
TP00613,T00613,Mumbai,APARTMENT,3,106965,FULLY_FURNISHED,False,AIR_CONDITIONING,6.5
TP00614,T00614,Bangalore,VILLA,1,96722,FULLY_FURNISHED,False,SECURITY,26.4
TP00615,T00615,Kolkata,VILLA,3,78882,SEMI_FURNISHED,False,SWIMMING_POOL,16.0
TP00616,T00616,Mumbai,VILLA,3,101473,SEMI_FURNISHED,True,SWIMMING_POOL,5.5
TP00617,T00617,Bangalore,VILLA,1,82329,UNFURNISHED,True,POWER_BACKUP,22.9
TP00618,T00618,Bangalore,APARTMENT,1,74892,FULLY_FURNISHED,True,POWER_BACKUP,28.9
TP00619,T00619,Bangalore,VILLA,2,96651,UNFURNISHED,True,CLUBHOUSE,4.6
TP00620,T00620,Kolkata,HOUSE,2,95949,UNFURNISHED,True,GYM,22.8
TP00621,T00621,Chennai,VILLA,3,21445,FULLY_FURNISHED,True,GYM,25.1
TP00622,T00622,Bangalore,APARTMENT,3,71684,UNFURNISHED,False,SECURITY,6.6
TP00623,T00623,Bangalore,APARTMENT,1,112485,SEMI_FURNISHED,False,WIFI,22.3
TP00624,T00624,Bangalore,PG,3,34682,UNFURNISHED,False,WIFI,25.9
TP00625,T00625,Chennai,PG,2,50721,UNFURNISHED,True,PARKING,7.1
TP00626,T00626,Bangalore,VILLA,3,89537,UNFURNISHED,False,GARDEN,21.7
TP00627,T00627,Chennai,APARTMENT,2,99500,FULLY_FURNISHED,False,GYM,28.0
TP00628,T00628,Chennai,APARTMENT,3,100172,SEMI_FURNISHED,False,POWER_BACKUP,15.1
TP00629,T00629,Chennai,APARTMENT,3,87547,FULLY_FURNISHED,True,GYM,26.3
TP00630,T00630,Mumbai,PG,3,118774,FULLY_FURNISHED,True,SWIMMING_POOL,9.1
TP00631,T00631,Hyderabad,VILLA,2,43509,UNFURNISHED,False,SWIMMING_POOL,3.7
TP00632,T00632,Mumbai,APARTMENT,1,24988,UNFURNISHED,False,GYM,22.0
TP00633,T00633,Hyderabad,VILLA,2,39390,UNFURNISHED,False,LIFT,23.8
TP00634,T00634,Chennai,HOUSE,1,118420,SEMI_FURNISHED,False,GARDEN,22.1
TP00635,T00635,Delhi,HOUSE,2,67890,SEMI_FURNISHED,False,CLUBHOUSE,9.2
TP00636,T00636,Kolkata,PG,2,103020,UNFURNISHED,True,GARDEN,27.9
TP00637,T00637,Kolkata,APARTMENT,2,84124,FULLY_FURNISHED,False,SWIMMING_POOL,6.8
TP00638,T00638,Mumbai,PG,2,88617,FULLY_FURNISHED,False,AIR_CONDITIONING,20.4
TP00639,T00639,Bangalore,PG,3,13611,SEMI_FURNISHED,True,GYM,11.5
TP00640,T00640,Hyderabad,APARTMENT,3,41495,SEMI_FURNISHED,False,CLUBHOUSE,19.6
TP00641,T00641,Hyderabad,APARTMENT,2,92168,SEMI_FURNISHED,False,WIFI,13.8
TP00642,T00642,Hyderabad,APARTMENT,3,94480,SEMI_FURNISHED,True,LIFT,7.9
TP00643,T00643,Hyderabad,HOUSE,1,45143,FULLY_FURNISHED,False,LIFT,4.8
TP00644,T00644,Chennai,APARTMENT,2,110124,UNFURNISHED,True,AIR_CONDITIONING,10.5
TP00645,T00645,Delhi,APARTMENT,3,17947,FULLY_FURNISHED,False,POWER_BACKUP,14.7
TP00646,T00646,Kolkata,PG,1,106672,UNFURNISHED,True,POWER_BACKUP,18.0
TP00647,T00647,Kolkata,HOUSE,1,92748,FULLY_FURNISHED,False,LIFT,11.6
TP00648,T00648,Mumbai,HOUSE,1,65569,FULLY_FURNISHED,True,SECURITY,18.5
TP00649,T00649,Delhi,PG,2,77511,SEMI_FURNISHED,True,AIR_CONDITIONING,26.8
TP00650,T00650,Bangalore,APARTMENT,1,109089,SEMI_FURNISHED,False,CLUBHOUSE,4.0
TP00651,T00651,Delhi,APARTMENT,2,74785,FULLY_FURNISHED,True,GYM,10.8
TP00652,T00652,Mumbai,HOUSE,2,95287,UNFURNISHED,False,GARDEN,27.3
TP00653,T00653,Bangalore,PG,1,74589,UNFURNISHED,False,LIFT,19.4
TP00654,T00654,Delhi,VILLA,3,52318,UNFURNISHED,False,CLUBHOUSE,5.9
TP00655,T00655,Bangalore,HOUSE,3,41526,SEMI_FURNISHED,True,GARDEN,8.4
TP00656,T00656,Mumbai,PG,3,81841,UNFURNISHED,False,WIFI,16.0
TP00657,T00657,Hyderabad,PG,2,55225,FULLY_FURNISHED,True,GARDEN,21.0
TP00658,T00658,Mumbai,HOUSE,3,43093,FULLY_FURNISHED,False,CLUBHOUSE,18.9
TP00659,T00659,Bangalore,APARTMENT,1,112048,FULLY_FURNISHED,False,GARDEN,16.5
TP00660,T00660,Delhi,VILLA,1,104583,FULLY_FURNISHED,True,AIR_CONDITIONING,19.8
TP00661,T00661,Bangalore,HOUSE,3,65041,FULLY_FURNISHED,False,WIFI,13.9
TP00662,T00662,Delhi,VILLA,1,15510,SEMI_FURNISHED,False,AIR_CONDITIONING,22.0
TP00663,T00663,Hyderabad,VILLA,1,78675,FULLY_FURNISHED,True,CLUBHOUSE,23.8
TP00664,T00664,Kolkata,HOUSE,1,47283,SEMI_FURNISHED,True,CLUBHOUSE,13.6
TP00665,T00665,Kolkata,PG,1,19014,SEMI_FURNISHED,True,SECURITY,21.8
TP00666,T00666,Delhi,VILLA,3,50970,SEMI_FURNISHED,False,WIFI,22.8
TP00667,T00667,Chennai,APARTMENT,2,63580,FULLY_FURNISHED,False,AIR_CONDITIONING,22.5
TP00668,T00668,Kolkata,PG,2,55899,UNFURNISHED,True,WIFI,24.7
TP00669,T00669,Kolkata,VILLA,3,13805,FULLY_FURNISHED,False,SECURITY,24.4
TP00670,T00670,Chennai,VILLA,2,12034,SEMI_FURNISHED,False,SWIMMING_POOL,23.2
TP00671,T00671,Bangalore,VILLA,1,115316,FULLY_FURNISHED,False,AIR_CONDITIONING,10.7
TP00672,T00672,Delhi,HOUSE,3,108144,SEMI_FURNISHED,True,SWIMMING_POOL,22.2
TP00673,T00673,Kolkata,PG,2,47534,UNFURNISHED,True,WIFI,27.0
TP00674,T00674,Bangalore,HOUSE,1,115930,UNFURNISHED,False,PARKING,20.8
TP00675,T00675,Hyderabad,HOUSE,1,54046,UNFURNISHED,True,GYM,16.4
TP00676,T00676,Chennai,VILLA,3,49869,UNFURNISHED,True,SWIMMING_POOL,10.3
TP00677,T00677,Hyderabad,APARTMENT,3,41150,UNFURNISHED,True,GARDEN,10.8
TP00678,T00678,Bangalore,VILLA,1,116196,FULLY_FURNISHED,False,LIFT,12.7
TP00679,T00679,Bangalore,VILLA,3,92324,SEMI_FURNISHED,False,AIR_CONDITIONING,24.4
TP00680,T00680,Chennai,APARTMENT,1,59479,UNFURNISHED,True,SWIMMING_POOL,11.3
TP00681,T00681,Kolkata,VILLA,2,65335,SEMI_FURNISHED,True,POWER_BACKUP,25.7
TP00682,T00682,Bangalore,HOUSE,3,48662,SEMI_FURNISHED,False,SWIMMING_POOL,6.2
TP00683,T00683,Mumbai,PG,2,92688,SEMI_FURNISHED,False,GYM,7.6
TP00684,T00684,Delhi,HOUSE,3,97317,FULLY_FURNISHED,False,CLUBHOUSE,19.0
TP00685,T00685,Delhi,HOUSE,1,77645,SEMI_FURNISHED,False,GARDEN,5.2
TP00686,T00686,Kolkata,HOUSE,3,108152,FULLY_FURNISHED,True,SECURITY,12.8
TP00687,T00687,Mumbai,HOUSE,2,27149,SEMI_FURNISHED,True,PARKING,10.8
TP00688,T00688,Chennai,APARTMENT,3,49011,FULLY_FURNISHED,True,WIFI,14.5
TP00689,T00689,Chennai,PG,2,105697,FULLY_FURNISHED,True,AIR_CONDITIONING,13.2
TP00690,T00690,Bangalore,VILLA,3,55610,UNFURNISHED,True,LIFT,26.3
TP00691,T00691,Hyderabad,PG,2,42158,SEMI_FURNISHED,False,GYM,16.1
TP00692,T00692,Delhi,VILLA,2,17747,SEMI_FURNISHED,False,WIFI,10.2
TP00693,T00693,Hyderabad,PG,1,71155,SEMI_FURNISHED,False,SWIMMING_POOL,17.9
TP00694,T00694,Mumbai,HOUSE,3,109575,SEMI_FURNISHED,False,GYM,25.1
TP00695,T00695,Kolkata,APARTMENT,2,72459,SEMI_FURNISHED,True,POWER_BACKUP,18.3
TP00696,T00696,Chennai,HOUSE,1,61190,UNFURNISHED,False,CLUBHOUSE,24.5
TP00697,T00697,Chennai,HOUSE,3,97243,UNFURNISHED,False,AIR_CONDITIONING,12.6
TP00698,T00698,Mumbai,HOUSE,1,106968,UNFURNISHED,True,POWER_BACKUP,16.8
TP00699,T00699,Chennai,VILLA,3,57205,UNFURNISHED,True,WIFI,27.5
TP00700,T00700,Bangalore,APARTMENT,3,57230,FULLY_FURNISHED,True,LIFT,29.7
TP00701,T00701,Kolkata,PG,1,100445,FULLY_FURNISHED,True,LIFT,19.6
TP00702,T00702,Bangalore,APARTMENT,3,103740,SEMI_FURNISHED,True,LIFT,8.9
TP00703,T00703,Mumbai,PG,2,58321,UNFURNISHED,False,SECURITY,4.1
TP00704,T00704,Delhi,HOUSE,3,53112,UNFURNISHED,True,AIR_CONDITIONING,11.7
TP00705,T00705,Hyderabad,HOUSE,2,68949,UNFURNISHED,True,WIFI,14.6
TP00706,T00706,Delhi,HOUSE,1,75465,SEMI_FURNISHED,False,WIFI,8.4
TP00707,T00707,Chennai,VILLA,1,17267,FULLY_FURNISHED,True,LIFT,13.7
TP00708,T00708,Hyderabad,APARTMENT,1,17629,FULLY_FURNISHED,True,SECURITY,6.0
TP00709,T00709,Chennai,HOUSE,1,108880,SEMI_FURNISHED,False,SWIMMING_POOL,7.6
TP00710,T00710,Bangalore,HOUSE,3,80983,FULLY_FURNISHED,False,GARDEN,27.1
TP00711,T00711,Delhi,VILLA,1,73594,UNFURNISHED,False,SECURITY,29.4
TP00712,T00712,Delhi,PG,1,31096,UNFURNISHED,True,POWER_BACKUP,24.2
TP00713,T00713,Mumbai,APARTMENT,3,44494,UNFURNISHED,True,SWIMMING_POOL,6.4
TP00714,T00714,Chennai,APARTMENT,1,74894,SEMI_FURNISHED,False,LIFT,21.0
TP00715,T00715,Hyderabad,PG,1,59599,SEMI_FURNISHED,True,POWER_BACKUP,29.9
TP00716,T00716,Mumbai,VILLA,2,23531,SEMI_FURNISHED,False,CLUBHOUSE,10.0
TP00717,T00717,Mumbai,PG,3,44657,SEMI_FURNISHED,True,SWIMMING_POOL,6.7
TP00718,T00718,Delhi,PG,1,24372,SEMI_FURNISHED,False,WIFI,13.4
TP00719,T00719,Kolkata,HOUSE,1,22546,FULLY_FURNISHED,False,WIFI,19.3
TP00720,T00720,Chennai,PG,3,107018,FULLY_FURNISHED,True,PARKING,10.8
TP00721,T00721,Delhi,VILLA,1,98814,UNFURNISHED,True,GARDEN,2.6
TP00722,T00722,Chennai,HOUSE,3,110193,UNFURNISHED,False,AIR_CONDITIONING,27.2
TP00723,T00723,Kolkata,APARTMENT,1,87177,SEMI_FURNISHED,False,POWER_BACKUP,25.4
TP00724,T00724,Bangalore,APARTMENT,3,81967,FULLY_FURNISHED,True,PARKING,11.6
TP00725,T00725,Delhi,VILLA,2,103859,SEMI_FURNISHED,False,WIFI,26.8
TP00726,T00726,Kolkata,PG,3,43836,FULLY_FURNISHED,False,PARKING,20.5
TP00727,T00727,Kolkata,PG,3,59242,UNFURNISHED,False,CLUBHOUSE,7.9
TP00728,T00728,Bangalore,VILLA,2,48930,UNFURNISHED,False,SWIMMING_POOL,7.7
TP00729,T00729,Delhi,VILLA,3,102695,SEMI_FURNISHED,True,GARDEN,17.2
TP00730,T00730,Delhi,HOUSE,2,115976,FULLY_FURNISHED,False,SECURITY,12.0
TP00731,T00731,Kolkata,APARTMENT,1,109654,SEMI_FURNISHED,True,SECURITY,18.0
TP00732,T00732,Chennai,HOUSE,1,59925,UNFURNISHED,False,POWER_BACKUP,7.0
TP00733,T00733,Hyderabad,HOUSE,1,87197,SEMI_FURNISHED,True,GARDEN,27.0
TP00734,T00734,Delhi,HOUSE,3,21195,SEMI_FURNISHED,False,PARKING,7.3
TP00735,T00735,Mumbai,APARTMENT,3,23090,FULLY_FURNISHED,False,POWER_BACKUP,26.3
TP00736,T00736,Kolkata,APARTMENT,3,103545,FULLY_FURNISHED,True,GARDEN,29.3
TP00737,T00737,Hyderabad,PG,2,71822,FULLY_FURNISHED,False,GYM,5.4
TP00738,T00738,Hyderabad,PG,1,74170,FULLY_FURNISHED,False,GYM,4.1
TP00739,T00739,Hyderabad,PG,3,97710,UNFURNISHED,False,SECURITY,20.2
TP00740,T00740,Bangalore,APARTMENT,3,112542,UNFURNISHED,False,AIR_CONDITIONING,7.0
TP00741,T00741,Kolkata,APARTMENT,1,60274,UNFURNISHED,True,CLUBHOUSE,20.3
TP00742,T00742,Hyderabad,HOUSE,2,28483,UNFURNISHED,False,WIFI,20.7
TP00743,T00743,Bangalore,APARTMENT,3,19277,FULLY_FURNISHED,False,GARDEN,8.6
TP00744,T00744,Hyderabad,VILLA,3,53941,FULLY_FURNISHED,False,WIFI,25.7
TP00745,T00745,Delhi,HOUSE,3,113019,UNFURNISHED,False,PARKING,20.4
TP00746,T00746,Hyderabad,VILLA,1,43690,SEMI_FURNISHED,False,LIFT,7.3
TP00747,T00747,Hyderabad,HOUSE,3,48292,SEMI_FURNISHED,True,PARKING,10.9
TP00748,T00748,Chennai,PG,3,31535,UNFURNISHED,True,SWIMMING_POOL,15.5
TP00749,T00749,Chennai,PG,3,86162,UNFURNISHED,True,LIFT,16.2
TP00750,T00750,Delhi,HOUSE,2,104581,SEMI_FURNISHED,True,PARKING,21.8
TP00751,T00751,Kolkata,HOUSE,2,67250,FULLY_FURNISHED,True,WIFI,19.3
TP00752,T00752,Hyderabad,APARTMENT,3,83149,SEMI_FURNISHED,False,GARDEN,21.0
TP00753,T00753,Delhi,VILLA,2,20250,FULLY_FURNISHED,False,LIFT,17.0
TP00754,T00754,Mumbai,PG,3,48934,SEMI_FURNISHED,False,WIFI,5.9
TP00755,T00755,Mumbai,HOUSE,1,99648,UNFURNISHED,False,SWIMMING_POOL,20.5
TP00756,T00756,Delhi,HOUSE,3,78833,SEMI_FURNISHED,False,SECURITY,15.2
TP00757,T00757,Chennai,VILLA,3,65294,UNFURNISHED,True,GYM,13.0
TP00758,T00758,Kolkata,HOUSE,2,67916,FULLY_FURNISHED,False,POWER_BACKUP,22.0
TP00759,T00759,Mumbai,VILLA,1,87075,FULLY_FURNISHED,True,PARKING,12.9
TP00760,T00760,Bangalore,VILLA,3,72128,FULLY_FURNISHED,False,LIFT,24.3
TP00761,T00761,Chennai,HOUSE,3,99827,SEMI_FURNISHED,False,SWIMMING_POOL,21.4
TP00762,T00762,Chennai,PG,1,70765,FULLY_FURNISHED,True,WIFI,4.3
TP00763,T00763,Mumbai,PG,3,66298,FULLY_FURNISHED,True,SWIMMING_POOL,23.4
TP00764,T00764,Hyderabad,VILLA,3,35959,UNFURNISHED,True,SECURITY,21.9
TP00765,T00765,Delhi,APARTMENT,3,101219,FULLY_FURNISHED,False,PARKING,9.9
TP00766,T00766,Mumbai,VILLA,2,105559,FULLY_FURNISHED,True,GYM,28.6
TP00767,T00767,Kolkata,PG,1,54568,FULLY_FURNISHED,True,SWIMMING_POOL,11.8
TP00768,T00768,Chennai,PG,2,57269,FULLY_FURNISHED,False,POWER_BACKUP,2.2
TP00769,T00769,Bangalore,VILLA,2,32532,UNFURNISHED,False,SECURITY,10.3
TP00770,T00770,Delhi,HOUSE,2,36642,FULLY_FURNISHED,False,POWER_BACKUP,17.3
TP00771,T00771,Chennai,PG,3,20013,SEMI_FURNISHED,True,LIFT,21.7
TP00772,T00772,Mumbai,HOUSE,1,69595,SEMI_FURNISHED,False,POWER_BACKUP,7.7
TP00773,T00773,Mumbai,APARTMENT,2,88307,SEMI_FURNISHED,True,GYM,6.3
TP00774,T00774,Mumbai,VILLA,1,38848,SEMI_FURNISHED,True,CLUBHOUSE,23.5
TP00775,T00775,Kolkata,HOUSE,2,82011,UNFURNISHED,False,SECURITY,21.5
TP00776,T00776,Delhi,VILLA,1,115738,FULLY_FURNISHED,False,GYM,29.1
TP00777,T00777,Mumbai,PG,1,106971,UNFURNISHED,True,POWER_BACKUP,24.3
TP00778,T00778,Chennai,APARTMENT,3,64505,UNFURNISHED,True,CLUBHOUSE,7.4
TP00779,T00779,Kolkata,APARTMENT,2,100848,FULLY_FURNISHED,False,PARKING,19.4
TP00780,T00780,Kolkata,APARTMENT,2,112284,FULLY_FURNISHED,True,PARKING,15.8
TP00781,T00781,Hyderabad,VILLA,2,60326,SEMI_FURNISHED,False,SECURITY,15.6
TP00782,T00782,Mumbai,APARTMENT,2,40110,SEMI_FURNISHED,True,SWIMMING_POOL,17.8
TP00783,T00783,Kolkata,VILLA,2,78404,UNFURNISHED,True,POWER_BACKUP,4.1
TP00784,T00784,Kolkata,PG,3,104431,SEMI_FURNISHED,True,SECURITY,18.3
TP00785,T00785,Delhi,APARTMENT,1,112488,UNFURNISHED,True,GARDEN,15.1
TP00786,T00786,Delhi,PG,2,44645,FULLY_FURNISHED,False,LIFT,13.2
TP00787,T00787,Mumbai,HOUSE,1,83367,FULLY_FURNISHED,False,GYM,10.4
TP00788,T00788,Chennai,PG,2,81605,UNFURNISHED,False,LIFT,10.5
TP00789,T00789,Chennai,APARTMENT,3,111761,UNFURNISHED,False,GYM,11.8
TP00790,T00790,Kolkata,APARTMENT,1,71893,FULLY_FURNISHED,False,GARDEN,15.1
TP00791,T00791,Chennai,PG,2,14526,UNFURNISHED,False,CLUBHOUSE,19.9
TP00792,T00792,Hyderabad,APARTMENT,3,75194,SEMI_FURNISHED,True,POWER_BACKUP,20.2
TP00793,T00793,Hyderabad,APARTMENT,3,32334,UNFURNISHED,False,WIFI,11.1
TP00794,T00794,Delhi,APARTMENT,1,46283,UNFURNISHED,False,AIR_CONDITIONING,9.8
TP00795,T00795,Hyderabad,PG,3,22123,FULLY_FURNISHED,False,GARDEN,4.6
TP00796,T00796,Kolkata,VILLA,3,94424,UNFURNISHED,True,SWIMMING_POOL,11.9
TP00797,T00797,Mumbai,PG,2,14436,SEMI_FURNISHED,False,AIR_CONDITIONING,17.8
TP00798,T00798,Bangalore,HOUSE,1,74180,UNFURNISHED,False,GARDEN,12.9
TP00799,T00799,Mumbai,VILLA,1,95224,UNFURNISHED,True,PARKING,18.2
TP00800,T00800,Hyderabad,HOUSE,1,113862,SEMI_FURNISHED,True,AIR_CONDITIONING,26.1
TP00801,T00801,Delhi,APARTMENT,3,54729,UNFURNISHED,True,POWER_BACKUP,29.9
TP00802,T00802,Kolkata,HOUSE,1,73287,UNFURNISHED,True,GYM,18.0
TP00803,T00803,Delhi,PG,3,90833,SEMI_FURNISHED,True,GARDEN,18.9
TP00804,T00804,Chennai,PG,2,70717,FULLY_FURNISHED,False,PARKING,19.1
TP00805,T00805,Hyderabad,APARTMENT,2,32126,UNFURNISHED,True,LIFT,16.5
TP00806,T00806,Mumbai,HOUSE,1,104328,SEMI_FURNISHED,True,POWER_BACKUP,3.3
TP00807,T00807,Chennai,APARTMENT,2,116030,SEMI_FURNISHED,False,SWIMMING_POOL,10.6
TP00808,T00808,Delhi,VILLA,1,89878,UNFURNISHED,False,AIR_CONDITIONING,29.9
TP00809,T00809,Chennai,APARTMENT,2,43496,UNFURNISHED,False,SWIMMING_POOL,19.0
TP00810,T00810,Bangalore,HOUSE,2,115490,FULLY_FURNISHED,False,AIR_CONDITIONING,5.7
TP00811,T00811,Hyderabad,PG,1,45277,FULLY_FURNISHED,True,WIFI,17.5
TP00812,T00812,Bangalore,HOUSE,3,58600,FULLY_FURNISHED,False,POWER_BACKUP,10.3
TP00813,T00813,Kolkata,VILLA,2,15137,UNFURNISHED,False,SWIMMING_POOL,22.3
TP00814,T00814,Delhi,APARTMENT,1,27941,FULLY_FURNISHED,True,LIFT,28.5
TP00815,T00815,Bangalore,HOUSE,1,112615,FULLY_FURNISHED,True,SWIMMING_POOL,21.2
TP00816,T00816,Mumbai,HOUSE,2,101515,FULLY_FURNISHED,False,GYM,16.7
TP00817,T00817,Hyderabad,VILLA,3,118908,UNFURNISHED,True,LIFT,27.3
TP00818,T00818,Delhi,APARTMENT,2,108631,SEMI_FURNISHED,False,GARDEN,13.4
TP00819,T00819,Bangalore,PG,2,70325,FULLY_FURNISHED,False,PARKING,24.9
TP00820,T00820,Chennai,APARTMENT,3,105448,FULLY_FURNISHED,False,SWIMMING_POOL,24.9
TP00821,T00821,Chennai,VILLA,2,107337,FULLY_FURNISHED,True,WIFI,2.7
TP00822,T00822,Bangalore,VILLA,1,40530,UNFURNISHED,True,GARDEN,11.6
TP00823,T00823,Mumbai,PG,2,59593,UNFURNISHED,True,GARDEN,19.5
TP00824,T00824,Bangalore,VILLA,1,51245,SEMI_FURNISHED,True,POWER_BACKUP,14.6
TP00825,T00825,Mumbai,HOUSE,2,99211,FULLY_FURNISHED,True,AIR_CONDITIONING,28.0
TP00826,T00826,Mumbai,HOUSE,2,47333,UNFURNISHED,False,SECURITY,21.1
TP00827,T00827,Kolkata,VILLA,3,44843,UNFURNISHED,False,GYM,5.2
TP00828,T00828,Mumbai,PG,2,80002,UNFURNISHED,False,SECURITY,26.9
TP00829,T00829,Mumbai,APARTMENT,3,82810,FULLY_FURNISHED,False,WIFI,3.1
TP00830,T00830,Mumbai,PG,3,24556,FULLY_FURNISHED,False,GARDEN,22.3
TP00831,T00831,Mumbai,PG,1,50853,FULLY_FURNISHED,False,POWER_BACKUP,3.2
TP00832,T00832,Chennai,PG,2,37697,UNFURNISHED,False,AIR_CONDITIONING,28.8
TP00833,T00833,Delhi,PG,3,99771,FULLY_FURNISHED,True,CLUBHOUSE,19.4
TP00834,T00834,Mumbai,PG,1,105975,FULLY_FURNISHED,True,AIR_CONDITIONING,23.3
TP00835,T00835,Kolkata,PG,3,33200,UNFURNISHED,False,GARDEN,24.7
TP00836,T00836,Chennai,VILLA,1,91291,SEMI_FURNISHED,False,SECURITY,21.7
TP00837,T00837,Chennai,APARTMENT,3,101563,UNFURNISHED,False,GARDEN,23.2
TP00838,T00838,Kolkata,APARTMENT,3,50637,SEMI_FURNISHED,False,GYM,25.2
TP00839,T00839,Hyderabad,VILLA,3,52400,SEMI_FURNISHED,True,LIFT,8.2
TP00840,T00840,Delhi,PG,3,109901,FULLY_FURNISHED,False,AIR_CONDITIONING,25.2
TP00841,T00841,Delhi,PG,2,60684,SEMI_FURNISHED,False,SECURITY,15.2
TP00842,T00842,Mumbai,APARTMENT,2,76594,UNFURNISHED,True,WIFI,6.6
TP00843,T00843,Mumbai,PG,1,111956,FULLY_FURNISHED,True,AIR_CONDITIONING,19.1
TP00844,T00844,Mumbai,VILLA,2,42219,FULLY_FURNISHED,True,CLUBHOUSE,4.3
TP00845,T00845,Chennai,APARTMENT,2,51059,FULLY_FURNISHED,False,SECURITY,19.9
TP00846,T00846,Mumbai,HOUSE,1,74662,FULLY_FURNISHED,False,PARKING,19.0
TP00847,T00847,Chennai,APARTMENT,3,93882,SEMI_FURNISHED,False,LIFT,17.6
TP00848,T00848,Kolkata,APARTMENT,2,24191,FULLY_FURNISHED,False,GARDEN,9.0
TP00849,T00849,Bangalore,PG,1,47379,UNFURNISHED,False,AIR_CONDITIONING,13.2
TP00850,T00850,Chennai,VILLA,2,41983,UNFURNISHED,True,WIFI,23.5
TP00851,T00851,Chennai,APARTMENT,1,112569,FULLY_FURNISHED,False,POWER_BACKUP,2.8
TP00852,T00852,Delhi,APARTMENT,2,82541,UNFURNISHED,True,LIFT,21.2
TP00853,T00853,Bangalore,HOUSE,1,75843,SEMI_FURNISHED,True,CLUBHOUSE,6.3
TP00854,T00854,Kolkata,VILLA,2,118594,UNFURNISHED,False,SWIMMING_POOL,21.3
TP00855,T00855,Hyderabad,APARTMENT,1,116737,SEMI_FURNISHED,True,WIFI,2.9
TP00856,T00856,Mumbai,PG,1,90877,FULLY_FURNISHED,True,WIFI,11.1
TP00857,T00857,Kolkata,APARTMENT,3,97399,FULLY_FURNISHED,False,GYM,26.5
TP00858,T00858,Hyderabad,VILLA,3,104990,FULLY_FURNISHED,False,PARKING,4.2
TP00859,T00859,Chennai,VILLA,1,52979,FULLY_FURNISHED,True,POWER_BACKUP,29.3
TP00860,T00860,Hyderabad,VILLA,1,62337,SEMI_FURNISHED,True,AIR_CONDITIONING,24.3
TP00861,T00861,Delhi,VILLA,1,19931,SEMI_FURNISHED,False,GARDEN,22.1
TP00862,T00862,Chennai,HOUSE,2,55140,FULLY_FURNISHED,False,SWIMMING_POOL,15.9
TP00863,T00863,Delhi,VILLA,1,37722,UNFURNISHED,False,LIFT,17.7
TP00864,T00864,Kolkata,HOUSE,3,100026,FULLY_FURNISHED,True,LIFT,25.6
TP00865,T00865,Delhi,APARTMENT,2,36184,FULLY_FURNISHED,True,LIFT,24.2
TP00866,T00866,Hyderabad,VILLA,2,93931,FULLY_FURNISHED,True,GARDEN,22.6
TP00867,T00867,Chennai,PG,1,79682,SEMI_FURNISHED,True,SECURITY,7.5
TP00868,T00868,Chennai,PG,2,29996,FULLY_FURNISHED,True,POWER_BACKUP,9.1
TP00869,T00869,Chennai,PG,1,25133,SEMI_FURNISHED,False,GARDEN,27.5
TP00870,T00870,Hyderabad,VILLA,3,31779,FULLY_FURNISHED,True,WIFI,11.2
TP00871,T00871,Hyderabad,PG,3,47385,UNFURNISHED,True,GYM,10.5
TP00872,T00872,Delhi,VILLA,3,71352,FULLY_FURNISHED,True,AIR_CONDITIONING,9.3
TP00873,T00873,Chennai,HOUSE,1,42236,SEMI_FURNISHED,True,WIFI,25.1
TP00874,T00874,Delhi,APARTMENT,2,88043,UNFURNISHED,False,PARKING,3.5
TP00875,T00875,Chennai,PG,1,63537,FULLY_FURNISHED,False,CLUBHOUSE,28.6
TP00876,T00876,Bangalore,APARTMENT,1,49795,FULLY_FURNISHED,False,CLUBHOUSE,26.7
TP00877,T00877,Chennai,HOUSE,1,20357,UNFURNISHED,False,LIFT,7.9
TP00878,T00878,Kolkata,HOUSE,1,63345,SEMI_FURNISHED,False,SWIMMING_POOL,13.1
TP00879,T00879,Kolkata,APARTMENT,2,40851,UNFURNISHED,False,POWER_BACKUP,6.9
TP00880,T00880,Chennai,APARTMENT,1,24341,FULLY_FURNISHED,False,SECURITY,8.8
TP00881,T00881,Kolkata,APARTMENT,2,74755,FULLY_FURNISHED,False,GYM,20.5
TP00882,T00882,Mumbai,PG,2,71275,FULLY_FURNISHED,True,GARDEN,5.7
TP00883,T00883,Chennai,HOUSE,3,57137,FULLY_FURNISHED,False,CLUBHOUSE,4.3
TP00884,T00884,Chennai,VILLA,3,48125,UNFURNISHED,False,POWER_BACKUP,25.9
TP00885,T00885,Delhi,PG,3,119672,SEMI_FURNISHED,False,GARDEN,16.0
TP00886,T00886,Mumbai,HOUSE,2,47107,UNFURNISHED,True,LIFT,17.6
TP00887,T00887,Mumbai,APARTMENT,1,57134,UNFURNISHED,True,SWIMMING_POOL,22.0
TP00888,T00888,Mumbai,HOUSE,3,13503,SEMI_FURNISHED,False,GARDEN,6.4
TP00889,T00889,Bangalore,APARTMENT,3,90841,UNFURNISHED,True,SWIMMING_POOL,24.5
TP00890,T00890,Chennai,HOUSE,1,35000,SEMI_FURNISHED,False,GARDEN,5.5
TP00891,T00891,Mumbai,VILLA,3,115014,FULLY_FURNISHED,False,WIFI,20.6
TP00892,T00892,Hyderabad,PG,1,63715,SEMI_FURNISHED,True,GARDEN,11.0
TP00893,T00893,Kolkata,APARTMENT,1,103706,UNFURNISHED,True,GARDEN,30.0
TP00894,T00894,Mumbai,HOUSE,2,52361,FULLY_FURNISHED,True,GYM,14.6
TP00895,T00895,Mumbai,VILLA,3,54620,FULLY_FURNISHED,False,SECURITY,18.5
TP00896,T00896,Kolkata,APARTMENT,1,88956,FULLY_FURNISHED,False,SECURITY,2.8
TP00897,T00897,Delhi,PG,3,17965,SEMI_FURNISHED,False,GARDEN,15.3
TP00898,T00898,Hyderabad,PG,1,82954,FULLY_FURNISHED,False,SECURITY,26.3
TP00899,T00899,Bangalore,VILLA,2,61326,SEMI_FURNISHED,True,GARDEN,15.7
TP00900,T00900,Delhi,VILLA,2,37761,FULLY_FURNISHED,False,AIR_CONDITIONING,5.7
TP00901,T00901,Kolkata,PG,1,84944,FULLY_FURNISHED,True,PARKING,22.4
TP00902,T00902,Delhi,HOUSE,1,26677,FULLY_FURNISHED,True,GYM,25.8
TP00903,T00903,Kolkata,VILLA,3,44927,UNFURNISHED,False,AIR_CONDITIONING,7.3
TP00904,T00904,Chennai,VILLA,3,42834,FULLY_FURNISHED,False,PARKING,29.4
TP00905,T00905,Delhi,HOUSE,1,98058,UNFURNISHED,False,LIFT,9.0
TP00906,T00906,Chennai,VILLA,1,15270,UNFURNISHED,True,GARDEN,9.2
TP00907,T00907,Bangalore,HOUSE,3,43119,UNFURNISHED,True,AIR_CONDITIONING,3.9
TP00908,T00908,Bangalore,HOUSE,2,17330,UNFURNISHED,False,GYM,22.9
TP00909,T00909,Hyderabad,HOUSE,3,49438,FULLY_FURNISHED,True,SECURITY,6.8
TP00910,T00910,Chennai,APARTMENT,3,96193,UNFURNISHED,False,WIFI,29.4
TP00911,T00911,Delhi,VILLA,3,37058,FULLY_FURNISHED,False,POWER_BACKUP,18.3
TP00912,T00912,Bangalore,HOUSE,1,100176,UNFURNISHED,True,SECURITY,17.0
TP00913,T00913,Kolkata,VILLA,1,109347,UNFURNISHED,False,LIFT,29.3
TP00914,T00914,Kolkata,APARTMENT,1,102161,UNFURNISHED,True,PARKING,14.1
TP00915,T00915,Mumbai,APARTMENT,3,95855,FULLY_FURNISHED,True,WIFI,12.3
TP00916,T00916,Bangalore,HOUSE,2,80984,UNFURNISHED,True,POWER_BACKUP,20.7
TP00917,T00917,Hyderabad,HOUSE,2,41288,FULLY_FURNISHED,False,GYM,13.0
TP00918,T00918,Hyderabad,HOUSE,3,71979,UNFURNISHED,False,GARDEN,7.2
TP00919,T00919,Delhi,VILLA,3,113869,SEMI_FURNISHED,False,GYM,11.6
TP00920,T00920,Delhi,PG,3,85445,FULLY_FURNISHED,True,CLUBHOUSE,19.4
TP00921,T00921,Chennai,APARTMENT,1,89038,SEMI_FURNISHED,False,WIFI,25.2
TP00922,T00922,Bangalore,VILLA,1,76248,SEMI_FURNISHED,False,CLUBHOUSE,29.3
TP00923,T00923,Kolkata,VILLA,3,55259,SEMI_FURNISHED,False,PARKING,8.9
TP00924,T00924,Kolkata,PG,3,23423,SEMI_FURNISHED,False,SECURITY,18.0
TP00925,T00925,Kolkata,HOUSE,3,28506,UNFURNISHED,False,CLUBHOUSE,15.5
TP00926,T00926,Bangalore,HOUSE,1,87871,FULLY_FURNISHED,False,POWER_BACKUP,16.5
TP00927,T00927,Kolkata,PG,1,85646,UNFURNISHED,True,WIFI,6.6
TP00928,T00928,Chennai,PG,3,59840,UNFURNISHED,False,WIFI,18.7
TP00929,T00929,Chennai,PG,2,77372,FULLY_FURNISHED,False,POWER_BACKUP,29.9
TP00930,T00930,Bangalore,APARTMENT,1,57719,FULLY_FURNISHED,True,POWER_BACKUP,12.0
TP00931,T00931,Bangalore,APARTMENT,3,48663,FULLY_FURNISHED,True,POWER_BACKUP,16.6
TP00932,T00932,Mumbai,APARTMENT,2,92290,FULLY_FURNISHED,False,SWIMMING_POOL,21.3
TP00933,T00933,Mumbai,VILLA,2,69626,UNFURNISHED,False,CLUBHOUSE,28.7
TP00934,T00934,Mumbai,VILLA,1,29002,FULLY_FURNISHED,False,GYM,10.9
TP00935,T00935,Hyderabad,VILLA,2,78118,UNFURNISHED,True,GYM,7.2
TP00936,T00936,Chennai,VILLA,3,58871,SEMI_FURNISHED,False,WIFI,21.8
TP00937,T00937,Mumbai,PG,1,21718,FULLY_FURNISHED,True,SECURITY,10.8
TP00938,T00938,Chennai,VILLA,3,95185,FULLY_FURNISHED,False,GYM,12.1
TP00939,T00939,Delhi,APARTMENT,3,117842,SEMI_FURNISHED,True,LIFT,28.2
TP00940,T00940,Mumbai,PG,3,57792,SEMI_FURNISHED,False,GARDEN,21.5
TP00941,T00941,Kolkata,VILLA,1,72112,UNFURNISHED,True,POWER_BACKUP,21.5
TP00942,T00942,Hyderabad,VILLA,1,14314,SEMI_FURNISHED,True,CLUBHOUSE,15.7
TP00943,T00943,Kolkata,HOUSE,2,107493,UNFURNISHED,True,WIFI,3.7
TP00944,T00944,Bangalore,APARTMENT,2,80833,FULLY_FURNISHED,False,LIFT,11.1
TP00945,T00945,Delhi,HOUSE,1,55991,UNFURNISHED,False,SECURITY,7.3
TP00946,T00946,Mumbai,PG,1,44226,FULLY_FURNISHED,False,WIFI,10.1
TP00947,T00947,Kolkata,PG,1,83598,SEMI_FURNISHED,False,LIFT,23.1
TP00948,T00948,Chennai,APARTMENT,2,59749,UNFURNISHED,True,SWIMMING_POOL,2.9
TP00949,T00949,Chennai,HOUSE,3,30981,FULLY_FURNISHED,False,AIR_CONDITIONING,9.0
TP00950,T00950,Chennai,APARTMENT,1,62226,FULLY_FURNISHED,True,SECURITY,11.7
TP00951,T00951,Hyderabad,HOUSE,1,83049,SEMI_FURNISHED,True,WIFI,16.6
TP00952,T00952,Bangalore,HOUSE,2,74078,FULLY_FURNISHED,False,GARDEN,16.9
TP00953,T00953,Bangalore,HOUSE,2,102514,SEMI_FURNISHED,False,CLUBHOUSE,19.0
TP00954,T00954,Kolkata,VILLA,1,111318,SEMI_FURNISHED,False,GYM,13.3
TP00955,T00955,Bangalore,VILLA,1,83741,SEMI_FURNISHED,True,SWIMMING_POOL,10.2
TP00956,T00956,Kolkata,PG,2,69728,FULLY_FURNISHED,False,WIFI,26.1
TP00957,T00957,Kolkata,HOUSE,3,18793,SEMI_FURNISHED,True,LIFT,8.5
TP00958,T00958,Chennai,PG,3,91769,SEMI_FURNISHED,True,GARDEN,12.0
TP00959,T00959,Mumbai,PG,3,25512,UNFURNISHED,False,AIR_CONDITIONING,20.3
TP00960,T00960,Chennai,PG,1,27099,UNFURNISHED,False,AIR_CONDITIONING,18.9
TP00961,T00961,Delhi,PG,1,36284,UNFURNISHED,False,GYM,17.0
TP00962,T00962,Mumbai,APARTMENT,3,64294,SEMI_FURNISHED,False,CLUBHOUSE,16.6
TP00963,T00963,Kolkata,APARTMENT,1,105371,SEMI_FURNISHED,False,SECURITY,22.6
TP00964,T00964,Bangalore,VILLA,1,60191,SEMI_FURNISHED,True,POWER_BACKUP,5.5
TP00965,T00965,Mumbai,HOUSE,1,31915,UNFURNISHED,True,SWIMMING_POOL,14.3
TP00966,T00966,Chennai,APARTMENT,1,23719,FULLY_FURNISHED,False,GYM,21.0
TP00967,T00967,Mumbai,HOUSE,3,54066,FULLY_FURNISHED,False,WIFI,20.2
TP00968,T00968,Delhi,APARTMENT,2,84784,FULLY_FURNISHED,False,SECURITY,27.6
TP00969,T00969,Mumbai,VILLA,2,71410,UNFURNISHED,False,LIFT,28.0
TP00970,T00970,Kolkata,PG,2,52436,UNFURNISHED,False,GARDEN,8.3
TP00971,T00971,Bangalore,VILLA,1,72114,FULLY_FURNISHED,False,POWER_BACKUP,3.3
TP00972,T00972,Delhi,VILLA,1,58752,FULLY_FURNISHED,True,WIFI,8.5
TP00973,T00973,Kolkata,APARTMENT,2,19401,SEMI_FURNISHED,True,GYM,5.2
TP00974,T00974,Chennai,PG,2,15866,UNFURNISHED,True,GYM,23.7
TP00975,T00975,Mumbai,PG,2,117942,FULLY_FURNISHED,False,GARDEN,19.7
TP00976,T00976,Bangalore,HOUSE,3,104592,SEMI_FURNISHED,False,GYM,10.0
TP00977,T00977,Kolkata,VILLA,1,112917,FULLY_FURNISHED,True,WIFI,28.3
TP00978,T00978,Bangalore,PG,2,25735,SEMI_FURNISHED,False,SECURITY,16.4
TP00979,T00979,Mumbai,HOUSE,2,107337,UNFURNISHED,True,WIFI,19.6
TP00980,T00980,Delhi,PG,1,94249,SEMI_FURNISHED,False,POWER_BACKUP,11.8
TP00981,T00981,Mumbai,PG,2,90793,SEMI_FURNISHED,False,AIR_CONDITIONING,29.4
TP00982,T00982,Bangalore,PG,2,114407,SEMI_FURNISHED,False,SECURITY,21.3
TP00983,T00983,Bangalore,VILLA,3,20728,SEMI_FURNISHED,False,GARDEN,24.6
TP00984,T00984,Bangalore,HOUSE,2,36492,SEMI_FURNISHED,True,LIFT,18.8
TP00985,T00985,Hyderabad,PG,3,66730,UNFURNISHED,False,GYM,27.3
TP00986,T00986,Kolkata,APARTMENT,3,109358,FULLY_FURNISHED,True,WIFI,13.5
TP00987,T00987,Bangalore,VILLA,3,75541,SEMI_FURNISHED,True,GARDEN,27.5
TP00988,T00988,Bangalore,VILLA,1,56977,SEMI_FURNISHED,False,SECURITY,27.7
TP00989,T00989,Hyderabad,APARTMENT,3,47330,FULLY_FURNISHED,False,CLUBHOUSE,27.0
TP00990,T00990,Bangalore,PG,2,108304,FULLY_FURNISHED,False,CLUBHOUSE,9.8
TP00991,T00991,Mumbai,VILLA,1,103189,SEMI_FURNISHED,True,GYM,10.5
TP00992,T00992,Hyderabad,APARTMENT,1,71110,FULLY_FURNISHED,True,AIR_CONDITIONING,25.7
TP00993,T00993,Bangalore,PG,1,106019,FULLY_FURNISHED,True,GARDEN,24.9
TP00994,T00994,Delhi,HOUSE,3,13531,UNFURNISHED,True,CLUBHOUSE,5.8
TP00995,T00995,Kolkata,VILLA,1,44917,SEMI_FURNISHED,False,WIFI,16.0
TP00996,T00996,Mumbai,APARTMENT,3,102279,SEMI_FURNISHED,False,PARKING,23.7
TP00997,T00997,Hyderabad,HOUSE,2,31282,SEMI_FURNISHED,False,LIFT,11.3
TP00998,T00998,Kolkata,HOUSE,2,78136,UNFURNISHED,True,LIFT,25.7
TP00999,T00999,Kolkata,APARTMENT,3,35300,UNFURNISHED,False,SECURITY,17.4
TP01000,T01000,Mumbai,PG,1,103281,SEMI_FURNISHED,True,SECURITY,5.4
TP01001,T01001,Bangalore,APARTMENT,3,67151,SEMI_FURNISHED,False,LIFT,15.5
TP01002,T01002,Bangalore,VILLA,2,21458,FULLY_FURNISHED,False,POWER_BACKUP,6.4
TP01003,T01003,Mumbai,HOUSE,2,33358,SEMI_FURNISHED,False,CLUBHOUSE,2.5
TP01004,T01004,Kolkata,HOUSE,2,17904,FULLY_FURNISHED,False,LIFT,10.6
TP01005,T01005,Kolkata,VILLA,1,27313,FULLY_FURNISHED,False,POWER_BACKUP,20.6
TP01006,T01006,Chennai,APARTMENT,2,54171,SEMI_FURNISHED,False,GARDEN,9.9
TP01007,T01007,Delhi,HOUSE,1,51717,SEMI_FURNISHED,False,GYM,19.7
TP01008,T01008,Kolkata,PG,1,35944,UNFURNISHED,True,POWER_BACKUP,7.9
TP01009,T01009,Bangalore,APARTMENT,2,22418,FULLY_FURNISHED,True,LIFT,25.6
TP01010,T01010,Chennai,PG,1,93737,FULLY_FURNISHED,False,GARDEN,28.0
TP01011,T01011,Mumbai,PG,1,109264,FULLY_FURNISHED,False,PARKING,19.8
TP01012,T01012,Chennai,APARTMENT,3,85708,UNFURNISHED,True,POWER_BACKUP,7.8
TP01013,T01013,Delhi,PG,2,14559,FULLY_FURNISHED,True,PARKING,29.6
TP01014,T01014,Mumbai,PG,2,98310,UNFURNISHED,True,PARKING,21.9
TP01015,T01015,Delhi,HOUSE,2,107166,SEMI_FURNISHED,True,POWER_BACKUP,29.2
TP01016,T01016,Mumbai,PG,1,112826,FULLY_FURNISHED,False,SECURITY,23.1
TP01017,T01017,Delhi,APARTMENT,2,65607,FULLY_FURNISHED,False,GARDEN,14.1
TP01018,T01018,Delhi,VILLA,3,78544,FULLY_FURNISHED,False,PARKING,27.0
TP01019,T01019,Chennai,PG,2,70728,UNFURNISHED,False,SECURITY,9.6
TP01020,T01020,Mumbai,APARTMENT,2,69502,SEMI_FURNISHED,False,GARDEN,17.1
TP01021,T01021,Kolkata,APARTMENT,1,92955,FULLY_FURNISHED,True,WIFI,21.5
TP01022,T01022,Mumbai,PG,3,30398,FULLY_FURNISHED,True,GARDEN,6.4
TP01023,T01023,Bangalore,VILLA,3,63543,FULLY_FURNISHED,True,AIR_CONDITIONING,15.0
TP01024,T01024,Hyderabad,PG,3,73800,SEMI_FURNISHED,True,POWER_BACKUP,5.3
TP01025,T01025,Bangalore,APARTMENT,2,111224,FULLY_FURNISHED,True,GYM,5.3
TP01026,T01026,Delhi,VILLA,3,106934,SEMI_FURNISHED,False,PARKING,17.7
TP01027,T01027,Delhi,PG,3,119787,FULLY_FURNISHED,True,GARDEN,3.8
TP01028,T01028,Bangalore,APARTMENT,1,88684,FULLY_FURNISHED,True,GYM,20.9
TP01029,T01029,Delhi,APARTMENT,1,45359,UNFURNISHED,True,WIFI,18.7
TP01030,T01030,Mumbai,PG,1,94238,SEMI_FURNISHED,False,CLUBHOUSE,28.1
TP01031,T01031,Hyderabad,PG,1,18034,FULLY_FURNISHED,True,GARDEN,13.3
TP01032,T01032,Hyderabad,HOUSE,3,117361,UNFURNISHED,False,LIFT,20.2
TP01033,T01033,Bangalore,VILLA,2,16739,SEMI_FURNISHED,False,SECURITY,18.9
TP01034,T01034,Chennai,PG,2,54432,FULLY_FURNISHED,True,SECURITY,17.7
TP01035,T01035,Hyderabad,HOUSE,1,115098,FULLY_FURNISHED,True,PARKING,17.4
TP01036,T01036,Kolkata,APARTMENT,3,31604,UNFURNISHED,False,GARDEN,20.4
TP01037,T01037,Delhi,APARTMENT,2,79361,UNFURNISHED,True,WIFI,2.9
TP01038,T01038,Bangalore,HOUSE,1,81862,UNFURNISHED,True,PARKING,9.1
TP01039,T01039,Delhi,HOUSE,1,56728,SEMI_FURNISHED,False,POWER_BACKUP,5.7
TP01040,T01040,Chennai,PG,2,12335,UNFURNISHED,False,GARDEN,20.1
TP01041,T01041,Mumbai,PG,1,72945,SEMI_FURNISHED,False,SECURITY,17.4
TP01042,T01042,Hyderabad,HOUSE,2,117497,FULLY_FURNISHED,False,AIR_CONDITIONING,23.4
TP01043,T01043,Bangalore,APARTMENT,3,118394,FULLY_FURNISHED,False,POWER_BACKUP,28.3
TP01044,T01044,Kolkata,HOUSE,1,99996,FULLY_FURNISHED,False,LIFT,16.3
TP01045,T01045,Kolkata,PG,2,72092,UNFURNISHED,False,WIFI,3.1
TP01046,T01046,Bangalore,APARTMENT,1,88381,SEMI_FURNISHED,True,POWER_BACKUP,20.4
TP01047,T01047,Delhi,VILLA,3,97655,UNFURNISHED,True,AIR_CONDITIONING,7.4
TP01048,T01048,Delhi,VILLA,1,103308,UNFURNISHED,True,PARKING,13.7
TP01049,T01049,Hyderabad,VILLA,3,111622,UNFURNISHED,False,WIFI,17.3
TP01050,T01050,Bangalore,APARTMENT,3,73224,SEMI_FURNISHED,True,WIFI,19.8
TP01051,T01051,Chennai,APARTMENT,1,107721,FULLY_FURNISHED,False,AIR_CONDITIONING,13.7
TP01052,T01052,Delhi,PG,1,89397,UNFURNISHED,False,WIFI,28.5
TP01053,T01053,Kolkata,HOUSE,1,92488,SEMI_FURNISHED,True,SWIMMING_POOL,3.4
TP01054,T01054,Chennai,APARTMENT,3,51193,UNFURNISHED,False,SECURITY,25.4
TP01055,T01055,Chennai,HOUSE,2,105273,SEMI_FURNISHED,True,AIR_CONDITIONING,23.2
TP01056,T01056,Chennai,APARTMENT,1,46001,UNFURNISHED,False,CLUBHOUSE,3.5
TP01057,T01057,Kolkata,VILLA,2,114858,FULLY_FURNISHED,True,SWIMMING_POOL,14.4
TP01058,T01058,Hyderabad,VILLA,2,47875,SEMI_FURNISHED,True,PARKING,3.6
TP01059,T01059,Bangalore,APARTMENT,3,63000,SEMI_FURNISHED,False,CLUBHOUSE,4.7
TP01060,T01060,Chennai,APARTMENT,1,34288,SEMI_FURNISHED,False,WIFI,4.0
TP01061,T01061,Delhi,VILLA,2,29019,UNFURNISHED,False,WIFI,19.7
TP01062,T01062,Delhi,HOUSE,1,62934,UNFURNISHED,True,PARKING,13.1
TP01063,T01063,Kolkata,HOUSE,1,110143,UNFURNISHED,True,SECURITY,26.5
TP01064,T01064,Hyderabad,HOUSE,2,69574,FULLY_FURNISHED,False,SECURITY,21.6
TP01065,T01065,Bangalore,PG,2,85942,SEMI_FURNISHED,True,SWIMMING_POOL,23.4
TP01066,T01066,Bangalore,PG,1,102282,UNFURNISHED,False,SECURITY,17.3
TP01067,T01067,Mumbai,HOUSE,1,93618,FULLY_FURNISHED,False,GARDEN,23.0
TP01068,T01068,Hyderabad,PG,2,109725,UNFURNISHED,False,LIFT,27.2
TP01069,T01069,Delhi,PG,1,116950,SEMI_FURNISHED,False,LIFT,23.2
TP01070,T01070,Delhi,APARTMENT,2,92270,SEMI_FURNISHED,False,LIFT,11.0
TP01071,T01071,Kolkata,HOUSE,3,88674,UNFURNISHED,False,GARDEN,24.9
TP01072,T01072,Chennai,HOUSE,1,105648,FULLY_FURNISHED,False,SECURITY,18.0
TP01073,T01073,Hyderabad,VILLA,1,104688,SEMI_FURNISHED,False,WIFI,8.3
TP01074,T01074,Bangalore,VILLA,1,89949,FULLY_FURNISHED,True,POWER_BACKUP,9.5
TP01075,T01075,Delhi,VILLA,1,74522,SEMI_FURNISHED,True,PARKING,16.6
TP01076,T01076,Hyderabad,APARTMENT,3,42748,UNFURNISHED,True,LIFT,19.4
TP01077,T01077,Mumbai,APARTMENT,1,40902,SEMI_FURNISHED,True,CLUBHOUSE,17.6
TP01078,T01078,Delhi,HOUSE,3,28565,SEMI_FURNISHED,False,AIR_CONDITIONING,13.5
TP01079,T01079,Delhi,VILLA,3,103448,SEMI_FURNISHED,False,POWER_BACKUP,10.4
TP01080,T01080,Hyderabad,HOUSE,1,84297,FULLY_FURNISHED,True,POWER_BACKUP,21.1
TP01081,T01081,Kolkata,PG,2,48445,SEMI_FURNISHED,False,AIR_CONDITIONING,6.4
TP01082,T01082,Mumbai,VILLA,2,45673,SEMI_FURNISHED,False,GYM,13.8
TP01083,T01083,Delhi,PG,3,24069,SEMI_FURNISHED,True,CLUBHOUSE,8.7
TP01084,T01084,Delhi,PG,3,92652,FULLY_FURNISHED,True,AIR_CONDITIONING,15.9
TP01085,T01085,Delhi,PG,3,62818,SEMI_FURNISHED,True,GARDEN,14.0
TP01086,T01086,Delhi,PG,1,73704,SEMI_FURNISHED,False,CLUBHOUSE,25.4
TP01087,T01087,Chennai,VILLA,2,29463,FULLY_FURNISHED,False,WIFI,27.6
TP01088,T01088,Mumbai,VILLA,2,15656,SEMI_FURNISHED,False,SWIMMING_POOL,21.2
TP01089,T01089,Mumbai,PG,3,68720,SEMI_FURNISHED,True,SECURITY,5.9
TP01090,T01090,Chennai,PG,3,33090,UNFURNISHED,True,SECURITY,6.2
TP01091,T01091,Mumbai,PG,3,24898,UNFURNISHED,False,LIFT,11.4
TP01092,T01092,Hyderabad,HOUSE,3,116055,SEMI_FURNISHED,False,PARKING,25.9
TP01093,T01093,Chennai,VILLA,1,81639,FULLY_FURNISHED,True,AIR_CONDITIONING,25.5
TP01094,T01094,Chennai,PG,3,116863,FULLY_FURNISHED,True,WIFI,13.1
TP01095,T01095,Chennai,HOUSE,1,47856,UNFURNISHED,False,SWIMMING_POOL,10.4
TP01096,T01096,Delhi,HOUSE,2,118597,FULLY_FURNISHED,True,GARDEN,14.0
TP01097,T01097,Mumbai,HOUSE,3,30359,SEMI_FURNISHED,False,GYM,19.3
TP01098,T01098,Hyderabad,APARTMENT,3,100179,SEMI_FURNISHED,False,POWER_BACKUP,29.7
TP01099,T01099,Chennai,VILLA,2,105240,SEMI_FURNISHED,False,SWIMMING_POOL,25.2
TP01100,T01100,Kolkata,HOUSE,2,50309,UNFURNISHED,True,WIFI,27.1
TP01101,T01101,Bangalore,APARTMENT,3,51462,UNFURNISHED,False,POWER_BACKUP,19.6
TP01102,T01102,Hyderabad,VILLA,2,66882,FULLY_FURNISHED,True,GYM,25.2
TP01103,T01103,Kolkata,PG,3,119602,FULLY_FURNISHED,False,CLUBHOUSE,16.6
TP01104,T01104,Chennai,HOUSE,2,95212,SEMI_FURNISHED,True,SECURITY,20.9
TP01105,T01105,Kolkata,VILLA,2,12932,UNFURNISHED,True,CLUBHOUSE,3.6
TP01106,T01106,Bangalore,APARTMENT,3,93450,UNFURNISHED,True,GARDEN,23.3
TP01107,T01107,Chennai,VILLA,2,107982,FULLY_FURNISHED,False,SECURITY,14.0
TP01108,T01108,Delhi,PG,2,30733,UNFURNISHED,False,GARDEN,2.2
TP01109,T01109,Hyderabad,PG,3,90736,FULLY_FURNISHED,True,GYM,15.6
TP01110,T01110,Chennai,VILLA,1,39554,FULLY_FURNISHED,False,LIFT,16.2
TP01111,T01111,Hyderabad,PG,1,90203,SEMI_FURNISHED,False,CLUBHOUSE,24.8
TP01112,T01112,Mumbai,HOUSE,2,94371,UNFURNISHED,False,POWER_BACKUP,4.1
TP01113,T01113,Chennai,HOUSE,2,23992,UNFURNISHED,True,GARDEN,22.2
TP01114,T01114,Bangalore,APARTMENT,1,22328,UNFURNISHED,False,AIR_CONDITIONING,15.9
TP01115,T01115,Delhi,HOUSE,2,42427,FULLY_FURNISHED,False,PARKING,25.6
TP01116,T01116,Delhi,PG,3,58622,FULLY_FURNISHED,False,AIR_CONDITIONING,12.9
TP01117,T01117,Delhi,PG,1,59003,SEMI_FURNISHED,False,AIR_CONDITIONING,3.8
TP01118,T01118,Mumbai,VILLA,2,81296,FULLY_FURNISHED,False,SWIMMING_POOL,25.3
TP01119,T01119,Chennai,HOUSE,1,51951,FULLY_FURNISHED,False,SWIMMING_POOL,9.2
TP01120,T01120,Kolkata,VILLA,2,15228,FULLY_FURNISHED,False,AIR_CONDITIONING,26.6
TP01121,T01121,Bangalore,APARTMENT,2,84083,UNFURNISHED,True,CLUBHOUSE,7.4
TP01122,T01122,Kolkata,VILLA,2,76995,UNFURNISHED,False,PARKING,8.4
TP01123,T01123,Hyderabad,APARTMENT,1,58132,FULLY_FURNISHED,True,LIFT,19.6
TP01124,T01124,Delhi,HOUSE,2,71528,FULLY_FURNISHED,False,CLUBHOUSE,26.2
TP01125,T01125,Delhi,PG,1,85877,UNFURNISHED,False,SWIMMING_POOL,28.8
TP01126,T01126,Kolkata,VILLA,1,29370,FULLY_FURNISHED,False,SECURITY,17.5
TP01127,T01127,Mumbai,APARTMENT,1,21748,FULLY_FURNISHED,True,GYM,10.6
TP01128,T01128,Chennai,VILLA,3,49212,UNFURNISHED,False,AIR_CONDITIONING,16.3
TP01129,T01129,Bangalore,HOUSE,3,51550,SEMI_FURNISHED,True,LIFT,19.3
TP01130,T01130,Kolkata,PG,3,45156,UNFURNISHED,True,CLUBHOUSE,16.8
TP01131,T01131,Hyderabad,APARTMENT,1,63854,UNFURNISHED,True,WIFI,29.1
TP01132,T01132,Bangalore,PG,2,16420,FULLY_FURNISHED,False,GARDEN,21.7
TP01133,T01133,Bangalore,PG,1,103978,FULLY_FURNISHED,True,AIR_CONDITIONING,29.5
TP01134,T01134,Chennai,VILLA,3,91043,SEMI_FURNISHED,True,PARKING,5.3
TP01135,T01135,Kolkata,HOUSE,1,94312,FULLY_FURNISHED,True,POWER_BACKUP,23.3
TP01136,T01136,Kolkata,PG,3,81562,SEMI_FURNISHED,False,WIFI,14.6
TP01137,T01137,Hyderabad,PG,1,50615,SEMI_FURNISHED,True,GYM,12.3
TP01138,T01138,Kolkata,VILLA,3,34892,UNFURNISHED,True,SECURITY,11.7
TP01139,T01139,Kolkata,HOUSE,3,98068,SEMI_FURNISHED,True,GYM,16.9
TP01140,T01140,Hyderabad,PG,1,75913,SEMI_FURNISHED,False,WIFI,21.6
TP01141,T01141,Bangalore,VILLA,2,51715,FULLY_FURNISHED,False,POWER_BACKUP,12.2
TP01142,T01142,Hyderabad,VILLA,1,113994,UNFURNISHED,False,GARDEN,17.1
TP01143,T01143,Delhi,VILLA,3,114694,SEMI_FURNISHED,True,POWER_BACKUP,13.4
TP01144,T01144,Bangalore,HOUSE,1,13765,FULLY_FURNISHED,False,GYM,18.8
TP01145,T01145,Kolkata,VILLA,1,64641,SEMI_FURNISHED,True,PARKING,7.5
TP01146,T01146,Delhi,VILLA,2,66221,FULLY_FURNISHED,False,GARDEN,7.6
TP01147,T01147,Hyderabad,VILLA,3,47292,SEMI_FURNISHED,True,PARKING,23.5
TP01148,T01148,Kolkata,PG,2,62314,FULLY_FURNISHED,False,SECURITY,4.2
TP01149,T01149,Kolkata,HOUSE,1,105845,SEMI_FURNISHED,True,PARKING,24.5
TP01150,T01150,Chennai,PG,2,84261,SEMI_FURNISHED,False,GYM,9.1
TP01151,T01151,Mumbai,APARTMENT,1,62571,SEMI_FURNISHED,False,GYM,12.9
TP01152,T01152,Bangalore,VILLA,1,98055,UNFURNISHED,True,GARDEN,17.4
TP01153,T01153,Kolkata,VILLA,2,75199,SEMI_FURNISHED,False,GYM,28.9
TP01154,T01154,Hyderabad,PG,2,64488,SEMI_FURNISHED,True,CLUBHOUSE,24.3
TP01155,T01155,Delhi,PG,1,61136,UNFURNISHED,True,LIFT,14.2
TP01156,T01156,Chennai,VILLA,1,62196,FULLY_FURNISHED,True,GARDEN,19.3
TP01157,T01157,Kolkata,APARTMENT,2,93950,UNFURNISHED,False,SWIMMING_POOL,29.9
TP01158,T01158,Delhi,PG,1,66756,FULLY_FURNISHED,False,LIFT,15.1
TP01159,T01159,Chennai,VILLA,3,92471,FULLY_FURNISHED,False,SECURITY,2.8
TP01160,T01160,Hyderabad,VILLA,1,12844,FULLY_FURNISHED,False,AIR_CONDITIONING,3.5
TP01161,T01161,Mumbai,VILLA,1,111148,FULLY_FURNISHED,False,CLUBHOUSE,18.2
TP01162,T01162,Bangalore,APARTMENT,1,50970,UNFURNISHED,False,LIFT,9.4
TP01163,T01163,Hyderabad,HOUSE,3,76471,FULLY_FURNISHED,False,CLUBHOUSE,10.7
TP01164,T01164,Hyderabad,VILLA,3,108352,UNFURNISHED,False,GYM,26.7
TP01165,T01165,Mumbai,VILLA,3,65841,UNFURNISHED,True,GYM,16.1
TP01166,T01166,Mumbai,PG,2,99831,UNFURNISHED,True,GYM,6.4
TP01167,T01167,Kolkata,PG,1,75392,SEMI_FURNISHED,False,POWER_BACKUP,6.2
TP01168,T01168,Kolkata,PG,1,40444,FULLY_FURNISHED,True,GARDEN,23.4
TP01169,T01169,Mumbai,PG,1,57913,SEMI_FURNISHED,False,SECURITY,12.1
TP01170,T01170,Mumbai,HOUSE,2,97508,UNFURNISHED,True,PARKING,18.7
TP01171,T01171,Kolkata,HOUSE,1,89689,FULLY_FURNISHED,True,GARDEN,22.3
TP01172,T01172,Mumbai,HOUSE,1,19899,UNFURNISHED,True,POWER_BACKUP,14.7
TP01173,T01173,Kolkata,VILLA,2,91610,SEMI_FURNISHED,False,CLUBHOUSE,12.2
TP01174,T01174,Bangalore,APARTMENT,3,25736,UNFURNISHED,False,POWER_BACKUP,2.9
TP01175,T01175,Hyderabad,VILLA,1,17868,FULLY_FURNISHED,True,GYM,21.9
TP01176,T01176,Delhi,APARTMENT,3,29697,SEMI_FURNISHED,False,GYM,5.8
TP01177,T01177,Bangalore,PG,2,58979,SEMI_FURNISHED,False,CLUBHOUSE,26.0
TP01178,T01178,Mumbai,PG,1,76709,UNFURNISHED,False,AIR_CONDITIONING,25.4
TP01179,T01179,Bangalore,VILLA,1,86232,SEMI_FURNISHED,False,PARKING,14.5
TP01180,T01180,Bangalore,PG,1,116182,FULLY_FURNISHED,False,CLUBHOUSE,4.6
TP01181,T01181,Hyderabad,HOUSE,1,35311,UNFURNISHED,False,AIR_CONDITIONING,8.7
TP01182,T01182,Kolkata,VILLA,3,95906,UNFURNISHED,True,SECURITY,2.2
TP01183,T01183,Kolkata,PG,2,13754,UNFURNISHED,True,AIR_CONDITIONING,12.7
TP01184,T01184,Mumbai,HOUSE,2,89012,UNFURNISHED,True,LIFT,28.3
TP01185,T01185,Mumbai,HOUSE,2,24348,SEMI_FURNISHED,False,SWIMMING_POOL,14.6
TP01186,T01186,Delhi,PG,2,31674,FULLY_FURNISHED,True,CLUBHOUSE,28.8
TP01187,T01187,Hyderabad,HOUSE,3,49784,FULLY_FURNISHED,False,CLUBHOUSE,25.6
TP01188,T01188,Hyderabad,APARTMENT,3,62175,UNFURNISHED,True,SECURITY,18.6
TP01189,T01189,Hyderabad,HOUSE,1,86010,SEMI_FURNISHED,False,SWIMMING_POOL,29.4
TP01190,T01190,Chennai,APARTMENT,2,94757,FULLY_FURNISHED,True,GARDEN,23.8
TP01191,T01191,Delhi,HOUSE,2,22917,UNFURNISHED,True,GYM,29.8
TP01192,T01192,Delhi,HOUSE,3,115129,UNFURNISHED,False,CLUBHOUSE,15.2
TP01193,T01193,Bangalore,APARTMENT,2,58328,UNFURNISHED,False,GYM,11.4
TP01194,T01194,Bangalore,PG,1,84425,SEMI_FURNISHED,True,LIFT,21.3
TP01195,T01195,Kolkata,PG,2,32434,SEMI_FURNISHED,True,GARDEN,25.7
TP01196,T01196,Bangalore,APARTMENT,1,20729,FULLY_FURNISHED,True,LIFT,19.1
TP01197,T01197,Mumbai,APARTMENT,1,116081,SEMI_FURNISHED,False,POWER_BACKUP,14.8
TP01198,T01198,Kolkata,APARTMENT,3,83742,FULLY_FURNISHED,True,WIFI,21.2
TP01199,T01199,Bangalore,HOUSE,2,71172,UNFURNISHED,True,CLUBHOUSE,12.4
TP01200,T01200,Kolkata,APARTMENT,2,72955,SEMI_FURNISHED,False,SECURITY,19.7
TP01201,T01201,Kolkata,APARTMENT,1,33572,SEMI_FURNISHED,True,CLUBHOUSE,11.9
TP01202,T01202,Delhi,VILLA,1,119339,FULLY_FURNISHED,False,SECURITY,21.1
TP01203,T01203,Hyderabad,PG,2,16730,FULLY_FURNISHED,False,PARKING,6.1
TP01204,T01204,Bangalore,PG,2,48109,UNFURNISHED,False,LIFT,29.4
TP01205,T01205,Delhi,VILLA,3,118692,SEMI_FURNISHED,True,PARKING,21.7
TP01206,T01206,Bangalore,HOUSE,1,104189,FULLY_FURNISHED,True,CLUBHOUSE,27.7
TP01207,T01207,Kolkata,HOUSE,2,79549,UNFURNISHED,False,SECURITY,29.2
TP01208,T01208,Delhi,VILLA,2,54126,UNFURNISHED,False,AIR_CONDITIONING,14.4
TP01209,T01209,Delhi,APARTMENT,3,43851,UNFURNISHED,True,SWIMMING_POOL,9.3
TP01210,T01210,Delhi,VILLA,1,111384,SEMI_FURNISHED,False,GARDEN,9.4
TP01211,T01211,Chennai,PG,3,17443,SEMI_FURNISHED,False,LIFT,7.6
TP01212,T01212,Delhi,PG,3,119032,UNFURNISHED,True,GYM,3.9
TP01213,T01213,Chennai,HOUSE,2,117040,UNFURNISHED,False,SWIMMING_POOL,12.7
TP01214,T01214,Hyderabad,PG,2,58352,FULLY_FURNISHED,False,SWIMMING_POOL,6.6
TP01215,T01215,Chennai,PG,2,39942,UNFURNISHED,False,LIFT,3.4
TP01216,T01216,Chennai,APARTMENT,2,87101,SEMI_FURNISHED,True,GARDEN,22.0
TP01217,T01217,Hyderabad,APARTMENT,1,65527,SEMI_FURNISHED,True,SECURITY,6.0
TP01218,T01218,Kolkata,HOUSE,1,72753,SEMI_FURNISHED,True,SWIMMING_POOL,15.5
TP01219,T01219,Kolkata,HOUSE,1,91277,FULLY_FURNISHED,False,LIFT,7.4
TP01220,T01220,Mumbai,APARTMENT,1,64408,SEMI_FURNISHED,False,CLUBHOUSE,4.7
TP01221,T01221,Kolkata,APARTMENT,2,57217,FULLY_FURNISHED,False,CLUBHOUSE,16.1
TP01222,T01222,Bangalore,HOUSE,2,27462,UNFURNISHED,False,SWIMMING_POOL,25.1
TP01223,T01223,Hyderabad,HOUSE,1,41393,SEMI_FURNISHED,False,GYM,7.1
TP01224,T01224,Bangalore,PG,3,105769,FULLY_FURNISHED,True,SWIMMING_POOL,6.9
TP01225,T01225,Kolkata,PG,1,50831,UNFURNISHED,True,POWER_BACKUP,19.3
TP01226,T01226,Bangalore,HOUSE,3,47764,SEMI_FURNISHED,False,LIFT,27.6
TP01227,T01227,Bangalore,HOUSE,1,17067,SEMI_FURNISHED,False,POWER_BACKUP,13.8
TP01228,T01228,Mumbai,APARTMENT,1,37883,SEMI_FURNISHED,False,LIFT,10.7
TP01229,T01229,Delhi,APARTMENT,3,105669,FULLY_FURNISHED,True,POWER_BACKUP,17.8
TP01230,T01230,Chennai,VILLA,1,106442,UNFURNISHED,True,PARKING,12.9
TP01231,T01231,Mumbai,PG,3,99985,FULLY_FURNISHED,False,PARKING,23.2
TP01232,T01232,Chennai,PG,3,90696,FULLY_FURNISHED,True,PARKING,7.5
TP01233,T01233,Kolkata,PG,1,58594,SEMI_FURNISHED,False,GARDEN,27.5
TP01234,T01234,Bangalore,APARTMENT,1,68155,UNFURNISHED,False,WIFI,23.1
TP01235,T01235,Mumbai,HOUSE,2,71495,SEMI_FURNISHED,True,WIFI,24.0
TP01236,T01236,Kolkata,HOUSE,2,106528,FULLY_FURNISHED,True,POWER_BACKUP,17.0
TP01237,T01237,Chennai,APARTMENT,3,59187,FULLY_FURNISHED,True,CLUBHOUSE,20.9
TP01238,T01238,Bangalore,PG,2,21267,UNFURNISHED,True,WIFI,26.5
TP01239,T01239,Bangalore,PG,2,64796,SEMI_FURNISHED,True,GYM,19.6
TP01240,T01240,Bangalore,PG,1,99419,SEMI_FURNISHED,False,GYM,21.8
TP01241,T01241,Mumbai,APARTMENT,3,42088,FULLY_FURNISHED,False,GARDEN,8.6
TP01242,T01242,Bangalore,APARTMENT,1,57038,FULLY_FURNISHED,False,AIR_CONDITIONING,8.2
TP01243,T01243,Mumbai,VILLA,2,14437,FULLY_FURNISHED,False,AIR_CONDITIONING,27.6
TP01244,T01244,Delhi,VILLA,1,61410,SEMI_FURNISHED,False,CLUBHOUSE,28.3
TP01245,T01245,Chennai,PG,1,90936,SEMI_FURNISHED,True,SWIMMING_POOL,13.5
TP01246,T01246,Bangalore,PG,1,41025,FULLY_FURNISHED,False,PARKING,12.7
TP01247,T01247,Delhi,PG,1,64767,UNFURNISHED,False,GYM,13.7
TP01248,T01248,Kolkata,PG,3,116134,SEMI_FURNISHED,True,LIFT,18.7
TP01249,T01249,Mumbai,PG,2,75475,FULLY_FURNISHED,True,CLUBHOUSE,22.5
TP01250,T01250,Chennai,VILLA,1,117082,FULLY_FURNISHED,True,CLUBHOUSE,14.6
TP01251,T01251,Kolkata,HOUSE,2,107383,UNFURNISHED,True,POWER_BACKUP,19.0
TP01252,T01252,Mumbai,PG,1,103954,UNFURNISHED,False,GARDEN,16.7
TP01253,T01253,Bangalore,APARTMENT,1,111399,SEMI_FURNISHED,True,SWIMMING_POOL,29.8
TP01254,T01254,Hyderabad,APARTMENT,1,55838,FULLY_FURNISHED,False,AIR_CONDITIONING,7.6
TP01255,T01255,Mumbai,APARTMENT,1,39547,UNFURNISHED,True,SECURITY,29.5
TP01256,T01256,Chennai,APARTMENT,3,39746,SEMI_FURNISHED,True,WIFI,11.0
TP01257,T01257,Delhi,VILLA,2,17071,UNFURNISHED,True,PARKING,3.7
TP01258,T01258,Delhi,APARTMENT,1,44096,SEMI_FURNISHED,True,SECURITY,8.9
TP01259,T01259,Chennai,PG,2,97828,UNFURNISHED,False,POWER_BACKUP,4.2
TP01260,T01260,Hyderabad,VILLA,3,76029,SEMI_FURNISHED,False,GYM,17.3
TP01261,T01261,Hyderabad,APARTMENT,1,30689,UNFURNISHED,False,SECURITY,3.9
TP01262,T01262,Kolkata,HOUSE,1,91857,FULLY_FURNISHED,True,GARDEN,18.5
TP01263,T01263,Kolkata,HOUSE,2,28282,FULLY_FURNISHED,False,PARKING,5.0
TP01264,T01264,Bangalore,PG,2,99838,SEMI_FURNISHED,True,PARKING,21.8
TP01265,T01265,Mumbai,PG,2,100687,UNFURNISHED,True,GYM,12.6
TP01266,T01266,Kolkata,VILLA,2,67085,FULLY_FURNISHED,True,WIFI,22.1
TP01267,T01267,Hyderabad,VILLA,1,60013,UNFURNISHED,False,POWER_BACKUP,9.3
TP01268,T01268,Hyderabad,PG,2,53494,SEMI_FURNISHED,False,GARDEN,24.5
TP01269,T01269,Delhi,APARTMENT,3,20741,SEMI_FURNISHED,True,POWER_BACKUP,29.7
TP01270,T01270,Kolkata,VILLA,3,65703,SEMI_FURNISHED,False,PARKING,9.2
TP01271,T01271,Chennai,VILLA,3,16733,FULLY_FURNISHED,False,GYM,3.8
TP01272,T01272,Chennai,PG,3,94887,FULLY_FURNISHED,False,SWIMMING_POOL,9.4
TP01273,T01273,Hyderabad,PG,3,30725,FULLY_FURNISHED,True,PARKING,2.1
TP01274,T01274,Hyderabad,HOUSE,1,20277,SEMI_FURNISHED,False,SWIMMING_POOL,10.0
TP01275,T01275,Delhi,VILLA,2,53079,SEMI_FURNISHED,True,SECURITY,29.0
TP01276,T01276,Bangalore,PG,1,119388,UNFURNISHED,True,GARDEN,15.9
TP01277,T01277,Bangalore,HOUSE,2,31152,UNFURNISHED,False,GARDEN,28.9
TP01278,T01278,Chennai,PG,3,26284,SEMI_FURNISHED,True,GYM,10.0
TP01279,T01279,Delhi,VILLA,2,61036,UNFURNISHED,True,SECURITY,28.9
TP01280,T01280,Bangalore,APARTMENT,1,66366,UNFURNISHED,False,GYM,28.4
TP01281,T01281,Delhi,VILLA,3,29240,UNFURNISHED,False,GYM,17.3
TP01282,T01282,Bangalore,PG,1,91601,UNFURNISHED,False,CLUBHOUSE,23.2
TP01283,T01283,Kolkata,APARTMENT,3,57286,UNFURNISHED,False,WIFI,16.5
TP01284,T01284,Mumbai,APARTMENT,1,49032,SEMI_FURNISHED,True,SECURITY,9.2
TP01285,T01285,Kolkata,VILLA,1,95257,SEMI_FURNISHED,False,PARKING,6.5
TP01286,T01286,Hyderabad,HOUSE,1,51470,UNFURNISHED,True,LIFT,19.6
TP01287,T01287,Kolkata,APARTMENT,3,96249,FULLY_FURNISHED,False,SWIMMING_POOL,8.4
TP01288,T01288,Chennai,HOUSE,3,64543,UNFURNISHED,False,AIR_CONDITIONING,28.4
TP01289,T01289,Mumbai,HOUSE,2,66671,SEMI_FURNISHED,True,PARKING,13.9
TP01290,T01290,Hyderabad,APARTMENT,3,103490,UNFURNISHED,True,SWIMMING_POOL,28.9
TP01291,T01291,Mumbai,APARTMENT,2,98065,SEMI_FURNISHED,False,PARKING,25.7
TP01292,T01292,Bangalore,APARTMENT,2,81619,FULLY_FURNISHED,False,POWER_BACKUP,27.7
TP01293,T01293,Bangalore,APARTMENT,2,100906,SEMI_FURNISHED,False,WIFI,22.7
TP01294,T01294,Delhi,PG,3,80687,FULLY_FURNISHED,False,POWER_BACKUP,4.2
TP01295,T01295,Chennai,HOUSE,3,28306,UNFURNISHED,True,CLUBHOUSE,25.4
TP01296,T01296,Delhi,APARTMENT,2,100472,UNFURNISHED,True,LIFT,17.2
TP01297,T01297,Kolkata,PG,3,32852,UNFURNISHED,False,SECURITY,28.4
TP01298,T01298,Chennai,HOUSE,1,41540,UNFURNISHED,False,AIR_CONDITIONING,2.6
TP01299,T01299,Hyderabad,VILLA,1,36787,SEMI_FURNISHED,False,SWIMMING_POOL,21.8
TP01300,T01300,Hyderabad,APARTMENT,2,118087,UNFURNISHED,True,SECURITY,7.7
TP01301,T01301,Kolkata,HOUSE,1,26190,UNFURNISHED,False,SECURITY,23.1
TP01302,T01302,Kolkata,HOUSE,1,93748,FULLY_FURNISHED,True,SECURITY,18.9
TP01303,T01303,Hyderabad,PG,2,119577,SEMI_FURNISHED,False,CLUBHOUSE,11.9
TP01304,T01304,Hyderabad,VILLA,2,44858,SEMI_FURNISHED,True,POWER_BACKUP,27.9
TP01305,T01305,Delhi,HOUSE,3,59203,SEMI_FURNISHED,True,POWER_BACKUP,4.5
TP01306,T01306,Mumbai,APARTMENT,2,48320,FULLY_FURNISHED,False,SECURITY,15.2
TP01307,T01307,Delhi,PG,2,77600,SEMI_FURNISHED,True,POWER_BACKUP,6.2
TP01308,T01308,Bangalore,VILLA,2,115295,SEMI_FURNISHED,False,AIR_CONDITIONING,18.3
TP01309,T01309,Kolkata,PG,2,87222,FULLY_FURNISHED,True,POWER_BACKUP,18.1
TP01310,T01310,Kolkata,PG,3,58829,SEMI_FURNISHED,True,GYM,29.9
TP01311,T01311,Hyderabad,PG,1,83400,FULLY_FURNISHED,True,CLUBHOUSE,12.4
TP01312,T01312,Hyderabad,PG,2,51636,UNFURNISHED,False,GARDEN,28.7
TP01313,T01313,Chennai,PG,1,72367,SEMI_FURNISHED,False,SECURITY,28.7
TP01314,T01314,Bangalore,HOUSE,2,67471,FULLY_FURNISHED,True,WIFI,15.6
TP01315,T01315,Chennai,HOUSE,1,116655,SEMI_FURNISHED,True,POWER_BACKUP,26.2
TP01316,T01316,Mumbai,HOUSE,2,114878,UNFURNISHED,True,PARKING,5.7
TP01317,T01317,Delhi,VILLA,3,28491,FULLY_FURNISHED,True,WIFI,8.9
TP01318,T01318,Delhi,APARTMENT,2,58175,SEMI_FURNISHED,False,POWER_BACKUP,26.0
TP01319,T01319,Hyderabad,PG,1,33628,FULLY_FURNISHED,True,CLUBHOUSE,17.2
TP01320,T01320,Kolkata,VILLA,2,40373,UNFURNISHED,False,POWER_BACKUP,4.6
TP01321,T01321,Chennai,VILLA,1,60490,SEMI_FURNISHED,True,AIR_CONDITIONING,4.3
TP01322,T01322,Mumbai,HOUSE,1,29939,FULLY_FURNISHED,False,SWIMMING_POOL,19.1
TP01323,T01323,Bangalore,APARTMENT,3,79908,UNFURNISHED,False,PARKING,18.2
TP01324,T01324,Bangalore,VILLA,2,44917,FULLY_FURNISHED,False,CLUBHOUSE,28.6
TP01325,T01325,Kolkata,VILLA,1,15296,UNFURNISHED,False,POWER_BACKUP,9.3
TP01326,T01326,Hyderabad,HOUSE,1,39866,FULLY_FURNISHED,True,SWIMMING_POOL,8.8
TP01327,T01327,Mumbai,PG,2,85391,FULLY_FURNISHED,True,LIFT,21.2
TP01328,T01328,Chennai,PG,2,119948,SEMI_FURNISHED,False,CLUBHOUSE,2.4
TP01329,T01329,Chennai,PG,1,113522,SEMI_FURNISHED,False,GARDEN,12.6
TP01330,T01330,Delhi,HOUSE,3,117053,SEMI_FURNISHED,False,PARKING,18.3
TP01331,T01331,Chennai,VILLA,3,46293,UNFURNISHED,False,SECURITY,25.6
TP01332,T01332,Chennai,PG,3,80712,FULLY_FURNISHED,False,LIFT,28.6
TP01333,T01333,Mumbai,VILLA,3,66350,FULLY_FURNISHED,True,AIR_CONDITIONING,22.5
TP01334,T01334,Bangalore,VILLA,3,66439,SEMI_FURNISHED,False,CLUBHOUSE,14.0
TP01335,T01335,Chennai,VILLA,3,76028,FULLY_FURNISHED,False,LIFT,9.4
TP01336,T01336,Delhi,HOUSE,3,99180,FULLY_FURNISHED,False,LIFT,26.7
TP01337,T01337,Kolkata,VILLA,3,38877,UNFURNISHED,True,CLUBHOUSE,28.9
TP01338,T01338,Bangalore,APARTMENT,1,23237,FULLY_FURNISHED,True,AIR_CONDITIONING,2.9
TP01339,T01339,Chennai,VILLA,1,101650,FULLY_FURNISHED,True,POWER_BACKUP,3.1
TP01340,T01340,Hyderabad,APARTMENT,2,64710,FULLY_FURNISHED,True,GARDEN,10.6
TP01341,T01341,Mumbai,VILLA,1,14380,UNFURNISHED,True,PARKING,16.9
TP01342,T01342,Chennai,PG,3,115259,UNFURNISHED,False,WIFI,19.2
TP01343,T01343,Bangalore,VILLA,3,21514,UNFURNISHED,False,PARKING,26.4
TP01344,T01344,Mumbai,HOUSE,3,104889,SEMI_FURNISHED,True,LIFT,9.5
TP01345,T01345,Delhi,HOUSE,1,75346,FULLY_FURNISHED,False,GYM,20.1
TP01346,T01346,Chennai,PG,3,19684,SEMI_FURNISHED,True,PARKING,2.2
TP01347,T01347,Bangalore,PG,3,36016,FULLY_FURNISHED,True,GARDEN,12.3
TP01348,T01348,Delhi,APARTMENT,2,35818,SEMI_FURNISHED,True,GARDEN,4.1
TP01349,T01349,Chennai,HOUSE,3,12086,UNFURNISHED,False,PARKING,8.2
TP01350,T01350,Kolkata,APARTMENT,3,16573,SEMI_FURNISHED,False,POWER_BACKUP,14.7
TP01351,T01351,Delhi,PG,1,65093,SEMI_FURNISHED,False,WIFI,12.2
TP01352,T01352,Hyderabad,PG,3,97062,FULLY_FURNISHED,False,GARDEN,5.1
TP01353,T01353,Mumbai,APARTMENT,1,70501,SEMI_FURNISHED,False,WIFI,3.5
TP01354,T01354,Bangalore,VILLA,1,19934,SEMI_FURNISHED,True,PARKING,3.6
TP01355,T01355,Kolkata,VILLA,3,15993,FULLY_FURNISHED,True,POWER_BACKUP,16.9
TP01356,T01356,Bangalore,APARTMENT,1,66884,UNFURNISHED,False,LIFT,15.7
TP01357,T01357,Bangalore,HOUSE,3,48100,FULLY_FURNISHED,True,GYM,10.2
TP01358,T01358,Chennai,PG,2,43507,SEMI_FURNISHED,False,SWIMMING_POOL,19.2
TP01359,T01359,Kolkata,VILLA,1,32532,SEMI_FURNISHED,True,SWIMMING_POOL,8.7
TP01360,T01360,Hyderabad,APARTMENT,1,108097,UNFURNISHED,False,GARDEN,22.7
TP01361,T01361,Mumbai,VILLA,1,15006,FULLY_FURNISHED,False,LIFT,27.8
TP01362,T01362,Chennai,VILLA,2,51739,UNFURNISHED,False,POWER_BACKUP,12.2
TP01363,T01363,Bangalore,APARTMENT,1,92725,FULLY_FURNISHED,False,CLUBHOUSE,22.8
TP01364,T01364,Mumbai,PG,3,71702,UNFURNISHED,True,LIFT,15.0
TP01365,T01365,Bangalore,HOUSE,2,83266,SEMI_FURNISHED,False,SECURITY,14.1
TP01366,T01366,Chennai,PG,3,111727,FULLY_FURNISHED,False,SWIMMING_POOL,28.2
TP01367,T01367,Delhi,PG,3,36508,FULLY_FURNISHED,False,GARDEN,15.4
TP01368,T01368,Mumbai,PG,3,19054,UNFURNISHED,True,GARDEN,26.7
TP01369,T01369,Delhi,APARTMENT,3,113397,FULLY_FURNISHED,True,WIFI,5.4
TP01370,T01370,Kolkata,APARTMENT,2,65719,SEMI_FURNISHED,False,AIR_CONDITIONING,7.6
TP01371,T01371,Chennai,VILLA,2,15466,FULLY_FURNISHED,False,WIFI,27.8
TP01372,T01372,Chennai,HOUSE,2,95072,UNFURNISHED,False,LIFT,28.4
TP01373,T01373,Hyderabad,HOUSE,3,95441,UNFURNISHED,False,LIFT,26.9
TP01374,T01374,Mumbai,PG,1,37524,UNFURNISHED,True,CLUBHOUSE,26.8
TP01375,T01375,Mumbai,PG,2,114484,FULLY_FURNISHED,False,GYM,5.0
TP01376,T01376,Delhi,APARTMENT,3,102584,SEMI_FURNISHED,False,GARDEN,23.4
TP01377,T01377,Chennai,APARTMENT,1,12560,FULLY_FURNISHED,False,CLUBHOUSE,2.6
TP01378,T01378,Mumbai,VILLA,3,33705,UNFURNISHED,False,WIFI,3.9
TP01379,T01379,Bangalore,PG,2,114593,UNFURNISHED,False,POWER_BACKUP,23.7
TP01380,T01380,Kolkata,VILLA,2,59789,FULLY_FURNISHED,False,WIFI,5.5
TP01381,T01381,Kolkata,APARTMENT,3,79289,SEMI_FURNISHED,False,LIFT,21.2
TP01382,T01382,Hyderabad,VILLA,1,84302,SEMI_FURNISHED,False,WIFI,22.4
TP01383,T01383,Bangalore,HOUSE,1,80871,SEMI_FURNISHED,False,SWIMMING_POOL,15.8
TP01384,T01384,Bangalore,VILLA,3,107113,SEMI_FURNISHED,True,CLUBHOUSE,9.7
TP01385,T01385,Delhi,APARTMENT,2,22949,SEMI_FURNISHED,False,LIFT,21.6
TP01386,T01386,Hyderabad,PG,1,87755,UNFURNISHED,True,GYM,28.1
TP01387,T01387,Delhi,HOUSE,2,56219,UNFURNISHED,True,PARKING,9.7
TP01388,T01388,Kolkata,HOUSE,2,16337,SEMI_FURNISHED,True,AIR_CONDITIONING,24.4
TP01389,T01389,Delhi,APARTMENT,2,37482,SEMI_FURNISHED,False,SWIMMING_POOL,5.0
TP01390,T01390,Hyderabad,PG,2,62188,SEMI_FURNISHED,False,PARKING,9.6
TP01391,T01391,Bangalore,VILLA,3,80626,FULLY_FURNISHED,True,WIFI,7.5
TP01392,T01392,Chennai,APARTMENT,3,118703,FULLY_FURNISHED,False,POWER_BACKUP,27.1
TP01393,T01393,Mumbai,APARTMENT,1,83091,SEMI_FURNISHED,False,SECURITY,14.9
TP01394,T01394,Mumbai,APARTMENT,3,48675,SEMI_FURNISHED,True,GARDEN,2.7
TP01395,T01395,Mumbai,APARTMENT,1,104789,UNFURNISHED,False,AIR_CONDITIONING,4.2
TP01396,T01396,Bangalore,PG,2,17428,UNFURNISHED,False,SWIMMING_POOL,6.8
TP01397,T01397,Hyderabad,HOUSE,1,22189,SEMI_FURNISHED,False,SECURITY,9.6
TP01398,T01398,Chennai,APARTMENT,1,97440,UNFURNISHED,True,SWIMMING_POOL,14.2
TP01399,T01399,Hyderabad,HOUSE,2,44750,SEMI_FURNISHED,True,LIFT,4.3
TP01400,T01400,Mumbai,VILLA,2,74974,FULLY_FURNISHED,True,CLUBHOUSE,9.8
TP01401,T01401,Delhi,PG,3,18294,SEMI_FURNISHED,True,PARKING,4.8
TP01402,T01402,Chennai,PG,2,21538,FULLY_FURNISHED,True,AIR_CONDITIONING,28.2
TP01403,T01403,Kolkata,APARTMENT,3,91093,UNFURNISHED,False,PARKING,5.9
TP01404,T01404,Chennai,APARTMENT,3,62730,SEMI_FURNISHED,False,LIFT,6.0
TP01405,T01405,Bangalore,VILLA,1,84457,SEMI_FURNISHED,True,SECURITY,6.3
TP01406,T01406,Bangalore,PG,3,95951,FULLY_FURNISHED,False,POWER_BACKUP,9.4
TP01407,T01407,Delhi,VILLA,2,77871,SEMI_FURNISHED,False,WIFI,14.6
TP01408,T01408,Kolkata,HOUSE,1,37883,UNFURNISHED,True,LIFT,9.1
TP01409,T01409,Delhi,PG,1,90681,SEMI_FURNISHED,False,GYM,4.8
TP01410,T01410,Bangalore,VILLA,3,100606,SEMI_FURNISHED,False,PARKING,15.1
TP01411,T01411,Mumbai,HOUSE,3,41445,SEMI_FURNISHED,False,WIFI,9.1
TP01412,T01412,Delhi,PG,3,28968,UNFURNISHED,True,SECURITY,25.5
TP01413,T01413,Hyderabad,HOUSE,1,61556,SEMI_FURNISHED,True,WIFI,26.7
TP01414,T01414,Delhi,VILLA,3,36807,SEMI_FURNISHED,False,SECURITY,6.0
TP01415,T01415,Kolkata,VILLA,3,30084,UNFURNISHED,False,CLUBHOUSE,2.5
TP01416,T01416,Kolkata,HOUSE,3,72712,SEMI_FURNISHED,False,AIR_CONDITIONING,20.0
TP01417,T01417,Delhi,HOUSE,2,95681,FULLY_FURNISHED,True,AIR_CONDITIONING,8.6
TP01418,T01418,Mumbai,VILLA,2,64751,UNFURNISHED,False,SECURITY,20.2
TP01419,T01419,Delhi,APARTMENT,3,74383,FULLY_FURNISHED,False,AIR_CONDITIONING,23.3
TP01420,T01420,Kolkata,PG,2,112304,SEMI_FURNISHED,False,SECURITY,18.4
TP01421,T01421,Bangalore,HOUSE,1,103483,SEMI_FURNISHED,True,WIFI,23.9
TP01422,T01422,Hyderabad,VILLA,3,29129,FULLY_FURNISHED,False,AIR_CONDITIONING,14.2
TP01423,T01423,Kolkata,VILLA,2,33073,UNFURNISHED,False,LIFT,15.0
TP01424,T01424,Mumbai,PG,1,20754,SEMI_FURNISHED,False,PARKING,7.0
TP01425,T01425,Hyderabad,PG,2,102453,FULLY_FURNISHED,True,LIFT,23.5
TP01426,T01426,Kolkata,APARTMENT,1,40271,SEMI_FURNISHED,False,CLUBHOUSE,11.1
TP01427,T01427,Chennai,PG,3,28689,UNFURNISHED,True,AIR_CONDITIONING,28.2
TP01428,T01428,Delhi,VILLA,2,58875,UNFURNISHED,False,AIR_CONDITIONING,24.9
TP01429,T01429,Hyderabad,PG,3,78402,UNFURNISHED,False,POWER_BACKUP,16.5
TP01430,T01430,Delhi,HOUSE,1,27041,SEMI_FURNISHED,False,LIFT,2.7
TP01431,T01431,Kolkata,PG,1,70278,UNFURNISHED,True,LIFT,23.4
TP01432,T01432,Hyderabad,PG,1,39052,UNFURNISHED,True,SECURITY,8.2
TP01433,T01433,Chennai,PG,2,18358,SEMI_FURNISHED,False,LIFT,14.3
TP01434,T01434,Kolkata,HOUSE,1,90565,SEMI_FURNISHED,True,SECURITY,29.2
TP01435,T01435,Kolkata,HOUSE,1,49160,SEMI_FURNISHED,True,SWIMMING_POOL,21.8
TP01436,T01436,Delhi,HOUSE,2,26448,UNFURNISHED,False,POWER_BACKUP,28.1
TP01437,T01437,Delhi,HOUSE,1,92368,UNFURNISHED,True,GYM,27.0
TP01438,T01438,Kolkata,APARTMENT,3,39036,UNFURNISHED,False,LIFT,23.8
TP01439,T01439,Mumbai,VILLA,3,20929,SEMI_FURNISHED,False,PARKING,8.3
TP01440,T01440,Chennai,HOUSE,3,109570,UNFURNISHED,True,GARDEN,24.5
TP01441,T01441,Chennai,PG,3,110355,UNFURNISHED,False,AIR_CONDITIONING,4.6
TP01442,T01442,Bangalore,PG,2,94240,FULLY_FURNISHED,True,CLUBHOUSE,4.0
TP01443,T01443,Chennai,APARTMENT,1,68399,FULLY_FURNISHED,False,GYM,14.8
TP01444,T01444,Chennai,PG,2,90432,UNFURNISHED,False,WIFI,29.6
TP01445,T01445,Chennai,APARTMENT,2,78750,UNFURNISHED,True,CLUBHOUSE,14.6
TP01446,T01446,Bangalore,HOUSE,1,113529,UNFURNISHED,False,PARKING,10.0
TP01447,T01447,Kolkata,PG,1,28208,UNFURNISHED,False,AIR_CONDITIONING,6.8
TP01448,T01448,Mumbai,APARTMENT,3,27977,UNFURNISHED,False,PARKING,7.3
TP01449,T01449,Kolkata,PG,3,83210,UNFURNISHED,False,SWIMMING_POOL,29.0
TP01450,T01450,Kolkata,PG,2,82892,SEMI_FURNISHED,False,LIFT,17.5
TP01451,T01451,Kolkata,VILLA,1,111083,SEMI_FURNISHED,True,SWIMMING_POOL,10.0
TP01452,T01452,Bangalore,VILLA,1,119237,FULLY_FURNISHED,False,CLUBHOUSE,12.8
TP01453,T01453,Mumbai,VILLA,2,46839,UNFURNISHED,True,GYM,24.7
TP01454,T01454,Bangalore,HOUSE,3,12137,UNFURNISHED,False,AIR_CONDITIONING,9.6
TP01455,T01455,Mumbai,VILLA,1,100953,UNFURNISHED,False,POWER_BACKUP,23.6
TP01456,T01456,Mumbai,VILLA,1,117768,FULLY_FURNISHED,True,CLUBHOUSE,11.4
TP01457,T01457,Bangalore,APARTMENT,2,82051,FULLY_FURNISHED,False,POWER_BACKUP,17.1
TP01458,T01458,Mumbai,APARTMENT,1,81115,FULLY_FURNISHED,True,CLUBHOUSE,25.7
TP01459,T01459,Hyderabad,PG,3,75808,SEMI_FURNISHED,False,SECURITY,12.3
TP01460,T01460,Kolkata,PG,2,60544,SEMI_FURNISHED,True,GARDEN,10.1
TP01461,T01461,Mumbai,HOUSE,3,94600,UNFURNISHED,False,GYM,12.0
TP01462,T01462,Chennai,VILLA,3,38782,SEMI_FURNISHED,False,GARDEN,26.3
TP01463,T01463,Delhi,PG,3,107130,UNFURNISHED,True,GARDEN,24.5
TP01464,T01464,Bangalore,HOUSE,1,79619,SEMI_FURNISHED,False,SECURITY,2.3
TP01465,T01465,Hyderabad,HOUSE,1,36751,SEMI_FURNISHED,False,SECURITY,5.8
TP01466,T01466,Delhi,HOUSE,2,14899,UNFURNISHED,True,SWIMMING_POOL,29.5
TP01467,T01467,Delhi,VILLA,1,77818,FULLY_FURNISHED,True,GARDEN,12.6
TP01468,T01468,Kolkata,PG,3,98438,SEMI_FURNISHED,True,GARDEN,7.1
TP01469,T01469,Hyderabad,PG,1,24825,SEMI_FURNISHED,True,AIR_CONDITIONING,12.0
TP01470,T01470,Bangalore,PG,3,111365,FULLY_FURNISHED,False,WIFI,28.4
TP01471,T01471,Hyderabad,APARTMENT,3,48381,UNFURNISHED,False,SWIMMING_POOL,23.9
TP01472,T01472,Chennai,PG,1,91947,FULLY_FURNISHED,True,AIR_CONDITIONING,3.0
TP01473,T01473,Delhi,APARTMENT,3,119166,FULLY_FURNISHED,True,SECURITY,11.2
TP01474,T01474,Kolkata,HOUSE,1,47996,FULLY_FURNISHED,False,GYM,18.7
TP01475,T01475,Kolkata,HOUSE,3,93995,UNFURNISHED,True,LIFT,5.1
TP01476,T01476,Chennai,VILLA,3,98957,UNFURNISHED,True,PARKING,5.0
TP01477,T01477,Bangalore,PG,2,22903,FULLY_FURNISHED,False,SECURITY,20.8
TP01478,T01478,Delhi,HOUSE,2,43612,UNFURNISHED,False,GARDEN,15.4
TP01479,T01479,Kolkata,APARTMENT,1,101841,SEMI_FURNISHED,False,AIR_CONDITIONING,23.4
TP01480,T01480,Mumbai,PG,1,97589,FULLY_FURNISHED,False,GYM,14.5
TP01481,T01481,Hyderabad,VILLA,1,34849,UNFURNISHED,False,GARDEN,6.9
TP01482,T01482,Delhi,VILLA,2,101763,SEMI_FURNISHED,False,LIFT,7.3
TP01483,T01483,Bangalore,PG,3,106975,UNFURNISHED,False,GARDEN,19.0
TP01484,T01484,Kolkata,PG,1,99760,FULLY_FURNISHED,True,GARDEN,13.6
TP01485,T01485,Chennai,VILLA,2,93417,SEMI_FURNISHED,True,SWIMMING_POOL,3.2
TP01486,T01486,Delhi,APARTMENT,1,41769,FULLY_FURNISHED,True,SECURITY,26.8
TP01487,T01487,Bangalore,HOUSE,3,83591,UNFURNISHED,True,SWIMMING_POOL,18.4
TP01488,T01488,Kolkata,APARTMENT,1,97882,SEMI_FURNISHED,True,WIFI,23.0
TP01489,T01489,Chennai,APARTMENT,2,60881,UNFURNISHED,False,CLUBHOUSE,14.4
TP01490,T01490,Bangalore,VILLA,1,112518,SEMI_FURNISHED,True,CLUBHOUSE,15.0
TP01491,T01491,Hyderabad,APARTMENT,3,26162,UNFURNISHED,False,SECURITY,3.0
TP01492,T01492,Delhi,PG,3,36632,UNFURNISHED,False,CLUBHOUSE,12.9
TP01493,T01493,Hyderabad,VILLA,2,55837,FULLY_FURNISHED,False,PARKING,6.2
TP01494,T01494,Bangalore,APARTMENT,1,72771,UNFURNISHED,False,POWER_BACKUP,10.7
TP01495,T01495,Kolkata,VILLA,2,38084,SEMI_FURNISHED,False,PARKING,26.8
TP01496,T01496,Chennai,APARTMENT,1,26566,SEMI_FURNISHED,True,AIR_CONDITIONING,7.3
TP01497,T01497,Bangalore,VILLA,1,35881,SEMI_FURNISHED,True,POWER_BACKUP,28.7
TP01498,T01498,Bangalore,VILLA,2,104648,FULLY_FURNISHED,False,PARKING,25.0
TP01499,T01499,Mumbai,VILLA,1,65333,UNFURNISHED,True,PARKING,15.9
TP01500,T01500,Hyderabad,VILLA,2,17595,FULLY_FURNISHED,False,POWER_BACKUP,29.1
TP01501,T01501,Bangalore,APARTMENT,2,56816,FULLY_FURNISHED,False,POWER_BACKUP,21.2
TP01502,T01502,Kolkata,APARTMENT,3,85040,UNFURNISHED,False,CLUBHOUSE,7.6
TP01503,T01503,Chennai,VILLA,1,17481,SEMI_FURNISHED,True,SWIMMING_POOL,3.9
TP01504,T01504,Bangalore,VILLA,2,45161,UNFURNISHED,True,LIFT,23.3
TP01505,T01505,Bangalore,HOUSE,1,80706,FULLY_FURNISHED,True,POWER_BACKUP,25.2
TP01506,T01506,Mumbai,VILLA,1,41212,SEMI_FURNISHED,True,SWIMMING_POOL,15.3
TP01507,T01507,Hyderabad,HOUSE,3,73375,SEMI_FURNISHED,False,PARKING,9.6
TP01508,T01508,Hyderabad,APARTMENT,3,58157,FULLY_FURNISHED,True,PARKING,3.4
TP01509,T01509,Delhi,APARTMENT,1,82269,SEMI_FURNISHED,True,AIR_CONDITIONING,18.9
TP01510,T01510,Kolkata,HOUSE,2,45521,FULLY_FURNISHED,False,PARKING,11.6
TP01511,T01511,Hyderabad,APARTMENT,3,65970,UNFURNISHED,False,PARKING,14.4
TP01512,T01512,Mumbai,VILLA,1,40586,SEMI_FURNISHED,True,POWER_BACKUP,11.0
TP01513,T01513,Delhi,APARTMENT,2,96416,UNFURNISHED,True,PARKING,14.6
TP01514,T01514,Bangalore,PG,1,93194,FULLY_FURNISHED,True,GARDEN,11.0
TP01515,T01515,Kolkata,APARTMENT,2,75903,UNFURNISHED,False,PARKING,25.6
TP01516,T01516,Hyderabad,HOUSE,2,34934,SEMI_FURNISHED,False,SWIMMING_POOL,21.9
TP01517,T01517,Chennai,PG,1,17217,FULLY_FURNISHED,True,PARKING,21.1
TP01518,T01518,Hyderabad,HOUSE,3,63920,UNFURNISHED,True,GYM,18.3
TP01519,T01519,Chennai,APARTMENT,2,116643,SEMI_FURNISHED,True,WIFI,24.3
TP01520,T01520,Hyderabad,APARTMENT,1,22999,FULLY_FURNISHED,False,SWIMMING_POOL,7.5
TP01521,T01521,Delhi,HOUSE,3,67778,FULLY_FURNISHED,False,GYM,24.0
TP01522,T01522,Mumbai,VILLA,1,50619,UNFURNISHED,False,POWER_BACKUP,2.7
TP01523,T01523,Mumbai,VILLA,3,27721,UNFURNISHED,True,PARKING,17.1
TP01524,T01524,Hyderabad,HOUSE,1,104922,FULLY_FURNISHED,True,SWIMMING_POOL,24.4
TP01525,T01525,Mumbai,PG,1,30023,FULLY_FURNISHED,True,CLUBHOUSE,20.4
TP01526,T01526,Kolkata,VILLA,1,112764,UNFURNISHED,True,LIFT,18.1
TP01527,T01527,Mumbai,APARTMENT,1,70572,UNFURNISHED,False,CLUBHOUSE,3.0
TP01528,T01528,Bangalore,VILLA,1,14026,SEMI_FURNISHED,True,SECURITY,7.3
TP01529,T01529,Hyderabad,APARTMENT,3,99506,FULLY_FURNISHED,True,GARDEN,8.3
TP01530,T01530,Chennai,APARTMENT,1,33689,FULLY_FURNISHED,False,SECURITY,23.1
TP01531,T01531,Mumbai,VILLA,1,17182,UNFURNISHED,False,PARKING,27.8
TP01532,T01532,Bangalore,VILLA,1,40242,UNFURNISHED,True,POWER_BACKUP,6.1
TP01533,T01533,Mumbai,VILLA,1,14062,SEMI_FURNISHED,True,AIR_CONDITIONING,3.4
TP01534,T01534,Hyderabad,VILLA,3,53761,UNFURNISHED,False,SECURITY,22.0
TP01535,T01535,Chennai,HOUSE,3,38531,FULLY_FURNISHED,False,SECURITY,11.1
TP01536,T01536,Kolkata,APARTMENT,1,64305,SEMI_FURNISHED,False,SECURITY,10.8
TP01537,T01537,Hyderabad,VILLA,1,26799,SEMI_FURNISHED,True,CLUBHOUSE,20.5
TP01538,T01538,Kolkata,VILLA,1,18453,SEMI_FURNISHED,False,LIFT,24.3
TP01539,T01539,Hyderabad,VILLA,3,85870,FULLY_FURNISHED,True,SWIMMING_POOL,10.1
TP01540,T01540,Delhi,APARTMENT,2,52539,SEMI_FURNISHED,True,GYM,29.6
TP01541,T01541,Bangalore,VILLA,1,108659,SEMI_FURNISHED,True,SWIMMING_POOL,24.0
TP01542,T01542,Bangalore,APARTMENT,1,44187,FULLY_FURNISHED,True,SECURITY,4.0
TP01543,T01543,Chennai,HOUSE,2,52302,UNFURNISHED,False,GYM,21.2
TP01544,T01544,Bangalore,PG,1,86180,UNFURNISHED,True,GYM,27.2
TP01545,T01545,Chennai,VILLA,1,50702,FULLY_FURNISHED,False,SWIMMING_POOL,3.4
TP01546,T01546,Chennai,APARTMENT,1,23065,FULLY_FURNISHED,False,SWIMMING_POOL,17.1
TP01547,T01547,Mumbai,VILLA,2,43312,UNFURNISHED,True,SWIMMING_POOL,16.6
TP01548,T01548,Mumbai,APARTMENT,2,81114,SEMI_FURNISHED,True,AIR_CONDITIONING,22.7
TP01549,T01549,Bangalore,APARTMENT,2,83477,SEMI_FURNISHED,False,POWER_BACKUP,14.1
TP01550,T01550,Mumbai,APARTMENT,2,26921,UNFURNISHED,True,GARDEN,9.0
TP01551,T01551,Delhi,VILLA,1,50629,UNFURNISHED,False,AIR_CONDITIONING,11.2
TP01552,T01552,Mumbai,PG,3,77024,SEMI_FURNISHED,False,AIR_CONDITIONING,2.9
TP01553,T01553,Chennai,VILLA,2,53081,UNFURNISHED,False,WIFI,27.4
TP01554,T01554,Kolkata,APARTMENT,3,99139,UNFURNISHED,False,WIFI,29.5
TP01555,T01555,Delhi,VILLA,2,83400,SEMI_FURNISHED,True,GYM,14.6
TP01556,T01556,Chennai,PG,1,13866,FULLY_FURNISHED,False,PARKING,26.2
TP01557,T01557,Chennai,PG,2,17884,SEMI_FURNISHED,False,SWIMMING_POOL,27.0
TP01558,T01558,Hyderabad,PG,3,47061,UNFURNISHED,False,CLUBHOUSE,17.9
TP01559,T01559,Bangalore,PG,2,22641,FULLY_FURNISHED,True,PARKING,10.2
TP01560,T01560,Mumbai,VILLA,2,119796,SEMI_FURNISHED,True,PARKING,19.9
TP01561,T01561,Delhi,VILLA,2,104201,SEMI_FURNISHED,True,AIR_CONDITIONING,23.4
TP01562,T01562,Mumbai,HOUSE,2,34906,UNFURNISHED,True,POWER_BACKUP,23.7
TP01563,T01563,Chennai,VILLA,2,64684,UNFURNISHED,True,SWIMMING_POOL,16.0
TP01564,T01564,Kolkata,HOUSE,3,101516,UNFURNISHED,False,AIR_CONDITIONING,21.5
TP01565,T01565,Hyderabad,VILLA,3,106553,SEMI_FURNISHED,True,LIFT,25.4
TP01566,T01566,Mumbai,PG,1,67249,SEMI_FURNISHED,False,POWER_BACKUP,24.5
TP01567,T01567,Hyderabad,VILLA,3,64411,UNFURNISHED,False,SWIMMING_POOL,8.3
TP01568,T01568,Bangalore,VILLA,3,12898,SEMI_FURNISHED,True,SECURITY,17.1
TP01569,T01569,Chennai,APARTMENT,3,88158,FULLY_FURNISHED,True,SWIMMING_POOL,13.6
TP01570,T01570,Delhi,PG,2,88373,FULLY_FURNISHED,False,PARKING,7.2
TP01571,T01571,Chennai,VILLA,3,72165,UNFURNISHED,True,WIFI,15.3
TP01572,T01572,Bangalore,APARTMENT,2,23200,FULLY_FURNISHED,True,GARDEN,6.3
TP01573,T01573,Bangalore,HOUSE,3,12147,SEMI_FURNISHED,False,POWER_BACKUP,9.0
TP01574,T01574,Bangalore,VILLA,1,86936,UNFURNISHED,False,WIFI,9.3
TP01575,T01575,Delhi,HOUSE,2,14360,UNFURNISHED,True,PARKING,15.6
TP01576,T01576,Bangalore,VILLA,3,92093,UNFURNISHED,False,PARKING,5.7
TP01577,T01577,Chennai,APARTMENT,1,33128,SEMI_FURNISHED,True,SECURITY,21.3
TP01578,T01578,Kolkata,PG,1,21102,FULLY_FURNISHED,True,SECURITY,27.0
TP01579,T01579,Mumbai,PG,1,46486,UNFURNISHED,False,CLUBHOUSE,20.0
TP01580,T01580,Mumbai,VILLA,1,91295,SEMI_FURNISHED,True,SWIMMING_POOL,14.2
TP01581,T01581,Delhi,VILLA,2,68463,FULLY_FURNISHED,False,AIR_CONDITIONING,23.3
TP01582,T01582,Delhi,PG,3,116557,UNFURNISHED,False,POWER_BACKUP,6.6
TP01583,T01583,Delhi,PG,1,51872,UNFURNISHED,True,LIFT,26.8
TP01584,T01584,Hyderabad,HOUSE,2,26441,SEMI_FURNISHED,True,GARDEN,13.5
TP01585,T01585,Kolkata,APARTMENT,2,62051,UNFURNISHED,False,CLUBHOUSE,23.9
TP01586,T01586,Chennai,APARTMENT,2,45554,FULLY_FURNISHED,True,CLUBHOUSE,13.9
TP01587,T01587,Mumbai,VILLA,2,72142,UNFURNISHED,True,WIFI,5.6
TP01588,T01588,Kolkata,HOUSE,3,107304,SEMI_FURNISHED,False,AIR_CONDITIONING,16.1
TP01589,T01589,Bangalore,APARTMENT,3,53516,SEMI_FURNISHED,False,AIR_CONDITIONING,28.4
TP01590,T01590,Delhi,PG,3,66463,FULLY_FURNISHED,True,LIFT,18.8
TP01591,T01591,Bangalore,PG,1,104060,FULLY_FURNISHED,False,POWER_BACKUP,26.5
TP01592,T01592,Kolkata,VILLA,1,116272,UNFURNISHED,True,GYM,7.4
TP01593,T01593,Kolkata,APARTMENT,3,35522,UNFURNISHED,True,POWER_BACKUP,10.2
TP01594,T01594,Bangalore,PG,3,78614,UNFURNISHED,False,SECURITY,21.8
TP01595,T01595,Chennai,VILLA,2,53680,SEMI_FURNISHED,False,WIFI,24.3
TP01596,T01596,Delhi,PG,1,101992,FULLY_FURNISHED,True,LIFT,8.9
TP01597,T01597,Kolkata,PG,3,34167,UNFURNISHED,True,AIR_CONDITIONING,11.5
TP01598,T01598,Hyderabad,APARTMENT,3,98890,FULLY_FURNISHED,False,GYM,8.4
TP01599,T01599,Bangalore,VILLA,2,105193,FULLY_FURNISHED,False,GARDEN,4.4
TP01600,T01600,Chennai,APARTMENT,1,15239,SEMI_FURNISHED,True,POWER_BACKUP,4.5
TP01601,T01601,Hyderabad,HOUSE,1,14101,UNFURNISHED,True,GARDEN,26.2
TP01602,T01602,Hyderabad,HOUSE,3,95534,FULLY_FURNISHED,True,WIFI,16.1
TP01603,T01603,Mumbai,VILLA,3,42386,SEMI_FURNISHED,True,SWIMMING_POOL,6.2
TP01604,T01604,Bangalore,APARTMENT,1,27846,SEMI_FURNISHED,True,LIFT,23.5
TP01605,T01605,Kolkata,PG,1,85015,UNFURNISHED,True,WIFI,6.6
TP01606,T01606,Hyderabad,VILLA,3,36897,FULLY_FURNISHED,True,LIFT,29.6
TP01607,T01607,Kolkata,PG,2,58242,UNFURNISHED,True,POWER_BACKUP,16.3
TP01608,T01608,Bangalore,PG,1,31381,FULLY_FURNISHED,False,PARKING,5.4
TP01609,T01609,Hyderabad,PG,3,69525,FULLY_FURNISHED,False,POWER_BACKUP,3.2
TP01610,T01610,Delhi,VILLA,2,18617,SEMI_FURNISHED,False,SWIMMING_POOL,21.5
TP01611,T01611,Delhi,PG,2,115372,UNFURNISHED,True,AIR_CONDITIONING,8.8
TP01612,T01612,Delhi,APARTMENT,1,13593,UNFURNISHED,True,LIFT,27.5
TP01613,T01613,Kolkata,APARTMENT,1,99844,SEMI_FURNISHED,True,GARDEN,7.8
TP01614,T01614,Hyderabad,PG,3,50404,SEMI_FURNISHED,True,WIFI,24.3
TP01615,T01615,Bangalore,HOUSE,3,32382,SEMI_FURNISHED,False,WIFI,14.4
TP01616,T01616,Kolkata,HOUSE,3,80630,FULLY_FURNISHED,True,WIFI,19.9
TP01617,T01617,Chennai,APARTMENT,1,91160,SEMI_FURNISHED,False,SWIMMING_POOL,2.9
TP01618,T01618,Mumbai,PG,2,63682,SEMI_FURNISHED,True,CLUBHOUSE,2.0
TP01619,T01619,Mumbai,HOUSE,2,106522,FULLY_FURNISHED,False,CLUBHOUSE,22.9
TP01620,T01620,Mumbai,HOUSE,1,48765,UNFURNISHED,True,GARDEN,10.2
TP01621,T01621,Chennai,PG,3,38059,FULLY_FURNISHED,False,POWER_BACKUP,14.9
TP01622,T01622,Hyderabad,APARTMENT,3,79947,FULLY_FURNISHED,True,AIR_CONDITIONING,25.5
TP01623,T01623,Kolkata,PG,2,114220,FULLY_FURNISHED,False,SWIMMING_POOL,28.3
TP01624,T01624,Delhi,HOUSE,2,30452,FULLY_FURNISHED,False,GARDEN,13.7
TP01625,T01625,Bangalore,PG,1,20019,UNFURNISHED,True,GYM,21.2
TP01626,T01626,Chennai,PG,2,79643,UNFURNISHED,False,WIFI,20.7
TP01627,T01627,Bangalore,HOUSE,3,92284,SEMI_FURNISHED,True,WIFI,10.4
TP01628,T01628,Kolkata,HOUSE,1,22985,UNFURNISHED,True,GARDEN,5.3
TP01629,T01629,Hyderabad,VILLA,2,20092,SEMI_FURNISHED,False,GYM,18.4
TP01630,T01630,Chennai,HOUSE,1,34096,SEMI_FURNISHED,False,LIFT,28.6
TP01631,T01631,Delhi,VILLA,3,112695,UNFURNISHED,True,AIR_CONDITIONING,2.8
TP01632,T01632,Kolkata,PG,1,98970,UNFURNISHED,True,AIR_CONDITIONING,9.4
TP01633,T01633,Chennai,HOUSE,3,64834,UNFURNISHED,True,AIR_CONDITIONING,23.0
TP01634,T01634,Chennai,VILLA,1,113818,FULLY_FURNISHED,False,POWER_BACKUP,29.3
TP01635,T01635,Bangalore,HOUSE,3,82176,UNFURNISHED,False,SWIMMING_POOL,8.3
TP01636,T01636,Kolkata,HOUSE,1,79784,FULLY_FURNISHED,False,GARDEN,15.6
TP01637,T01637,Kolkata,PG,2,21812,FULLY_FURNISHED,True,AIR_CONDITIONING,12.2
TP01638,T01638,Delhi,VILLA,1,114597,FULLY_FURNISHED,True,PARKING,23.7
TP01639,T01639,Delhi,PG,1,103115,FULLY_FURNISHED,False,CLUBHOUSE,14.6
TP01640,T01640,Kolkata,VILLA,3,96957,SEMI_FURNISHED,False,LIFT,9.1
TP01641,T01641,Bangalore,VILLA,1,46065,UNFURNISHED,True,CLUBHOUSE,24.5
TP01642,T01642,Mumbai,PG,3,76720,UNFURNISHED,False,GARDEN,7.0
TP01643,T01643,Chennai,APARTMENT,1,107831,UNFURNISHED,False,SECURITY,3.6
TP01644,T01644,Kolkata,VILLA,1,34434,UNFURNISHED,False,SECURITY,25.5
TP01645,T01645,Kolkata,VILLA,2,34995,UNFURNISHED,False,SECURITY,7.5
TP01646,T01646,Mumbai,APARTMENT,1,21293,FULLY_FURNISHED,False,SECURITY,8.1
TP01647,T01647,Chennai,APARTMENT,3,81817,SEMI_FURNISHED,True,POWER_BACKUP,10.8
TP01648,T01648,Chennai,APARTMENT,1,107619,SEMI_FURNISHED,True,AIR_CONDITIONING,20.9
TP01649,T01649,Chennai,PG,2,72460,UNFURNISHED,True,AIR_CONDITIONING,5.4
TP01650,T01650,Chennai,HOUSE,3,48411,UNFURNISHED,False,CLUBHOUSE,16.7
TP01651,T01651,Delhi,PG,3,62235,FULLY_FURNISHED,False,PARKING,21.8
TP01652,T01652,Bangalore,HOUSE,3,92206,SEMI_FURNISHED,True,SWIMMING_POOL,29.9
TP01653,T01653,Chennai,PG,1,86812,UNFURNISHED,False,LIFT,5.7
TP01654,T01654,Chennai,PG,3,54153,FULLY_FURNISHED,True,SWIMMING_POOL,11.2
TP01655,T01655,Mumbai,PG,1,115154,FULLY_FURNISHED,False,LIFT,6.8
TP01656,T01656,Delhi,VILLA,2,116412,UNFURNISHED,True,LIFT,16.2
TP01657,T01657,Mumbai,APARTMENT,2,109028,UNFURNISHED,False,POWER_BACKUP,6.7
TP01658,T01658,Delhi,PG,3,18870,FULLY_FURNISHED,False,SECURITY,17.9
TP01659,T01659,Mumbai,PG,2,41650,UNFURNISHED,False,GARDEN,13.7
TP01660,T01660,Kolkata,APARTMENT,1,34018,FULLY_FURNISHED,True,AIR_CONDITIONING,12.4
TP01661,T01661,Bangalore,VILLA,2,93557,SEMI_FURNISHED,True,AIR_CONDITIONING,2.7
TP01662,T01662,Delhi,PG,3,24942,UNFURNISHED,False,PARKING,23.2
TP01663,T01663,Delhi,PG,3,65111,SEMI_FURNISHED,False,SECURITY,9.1
TP01664,T01664,Hyderabad,HOUSE,3,32175,SEMI_FURNISHED,True,SECURITY,2.0
TP01665,T01665,Kolkata,APARTMENT,1,99920,SEMI_FURNISHED,False,LIFT,29.8
TP01666,T01666,Kolkata,APARTMENT,3,94859,UNFURNISHED,False,SWIMMING_POOL,25.8
TP01667,T01667,Hyderabad,HOUSE,2,20989,FULLY_FURNISHED,False,PARKING,27.6
TP01668,T01668,Mumbai,APARTMENT,3,80162,SEMI_FURNISHED,False,PARKING,16.8
TP01669,T01669,Mumbai,HOUSE,2,21432,UNFURNISHED,True,LIFT,16.6
TP01670,T01670,Delhi,PG,1,37166,FULLY_FURNISHED,True,WIFI,14.8
TP01671,T01671,Bangalore,VILLA,3,100848,SEMI_FURNISHED,False,SECURITY,16.6
TP01672,T01672,Mumbai,APARTMENT,2,55847,SEMI_FURNISHED,True,CLUBHOUSE,23.5
TP01673,T01673,Hyderabad,VILLA,2,22443,FULLY_FURNISHED,False,SECURITY,11.7
TP01674,T01674,Chennai,PG,2,58297,FULLY_FURNISHED,False,CLUBHOUSE,20.8
TP01675,T01675,Kolkata,APARTMENT,2,33177,FULLY_FURNISHED,True,GARDEN,28.9
TP01676,T01676,Bangalore,PG,3,52653,UNFURNISHED,True,GYM,5.2
TP01677,T01677,Mumbai,PG,3,98406,FULLY_FURNISHED,False,POWER_BACKUP,29.5
TP01678,T01678,Hyderabad,APARTMENT,3,90515,UNFURNISHED,False,SWIMMING_POOL,23.9
TP01679,T01679,Bangalore,VILLA,3,105815,UNFURNISHED,True,WIFI,29.2
TP01680,T01680,Hyderabad,VILLA,1,114040,FULLY_FURNISHED,False,POWER_BACKUP,13.6
TP01681,T01681,Hyderabad,HOUSE,3,111165,SEMI_FURNISHED,False,GARDEN,21.2
TP01682,T01682,Delhi,HOUSE,3,103217,SEMI_FURNISHED,True,GARDEN,29.8
TP01683,T01683,Kolkata,PG,3,99197,UNFURNISHED,False,LIFT,29.7
TP01684,T01684,Bangalore,HOUSE,1,98567,SEMI_FURNISHED,True,CLUBHOUSE,4.4
TP01685,T01685,Mumbai,HOUSE,3,54516,UNFURNISHED,False,LIFT,9.7
TP01686,T01686,Hyderabad,VILLA,3,82721,SEMI_FURNISHED,False,LIFT,15.3
TP01687,T01687,Bangalore,APARTMENT,3,33666,UNFURNISHED,False,POWER_BACKUP,15.0
TP01688,T01688,Mumbai,PG,3,37819,UNFURNISHED,False,CLUBHOUSE,24.2
TP01689,T01689,Kolkata,APARTMENT,3,109360,SEMI_FURNISHED,True,AIR_CONDITIONING,22.2
TP01690,T01690,Hyderabad,VILLA,2,94145,UNFURNISHED,True,POWER_BACKUP,2.5
TP01691,T01691,Mumbai,PG,3,74713,FULLY_FURNISHED,False,AIR_CONDITIONING,13.5
TP01692,T01692,Mumbai,APARTMENT,3,61283,FULLY_FURNISHED,True,AIR_CONDITIONING,13.2
TP01693,T01693,Hyderabad,APARTMENT,2,84509,SEMI_FURNISHED,True,WIFI,24.8
TP01694,T01694,Bangalore,VILLA,3,95936,FULLY_FURNISHED,True,AIR_CONDITIONING,7.0
TP01695,T01695,Mumbai,PG,1,88328,FULLY_FURNISHED,False,CLUBHOUSE,15.8
TP01696,T01696,Kolkata,APARTMENT,2,90640,UNFURNISHED,False,SWIMMING_POOL,22.1
TP01697,T01697,Kolkata,PG,1,35593,SEMI_FURNISHED,False,GARDEN,28.2
TP01698,T01698,Chennai,VILLA,1,84919,SEMI_FURNISHED,True,SECURITY,24.7
TP01699,T01699,Bangalore,PG,2,22440,SEMI_FURNISHED,True,SWIMMING_POOL,16.8
TP01700,T01700,Delhi,HOUSE,3,14472,SEMI_FURNISHED,False,SECURITY,26.3
TP01701,T01701,Bangalore,APARTMENT,2,17993,SEMI_FURNISHED,False,WIFI,22.4
TP01702,T01702,Kolkata,HOUSE,1,106676,UNFURNISHED,True,CLUBHOUSE,4.9
TP01703,T01703,Delhi,PG,3,81693,SEMI_FURNISHED,True,AIR_CONDITIONING,2.8
TP01704,T01704,Kolkata,HOUSE,1,19548,SEMI_FURNISHED,True,PARKING,17.7
TP01705,T01705,Chennai,APARTMENT,2,104740,SEMI_FURNISHED,True,PARKING,21.1
TP01706,T01706,Mumbai,HOUSE,1,65424,SEMI_FURNISHED,False,SECURITY,9.1
TP01707,T01707,Mumbai,APARTMENT,2,69673,FULLY_FURNISHED,False,WIFI,19.0
TP01708,T01708,Hyderabad,HOUSE,2,117631,FULLY_FURNISHED,False,CLUBHOUSE,16.2
TP01709,T01709,Hyderabad,PG,3,74456,FULLY_FURNISHED,False,PARKING,5.8
TP01710,T01710,Chennai,VILLA,1,119268,FULLY_FURNISHED,True,AIR_CONDITIONING,4.9
TP01711,T01711,Delhi,VILLA,3,31591,SEMI_FURNISHED,True,CLUBHOUSE,14.4
TP01712,T01712,Hyderabad,HOUSE,3,80205,UNFURNISHED,True,CLUBHOUSE,6.9
TP01713,T01713,Bangalore,VILLA,1,78948,FULLY_FURNISHED,True,SWIMMING_POOL,13.8
TP01714,T01714,Bangalore,HOUSE,2,24929,UNFURNISHED,False,SECURITY,25.5
TP01715,T01715,Mumbai,HOUSE,2,71966,FULLY_FURNISHED,False,CLUBHOUSE,2.6
TP01716,T01716,Hyderabad,VILLA,2,33667,SEMI_FURNISHED,False,AIR_CONDITIONING,25.2
TP01717,T01717,Mumbai,PG,2,104703,UNFURNISHED,False,SECURITY,17.4
TP01718,T01718,Bangalore,VILLA,1,15093,SEMI_FURNISHED,False,AIR_CONDITIONING,23.0
TP01719,T01719,Bangalore,HOUSE,2,100140,SEMI_FURNISHED,False,PARKING,28.3
TP01720,T01720,Delhi,VILLA,1,35102,FULLY_FURNISHED,True,PARKING,6.1
TP01721,T01721,Chennai,APARTMENT,1,87515,UNFURNISHED,True,SECURITY,23.5
TP01722,T01722,Chennai,HOUSE,2,114907,UNFURNISHED,True,AIR_CONDITIONING,2.6
TP01723,T01723,Delhi,APARTMENT,3,106431,SEMI_FURNISHED,False,PARKING,2.8
TP01724,T01724,Mumbai,HOUSE,2,73979,FULLY_FURNISHED,False,GARDEN,21.5
TP01725,T01725,Hyderabad,PG,3,22399,SEMI_FURNISHED,False,LIFT,21.2
TP01726,T01726,Bangalore,VILLA,2,12630,SEMI_FURNISHED,False,POWER_BACKUP,10.7
TP01727,T01727,Mumbai,HOUSE,1,56125,FULLY_FURNISHED,True,SECURITY,15.9
TP01728,T01728,Bangalore,HOUSE,3,70557,FULLY_FURNISHED,False,GARDEN,12.4
TP01729,T01729,Kolkata,PG,1,79123,UNFURNISHED,False,POWER_BACKUP,2.7
TP01730,T01730,Hyderabad,APARTMENT,3,51405,SEMI_FURNISHED,False,POWER_BACKUP,29.3
TP01731,T01731,Mumbai,HOUSE,1,87285,UNFURNISHED,True,CLUBHOUSE,10.5
TP01732,T01732,Kolkata,PG,2,90660,UNFURNISHED,True,CLUBHOUSE,6.8
TP01733,T01733,Hyderabad,APARTMENT,1,47695,FULLY_FURNISHED,False,SWIMMING_POOL,26.6
TP01734,T01734,Kolkata,VILLA,3,30152,UNFURNISHED,False,LIFT,5.8
TP01735,T01735,Kolkata,VILLA,1,106201,UNFURNISHED,False,POWER_BACKUP,27.9
TP01736,T01736,Delhi,PG,2,49651,SEMI_FURNISHED,False,GYM,15.4
TP01737,T01737,Hyderabad,HOUSE,1,33944,FULLY_FURNISHED,False,GARDEN,14.9
TP01738,T01738,Hyderabad,PG,1,39660,UNFURNISHED,False,SECURITY,26.3
TP01739,T01739,Kolkata,HOUSE,1,111381,UNFURNISHED,True,SECURITY,10.4
TP01740,T01740,Kolkata,VILLA,3,40653,SEMI_FURNISHED,False,WIFI,8.3
TP01741,T01741,Mumbai,APARTMENT,1,72034,UNFURNISHED,False,POWER_BACKUP,9.8
TP01742,T01742,Bangalore,VILLA,1,101801,FULLY_FURNISHED,True,SECURITY,9.1
TP01743,T01743,Kolkata,VILLA,1,102450,SEMI_FURNISHED,True,AIR_CONDITIONING,22.0
TP01744,T01744,Delhi,PG,2,94551,FULLY_FURNISHED,True,WIFI,12.9
TP01745,T01745,Hyderabad,VILLA,3,61764,UNFURNISHED,False,POWER_BACKUP,15.0
TP01746,T01746,Kolkata,APARTMENT,1,111484,FULLY_FURNISHED,False,AIR_CONDITIONING,11.0
TP01747,T01747,Kolkata,PG,3,12962,SEMI_FURNISHED,False,POWER_BACKUP,8.5
TP01748,T01748,Kolkata,HOUSE,3,23557,UNFURNISHED,True,SWIMMING_POOL,5.7
TP01749,T01749,Kolkata,VILLA,1,108398,SEMI_FURNISHED,True,WIFI,7.8
TP01750,T01750,Hyderabad,HOUSE,1,12248,SEMI_FURNISHED,True,SECURITY,12.6
TP01751,T01751,Hyderabad,HOUSE,1,105092,FULLY_FURNISHED,False,CLUBHOUSE,25.1
TP01752,T01752,Chennai,PG,3,87884,UNFURNISHED,True,AIR_CONDITIONING,23.4
TP01753,T01753,Mumbai,PG,3,63752,UNFURNISHED,True,GARDEN,7.5
TP01754,T01754,Mumbai,PG,1,95837,SEMI_FURNISHED,False,CLUBHOUSE,29.7
TP01755,T01755,Kolkata,APARTMENT,2,33680,FULLY_FURNISHED,False,CLUBHOUSE,25.0
TP01756,T01756,Mumbai,VILLA,1,21451,SEMI_FURNISHED,True,SWIMMING_POOL,29.9
TP01757,T01757,Hyderabad,VILLA,1,96177,SEMI_FURNISHED,False,GARDEN,20.8
TP01758,T01758,Kolkata,VILLA,2,15250,UNFURNISHED,False,SWIMMING_POOL,10.8
TP01759,T01759,Hyderabad,HOUSE,2,108941,FULLY_FURNISHED,False,GYM,11.8
TP01760,T01760,Chennai,APARTMENT,3,13180,UNFURNISHED,False,SWIMMING_POOL,25.1
TP01761,T01761,Delhi,APARTMENT,3,70723,UNFURNISHED,True,CLUBHOUSE,23.0
TP01762,T01762,Chennai,APARTMENT,1,57571,UNFURNISHED,True,POWER_BACKUP,29.1
TP01763,T01763,Bangalore,PG,1,45192,FULLY_FURNISHED,True,SWIMMING_POOL,9.0
TP01764,T01764,Kolkata,VILLA,1,114790,SEMI_FURNISHED,False,SWIMMING_POOL,22.6
TP01765,T01765,Mumbai,APARTMENT,3,68169,FULLY_FURNISHED,False,CLUBHOUSE,8.3
TP01766,T01766,Mumbai,VILLA,3,16516,FULLY_FURNISHED,False,SWIMMING_POOL,10.0
TP01767,T01767,Mumbai,HOUSE,3,36034,SEMI_FURNISHED,False,PARKING,5.9
TP01768,T01768,Hyderabad,APARTMENT,2,114846,FULLY_FURNISHED,False,GYM,17.1
TP01769,T01769,Hyderabad,HOUSE,1,37386,FULLY_FURNISHED,True,PARKING,13.9
TP01770,T01770,Kolkata,PG,2,88399,FULLY_FURNISHED,False,POWER_BACKUP,17.4
TP01771,T01771,Delhi,PG,2,74811,UNFURNISHED,False,AIR_CONDITIONING,25.2
TP01772,T01772,Bangalore,VILLA,2,113979,FULLY_FURNISHED,False,GYM,2.4
TP01773,T01773,Bangalore,PG,1,48204,FULLY_FURNISHED,True,POWER_BACKUP,24.7
TP01774,T01774,Bangalore,APARTMENT,2,112370,UNFURNISHED,False,WIFI,21.8
TP01775,T01775,Bangalore,HOUSE,1,47955,FULLY_FURNISHED,False,SWIMMING_POOL,20.6
TP01776,T01776,Hyderabad,HOUSE,3,75346,UNFURNISHED,True,LIFT,23.0
TP01777,T01777,Hyderabad,APARTMENT,2,26698,SEMI_FURNISHED,True,AIR_CONDITIONING,25.7
TP01778,T01778,Hyderabad,APARTMENT,1,75306,SEMI_FURNISHED,False,SWIMMING_POOL,13.3
TP01779,T01779,Delhi,PG,2,67641,UNFURNISHED,True,CLUBHOUSE,3.9
TP01780,T01780,Kolkata,VILLA,3,46724,UNFURNISHED,True,SECURITY,27.8
TP01781,T01781,Chennai,APARTMENT,3,26196,UNFURNISHED,False,SECURITY,28.1
TP01782,T01782,Mumbai,VILLA,2,81708,FULLY_FURNISHED,False,POWER_BACKUP,2.2
TP01783,T01783,Bangalore,APARTMENT,1,63916,UNFURNISHED,True,POWER_BACKUP,13.3
TP01784,T01784,Hyderabad,HOUSE,3,103364,FULLY_FURNISHED,False,CLUBHOUSE,7.8
TP01785,T01785,Delhi,VILLA,3,61488,FULLY_FURNISHED,True,CLUBHOUSE,19.3
TP01786,T01786,Mumbai,PG,1,95721,UNFURNISHED,True,SWIMMING_POOL,13.5
TP01787,T01787,Delhi,VILLA,3,35021,UNFURNISHED,False,LIFT,8.4
TP01788,T01788,Chennai,APARTMENT,2,81545,FULLY_FURNISHED,True,WIFI,10.8
TP01789,T01789,Mumbai,APARTMENT,3,33030,FULLY_FURNISHED,False,SWIMMING_POOL,18.7
TP01790,T01790,Hyderabad,PG,1,63135,SEMI_FURNISHED,True,SECURITY,2.5
TP01791,T01791,Bangalore,PG,3,30832,SEMI_FURNISHED,False,GYM,16.9
TP01792,T01792,Bangalore,HOUSE,2,82869,SEMI_FURNISHED,False,SECURITY,10.8
TP01793,T01793,Delhi,PG,2,54617,SEMI_FURNISHED,True,AIR_CONDITIONING,16.8
TP01794,T01794,Hyderabad,APARTMENT,3,117982,UNFURNISHED,True,AIR_CONDITIONING,6.6
TP01795,T01795,Chennai,VILLA,1,46395,FULLY_FURNISHED,True,AIR_CONDITIONING,10.6
TP01796,T01796,Mumbai,APARTMENT,2,102098,SEMI_FURNISHED,True,PARKING,26.6
TP01797,T01797,Hyderabad,PG,2,70456,UNFURNISHED,False,AIR_CONDITIONING,27.5
TP01798,T01798,Bangalore,HOUSE,2,84504,FULLY_FURNISHED,False,PARKING,3.9
TP01799,T01799,Delhi,PG,3,85668,UNFURNISHED,False,LIFT,7.5
TP01800,T01800,Mumbai,VILLA,1,100481,SEMI_FURNISHED,False,GARDEN,16.9
TP01801,T01801,Kolkata,HOUSE,1,65376,UNFURNISHED,True,GYM,19.3
TP01802,T01802,Chennai,HOUSE,1,20434,SEMI_FURNISHED,True,POWER_BACKUP,13.5
TP01803,T01803,Chennai,VILLA,1,57602,FULLY_FURNISHED,True,PARKING,29.5
TP01804,T01804,Mumbai,PG,3,13981,SEMI_FURNISHED,False,SWIMMING_POOL,22.6
TP01805,T01805,Bangalore,HOUSE,1,86455,SEMI_FURNISHED,False,GARDEN,28.6
TP01806,T01806,Delhi,APARTMENT,1,24273,UNFURNISHED,True,GARDEN,22.4
TP01807,T01807,Chennai,PG,2,17791,FULLY_FURNISHED,False,AIR_CONDITIONING,7.9
TP01808,T01808,Mumbai,PG,1,31406,UNFURNISHED,False,LIFT,13.5
TP01809,T01809,Kolkata,VILLA,3,53963,SEMI_FURNISHED,False,LIFT,3.3
TP01810,T01810,Mumbai,HOUSE,3,76502,FULLY_FURNISHED,True,POWER_BACKUP,24.9
TP01811,T01811,Mumbai,PG,3,64357,SEMI_FURNISHED,False,SWIMMING_POOL,12.9
TP01812,T01812,Mumbai,PG,3,26197,UNFURNISHED,False,GARDEN,26.7
TP01813,T01813,Kolkata,HOUSE,3,103444,UNFURNISHED,False,POWER_BACKUP,20.2
TP01814,T01814,Mumbai,APARTMENT,1,102363,SEMI_FURNISHED,False,LIFT,16.6
TP01815,T01815,Mumbai,APARTMENT,3,36406,UNFURNISHED,False,WIFI,23.8
TP01816,T01816,Delhi,HOUSE,2,96590,FULLY_FURNISHED,False,SECURITY,11.0
TP01817,T01817,Mumbai,VILLA,1,115499,UNFURNISHED,False,SWIMMING_POOL,17.7
TP01818,T01818,Chennai,PG,2,14496,SEMI_FURNISHED,False,GYM,7.7
TP01819,T01819,Delhi,APARTMENT,2,67319,FULLY_FURNISHED,False,LIFT,13.4
TP01820,T01820,Delhi,PG,3,115002,FULLY_FURNISHED,False,SWIMMING_POOL,13.2
TP01821,T01821,Kolkata,VILLA,3,112893,FULLY_FURNISHED,False,CLUBHOUSE,28.6
TP01822,T01822,Bangalore,PG,2,112028,UNFURNISHED,True,SECURITY,23.0
TP01823,T01823,Chennai,HOUSE,3,22319,SEMI_FURNISHED,False,WIFI,15.8
TP01824,T01824,Delhi,APARTMENT,3,79889,FULLY_FURNISHED,True,AIR_CONDITIONING,3.3
TP01825,T01825,Bangalore,VILLA,1,74629,UNFURNISHED,True,GARDEN,30.0
TP01826,T01826,Kolkata,HOUSE,1,57784,UNFURNISHED,False,PARKING,28.9
TP01827,T01827,Delhi,VILLA,1,37451,UNFURNISHED,False,CLUBHOUSE,21.6
TP01828,T01828,Mumbai,HOUSE,1,61900,UNFURNISHED,False,LIFT,8.6
TP01829,T01829,Chennai,APARTMENT,3,58659,SEMI_FURNISHED,False,CLUBHOUSE,7.7
TP01830,T01830,Delhi,HOUSE,1,12100,FULLY_FURNISHED,True,AIR_CONDITIONING,2.6
TP01831,T01831,Chennai,PG,2,40917,UNFURNISHED,True,SWIMMING_POOL,5.8
TP01832,T01832,Kolkata,APARTMENT,1,21791,SEMI_FURNISHED,True,WIFI,23.6
TP01833,T01833,Mumbai,PG,1,20287,FULLY_FURNISHED,False,GARDEN,22.1
TP01834,T01834,Bangalore,VILLA,1,23822,FULLY_FURNISHED,True,PARKING,13.6
TP01835,T01835,Bangalore,VILLA,3,71160,UNFURNISHED,True,LIFT,13.0
TP01836,T01836,Kolkata,PG,3,104939,FULLY_FURNISHED,False,CLUBHOUSE,25.1
TP01837,T01837,Mumbai,VILLA,1,48289,FULLY_FURNISHED,False,AIR_CONDITIONING,29.0
TP01838,T01838,Delhi,VILLA,3,59397,SEMI_FURNISHED,True,WIFI,21.1
TP01839,T01839,Delhi,APARTMENT,2,41833,UNFURNISHED,True,GYM,21.2
TP01840,T01840,Bangalore,HOUSE,1,49816,SEMI_FURNISHED,False,SECURITY,16.3
TP01841,T01841,Mumbai,HOUSE,2,21953,FULLY_FURNISHED,False,GYM,10.5
TP01842,T01842,Hyderabad,HOUSE,1,114364,FULLY_FURNISHED,False,PARKING,16.4
TP01843,T01843,Bangalore,APARTMENT,3,43288,SEMI_FURNISHED,False,WIFI,11.2
TP01844,T01844,Kolkata,HOUSE,3,25376,UNFURNISHED,True,LIFT,14.5
TP01845,T01845,Hyderabad,VILLA,1,53109,FULLY_FURNISHED,False,LIFT,2.6
TP01846,T01846,Hyderabad,HOUSE,3,87764,SEMI_FURNISHED,False,SECURITY,29.8
TP01847,T01847,Hyderabad,PG,3,86439,UNFURNISHED,True,GYM,24.0
TP01848,T01848,Bangalore,PG,2,59401,UNFURNISHED,False,SECURITY,4.7
TP01849,T01849,Chennai,PG,3,104059,UNFURNISHED,True,GYM,29.5
TP01850,T01850,Bangalore,PG,2,26410,FULLY_FURNISHED,True,SWIMMING_POOL,23.5
TP01851,T01851,Chennai,HOUSE,3,47000,UNFURNISHED,True,SWIMMING_POOL,29.9
TP01852,T01852,Bangalore,VILLA,1,47230,FULLY_FURNISHED,False,AIR_CONDITIONING,14.7
TP01853,T01853,Mumbai,VILLA,3,119647,UNFURNISHED,False,SECURITY,29.1
TP01854,T01854,Bangalore,HOUSE,3,114631,SEMI_FURNISHED,True,GYM,17.1
TP01855,T01855,Mumbai,VILLA,1,15934,UNFURNISHED,False,AIR_CONDITIONING,8.8
TP01856,T01856,Kolkata,VILLA,3,105129,FULLY_FURNISHED,False,WIFI,11.1
TP01857,T01857,Delhi,APARTMENT,2,114625,SEMI_FURNISHED,True,GYM,13.8
TP01858,T01858,Mumbai,PG,2,101162,SEMI_FURNISHED,True,LIFT,13.2
TP01859,T01859,Kolkata,APARTMENT,1,70378,SEMI_FURNISHED,True,GYM,23.2
TP01860,T01860,Delhi,HOUSE,1,51065,UNFURNISHED,True,WIFI,7.9
TP01861,T01861,Bangalore,VILLA,1,58129,FULLY_FURNISHED,True,SECURITY,25.7
TP01862,T01862,Bangalore,VILLA,2,96696,SEMI_FURNISHED,True,SWIMMING_POOL,19.9
TP01863,T01863,Chennai,HOUSE,1,64072,FULLY_FURNISHED,False,SECURITY,20.1
TP01864,T01864,Bangalore,APARTMENT,2,67031,FULLY_FURNISHED,False,SWIMMING_POOL,15.8
TP01865,T01865,Kolkata,APARTMENT,1,51871,FULLY_FURNISHED,True,PARKING,28.9
TP01866,T01866,Bangalore,VILLA,2,13087,UNFURNISHED,False,LIFT,4.2
TP01867,T01867,Hyderabad,HOUSE,1,71782,SEMI_FURNISHED,False,WIFI,27.6
TP01868,T01868,Hyderabad,APARTMENT,3,15703,SEMI_FURNISHED,True,GARDEN,2.4
TP01869,T01869,Hyderabad,PG,1,70946,FULLY_FURNISHED,True,SECURITY,24.5
TP01870,T01870,Chennai,HOUSE,2,30081,UNFURNISHED,True,LIFT,27.1
TP01871,T01871,Delhi,APARTMENT,2,43998,FULLY_FURNISHED,False,GYM,3.3
TP01872,T01872,Bangalore,PG,1,87783,FULLY_FURNISHED,False,SECURITY,28.4
TP01873,T01873,Kolkata,APARTMENT,3,70418,SEMI_FURNISHED,True,SWIMMING_POOL,17.0
TP01874,T01874,Hyderabad,PG,2,88914,SEMI_FURNISHED,False,POWER_BACKUP,11.2
TP01875,T01875,Hyderabad,PG,3,17916,FULLY_FURNISHED,False,POWER_BACKUP,18.8
TP01876,T01876,Chennai,HOUSE,1,77424,SEMI_FURNISHED,True,WIFI,12.8
TP01877,T01877,Delhi,PG,2,108870,FULLY_FURNISHED,False,SWIMMING_POOL,21.5
TP01878,T01878,Delhi,PG,3,53072,FULLY_FURNISHED,False,PARKING,28.6
TP01879,T01879,Delhi,PG,1,116144,FULLY_FURNISHED,True,AIR_CONDITIONING,11.5
TP01880,T01880,Delhi,APARTMENT,1,88992,SEMI_FURNISHED,True,GARDEN,29.3
TP01881,T01881,Delhi,HOUSE,2,93444,FULLY_FURNISHED,False,CLUBHOUSE,21.9
TP01882,T01882,Chennai,APARTMENT,2,77217,UNFURNISHED,True,SWIMMING_POOL,5.1
TP01883,T01883,Bangalore,PG,1,112606,UNFURNISHED,True,GYM,17.6
TP01884,T01884,Mumbai,PG,1,71264,SEMI_FURNISHED,False,WIFI,27.6
TP01885,T01885,Delhi,APARTMENT,2,99207,FULLY_FURNISHED,False,LIFT,13.2
TP01886,T01886,Delhi,HOUSE,2,38547,SEMI_FURNISHED,False,POWER_BACKUP,17.3
TP01887,T01887,Hyderabad,APARTMENT,3,78179,SEMI_FURNISHED,False,PARKING,9.0
TP01888,T01888,Chennai,PG,2,42516,FULLY_FURNISHED,False,WIFI,20.0
TP01889,T01889,Delhi,HOUSE,2,104124,FULLY_FURNISHED,False,AIR_CONDITIONING,15.7
TP01890,T01890,Hyderabad,PG,1,91446,FULLY_FURNISHED,False,PARKING,25.1
TP01891,T01891,Chennai,APARTMENT,1,101455,FULLY_FURNISHED,False,AIR_CONDITIONING,16.1
TP01892,T01892,Hyderabad,VILLA,2,26289,UNFURNISHED,True,WIFI,7.0
TP01893,T01893,Delhi,VILLA,2,69091,SEMI_FURNISHED,True,AIR_CONDITIONING,21.4
TP01894,T01894,Hyderabad,VILLA,3,13935,UNFURNISHED,True,WIFI,13.1
TP01895,T01895,Mumbai,VILLA,2,43289,UNFURNISHED,False,CLUBHOUSE,12.8
TP01896,T01896,Chennai,PG,3,111343,UNFURNISHED,False,LIFT,8.9
TP01897,T01897,Hyderabad,HOUSE,2,108226,FULLY_FURNISHED,True,POWER_BACKUP,19.2
TP01898,T01898,Kolkata,VILLA,3,61418,FULLY_FURNISHED,False,GARDEN,5.0
TP01899,T01899,Mumbai,HOUSE,2,91567,UNFURNISHED,False,CLUBHOUSE,29.9
TP01900,T01900,Bangalore,APARTMENT,1,32192,FULLY_FURNISHED,True,SECURITY,24.1
TP01901,T01901,Delhi,VILLA,1,56656,SEMI_FURNISHED,False,GYM,25.2
TP01902,T01902,Kolkata,HOUSE,3,26174,SEMI_FURNISHED,False,GARDEN,23.9
TP01903,T01903,Delhi,VILLA,1,33021,UNFURNISHED,True,SWIMMING_POOL,2.0
TP01904,T01904,Bangalore,VILLA,3,119588,SEMI_FURNISHED,False,AIR_CONDITIONING,17.1
TP01905,T01905,Kolkata,PG,1,103832,FULLY_FURNISHED,False,WIFI,20.0
TP01906,T01906,Mumbai,HOUSE,1,111593,SEMI_FURNISHED,True,GYM,4.4
TP01907,T01907,Mumbai,APARTMENT,2,38545,FULLY_FURNISHED,False,PARKING,14.2
TP01908,T01908,Bangalore,PG,2,12456,UNFURNISHED,False,LIFT,17.5
TP01909,T01909,Kolkata,HOUSE,2,40135,UNFURNISHED,True,SWIMMING_POOL,5.3
TP01910,T01910,Bangalore,HOUSE,2,90991,UNFURNISHED,True,SECURITY,25.8
TP01911,T01911,Delhi,PG,3,97822,UNFURNISHED,False,POWER_BACKUP,26.9
TP01912,T01912,Mumbai,VILLA,2,93875,FULLY_FURNISHED,True,CLUBHOUSE,7.1
TP01913,T01913,Delhi,APARTMENT,3,96665,FULLY_FURNISHED,True,CLUBHOUSE,13.3
TP01914,T01914,Chennai,APARTMENT,2,111407,UNFURNISHED,False,AIR_CONDITIONING,5.5
TP01915,T01915,Chennai,APARTMENT,1,65457,FULLY_FURNISHED,True,GYM,6.3
TP01916,T01916,Kolkata,VILLA,3,110083,FULLY_FURNISHED,False,SECURITY,29.3
TP01917,T01917,Mumbai,PG,1,95751,SEMI_FURNISHED,True,GARDEN,12.8
TP01918,T01918,Bangalore,HOUSE,3,100548,UNFURNISHED,False,CLUBHOUSE,11.9
TP01919,T01919,Mumbai,HOUSE,1,117542,FULLY_FURNISHED,False,CLUBHOUSE,18.0
TP01920,T01920,Hyderabad,PG,2,67343,FULLY_FURNISHED,False,POWER_BACKUP,10.7
TP01921,T01921,Kolkata,APARTMENT,3,74210,SEMI_FURNISHED,True,GARDEN,11.8
TP01922,T01922,Mumbai,PG,3,80504,SEMI_FURNISHED,True,LIFT,24.0
TP01923,T01923,Bangalore,PG,3,115361,FULLY_FURNISHED,True,AIR_CONDITIONING,23.8
TP01924,T01924,Bangalore,HOUSE,1,22826,SEMI_FURNISHED,True,AIR_CONDITIONING,9.0
TP01925,T01925,Chennai,APARTMENT,3,28208,FULLY_FURNISHED,False,GYM,28.6
TP01926,T01926,Chennai,VILLA,3,13952,FULLY_FURNISHED,False,AIR_CONDITIONING,3.2
TP01927,T01927,Delhi,APARTMENT,3,64492,UNFURNISHED,False,SECURITY,27.1
TP01928,T01928,Bangalore,APARTMENT,3,71256,UNFURNISHED,True,AIR_CONDITIONING,28.0
TP01929,T01929,Chennai,VILLA,3,110745,UNFURNISHED,True,SECURITY,5.8
TP01930,T01930,Mumbai,PG,1,100909,UNFURNISHED,True,CLUBHOUSE,21.2
TP01931,T01931,Hyderabad,PG,1,13988,SEMI_FURNISHED,False,LIFT,18.0
TP01932,T01932,Mumbai,APARTMENT,1,115466,SEMI_FURNISHED,False,LIFT,24.2
TP01933,T01933,Hyderabad,VILLA,1,82771,SEMI_FURNISHED,False,WIFI,11.4
TP01934,T01934,Kolkata,PG,2,112223,FULLY_FURNISHED,False,WIFI,11.7
TP01935,T01935,Hyderabad,HOUSE,3,44111,FULLY_FURNISHED,True,GARDEN,17.2
TP01936,T01936,Bangalore,PG,3,36736,FULLY_FURNISHED,False,AIR_CONDITIONING,7.2
TP01937,T01937,Kolkata,HOUSE,3,99808,FULLY_FURNISHED,False,GYM,28.1
TP01938,T01938,Delhi,VILLA,3,83855,UNFURNISHED,False,LIFT,27.2
TP01939,T01939,Bangalore,PG,1,43590,SEMI_FURNISHED,True,PARKING,16.4
TP01940,T01940,Mumbai,HOUSE,3,107092,SEMI_FURNISHED,False,WIFI,13.5
TP01941,T01941,Mumbai,VILLA,2,110732,SEMI_FURNISHED,False,SWIMMING_POOL,2.8
TP01942,T01942,Chennai,HOUSE,2,35846,UNFURNISHED,False,GYM,24.9
TP01943,T01943,Kolkata,VILLA,1,37678,UNFURNISHED,False,WIFI,3.8
TP01944,T01944,Hyderabad,PG,2,48351,FULLY_FURNISHED,False,POWER_BACKUP,20.7
TP01945,T01945,Kolkata,VILLA,1,112541,UNFURNISHED,False,PARKING,15.4
TP01946,T01946,Hyderabad,VILLA,1,70765,FULLY_FURNISHED,False,CLUBHOUSE,4.4
TP01947,T01947,Bangalore,HOUSE,2,68832,FULLY_FURNISHED,False,POWER_BACKUP,28.1
TP01948,T01948,Delhi,HOUSE,3,102277,FULLY_FURNISHED,True,GARDEN,24.1
TP01949,T01949,Chennai,HOUSE,2,64174,SEMI_FURNISHED,False,CLUBHOUSE,19.8
TP01950,T01950,Bangalore,VILLA,1,40868,UNFURNISHED,True,GARDEN,18.8
TP01951,T01951,Hyderabad,VILLA,3,69067,FULLY_FURNISHED,False,GYM,22.7
TP01952,T01952,Bangalore,PG,1,85242,UNFURNISHED,True,AIR_CONDITIONING,29.4
TP01953,T01953,Chennai,APARTMENT,3,91227,FULLY_FURNISHED,True,LIFT,2.4
TP01954,T01954,Mumbai,PG,3,32462,FULLY_FURNISHED,False,GYM,2.3
TP01955,T01955,Hyderabad,PG,2,20407,FULLY_FURNISHED,True,WIFI,22.3
TP01956,T01956,Kolkata,PG,1,112076,SEMI_FURNISHED,False,GARDEN,24.5
TP01957,T01957,Chennai,PG,1,13485,SEMI_FURNISHED,True,LIFT,6.8
TP01958,T01958,Hyderabad,HOUSE,1,78275,UNFURNISHED,False,GARDEN,6.5
TP01959,T01959,Delhi,VILLA,2,111452,SEMI_FURNISHED,False,POWER_BACKUP,26.2
TP01960,T01960,Hyderabad,APARTMENT,3,112614,FULLY_FURNISHED,False,GYM,11.5
TP01961,T01961,Hyderabad,VILLA,2,20991,FULLY_FURNISHED,False,WIFI,4.8
TP01962,T01962,Mumbai,APARTMENT,3,58766,UNFURNISHED,False,PARKING,17.2
TP01963,T01963,Chennai,PG,1,51398,UNFURNISHED,True,WIFI,12.9
TP01964,T01964,Delhi,PG,3,28139,FULLY_FURNISHED,True,SECURITY,17.3
TP01965,T01965,Kolkata,HOUSE,1,116441,FULLY_FURNISHED,False,AIR_CONDITIONING,7.1
TP01966,T01966,Delhi,APARTMENT,1,107349,SEMI_FURNISHED,True,GYM,22.8
TP01967,T01967,Chennai,HOUSE,1,68368,UNFURNISHED,False,GARDEN,20.0
TP01968,T01968,Chennai,PG,1,30922,SEMI_FURNISHED,False,GYM,21.4
TP01969,T01969,Bangalore,HOUSE,3,35188,UNFURNISHED,False,CLUBHOUSE,15.9
TP01970,T01970,Kolkata,VILLA,2,52959,SEMI_FURNISHED,True,AIR_CONDITIONING,15.0
TP01971,T01971,Bangalore,VILLA,3,84625,UNFURNISHED,True,CLUBHOUSE,23.7
TP01972,T01972,Kolkata,APARTMENT,2,77739,UNFURNISHED,False,GARDEN,13.8
TP01973,T01973,Bangalore,PG,1,19905,SEMI_FURNISHED,False,SECURITY,21.1
TP01974,T01974,Kolkata,VILLA,2,46232,SEMI_FURNISHED,False,POWER_BACKUP,3.0
TP01975,T01975,Bangalore,VILLA,2,50590,SEMI_FURNISHED,True,LIFT,16.0
TP01976,T01976,Bangalore,APARTMENT,2,84724,UNFURNISHED,True,GARDEN,16.3
TP01977,T01977,Chennai,APARTMENT,3,69411,FULLY_FURNISHED,False,SECURITY,24.5
TP01978,T01978,Kolkata,APARTMENT,1,30222,UNFURNISHED,False,WIFI,3.0
TP01979,T01979,Chennai,HOUSE,2,26041,SEMI_FURNISHED,False,SECURITY,28.6
TP01980,T01980,Kolkata,APARTMENT,2,46963,FULLY_FURNISHED,False,AIR_CONDITIONING,22.6
TP01981,T01981,Bangalore,PG,2,65372,UNFURNISHED,True,SWIMMING_POOL,15.2
TP01982,T01982,Hyderabad,APARTMENT,3,100076,SEMI_FURNISHED,True,LIFT,27.3
TP01983,T01983,Chennai,VILLA,1,52947,FULLY_FURNISHED,False,AIR_CONDITIONING,9.0
TP01984,T01984,Hyderabad,VILLA,2,31569,UNFURNISHED,True,POWER_BACKUP,28.1
TP01985,T01985,Bangalore,HOUSE,1,98954,SEMI_FURNISHED,False,SECURITY,7.5
TP01986,T01986,Hyderabad,VILLA,1,119633,FULLY_FURNISHED,True,POWER_BACKUP,7.7
TP01987,T01987,Mumbai,VILLA,1,34492,UNFURNISHED,False,SWIMMING_POOL,20.8
TP01988,T01988,Bangalore,APARTMENT,1,57468,FULLY_FURNISHED,False,AIR_CONDITIONING,28.7
TP01989,T01989,Mumbai,HOUSE,1,19949,UNFURNISHED,True,SWIMMING_POOL,6.9
TP01990,T01990,Chennai,VILLA,2,95716,UNFURNISHED,False,PARKING,4.2
TP01991,T01991,Chennai,VILLA,1,33673,UNFURNISHED,True,LIFT,8.1
TP01992,T01992,Hyderabad,PG,2,80195,UNFURNISHED,False,POWER_BACKUP,6.0
TP01993,T01993,Kolkata,VILLA,1,68922,FULLY_FURNISHED,False,WIFI,17.1
TP01994,T01994,Mumbai,APARTMENT,3,70042,SEMI_FURNISHED,False,SECURITY,4.0
TP01995,T01995,Chennai,PG,1,46569,UNFURNISHED,False,LIFT,29.9
TP01996,T01996,Kolkata,APARTMENT,1,112004,UNFURNISHED,True,WIFI,6.1
TP01997,T01997,Delhi,HOUSE,3,40523,UNFURNISHED,True,LIFT,22.5
TP01998,T01998,Hyderabad,APARTMENT,1,79168,FULLY_FURNISHED,True,SWIMMING_POOL,25.9
TP01999,T01999,Delhi,APARTMENT,1,59387,FULLY_FURNISHED,False,CLUBHOUSE,22.2
TP02000,T02000,Bangalore,APARTMENT,1,47034,FULLY_FURNISHED,True,WIFI,10.1
TP02001,T02001,Kolkata,VILLA,2,26732,UNFURNISHED,False,POWER_BACKUP,3.3
TP02002,T02002,Kolkata,HOUSE,3,15391,SEMI_FURNISHED,True,SWIMMING_POOL,7.5
TP02003,T02003,Mumbai,HOUSE,1,102874,FULLY_FURNISHED,False,AIR_CONDITIONING,26.5
TP02004,T02004,Kolkata,HOUSE,1,24723,UNFURNISHED,False,SECURITY,28.3
TP02005,T02005,Bangalore,VILLA,2,12950,FULLY_FURNISHED,True,GYM,28.0
TP02006,T02006,Hyderabad,APARTMENT,2,105880,UNFURNISHED,True,GYM,4.3
TP02007,T02007,Chennai,HOUSE,2,77197,FULLY_FURNISHED,False,CLUBHOUSE,29.2
TP02008,T02008,Hyderabad,APARTMENT,3,72276,SEMI_FURNISHED,False,SECURITY,22.3
TP02009,T02009,Delhi,PG,3,118574,SEMI_FURNISHED,True,SWIMMING_POOL,16.9
TP02010,T02010,Delhi,PG,3,15021,SEMI_FURNISHED,False,SWIMMING_POOL,27.9
TP02011,T02011,Kolkata,APARTMENT,1,110893,UNFURNISHED,True,LIFT,26.5
TP02012,T02012,Chennai,HOUSE,2,50771,FULLY_FURNISHED,True,AIR_CONDITIONING,18.9
TP02013,T02013,Mumbai,VILLA,3,12200,UNFURNISHED,True,PARKING,26.6
TP02014,T02014,Kolkata,VILLA,1,114328,UNFURNISHED,False,POWER_BACKUP,29.8
TP02015,T02015,Bangalore,HOUSE,1,64265,UNFURNISHED,True,POWER_BACKUP,5.2
TP02016,T02016,Chennai,APARTMENT,2,17185,SEMI_FURNISHED,False,PARKING,9.6
TP02017,T02017,Mumbai,APARTMENT,1,113341,SEMI_FURNISHED,False,PARKING,22.4
TP02018,T02018,Mumbai,PG,2,102247,FULLY_FURNISHED,True,AIR_CONDITIONING,17.4
TP02019,T02019,Hyderabad,PG,2,49805,UNFURNISHED,True,SWIMMING_POOL,27.4
TP02020,T02020,Bangalore,APARTMENT,1,66436,FULLY_FURNISHED,False,CLUBHOUSE,22.1
TP02021,T02021,Chennai,APARTMENT,2,81885,UNFURNISHED,True,GARDEN,2.1
TP02022,T02022,Bangalore,APARTMENT,1,99291,SEMI_FURNISHED,False,WIFI,22.9
TP02023,T02023,Kolkata,HOUSE,1,77839,UNFURNISHED,True,SWIMMING_POOL,27.6
TP02024,T02024,Bangalore,HOUSE,3,45715,UNFURNISHED,False,GARDEN,4.5
TP02025,T02025,Hyderabad,APARTMENT,2,30775,SEMI_FURNISHED,True,CLUBHOUSE,28.7
TP02026,T02026,Mumbai,APARTMENT,2,27003,SEMI_FURNISHED,True,GARDEN,19.4
TP02027,T02027,Bangalore,PG,3,64631,UNFURNISHED,True,PARKING,13.7
TP02028,T02028,Mumbai,PG,1,21466,SEMI_FURNISHED,False,SWIMMING_POOL,11.5
TP02029,T02029,Mumbai,VILLA,2,51627,SEMI_FURNISHED,True,POWER_BACKUP,10.6
TP02030,T02030,Chennai,VILLA,1,74300,FULLY_FURNISHED,False,POWER_BACKUP,18.7
TP02031,T02031,Mumbai,HOUSE,2,43555,FULLY_FURNISHED,False,CLUBHOUSE,28.0
TP02032,T02032,Bangalore,APARTMENT,1,105247,SEMI_FURNISHED,False,GYM,21.7
TP02033,T02033,Bangalore,PG,1,56164,UNFURNISHED,True,WIFI,6.5
TP02034,T02034,Mumbai,PG,1,67676,UNFURNISHED,True,AIR_CONDITIONING,17.7
TP02035,T02035,Delhi,HOUSE,3,117257,FULLY_FURNISHED,True,AIR_CONDITIONING,8.4
TP02036,T02036,Mumbai,APARTMENT,2,30668,UNFURNISHED,False,SECURITY,18.7
TP02037,T02037,Mumbai,HOUSE,2,58920,SEMI_FURNISHED,False,PARKING,4.4
TP02038,T02038,Chennai,VILLA,1,65864,UNFURNISHED,False,POWER_BACKUP,10.4
TP02039,T02039,Kolkata,HOUSE,3,40312,UNFURNISHED,False,PARKING,7.6
TP02040,T02040,Chennai,HOUSE,1,94271,SEMI_FURNISHED,True,WIFI,11.7
TP02041,T02041,Mumbai,HOUSE,3,107987,SEMI_FURNISHED,False,GYM,28.2
TP02042,T02042,Mumbai,HOUSE,2,79244,UNFURNISHED,True,SECURITY,19.4
TP02043,T02043,Delhi,PG,3,91778,SEMI_FURNISHED,False,PARKING,23.2
TP02044,T02044,Chennai,HOUSE,1,80740,UNFURNISHED,True,SECURITY,28.3
TP02045,T02045,Delhi,HOUSE,1,112826,UNFURNISHED,False,CLUBHOUSE,25.9
TP02046,T02046,Hyderabad,HOUSE,1,21665,UNFURNISHED,True,AIR_CONDITIONING,26.4
TP02047,T02047,Bangalore,APARTMENT,2,41286,FULLY_FURNISHED,False,LIFT,8.8
TP02048,T02048,Delhi,APARTMENT,2,54361,SEMI_FURNISHED,True,PARKING,28.7
TP02049,T02049,Delhi,PG,1,66116,UNFURNISHED,False,SWIMMING_POOL,26.9
TP02050,T02050,Delhi,APARTMENT,3,93171,UNFURNISHED,True,LIFT,19.1
TP02051,T02051,Hyderabad,VILLA,1,64622,FULLY_FURNISHED,False,POWER_BACKUP,19.6
TP02052,T02052,Mumbai,PG,1,31540,FULLY_FURNISHED,True,CLUBHOUSE,13.3
TP02053,T02053,Chennai,PG,1,49240,UNFURNISHED,False,PARKING,14.5
TP02054,T02054,Kolkata,HOUSE,3,14087,UNFURNISHED,False,GARDEN,4.3
TP02055,T02055,Chennai,PG,3,19915,UNFURNISHED,True,AIR_CONDITIONING,9.9
TP02056,T02056,Chennai,VILLA,2,64520,FULLY_FURNISHED,True,AIR_CONDITIONING,16.0
TP02057,T02057,Mumbai,HOUSE,2,107745,UNFURNISHED,False,POWER_BACKUP,22.4
TP02058,T02058,Kolkata,HOUSE,3,111153,UNFURNISHED,True,GARDEN,9.9
TP02059,T02059,Mumbai,PG,1,42852,FULLY_FURNISHED,False,POWER_BACKUP,13.5
TP02060,T02060,Kolkata,HOUSE,1,20147,FULLY_FURNISHED,False,AIR_CONDITIONING,10.2
TP02061,T02061,Delhi,APARTMENT,2,55180,SEMI_FURNISHED,True,SWIMMING_POOL,7.8
TP02062,T02062,Kolkata,PG,2,114166,SEMI_FURNISHED,False,WIFI,4.7
TP02063,T02063,Chennai,HOUSE,1,63902,FULLY_FURNISHED,True,AIR_CONDITIONING,26.9
TP02064,T02064,Hyderabad,APARTMENT,2,110667,UNFURNISHED,True,CLUBHOUSE,23.5
TP02065,T02065,Hyderabad,APARTMENT,3,63814,SEMI_FURNISHED,True,POWER_BACKUP,15.2
TP02066,T02066,Chennai,APARTMENT,3,87371,SEMI_FURNISHED,True,WIFI,7.3
TP02067,T02067,Kolkata,APARTMENT,1,48335,FULLY_FURNISHED,False,CLUBHOUSE,20.9
TP02068,T02068,Delhi,HOUSE,2,67024,UNFURNISHED,False,GYM,12.6
TP02069,T02069,Hyderabad,APARTMENT,3,75271,SEMI_FURNISHED,True,GYM,23.7
TP02070,T02070,Bangalore,PG,3,74508,FULLY_FURNISHED,True,CLUBHOUSE,16.3
TP02071,T02071,Chennai,HOUSE,3,13223,SEMI_FURNISHED,False,GARDEN,27.9
TP02072,T02072,Kolkata,APARTMENT,2,12405,UNFURNISHED,False,GARDEN,7.5
TP02073,T02073,Kolkata,APARTMENT,2,13686,SEMI_FURNISHED,True,SECURITY,4.4
TP02074,T02074,Delhi,HOUSE,1,73689,UNFURNISHED,True,POWER_BACKUP,11.6
TP02075,T02075,Kolkata,HOUSE,1,104177,UNFURNISHED,True,SECURITY,14.3
TP02076,T02076,Kolkata,APARTMENT,1,31086,FULLY_FURNISHED,False,AIR_CONDITIONING,23.0
TP02077,T02077,Hyderabad,VILLA,3,89698,UNFURNISHED,True,SWIMMING_POOL,12.0
TP02078,T02078,Kolkata,HOUSE,2,56038,UNFURNISHED,True,LIFT,3.8
TP02079,T02079,Delhi,PG,3,47432,UNFURNISHED,False,POWER_BACKUP,4.0
TP02080,T02080,Hyderabad,HOUSE,1,101077,SEMI_FURNISHED,False,AIR_CONDITIONING,20.1
TP02081,T02081,Mumbai,VILLA,3,98001,UNFURNISHED,False,SECURITY,12.0
TP02082,T02082,Delhi,PG,2,66350,FULLY_FURNISHED,True,CLUBHOUSE,23.4
TP02083,T02083,Hyderabad,APARTMENT,2,31324,UNFURNISHED,False,CLUBHOUSE,2.0
TP02084,T02084,Chennai,VILLA,2,27639,UNFURNISHED,False,WIFI,22.7
TP02085,T02085,Chennai,HOUSE,3,70878,FULLY_FURNISHED,False,CLUBHOUSE,5.2
TP02086,T02086,Hyderabad,VILLA,1,50926,FULLY_FURNISHED,True,SWIMMING_POOL,12.8
TP02087,T02087,Hyderabad,VILLA,1,57462,FULLY_FURNISHED,False,GARDEN,11.0
TP02088,T02088,Kolkata,APARTMENT,3,21126,SEMI_FURNISHED,True,SWIMMING_POOL,19.1
TP02089,T02089,Mumbai,VILLA,3,19087,SEMI_FURNISHED,True,PARKING,26.6
TP02090,T02090,Bangalore,HOUSE,3,33211,FULLY_FURNISHED,True,WIFI,13.9
TP02091,T02091,Bangalore,PG,3,103086,UNFURNISHED,False,AIR_CONDITIONING,21.3
TP02092,T02092,Hyderabad,PG,2,71273,SEMI_FURNISHED,True,POWER_BACKUP,9.6
TP02093,T02093,Hyderabad,APARTMENT,3,68252,SEMI_FURNISHED,False,GYM,8.3
TP02094,T02094,Chennai,PG,1,70161,SEMI_FURNISHED,False,CLUBHOUSE,9.6
TP02095,T02095,Kolkata,VILLA,3,23912,FULLY_FURNISHED,False,CLUBHOUSE,20.1
TP02096,T02096,Kolkata,HOUSE,2,21440,SEMI_FURNISHED,True,LIFT,15.5
TP02097,T02097,Delhi,HOUSE,1,105399,FULLY_FURNISHED,True,GYM,16.3
TP02098,T02098,Bangalore,VILLA,3,15111,FULLY_FURNISHED,True,SECURITY,17.6
TP02099,T02099,Hyderabad,HOUSE,2,22390,FULLY_FURNISHED,True,GARDEN,19.7
TP02100,T02100,Kolkata,PG,3,119605,UNFURNISHED,False,SWIMMING_POOL,18.4
TP02101,T02101,Hyderabad,PG,1,84713,UNFURNISHED,True,POWER_BACKUP,26.5
TP02102,T02102,Hyderabad,VILLA,1,50522,SEMI_FURNISHED,False,AIR_CONDITIONING,18.5
TP02103,T02103,Mumbai,APARTMENT,1,24696,FULLY_FURNISHED,True,POWER_BACKUP,12.7
TP02104,T02104,Hyderabad,VILLA,3,90827,UNFURNISHED,False,GYM,25.8
TP02105,T02105,Kolkata,APARTMENT,3,27805,SEMI_FURNISHED,False,GYM,20.9
TP02106,T02106,Hyderabad,VILLA,1,65380,FULLY_FURNISHED,True,GYM,16.5
TP02107,T02107,Hyderabad,APARTMENT,2,118860,SEMI_FURNISHED,False,POWER_BACKUP,23.5
TP02108,T02108,Chennai,HOUSE,3,57845,FULLY_FURNISHED,False,CLUBHOUSE,28.2
TP02109,T02109,Kolkata,APARTMENT,2,52867,UNFURNISHED,True,SWIMMING_POOL,5.7
TP02110,T02110,Bangalore,APARTMENT,3,12186,UNFURNISHED,False,GARDEN,16.3
TP02111,T02111,Delhi,PG,1,69400,SEMI_FURNISHED,True,WIFI,24.2
TP02112,T02112,Kolkata,PG,2,54294,SEMI_FURNISHED,True,WIFI,4.1
TP02113,T02113,Kolkata,VILLA,3,33009,UNFURNISHED,False,GARDEN,17.5
TP02114,T02114,Kolkata,VILLA,1,46202,SEMI_FURNISHED,False,GARDEN,21.7
TP02115,T02115,Bangalore,PG,1,33994,FULLY_FURNISHED,False,PARKING,8.4
TP02116,T02116,Bangalore,PG,1,53191,FULLY_FURNISHED,True,GYM,26.7
TP02117,T02117,Chennai,APARTMENT,1,36617,FULLY_FURNISHED,True,SWIMMING_POOL,12.2
TP02118,T02118,Bangalore,HOUSE,2,96668,UNFURNISHED,True,WIFI,23.0
TP02119,T02119,Bangalore,HOUSE,3,118967,FULLY_FURNISHED,False,SWIMMING_POOL,15.4
TP02120,T02120,Bangalore,VILLA,1,68898,UNFURNISHED,True,GYM,29.3
TP02121,T02121,Delhi,PG,2,100508,SEMI_FURNISHED,False,LIFT,6.0
TP02122,T02122,Bangalore,HOUSE,3,112491,SEMI_FURNISHED,True,PARKING,12.9
TP02123,T02123,Hyderabad,VILLA,2,36481,SEMI_FURNISHED,True,WIFI,26.3
TP02124,T02124,Kolkata,HOUSE,3,15434,UNFURNISHED,False,SWIMMING_POOL,10.3
TP02125,T02125,Hyderabad,HOUSE,1,58965,FULLY_FURNISHED,False,SECURITY,17.1
TP02126,T02126,Chennai,VILLA,1,115955,SEMI_FURNISHED,False,SECURITY,11.4
TP02127,T02127,Chennai,APARTMENT,3,114186,FULLY_FURNISHED,False,PARKING,26.4
TP02128,T02128,Kolkata,PG,2,25011,FULLY_FURNISHED,False,WIFI,20.7
TP02129,T02129,Hyderabad,VILLA,2,100190,FULLY_FURNISHED,False,GARDEN,8.3
TP02130,T02130,Hyderabad,HOUSE,3,56927,SEMI_FURNISHED,False,SECURITY,10.9
TP02131,T02131,Mumbai,HOUSE,1,83291,SEMI_FURNISHED,True,AIR_CONDITIONING,29.4
TP02132,T02132,Kolkata,VILLA,3,112732,SEMI_FURNISHED,False,WIFI,23.1
TP02133,T02133,Bangalore,PG,3,60512,UNFURNISHED,False,PARKING,6.6
TP02134,T02134,Delhi,HOUSE,2,32927,SEMI_FURNISHED,False,LIFT,15.5
TP02135,T02135,Kolkata,APARTMENT,2,29158,FULLY_FURNISHED,True,WIFI,22.2
TP02136,T02136,Delhi,APARTMENT,2,21762,FULLY_FURNISHED,True,LIFT,6.2
TP02137,T02137,Delhi,PG,2,56600,UNFURNISHED,True,PARKING,20.6
TP02138,T02138,Hyderabad,VILLA,3,76390,FULLY_FURNISHED,False,POWER_BACKUP,21.5
TP02139,T02139,Delhi,HOUSE,2,85009,UNFURNISHED,True,PARKING,5.0
TP02140,T02140,Delhi,APARTMENT,3,61931,UNFURNISHED,True,GARDEN,20.0
TP02141,T02141,Bangalore,PG,1,50421,UNFURNISHED,True,SECURITY,13.8
TP02142,T02142,Mumbai,VILLA,3,36065,SEMI_FURNISHED,False,GARDEN,11.6
TP02143,T02143,Delhi,HOUSE,3,104319,FULLY_FURNISHED,True,GYM,14.3
TP02144,T02144,Chennai,PG,1,25265,FULLY_FURNISHED,False,SECURITY,17.7
TP02145,T02145,Delhi,APARTMENT,3,106174,FULLY_FURNISHED,False,GYM,19.6
TP02146,T02146,Bangalore,APARTMENT,2,84377,FULLY_FURNISHED,True,GYM,4.3
TP02147,T02147,Chennai,PG,1,73105,FULLY_FURNISHED,True,WIFI,27.5
TP02148,T02148,Hyderabad,APARTMENT,1,18823,SEMI_FURNISHED,True,GYM,22.2
TP02149,T02149,Kolkata,PG,2,90238,SEMI_FURNISHED,True,GYM,12.1
TP02150,T02150,Chennai,HOUSE,1,104760,SEMI_FURNISHED,False,LIFT,2.7
TP02151,T02151,Bangalore,VILLA,2,47563,UNFURNISHED,False,POWER_BACKUP,17.0
TP02152,T02152,Hyderabad,APARTMENT,1,44997,FULLY_FURNISHED,True,GARDEN,11.1
TP02153,T02153,Delhi,HOUSE,3,68913,UNFURNISHED,False,PARKING,12.5
TP02154,T02154,Delhi,HOUSE,3,118182,FULLY_FURNISHED,False,LIFT,14.4
TP02155,T02155,Bangalore,PG,3,96911,UNFURNISHED,False,SWIMMING_POOL,28.9
TP02156,T02156,Chennai,HOUSE,2,46718,SEMI_FURNISHED,False,LIFT,8.6
TP02157,T02157,Kolkata,PG,1,27099,UNFURNISHED,True,LIFT,8.8
TP02158,T02158,Kolkata,HOUSE,3,38783,UNFURNISHED,False,GARDEN,21.8
TP02159,T02159,Hyderabad,PG,1,67448,FULLY_FURNISHED,False,CLUBHOUSE,29.1
TP02160,T02160,Chennai,PG,1,74645,SEMI_FURNISHED,False,LIFT,3.2
TP02161,T02161,Kolkata,PG,1,40424,SEMI_FURNISHED,False,SWIMMING_POOL,29.0
TP02162,T02162,Hyderabad,VILLA,3,54428,SEMI_FURNISHED,True,LIFT,14.0
TP02163,T02163,Delhi,HOUSE,1,76366,UNFURNISHED,True,LIFT,5.1
TP02164,T02164,Bangalore,VILLA,1,77992,FULLY_FURNISHED,True,PARKING,3.7
TP02165,T02165,Delhi,APARTMENT,1,41548,FULLY_FURNISHED,False,POWER_BACKUP,4.1
TP02166,T02166,Kolkata,HOUSE,1,29821,SEMI_FURNISHED,True,PARKING,8.5
TP02167,T02167,Hyderabad,HOUSE,1,89294,FULLY_FURNISHED,False,WIFI,13.4
TP02168,T02168,Chennai,APARTMENT,1,44432,FULLY_FURNISHED,False,POWER_BACKUP,13.1
TP02169,T02169,Bangalore,HOUSE,1,108984,UNFURNISHED,True,SECURITY,18.3
TP02170,T02170,Bangalore,HOUSE,2,57841,SEMI_FURNISHED,False,LIFT,20.8
TP02171,T02171,Kolkata,APARTMENT,3,101151,FULLY_FURNISHED,False,SECURITY,10.5
TP02172,T02172,Bangalore,HOUSE,3,66011,UNFURNISHED,True,AIR_CONDITIONING,6.0
TP02173,T02173,Delhi,PG,1,22730,FULLY_FURNISHED,False,GYM,27.2
TP02174,T02174,Bangalore,HOUSE,1,104453,FULLY_FURNISHED,True,CLUBHOUSE,11.5
TP02175,T02175,Delhi,PG,3,84692,UNFURNISHED,False,SWIMMING_POOL,3.4
TP02176,T02176,Kolkata,PG,1,24942,SEMI_FURNISHED,False,SECURITY,18.2
TP02177,T02177,Chennai,HOUSE,2,42301,SEMI_FURNISHED,False,PARKING,11.9
TP02178,T02178,Mumbai,APARTMENT,1,42141,SEMI_FURNISHED,True,AIR_CONDITIONING,15.9
TP02179,T02179,Chennai,VILLA,1,50018,UNFURNISHED,False,AIR_CONDITIONING,4.6
TP02180,T02180,Chennai,VILLA,3,14731,FULLY_FURNISHED,False,SECURITY,10.4
TP02181,T02181,Hyderabad,PG,2,29278,UNFURNISHED,True,GYM,13.2
TP02182,T02182,Delhi,VILLA,1,114678,UNFURNISHED,False,SWIMMING_POOL,28.2
TP02183,T02183,Kolkata,HOUSE,1,115490,FULLY_FURNISHED,False,SWIMMING_POOL,6.8
TP02184,T02184,Delhi,PG,1,32645,UNFURNISHED,True,SECURITY,26.7
TP02185,T02185,Hyderabad,PG,1,71226,SEMI_FURNISHED,False,AIR_CONDITIONING,20.2
TP02186,T02186,Chennai,PG,2,98835,FULLY_FURNISHED,True,PARKING,11.5
TP02187,T02187,Mumbai,APARTMENT,3,89646,FULLY_FURNISHED,False,SWIMMING_POOL,3.2
TP02188,T02188,Delhi,HOUSE,1,119238,SEMI_FURNISHED,False,POWER_BACKUP,17.1
TP02189,T02189,Chennai,VILLA,3,96593,FULLY_FURNISHED,False,CLUBHOUSE,26.7
TP02190,T02190,Kolkata,PG,2,46539,UNFURNISHED,True,SECURITY,23.6
TP02191,T02191,Hyderabad,VILLA,1,112691,SEMI_FURNISHED,False,LIFT,17.7
TP02192,T02192,Kolkata,APARTMENT,2,118140,SEMI_FURNISHED,True,CLUBHOUSE,23.8
TP02193,T02193,Bangalore,APARTMENT,1,114949,UNFURNISHED,False,LIFT,7.7
TP02194,T02194,Chennai,PG,1,46688,SEMI_FURNISHED,True,POWER_BACKUP,8.8
TP02195,T02195,Mumbai,APARTMENT,1,66132,UNFURNISHED,True,GYM,15.4
TP02196,T02196,Bangalore,VILLA,2,32037,SEMI_FURNISHED,False,GYM,13.3
TP02197,T02197,Hyderabad,HOUSE,3,22730,SEMI_FURNISHED,False,SECURITY,7.5
TP02198,T02198,Chennai,PG,1,59339,UNFURNISHED,False,PARKING,26.6
TP02199,T02199,Delhi,APARTMENT,2,42618,FULLY_FURNISHED,False,GYM,19.0
TP02200,T02200,Mumbai,HOUSE,2,73057,SEMI_FURNISHED,True,CLUBHOUSE,9.6
TP02201,T02201,Hyderabad,HOUSE,1,91710,SEMI_FURNISHED,True,PARKING,13.9
TP02202,T02202,Bangalore,HOUSE,1,53826,UNFURNISHED,False,WIFI,2.5
TP02203,T02203,Hyderabad,VILLA,1,94438,FULLY_FURNISHED,False,GARDEN,3.6
TP02204,T02204,Bangalore,VILLA,1,34052,UNFURNISHED,True,SWIMMING_POOL,3.2
TP02205,T02205,Bangalore,VILLA,2,74907,UNFURNISHED,True,POWER_BACKUP,18.1
TP02206,T02206,Delhi,VILLA,1,102642,FULLY_FURNISHED,True,POWER_BACKUP,9.2
TP02207,T02207,Kolkata,APARTMENT,3,64077,UNFURNISHED,True,SWIMMING_POOL,27.1
TP02208,T02208,Chennai,PG,3,25868,FULLY_FURNISHED,False,SECURITY,12.1
TP02209,T02209,Chennai,APARTMENT,3,103758,UNFURNISHED,True,GYM,3.6
TP02210,T02210,Chennai,HOUSE,2,53354,SEMI_FURNISHED,False,WIFI,29.0
TP02211,T02211,Hyderabad,APARTMENT,2,80495,SEMI_FURNISHED,False,LIFT,8.9
TP02212,T02212,Bangalore,HOUSE,2,112871,UNFURNISHED,True,WIFI,17.2
TP02213,T02213,Delhi,APARTMENT,2,92374,UNFURNISHED,False,GYM,25.9
TP02214,T02214,Hyderabad,HOUSE,1,100535,SEMI_FURNISHED,False,WIFI,29.3
TP02215,T02215,Bangalore,APARTMENT,1,72700,UNFURNISHED,False,SECURITY,24.1
TP02216,T02216,Hyderabad,APARTMENT,3,76887,UNFURNISHED,False,AIR_CONDITIONING,7.5
TP02217,T02217,Bangalore,HOUSE,2,89142,UNFURNISHED,False,WIFI,18.7
TP02218,T02218,Delhi,VILLA,3,105518,FULLY_FURNISHED,False,SWIMMING_POOL,25.3
TP02219,T02219,Mumbai,HOUSE,2,58211,UNFURNISHED,False,AIR_CONDITIONING,7.6
TP02220,T02220,Mumbai,PG,2,14023,FULLY_FURNISHED,True,GARDEN,11.3
TP02221,T02221,Delhi,APARTMENT,3,109987,FULLY_FURNISHED,True,POWER_BACKUP,25.6
TP02222,T02222,Mumbai,HOUSE,1,117306,FULLY_FURNISHED,True,AIR_CONDITIONING,4.9
TP02223,T02223,Kolkata,APARTMENT,2,63257,FULLY_FURNISHED,True,GARDEN,29.2
TP02224,T02224,Chennai,VILLA,3,66495,FULLY_FURNISHED,False,POWER_BACKUP,8.6
TP02225,T02225,Bangalore,HOUSE,3,82702,UNFURNISHED,True,CLUBHOUSE,22.8
TP02226,T02226,Bangalore,VILLA,1,18764,SEMI_FURNISHED,True,WIFI,19.4
TP02227,T02227,Mumbai,APARTMENT,3,105825,UNFURNISHED,False,PARKING,8.8
TP02228,T02228,Chennai,VILLA,1,110186,UNFURNISHED,True,SWIMMING_POOL,27.2
TP02229,T02229,Delhi,HOUSE,1,80063,FULLY_FURNISHED,False,AIR_CONDITIONING,12.4
TP02230,T02230,Delhi,HOUSE,2,50277,FULLY_FURNISHED,False,WIFI,27.9
TP02231,T02231,Kolkata,PG,3,107575,UNFURNISHED,False,SECURITY,17.9
TP02232,T02232,Bangalore,APARTMENT,2,82649,SEMI_FURNISHED,True,WIFI,26.3
TP02233,T02233,Chennai,HOUSE,1,61773,FULLY_FURNISHED,True,AIR_CONDITIONING,16.9
TP02234,T02234,Mumbai,PG,3,107562,SEMI_FURNISHED,True,GYM,2.3
TP02235,T02235,Bangalore,HOUSE,1,15146,FULLY_FURNISHED,False,SWIMMING_POOL,17.2
TP02236,T02236,Kolkata,HOUSE,2,86423,SEMI_FURNISHED,False,PARKING,17.0
TP02237,T02237,Mumbai,APARTMENT,3,106693,SEMI_FURNISHED,False,PARKING,11.2
TP02238,T02238,Chennai,PG,1,83089,SEMI_FURNISHED,True,CLUBHOUSE,22.6
TP02239,T02239,Mumbai,VILLA,3,16603,SEMI_FURNISHED,True,GARDEN,3.0
TP02240,T02240,Kolkata,PG,2,65121,FULLY_FURNISHED,False,PARKING,3.4
TP02241,T02241,Bangalore,VILLA,1,14709,UNFURNISHED,True,CLUBHOUSE,27.7
TP02242,T02242,Mumbai,PG,1,64022,SEMI_FURNISHED,True,PARKING,8.5
TP02243,T02243,Mumbai,HOUSE,3,59317,SEMI_FURNISHED,False,POWER_BACKUP,16.1
TP02244,T02244,Hyderabad,HOUSE,3,21397,FULLY_FURNISHED,True,GYM,3.7
TP02245,T02245,Bangalore,PG,2,117484,UNFURNISHED,False,AIR_CONDITIONING,9.7
TP02246,T02246,Hyderabad,HOUSE,1,101640,FULLY_FURNISHED,True,PARKING,11.6
TP02247,T02247,Chennai,APARTMENT,1,116503,SEMI_FURNISHED,True,POWER_BACKUP,19.7
TP02248,T02248,Kolkata,HOUSE,3,89865,FULLY_FURNISHED,True,GARDEN,16.0
TP02249,T02249,Bangalore,PG,3,83796,SEMI_FURNISHED,True,PARKING,28.4
TP02250,T02250,Hyderabad,VILLA,2,110537,UNFURNISHED,False,LIFT,8.8
TP02251,T02251,Hyderabad,APARTMENT,3,64409,SEMI_FURNISHED,True,GYM,8.1
TP02252,T02252,Delhi,PG,1,24021,FULLY_FURNISHED,False,PARKING,27.5
TP02253,T02253,Delhi,APARTMENT,1,77257,UNFURNISHED,False,CLUBHOUSE,27.3
TP02254,T02254,Kolkata,HOUSE,1,119522,UNFURNISHED,False,CLUBHOUSE,24.2
TP02255,T02255,Mumbai,VILLA,1,76641,SEMI_FURNISHED,True,PARKING,19.5
TP02256,T02256,Hyderabad,HOUSE,3,50993,FULLY_FURNISHED,False,WIFI,13.0
TP02257,T02257,Hyderabad,HOUSE,1,46751,SEMI_FURNISHED,True,GARDEN,11.2
TP02258,T02258,Chennai,VILLA,1,47857,FULLY_FURNISHED,True,SWIMMING_POOL,18.9
TP02259,T02259,Delhi,HOUSE,2,96308,UNFURNISHED,False,AIR_CONDITIONING,19.0
TP02260,T02260,Kolkata,APARTMENT,3,32292,FULLY_FURNISHED,False,GYM,28.2
TP02261,T02261,Delhi,HOUSE,1,15903,UNFURNISHED,True,WIFI,9.7
TP02262,T02262,Chennai,APARTMENT,3,88599,FULLY_FURNISHED,True,SECURITY,23.8
TP02263,T02263,Hyderabad,VILLA,2,99411,UNFURNISHED,True,PARKING,4.1
TP02264,T02264,Mumbai,PG,1,116923,UNFURNISHED,True,LIFT,21.3
TP02265,T02265,Delhi,PG,2,96998,UNFURNISHED,True,GYM,20.0
TP02266,T02266,Hyderabad,HOUSE,1,113079,SEMI_FURNISHED,True,AIR_CONDITIONING,27.0
TP02267,T02267,Mumbai,HOUSE,3,119089,SEMI_FURNISHED,True,GARDEN,13.4
TP02268,T02268,Delhi,VILLA,2,100837,SEMI_FURNISHED,True,AIR_CONDITIONING,27.2
TP02269,T02269,Hyderabad,HOUSE,1,65139,UNFURNISHED,False,GARDEN,21.3
TP02270,T02270,Bangalore,PG,2,77874,UNFURNISHED,True,CLUBHOUSE,12.1
TP02271,T02271,Bangalore,PG,3,113418,UNFURNISHED,False,GYM,7.4
TP02272,T02272,Mumbai,HOUSE,2,65174,UNFURNISHED,False,SWIMMING_POOL,21.9
TP02273,T02273,Hyderabad,PG,2,88286,FULLY_FURNISHED,False,SWIMMING_POOL,12.8
TP02274,T02274,Chennai,VILLA,1,35227,FULLY_FURNISHED,False,CLUBHOUSE,27.4
TP02275,T02275,Kolkata,VILLA,2,78414,UNFURNISHED,True,CLUBHOUSE,27.7
TP02276,T02276,Kolkata,APARTMENT,2,41373,UNFURNISHED,True,WIFI,24.8
TP02277,T02277,Chennai,PG,3,42025,SEMI_FURNISHED,False,GYM,9.9
TP02278,T02278,Hyderabad,HOUSE,3,62935,FULLY_FURNISHED,False,CLUBHOUSE,14.8
TP02279,T02279,Delhi,VILLA,1,62763,UNFURNISHED,False,SWIMMING_POOL,26.0
TP02280,T02280,Hyderabad,HOUSE,3,33129,SEMI_FURNISHED,True,GYM,4.6
TP02281,T02281,Delhi,HOUSE,3,111426,SEMI_FURNISHED,True,GARDEN,4.6
TP02282,T02282,Bangalore,HOUSE,1,54089,FULLY_FURNISHED,False,PARKING,6.5
TP02283,T02283,Bangalore,APARTMENT,2,25800,FULLY_FURNISHED,True,AIR_CONDITIONING,22.8
TP02284,T02284,Mumbai,PG,2,85852,FULLY_FURNISHED,True,GYM,22.5
TP02285,T02285,Kolkata,VILLA,1,23038,UNFURNISHED,True,WIFI,2.4
TP02286,T02286,Bangalore,APARTMENT,3,25149,SEMI_FURNISHED,False,POWER_BACKUP,18.3
TP02287,T02287,Bangalore,APARTMENT,3,111786,FULLY_FURNISHED,True,SWIMMING_POOL,8.0
TP02288,T02288,Delhi,APARTMENT,2,90499,UNFURNISHED,True,LIFT,11.3
TP02289,T02289,Chennai,PG,2,38952,UNFURNISHED,False,WIFI,29.9
TP02290,T02290,Bangalore,APARTMENT,3,17453,SEMI_FURNISHED,True,SECURITY,13.5
TP02291,T02291,Bangalore,VILLA,2,115807,SEMI_FURNISHED,False,GYM,11.7
TP02292,T02292,Kolkata,HOUSE,1,111717,SEMI_FURNISHED,True,GARDEN,23.8
TP02293,T02293,Mumbai,PG,2,91433,FULLY_FURNISHED,True,PARKING,20.0
TP02294,T02294,Delhi,VILLA,2,94563,FULLY_FURNISHED,False,SWIMMING_POOL,25.4
TP02295,T02295,Chennai,HOUSE,3,65075,UNFURNISHED,False,LIFT,9.9
TP02296,T02296,Mumbai,PG,3,20002,FULLY_FURNISHED,False,WIFI,6.0
TP02297,T02297,Hyderabad,APARTMENT,1,49237,UNFURNISHED,False,PARKING,9.4
TP02298,T02298,Kolkata,HOUSE,2,96705,FULLY_FURNISHED,True,PARKING,12.8
TP02299,T02299,Kolkata,HOUSE,2,117139,SEMI_FURNISHED,False,CLUBHOUSE,8.9
TP02300,T02300,Kolkata,APARTMENT,1,75631,UNFURNISHED,False,GYM,20.0
TP02301,T02301,Chennai,VILLA,3,95379,FULLY_FURNISHED,True,SWIMMING_POOL,11.5
TP02302,T02302,Mumbai,HOUSE,1,39362,UNFURNISHED,False,GYM,28.6
TP02303,T02303,Chennai,PG,2,60454,SEMI_FURNISHED,False,POWER_BACKUP,17.0
TP02304,T02304,Bangalore,VILLA,2,91237,UNFURNISHED,True,LIFT,8.5
TP02305,T02305,Kolkata,VILLA,3,52106,FULLY_FURNISHED,False,CLUBHOUSE,21.0
TP02306,T02306,Hyderabad,VILLA,1,72670,UNFURNISHED,False,CLUBHOUSE,13.8
TP02307,T02307,Bangalore,HOUSE,2,83710,UNFURNISHED,True,PARKING,2.2
TP02308,T02308,Chennai,VILLA,3,54287,FULLY_FURNISHED,True,CLUBHOUSE,16.1
TP02309,T02309,Bangalore,HOUSE,2,19718,FULLY_FURNISHED,True,SECURITY,12.6
TP02310,T02310,Delhi,HOUSE,1,89722,FULLY_FURNISHED,False,WIFI,16.6
TP02311,T02311,Delhi,VILLA,3,52320,UNFURNISHED,False,PARKING,12.1
TP02312,T02312,Kolkata,VILLA,3,69832,UNFURNISHED,False,AIR_CONDITIONING,5.6
TP02313,T02313,Kolkata,VILLA,2,30037,UNFURNISHED,False,AIR_CONDITIONING,21.1
TP02314,T02314,Chennai,APARTMENT,1,108139,FULLY_FURNISHED,False,SECURITY,14.4
TP02315,T02315,Hyderabad,VILLA,3,85521,FULLY_FURNISHED,True,WIFI,4.3
TP02316,T02316,Kolkata,VILLA,3,63884,FULLY_FURNISHED,True,PARKING,29.1
TP02317,T02317,Chennai,VILLA,2,29246,SEMI_FURNISHED,True,SWIMMING_POOL,21.7
TP02318,T02318,Mumbai,HOUSE,1,115328,UNFURNISHED,True,SECURITY,6.9
TP02319,T02319,Mumbai,PG,2,56739,UNFURNISHED,True,GARDEN,24.9
TP02320,T02320,Mumbai,APARTMENT,1,74888,UNFURNISHED,False,SWIMMING_POOL,10.8
TP02321,T02321,Hyderabad,VILLA,1,23154,SEMI_FURNISHED,True,WIFI,18.5
TP02322,T02322,Hyderabad,PG,3,97273,SEMI_FURNISHED,False,LIFT,5.9
TP02323,T02323,Bangalore,APARTMENT,3,82489,FULLY_FURNISHED,True,CLUBHOUSE,8.2
TP02324,T02324,Bangalore,APARTMENT,3,95801,SEMI_FURNISHED,False,WIFI,27.9
TP02325,T02325,Chennai,APARTMENT,2,112947,SEMI_FURNISHED,False,LIFT,28.2
TP02326,T02326,Mumbai,VILLA,3,63276,SEMI_FURNISHED,False,GARDEN,20.4
TP02327,T02327,Kolkata,PG,2,75695,FULLY_FURNISHED,False,SWIMMING_POOL,5.0
TP02328,T02328,Kolkata,HOUSE,3,92895,FULLY_FURNISHED,False,SWIMMING_POOL,26.9
TP02329,T02329,Hyderabad,PG,3,35693,UNFURNISHED,False,POWER_BACKUP,12.4
TP02330,T02330,Mumbai,HOUSE,2,18776,UNFURNISHED,True,AIR_CONDITIONING,18.1
TP02331,T02331,Delhi,HOUSE,3,44847,FULLY_FURNISHED,True,GYM,18.9
TP02332,T02332,Bangalore,VILLA,3,101830,FULLY_FURNISHED,True,GYM,7.1
TP02333,T02333,Kolkata,APARTMENT,2,111672,SEMI_FURNISHED,True,WIFI,9.5
TP02334,T02334,Delhi,HOUSE,3,23483,FULLY_FURNISHED,True,PARKING,17.2
TP02335,T02335,Delhi,PG,1,74431,UNFURNISHED,False,GARDEN,2.8
TP02336,T02336,Kolkata,APARTMENT,3,76125,UNFURNISHED,False,GARDEN,9.9
TP02337,T02337,Bangalore,VILLA,2,33254,FULLY_FURNISHED,True,SWIMMING_POOL,10.2
TP02338,T02338,Hyderabad,HOUSE,2,85634,FULLY_FURNISHED,False,WIFI,14.6
TP02339,T02339,Mumbai,PG,1,42817,UNFURNISHED,True,LIFT,29.1
TP02340,T02340,Mumbai,HOUSE,2,86839,SEMI_FURNISHED,False,GYM,26.3
TP02341,T02341,Hyderabad,HOUSE,3,53463,FULLY_FURNISHED,False,LIFT,7.5
TP02342,T02342,Hyderabad,VILLA,2,76055,SEMI_FURNISHED,True,SECURITY,21.7
TP02343,T02343,Hyderabad,VILLA,3,57537,SEMI_FURNISHED,True,SECURITY,10.1
TP02344,T02344,Bangalore,PG,2,52301,FULLY_FURNISHED,True,PARKING,27.0
TP02345,T02345,Chennai,APARTMENT,2,59112,FULLY_FURNISHED,False,WIFI,11.4
TP02346,T02346,Mumbai,VILLA,3,52494,UNFURNISHED,True,PARKING,24.4
TP02347,T02347,Kolkata,PG,2,69421,UNFURNISHED,True,POWER_BACKUP,19.3
TP02348,T02348,Hyderabad,VILLA,2,108796,UNFURNISHED,False,AIR_CONDITIONING,24.0
TP02349,T02349,Chennai,PG,2,58378,FULLY_FURNISHED,False,CLUBHOUSE,13.7
TP02350,T02350,Delhi,HOUSE,1,47254,SEMI_FURNISHED,True,AIR_CONDITIONING,5.4
TP02351,T02351,Bangalore,HOUSE,1,66168,FULLY_FURNISHED,False,CLUBHOUSE,19.7
TP02352,T02352,Hyderabad,VILLA,2,19180,FULLY_FURNISHED,False,SECURITY,7.3
TP02353,T02353,Delhi,PG,3,13100,SEMI_FURNISHED,False,SWIMMING_POOL,22.0
TP02354,T02354,Hyderabad,PG,2,27470,UNFURNISHED,False,PARKING,16.3
TP02355,T02355,Kolkata,PG,3,97744,FULLY_FURNISHED,False,AIR_CONDITIONING,2.6
TP02356,T02356,Kolkata,APARTMENT,3,94178,UNFURNISHED,False,GYM,7.1
TP02357,T02357,Hyderabad,HOUSE,1,86215,FULLY_FURNISHED,False,GARDEN,16.8
TP02358,T02358,Hyderabad,VILLA,2,52842,UNFURNISHED,True,WIFI,6.7
TP02359,T02359,Mumbai,VILLA,1,47440,SEMI_FURNISHED,True,LIFT,2.4
TP02360,T02360,Bangalore,VILLA,2,85442,SEMI_FURNISHED,True,PARKING,24.3
TP02361,T02361,Kolkata,VILLA,2,22724,SEMI_FURNISHED,False,LIFT,17.3
TP02362,T02362,Chennai,VILLA,2,91456,UNFURNISHED,False,WIFI,23.1
TP02363,T02363,Delhi,PG,2,115302,UNFURNISHED,False,CLUBHOUSE,21.4
TP02364,T02364,Bangalore,PG,3,106693,UNFURNISHED,False,GYM,11.0
TP02365,T02365,Delhi,APARTMENT,3,104722,FULLY_FURNISHED,True,LIFT,4.2
TP02366,T02366,Kolkata,PG,2,33864,FULLY_FURNISHED,True,CLUBHOUSE,10.3
TP02367,T02367,Delhi,APARTMENT,2,95291,UNFURNISHED,False,SWIMMING_POOL,20.5
TP02368,T02368,Chennai,PG,3,25099,UNFURNISHED,True,POWER_BACKUP,29.9
TP02369,T02369,Hyderabad,HOUSE,1,65633,UNFURNISHED,False,AIR_CONDITIONING,26.2
TP02370,T02370,Chennai,APARTMENT,1,65421,FULLY_FURNISHED,False,PARKING,5.6
TP02371,T02371,Kolkata,HOUSE,1,98020,UNFURNISHED,True,SWIMMING_POOL,21.8
TP02372,T02372,Chennai,PG,2,32189,FULLY_FURNISHED,False,SECURITY,6.1
TP02373,T02373,Kolkata,HOUSE,2,63792,UNFURNISHED,False,POWER_BACKUP,7.0
TP02374,T02374,Delhi,HOUSE,2,73375,SEMI_FURNISHED,True,GARDEN,25.2
TP02375,T02375,Hyderabad,PG,3,14900,FULLY_FURNISHED,True,LIFT,26.8
TP02376,T02376,Chennai,VILLA,1,24617,SEMI_FURNISHED,True,LIFT,14.9
TP02377,T02377,Delhi,PG,2,54167,FULLY_FURNISHED,True,GARDEN,25.0
TP02378,T02378,Hyderabad,HOUSE,1,98548,FULLY_FURNISHED,False,SWIMMING_POOL,3.4
TP02379,T02379,Bangalore,HOUSE,1,119777,SEMI_FURNISHED,True,CLUBHOUSE,29.6
TP02380,T02380,Chennai,VILLA,1,21134,FULLY_FURNISHED,True,CLUBHOUSE,15.2
TP02381,T02381,Mumbai,VILLA,3,42901,UNFURNISHED,False,AIR_CONDITIONING,20.9
TP02382,T02382,Hyderabad,VILLA,3,84661,SEMI_FURNISHED,False,SWIMMING_POOL,21.3
TP02383,T02383,Bangalore,PG,2,60179,SEMI_FURNISHED,False,AIR_CONDITIONING,26.4
TP02384,T02384,Delhi,PG,1,116967,SEMI_FURNISHED,False,GARDEN,23.1
TP02385,T02385,Bangalore,PG,2,93261,FULLY_FURNISHED,False,PARKING,2.9
TP02386,T02386,Hyderabad,HOUSE,3,14085,SEMI_FURNISHED,False,CLUBHOUSE,27.9
TP02387,T02387,Delhi,PG,2,81650,SEMI_FURNISHED,False,AIR_CONDITIONING,8.8
TP02388,T02388,Hyderabad,APARTMENT,2,31097,FULLY_FURNISHED,True,POWER_BACKUP,6.3
TP02389,T02389,Chennai,PG,2,61704,FULLY_FURNISHED,False,POWER_BACKUP,22.0
TP02390,T02390,Kolkata,HOUSE,1,70452,SEMI_FURNISHED,True,GYM,5.4
TP02391,T02391,Mumbai,APARTMENT,3,59233,UNFURNISHED,False,SWIMMING_POOL,12.0
TP02392,T02392,Mumbai,PG,2,30436,SEMI_FURNISHED,False,AIR_CONDITIONING,29.9
TP02393,T02393,Bangalore,HOUSE,3,46663,FULLY_FURNISHED,False,POWER_BACKUP,14.1
TP02394,T02394,Delhi,APARTMENT,2,97693,SEMI_FURNISHED,True,GARDEN,10.7
TP02395,T02395,Bangalore,VILLA,2,62673,UNFURNISHED,False,AIR_CONDITIONING,6.5
TP02396,T02396,Kolkata,PG,3,22863,SEMI_FURNISHED,True,PARKING,29.9
TP02397,T02397,Mumbai,HOUSE,3,35724,FULLY_FURNISHED,False,GYM,18.3
TP02398,T02398,Chennai,APARTMENT,3,33750,SEMI_FURNISHED,False,AIR_CONDITIONING,10.0
TP02399,T02399,Bangalore,APARTMENT,1,70398,UNFURNISHED,False,POWER_BACKUP,4.7
TP02400,T02400,Mumbai,HOUSE,1,118902,FULLY_FURNISHED,True,PARKING,26.4
TP02401,T02401,Bangalore,HOUSE,2,119722,SEMI_FURNISHED,True,SWIMMING_POOL,2.6
TP02402,T02402,Kolkata,HOUSE,2,119017,SEMI_FURNISHED,False,AIR_CONDITIONING,21.0
TP02403,T02403,Bangalore,VILLA,2,37436,UNFURNISHED,False,GYM,16.2
TP02404,T02404,Bangalore,APARTMENT,1,27996,SEMI_FURNISHED,True,WIFI,23.3
TP02405,T02405,Delhi,HOUSE,3,53235,SEMI_FURNISHED,True,POWER_BACKUP,8.4
TP02406,T02406,Hyderabad,HOUSE,3,47704,UNFURNISHED,False,GYM,12.9
TP02407,T02407,Mumbai,APARTMENT,3,69378,UNFURNISHED,True,POWER_BACKUP,12.4
TP02408,T02408,Kolkata,APARTMENT,1,88595,SEMI_FURNISHED,False,WIFI,4.3
TP02409,T02409,Mumbai,APARTMENT,2,67280,UNFURNISHED,False,POWER_BACKUP,20.2
TP02410,T02410,Delhi,PG,1,57070,UNFURNISHED,True,PARKING,24.1
TP02411,T02411,Chennai,PG,3,91860,FULLY_FURNISHED,False,SECURITY,17.4
TP02412,T02412,Hyderabad,HOUSE,1,89597,SEMI_FURNISHED,True,PARKING,8.5
TP02413,T02413,Hyderabad,PG,1,100119,FULLY_FURNISHED,True,LIFT,4.6
TP02414,T02414,Chennai,VILLA,2,111078,SEMI_FURNISHED,True,GARDEN,29.7
TP02415,T02415,Chennai,HOUSE,3,116180,FULLY_FURNISHED,False,LIFT,23.8
TP02416,T02416,Mumbai,APARTMENT,1,117054,UNFURNISHED,True,CLUBHOUSE,11.1
TP02417,T02417,Delhi,PG,2,55047,FULLY_FURNISHED,False,PARKING,26.0
TP02418,T02418,Hyderabad,VILLA,1,21463,UNFURNISHED,True,GYM,15.0
TP02419,T02419,Delhi,PG,2,107920,SEMI_FURNISHED,True,CLUBHOUSE,28.2
TP02420,T02420,Hyderabad,HOUSE,1,119946,SEMI_FURNISHED,False,SECURITY,27.7
TP02421,T02421,Kolkata,APARTMENT,2,98436,FULLY_FURNISHED,False,GYM,21.5
TP02422,T02422,Delhi,APARTMENT,3,81862,UNFURNISHED,False,SECURITY,8.2
TP02423,T02423,Mumbai,HOUSE,1,17473,FULLY_FURNISHED,True,GARDEN,29.7
TP02424,T02424,Delhi,HOUSE,2,37297,FULLY_FURNISHED,True,AIR_CONDITIONING,19.9
TP02425,T02425,Chennai,APARTMENT,3,39982,UNFURNISHED,False,CLUBHOUSE,24.3
TP02426,T02426,Chennai,HOUSE,1,118701,FULLY_FURNISHED,True,AIR_CONDITIONING,16.8
TP02427,T02427,Delhi,VILLA,3,113760,SEMI_FURNISHED,True,PARKING,27.3
TP02428,T02428,Bangalore,VILLA,1,76815,FULLY_FURNISHED,True,WIFI,5.6
TP02429,T02429,Delhi,APARTMENT,2,85254,SEMI_FURNISHED,False,GARDEN,19.1
TP02430,T02430,Hyderabad,PG,3,110058,FULLY_FURNISHED,False,PARKING,14.5
TP02431,T02431,Bangalore,PG,2,61434,FULLY_FURNISHED,False,WIFI,26.8
TP02432,T02432,Hyderabad,APARTMENT,1,111607,UNFURNISHED,True,POWER_BACKUP,19.7
TP02433,T02433,Kolkata,VILLA,3,51484,FULLY_FURNISHED,True,AIR_CONDITIONING,23.1
TP02434,T02434,Kolkata,VILLA,2,19153,UNFURNISHED,True,SWIMMING_POOL,18.0
TP02435,T02435,Hyderabad,PG,1,98074,FULLY_FURNISHED,False,GARDEN,9.2
TP02436,T02436,Kolkata,VILLA,3,95768,FULLY_FURNISHED,False,GYM,10.9
TP02437,T02437,Bangalore,HOUSE,3,51177,SEMI_FURNISHED,True,AIR_CONDITIONING,14.0
TP02438,T02438,Kolkata,HOUSE,3,113947,UNFURNISHED,True,LIFT,27.9
TP02439,T02439,Mumbai,HOUSE,3,45776,UNFURNISHED,True,WIFI,3.0
TP02440,T02440,Delhi,VILLA,3,61150,SEMI_FURNISHED,True,GARDEN,7.7
TP02441,T02441,Mumbai,APARTMENT,3,59011,FULLY_FURNISHED,False,GYM,19.6
TP02442,T02442,Mumbai,HOUSE,3,104614,SEMI_FURNISHED,True,AIR_CONDITIONING,6.7
TP02443,T02443,Kolkata,APARTMENT,2,32016,UNFURNISHED,False,AIR_CONDITIONING,4.6
TP02444,T02444,Delhi,VILLA,1,19400,FULLY_FURNISHED,False,POWER_BACKUP,24.5
TP02445,T02445,Chennai,APARTMENT,2,97922,SEMI_FURNISHED,False,POWER_BACKUP,20.3
TP02446,T02446,Chennai,PG,2,48172,FULLY_FURNISHED,False,CLUBHOUSE,27.0
TP02447,T02447,Mumbai,VILLA,1,17011,SEMI_FURNISHED,True,CLUBHOUSE,13.9
TP02448,T02448,Mumbai,VILLA,3,15315,UNFURNISHED,False,SWIMMING_POOL,3.3
TP02449,T02449,Delhi,PG,2,83076,UNFURNISHED,False,SECURITY,5.7
TP02450,T02450,Bangalore,APARTMENT,2,75713,UNFURNISHED,False,AIR_CONDITIONING,20.8
TP02451,T02451,Delhi,VILLA,1,104561,SEMI_FURNISHED,False,LIFT,20.8
TP02452,T02452,Mumbai,PG,1,13975,FULLY_FURNISHED,True,LIFT,7.9
TP02453,T02453,Kolkata,HOUSE,2,26788,FULLY_FURNISHED,False,CLUBHOUSE,4.9
TP02454,T02454,Hyderabad,PG,2,70451,FULLY_FURNISHED,False,PARKING,22.8
TP02455,T02455,Bangalore,HOUSE,3,28458,UNFURNISHED,True,SECURITY,19.1
TP02456,T02456,Bangalore,VILLA,1,108811,FULLY_FURNISHED,False,LIFT,17.6
TP02457,T02457,Delhi,HOUSE,1,61847,SEMI_FURNISHED,True,CLUBHOUSE,16.7
TP02458,T02458,Delhi,VILLA,2,27867,SEMI_FURNISHED,True,WIFI,14.3
TP02459,T02459,Delhi,HOUSE,2,85466,SEMI_FURNISHED,True,POWER_BACKUP,16.0
TP02460,T02460,Bangalore,PG,3,52977,FULLY_FURNISHED,False,POWER_BACKUP,17.3
TP02461,T02461,Delhi,HOUSE,3,91092,SEMI_FURNISHED,False,POWER_BACKUP,2.3
TP02462,T02462,Chennai,VILLA,1,33336,SEMI_FURNISHED,False,POWER_BACKUP,7.0
TP02463,T02463,Hyderabad,VILLA,1,109322,SEMI_FURNISHED,True,POWER_BACKUP,3.6
TP02464,T02464,Hyderabad,VILLA,2,40015,SEMI_FURNISHED,False,PARKING,26.7
TP02465,T02465,Bangalore,PG,2,119654,UNFURNISHED,False,SWIMMING_POOL,22.8
TP02466,T02466,Kolkata,HOUSE,1,49824,UNFURNISHED,True,CLUBHOUSE,26.5
TP02467,T02467,Delhi,APARTMENT,3,44098,SEMI_FURNISHED,False,CLUBHOUSE,23.9
TP02468,T02468,Bangalore,HOUSE,2,57616,SEMI_FURNISHED,True,CLUBHOUSE,16.4
TP02469,T02469,Bangalore,VILLA,3,83168,FULLY_FURNISHED,False,WIFI,22.0
TP02470,T02470,Hyderabad,VILLA,2,29361,FULLY_FURNISHED,True,CLUBHOUSE,23.4
TP02471,T02471,Kolkata,HOUSE,3,79975,FULLY_FURNISHED,True,LIFT,12.3
TP02472,T02472,Hyderabad,PG,2,50033,SEMI_FURNISHED,False,PARKING,21.0
TP02473,T02473,Chennai,PG,2,76913,UNFURNISHED,True,WIFI,13.8
TP02474,T02474,Chennai,HOUSE,1,30073,FULLY_FURNISHED,True,SECURITY,23.5
TP02475,T02475,Chennai,HOUSE,2,83075,FULLY_FURNISHED,False,POWER_BACKUP,10.8
TP02476,T02476,Delhi,VILLA,2,118490,UNFURNISHED,False,GYM,20.6
TP02477,T02477,Mumbai,VILLA,3,56019,UNFURNISHED,False,AIR_CONDITIONING,16.0
TP02478,T02478,Chennai,HOUSE,1,62649,UNFURNISHED,True,SECURITY,14.0
TP02479,T02479,Chennai,HOUSE,3,38797,FULLY_FURNISHED,False,POWER_BACKUP,22.0
TP02480,T02480,Chennai,VILLA,1,119013,UNFURNISHED,True,SECURITY,12.1
TP02481,T02481,Bangalore,APARTMENT,2,22403,SEMI_FURNISHED,True,GARDEN,8.1
TP02482,T02482,Mumbai,PG,1,119176,UNFURNISHED,True,GARDEN,29.5
TP02483,T02483,Mumbai,HOUSE,1,113065,FULLY_FURNISHED,True,GYM,6.1
TP02484,T02484,Chennai,VILLA,1,32534,SEMI_FURNISHED,False,AIR_CONDITIONING,14.8
TP02485,T02485,Delhi,HOUSE,1,112482,FULLY_FURNISHED,True,PARKING,10.5
TP02486,T02486,Chennai,APARTMENT,3,70302,UNFURNISHED,False,WIFI,12.9
TP02487,T02487,Kolkata,PG,2,50959,UNFURNISHED,False,GYM,21.5
TP02488,T02488,Delhi,APARTMENT,1,82199,UNFURNISHED,False,CLUBHOUSE,27.6
TP02489,T02489,Delhi,VILLA,1,59958,UNFURNISHED,True,GYM,23.5
TP02490,T02490,Mumbai,VILLA,1,35289,FULLY_FURNISHED,False,GARDEN,13.3
TP02491,T02491,Chennai,VILLA,2,40699,UNFURNISHED,True,POWER_BACKUP,11.9
TP02492,T02492,Mumbai,HOUSE,3,16224,FULLY_FURNISHED,True,SECURITY,15.7
TP02493,T02493,Bangalore,PG,2,40010,SEMI_FURNISHED,False,SWIMMING_POOL,19.7
TP02494,T02494,Mumbai,HOUSE,1,63991,UNFURNISHED,True,LIFT,19.0
TP02495,T02495,Mumbai,VILLA,1,78556,FULLY_FURNISHED,True,LIFT,11.8
TP02496,T02496,Chennai,APARTMENT,1,103873,FULLY_FURNISHED,False,AIR_CONDITIONING,13.8
TP02497,T02497,Kolkata,APARTMENT,2,59658,UNFURNISHED,False,LIFT,26.0
TP02498,T02498,Chennai,VILLA,3,98315,FULLY_FURNISHED,True,CLUBHOUSE,15.8
TP02499,T02499,Delhi,VILLA,3,20404,SEMI_FURNISHED,True,POWER_BACKUP,2.7
TP02500,T02500,Mumbai,APARTMENT,1,110848,UNFURNISHED,False,AIR_CONDITIONING,13.4
TP02501,T02501,Kolkata,APARTMENT,2,24458,FULLY_FURNISHED,False,CLUBHOUSE,13.1
TP02502,T02502,Chennai,PG,1,117008,SEMI_FURNISHED,True,GARDEN,21.0
TP02503,T02503,Hyderabad,HOUSE,1,25000,FULLY_FURNISHED,True,LIFT,19.9
TP02504,T02504,Mumbai,APARTMENT,1,100858,FULLY_FURNISHED,False,WIFI,22.7
TP02505,T02505,Kolkata,HOUSE,1,92590,UNFURNISHED,False,GARDEN,29.3
TP02506,T02506,Mumbai,APARTMENT,1,16559,FULLY_FURNISHED,False,SECURITY,19.6
TP02507,T02507,Delhi,PG,2,82941,SEMI_FURNISHED,False,CLUBHOUSE,6.8
TP02508,T02508,Bangalore,PG,3,21056,SEMI_FURNISHED,False,GYM,25.5
TP02509,T02509,Bangalore,PG,1,76525,SEMI_FURNISHED,False,AIR_CONDITIONING,25.2
TP02510,T02510,Bangalore,HOUSE,3,114950,UNFURNISHED,True,LIFT,18.2
TP02511,T02511,Hyderabad,PG,3,39877,UNFURNISHED,False,CLUBHOUSE,23.4
TP02512,T02512,Hyderabad,HOUSE,1,76923,FULLY_FURNISHED,True,GYM,3.5
TP02513,T02513,Hyderabad,PG,2,16859,UNFURNISHED,True,POWER_BACKUP,29.7
TP02514,T02514,Delhi,VILLA,3,86257,SEMI_FURNISHED,True,GYM,18.6
TP02515,T02515,Kolkata,HOUSE,2,50068,SEMI_FURNISHED,True,LIFT,29.9
TP02516,T02516,Delhi,HOUSE,1,29940,FULLY_FURNISHED,False,WIFI,28.6
TP02517,T02517,Chennai,PG,2,44811,UNFURNISHED,False,GARDEN,4.0
TP02518,T02518,Kolkata,HOUSE,3,52031,UNFURNISHED,True,AIR_CONDITIONING,12.3
TP02519,T02519,Chennai,HOUSE,3,114089,UNFURNISHED,False,AIR_CONDITIONING,23.9
TP02520,T02520,Mumbai,APARTMENT,3,109196,SEMI_FURNISHED,False,SWIMMING_POOL,19.5
TP02521,T02521,Kolkata,PG,2,22556,FULLY_FURNISHED,True,POWER_BACKUP,7.2
TP02522,T02522,Mumbai,VILLA,3,70622,SEMI_FURNISHED,False,AIR_CONDITIONING,11.0
TP02523,T02523,Mumbai,PG,2,104572,UNFURNISHED,False,CLUBHOUSE,5.2
TP02524,T02524,Mumbai,PG,1,87920,SEMI_FURNISHED,True,PARKING,7.4
TP02525,T02525,Kolkata,PG,1,84844,FULLY_FURNISHED,False,WIFI,26.7
TP02526,T02526,Hyderabad,APARTMENT,1,36790,FULLY_FURNISHED,False,PARKING,24.4
TP02527,T02527,Chennai,VILLA,1,66733,FULLY_FURNISHED,False,GARDEN,17.1
TP02528,T02528,Delhi,APARTMENT,2,12266,UNFURNISHED,False,SWIMMING_POOL,17.2
TP02529,T02529,Kolkata,PG,3,103999,FULLY_FURNISHED,False,AIR_CONDITIONING,10.9
TP02530,T02530,Mumbai,VILLA,2,111658,FULLY_FURNISHED,False,PARKING,25.4
TP02531,T02531,Mumbai,HOUSE,2,19591,SEMI_FURNISHED,False,PARKING,14.0
TP02532,T02532,Bangalore,VILLA,1,111292,FULLY_FURNISHED,True,PARKING,15.9
TP02533,T02533,Chennai,VILLA,2,86344,SEMI_FURNISHED,True,LIFT,27.6
TP02534,T02534,Chennai,HOUSE,2,66695,FULLY_FURNISHED,False,AIR_CONDITIONING,17.5
TP02535,T02535,Mumbai,HOUSE,3,55777,SEMI_FURNISHED,True,CLUBHOUSE,8.6
TP02536,T02536,Delhi,HOUSE,1,29815,SEMI_FURNISHED,False,POWER_BACKUP,3.1
TP02537,T02537,Kolkata,APARTMENT,1,105798,UNFURNISHED,True,PARKING,3.7
TP02538,T02538,Chennai,APARTMENT,3,116850,UNFURNISHED,True,SECURITY,12.8
TP02539,T02539,Delhi,PG,1,34306,UNFURNISHED,True,POWER_BACKUP,6.7
TP02540,T02540,Chennai,HOUSE,2,46469,SEMI_FURNISHED,True,POWER_BACKUP,22.0
TP02541,T02541,Kolkata,PG,3,80172,SEMI_FURNISHED,True,WIFI,15.7
TP02542,T02542,Chennai,VILLA,1,92271,SEMI_FURNISHED,True,SECURITY,15.5
TP02543,T02543,Delhi,VILLA,1,34579,SEMI_FURNISHED,False,SWIMMING_POOL,27.2
TP02544,T02544,Delhi,PG,2,41225,SEMI_FURNISHED,True,LIFT,14.3
TP02545,T02545,Kolkata,PG,1,105701,UNFURNISHED,False,GYM,8.9
TP02546,T02546,Kolkata,PG,3,85460,FULLY_FURNISHED,False,WIFI,16.0
TP02547,T02547,Delhi,PG,3,26464,UNFURNISHED,False,WIFI,7.1
TP02548,T02548,Hyderabad,HOUSE,3,116912,SEMI_FURNISHED,False,AIR_CONDITIONING,18.3
TP02549,T02549,Kolkata,APARTMENT,1,119487,FULLY_FURNISHED,False,WIFI,29.3
TP02550,T02550,Bangalore,HOUSE,3,106061,UNFURNISHED,True,GARDEN,12.9
TP02551,T02551,Kolkata,APARTMENT,3,14864,UNFURNISHED,False,GYM,14.0
TP02552,T02552,Kolkata,HOUSE,2,102146,SEMI_FURNISHED,True,SECURITY,20.8
TP02553,T02553,Bangalore,HOUSE,2,37369,SEMI_FURNISHED,False,GARDEN,17.0
TP02554,T02554,Bangalore,APARTMENT,1,73210,UNFURNISHED,True,PARKING,28.7
TP02555,T02555,Chennai,PG,1,100172,FULLY_FURNISHED,True,SECURITY,2.1
TP02556,T02556,Delhi,VILLA,1,26535,UNFURNISHED,False,CLUBHOUSE,5.3
TP02557,T02557,Hyderabad,HOUSE,3,110420,FULLY_FURNISHED,False,AIR_CONDITIONING,12.8
TP02558,T02558,Bangalore,APARTMENT,3,54740,SEMI_FURNISHED,False,GARDEN,15.4
TP02559,T02559,Kolkata,APARTMENT,3,105383,UNFURNISHED,True,AIR_CONDITIONING,21.4
TP02560,T02560,Delhi,VILLA,1,54143,FULLY_FURNISHED,True,AIR_CONDITIONING,21.3
TP02561,T02561,Kolkata,HOUSE,2,43799,UNFURNISHED,True,POWER_BACKUP,19.2
TP02562,T02562,Bangalore,PG,1,86708,SEMI_FURNISHED,True,WIFI,18.2
TP02563,T02563,Delhi,PG,3,87812,SEMI_FURNISHED,False,PARKING,8.1
TP02564,T02564,Delhi,HOUSE,2,85039,FULLY_FURNISHED,False,GYM,7.0
TP02565,T02565,Chennai,APARTMENT,3,16923,FULLY_FURNISHED,False,LIFT,28.4
TP02566,T02566,Mumbai,APARTMENT,1,51954,UNFURNISHED,False,CLUBHOUSE,21.5
TP02567,T02567,Delhi,HOUSE,1,48052,UNFURNISHED,True,SWIMMING_POOL,3.2
TP02568,T02568,Mumbai,VILLA,2,80967,SEMI_FURNISHED,False,GARDEN,4.9
TP02569,T02569,Hyderabad,VILLA,2,47308,UNFURNISHED,False,CLUBHOUSE,8.2
TP02570,T02570,Delhi,VILLA,2,70659,FULLY_FURNISHED,False,SECURITY,21.2
TP02571,T02571,Chennai,APARTMENT,2,58323,UNFURNISHED,False,GYM,7.5
TP02572,T02572,Chennai,HOUSE,1,13902,UNFURNISHED,False,GARDEN,24.8
TP02573,T02573,Mumbai,HOUSE,2,27900,FULLY_FURNISHED,False,CLUBHOUSE,4.5
TP02574,T02574,Chennai,VILLA,2,35707,SEMI_FURNISHED,False,POWER_BACKUP,5.2
TP02575,T02575,Chennai,APARTMENT,2,80987,UNFURNISHED,True,GARDEN,29.9
TP02576,T02576,Mumbai,VILLA,1,57113,SEMI_FURNISHED,True,SWIMMING_POOL,7.2
TP02577,T02577,Kolkata,HOUSE,3,75896,SEMI_FURNISHED,False,GYM,23.8
TP02578,T02578,Bangalore,VILLA,1,101315,SEMI_FURNISHED,True,SWIMMING_POOL,11.6
TP02579,T02579,Delhi,APARTMENT,1,111312,UNFURNISHED,False,AIR_CONDITIONING,9.2
TP02580,T02580,Bangalore,VILLA,3,15880,FULLY_FURNISHED,True,POWER_BACKUP,6.6
TP02581,T02581,Mumbai,HOUSE,2,27347,UNFURNISHED,True,PARKING,29.4
TP02582,T02582,Mumbai,HOUSE,2,100590,FULLY_FURNISHED,True,CLUBHOUSE,16.3
TP02583,T02583,Mumbai,PG,2,92392,SEMI_FURNISHED,False,AIR_CONDITIONING,7.2
TP02584,T02584,Mumbai,HOUSE,3,16764,SEMI_FURNISHED,False,POWER_BACKUP,16.9
TP02585,T02585,Kolkata,HOUSE,2,39244,SEMI_FURNISHED,True,SWIMMING_POOL,12.7
TP02586,T02586,Kolkata,APARTMENT,3,110696,SEMI_FURNISHED,False,SECURITY,7.8
TP02587,T02587,Hyderabad,HOUSE,2,66491,FULLY_FURNISHED,False,GARDEN,22.3
TP02588,T02588,Hyderabad,PG,3,116420,SEMI_FURNISHED,True,WIFI,14.4
TP02589,T02589,Chennai,APARTMENT,1,94846,UNFURNISHED,True,AIR_CONDITIONING,8.0
TP02590,T02590,Kolkata,PG,2,94187,UNFURNISHED,False,GYM,28.9
TP02591,T02591,Bangalore,APARTMENT,2,69017,FULLY_FURNISHED,False,LIFT,9.4
TP02592,T02592,Mumbai,VILLA,1,13576,UNFURNISHED,True,AIR_CONDITIONING,16.0
TP02593,T02593,Kolkata,VILLA,3,22458,FULLY_FURNISHED,False,PARKING,27.8
TP02594,T02594,Delhi,PG,3,90542,FULLY_FURNISHED,False,AIR_CONDITIONING,29.8
TP02595,T02595,Kolkata,HOUSE,3,19562,FULLY_FURNISHED,False,SECURITY,11.8
TP02596,T02596,Hyderabad,PG,3,75999,SEMI_FURNISHED,True,SECURITY,5.4
TP02597,T02597,Delhi,HOUSE,2,50991,UNFURNISHED,False,GYM,3.1
TP02598,T02598,Hyderabad,APARTMENT,2,20450,FULLY_FURNISHED,True,PARKING,9.2
TP02599,T02599,Bangalore,VILLA,1,30490,UNFURNISHED,True,WIFI,25.6
TP02600,T02600,Hyderabad,VILLA,2,13388,UNFURNISHED,False,SWIMMING_POOL,20.4
TP02601,T02601,Mumbai,APARTMENT,1,32230,UNFURNISHED,False,SWIMMING_POOL,12.0
TP02602,T02602,Delhi,HOUSE,1,21064,SEMI_FURNISHED,True,WIFI,25.2
TP02603,T02603,Bangalore,APARTMENT,1,59904,FULLY_FURNISHED,False,WIFI,14.1
TP02604,T02604,Bangalore,VILLA,3,70209,FULLY_FURNISHED,False,SECURITY,19.1
TP02605,T02605,Hyderabad,HOUSE,1,43108,SEMI_FURNISHED,False,GYM,19.0
TP02606,T02606,Hyderabad,HOUSE,3,99230,SEMI_FURNISHED,False,LIFT,13.9
TP02607,T02607,Kolkata,HOUSE,1,56838,UNFURNISHED,False,SWIMMING_POOL,23.6
TP02608,T02608,Hyderabad,PG,3,118451,SEMI_FURNISHED,True,GARDEN,7.1
TP02609,T02609,Chennai,APARTMENT,1,41787,SEMI_FURNISHED,False,POWER_BACKUP,11.7
TP02610,T02610,Bangalore,VILLA,2,54300,FULLY_FURNISHED,True,LIFT,11.9
TP02611,T02611,Kolkata,HOUSE,2,51863,FULLY_FURNISHED,False,GYM,12.9
TP02612,T02612,Chennai,PG,3,108483,UNFURNISHED,False,PARKING,22.5
TP02613,T02613,Mumbai,VILLA,2,14441,SEMI_FURNISHED,False,GARDEN,2.3
TP02614,T02614,Hyderabad,HOUSE,2,27451,SEMI_FURNISHED,False,LIFT,24.8
TP02615,T02615,Delhi,HOUSE,1,84990,UNFURNISHED,False,AIR_CONDITIONING,18.0
TP02616,T02616,Mumbai,VILLA,3,26951,UNFURNISHED,False,GARDEN,8.5
TP02617,T02617,Delhi,APARTMENT,1,118157,UNFURNISHED,False,PARKING,20.3
TP02618,T02618,Bangalore,APARTMENT,2,18935,SEMI_FURNISHED,False,POWER_BACKUP,13.8
TP02619,T02619,Chennai,VILLA,2,68516,FULLY_FURNISHED,False,SWIMMING_POOL,23.9
TP02620,T02620,Hyderabad,VILLA,3,16931,UNFURNISHED,False,AIR_CONDITIONING,28.7
TP02621,T02621,Delhi,VILLA,1,18814,UNFURNISHED,False,LIFT,11.4
TP02622,T02622,Chennai,PG,3,25272,UNFURNISHED,True,POWER_BACKUP,2.8
TP02623,T02623,Delhi,APARTMENT,3,76414,UNFURNISHED,True,GYM,29.6
TP02624,T02624,Bangalore,HOUSE,3,104782,FULLY_FURNISHED,True,POWER_BACKUP,18.2
TP02625,T02625,Kolkata,HOUSE,1,119516,SEMI_FURNISHED,True,SECURITY,19.7
TP02626,T02626,Bangalore,APARTMENT,2,84407,UNFURNISHED,True,AIR_CONDITIONING,18.7
TP02627,T02627,Chennai,VILLA,1,52666,FULLY_FURNISHED,True,CLUBHOUSE,10.0
TP02628,T02628,Kolkata,HOUSE,2,117814,UNFURNISHED,False,LIFT,22.5
TP02629,T02629,Mumbai,VILLA,3,44981,UNFURNISHED,False,WIFI,26.6
TP02630,T02630,Bangalore,PG,1,89717,SEMI_FURNISHED,True,GYM,7.8
TP02631,T02631,Delhi,VILLA,2,70312,FULLY_FURNISHED,True,GARDEN,14.0
TP02632,T02632,Chennai,APARTMENT,1,14653,SEMI_FURNISHED,False,CLUBHOUSE,2.7
TP02633,T02633,Mumbai,VILLA,1,83120,SEMI_FURNISHED,True,WIFI,15.3
TP02634,T02634,Mumbai,APARTMENT,1,75279,FULLY_FURNISHED,True,CLUBHOUSE,7.4
TP02635,T02635,Mumbai,VILLA,3,46353,SEMI_FURNISHED,False,PARKING,10.1
TP02636,T02636,Bangalore,PG,3,43511,UNFURNISHED,False,PARKING,27.1
TP02637,T02637,Bangalore,VILLA,2,96481,FULLY_FURNISHED,False,PARKING,13.9
TP02638,T02638,Hyderabad,APARTMENT,2,97056,FULLY_FURNISHED,False,GARDEN,22.1
TP02639,T02639,Kolkata,PG,2,70398,SEMI_FURNISHED,False,SECURITY,3.1
TP02640,T02640,Kolkata,APARTMENT,3,42251,SEMI_FURNISHED,True,PARKING,18.4
TP02641,T02641,Bangalore,PG,3,18968,SEMI_FURNISHED,False,GYM,16.9
TP02642,T02642,Chennai,APARTMENT,2,93793,UNFURNISHED,True,POWER_BACKUP,27.3
TP02643,T02643,Bangalore,PG,2,86957,SEMI_FURNISHED,False,GYM,7.4
TP02644,T02644,Mumbai,HOUSE,3,115682,FULLY_FURNISHED,False,GARDEN,27.7
TP02645,T02645,Delhi,APARTMENT,1,38369,UNFURNISHED,False,AIR_CONDITIONING,22.3
TP02646,T02646,Kolkata,HOUSE,2,111329,UNFURNISHED,False,LIFT,20.8
TP02647,T02647,Chennai,HOUSE,2,82922,SEMI_FURNISHED,False,POWER_BACKUP,22.1
TP02648,T02648,Bangalore,PG,1,29659,SEMI_FURNISHED,True,PARKING,24.7
TP02649,T02649,Chennai,PG,1,62969,FULLY_FURNISHED,False,GYM,19.5
TP02650,T02650,Chennai,APARTMENT,3,19905,FULLY_FURNISHED,True,LIFT,17.7
TP02651,T02651,Mumbai,HOUSE,2,101323,FULLY_FURNISHED,False,PARKING,30.0
TP02652,T02652,Delhi,PG,2,106008,FULLY_FURNISHED,True,PARKING,26.5
TP02653,T02653,Hyderabad,HOUSE,1,90910,FULLY_FURNISHED,True,GARDEN,12.9
TP02654,T02654,Kolkata,PG,1,58335,FULLY_FURNISHED,False,PARKING,9.6
TP02655,T02655,Kolkata,VILLA,3,100112,SEMI_FURNISHED,False,WIFI,4.3
TP02656,T02656,Chennai,HOUSE,1,71004,FULLY_FURNISHED,False,LIFT,4.8
TP02657,T02657,Chennai,HOUSE,3,59143,UNFURNISHED,True,SECURITY,17.7
TP02658,T02658,Bangalore,VILLA,2,76539,UNFURNISHED,True,LIFT,14.1
TP02659,T02659,Bangalore,HOUSE,2,54118,UNFURNISHED,False,GARDEN,29.2
TP02660,T02660,Mumbai,VILLA,2,15526,SEMI_FURNISHED,False,PARKING,14.2
TP02661,T02661,Bangalore,HOUSE,3,112132,UNFURNISHED,False,SWIMMING_POOL,21.8
TP02662,T02662,Kolkata,HOUSE,3,52563,UNFURNISHED,True,POWER_BACKUP,20.4
TP02663,T02663,Mumbai,APARTMENT,1,40237,FULLY_FURNISHED,False,CLUBHOUSE,15.2
TP02664,T02664,Mumbai,HOUSE,2,114367,SEMI_FURNISHED,True,WIFI,9.4
TP02665,T02665,Delhi,PG,2,47506,FULLY_FURNISHED,False,GYM,2.3
TP02666,T02666,Hyderabad,HOUSE,1,12042,UNFURNISHED,False,GYM,24.1
TP02667,T02667,Mumbai,VILLA,1,74925,SEMI_FURNISHED,False,LIFT,15.1
TP02668,T02668,Delhi,APARTMENT,1,117244,UNFURNISHED,False,GYM,6.0
TP02669,T02669,Kolkata,HOUSE,3,14172,UNFURNISHED,False,PARKING,14.9
TP02670,T02670,Kolkata,APARTMENT,1,88121,SEMI_FURNISHED,False,PARKING,9.7
TP02671,T02671,Kolkata,APARTMENT,2,111135,FULLY_FURNISHED,False,GYM,25.4
TP02672,T02672,Kolkata,VILLA,1,35941,UNFURNISHED,False,PARKING,25.4
TP02673,T02673,Hyderabad,VILLA,1,41701,FULLY_FURNISHED,False,WIFI,14.3
TP02674,T02674,Kolkata,VILLA,3,43703,FULLY_FURNISHED,False,SWIMMING_POOL,19.5
TP02675,T02675,Kolkata,VILLA,2,63587,UNFURNISHED,False,CLUBHOUSE,17.1
TP02676,T02676,Hyderabad,VILLA,1,30900,SEMI_FURNISHED,False,WIFI,10.5
TP02677,T02677,Hyderabad,HOUSE,3,48109,UNFURNISHED,False,AIR_CONDITIONING,16.7
TP02678,T02678,Chennai,APARTMENT,2,13108,FULLY_FURNISHED,True,WIFI,14.6
TP02679,T02679,Delhi,PG,1,29750,FULLY_FURNISHED,True,SECURITY,7.4
TP02680,T02680,Chennai,HOUSE,1,109194,SEMI_FURNISHED,False,PARKING,26.0
TP02681,T02681,Chennai,VILLA,3,60895,UNFURNISHED,False,WIFI,14.9
TP02682,T02682,Delhi,PG,3,70661,FULLY_FURNISHED,False,GARDEN,9.7
TP02683,T02683,Delhi,APARTMENT,2,81813,UNFURNISHED,True,CLUBHOUSE,17.3
TP02684,T02684,Bangalore,HOUSE,1,100850,SEMI_FURNISHED,False,LIFT,13.4
TP02685,T02685,Bangalore,APARTMENT,3,100978,SEMI_FURNISHED,True,LIFT,26.9
TP02686,T02686,Chennai,VILLA,3,49770,FULLY_FURNISHED,True,GARDEN,10.9
TP02687,T02687,Bangalore,VILLA,1,52501,FULLY_FURNISHED,False,WIFI,3.6
TP02688,T02688,Delhi,APARTMENT,3,61805,SEMI_FURNISHED,False,GYM,29.4
TP02689,T02689,Mumbai,VILLA,1,112980,UNFURNISHED,True,LIFT,14.6
TP02690,T02690,Mumbai,HOUSE,2,97559,UNFURNISHED,False,POWER_BACKUP,29.5
TP02691,T02691,Chennai,APARTMENT,3,12556,FULLY_FURNISHED,False,AIR_CONDITIONING,11.8
TP02692,T02692,Bangalore,HOUSE,2,104427,UNFURNISHED,True,GARDEN,11.9
TP02693,T02693,Chennai,VILLA,3,97292,UNFURNISHED,True,WIFI,16.1
TP02694,T02694,Delhi,HOUSE,1,58393,SEMI_FURNISHED,False,SWIMMING_POOL,9.5
TP02695,T02695,Hyderabad,PG,2,94524,SEMI_FURNISHED,False,LIFT,24.9
TP02696,T02696,Kolkata,PG,2,17312,UNFURNISHED,False,LIFT,30.0
TP02697,T02697,Kolkata,VILLA,2,96375,UNFURNISHED,False,GARDEN,19.8
TP02698,T02698,Hyderabad,HOUSE,3,28843,SEMI_FURNISHED,True,GARDEN,13.0
TP02699,T02699,Hyderabad,VILLA,3,20284,FULLY_FURNISHED,False,WIFI,21.9
TP02700,T02700,Hyderabad,PG,1,77375,FULLY_FURNISHED,False,POWER_BACKUP,19.0
TP02701,T02701,Mumbai,VILLA,1,64658,FULLY_FURNISHED,False,WIFI,28.6
TP02702,T02702,Chennai,VILLA,2,20345,UNFURNISHED,True,POWER_BACKUP,22.2
TP02703,T02703,Kolkata,APARTMENT,1,45506,FULLY_FURNISHED,False,CLUBHOUSE,16.4
TP02704,T02704,Delhi,VILLA,3,36353,UNFURNISHED,False,GYM,3.4
TP02705,T02705,Hyderabad,PG,1,105136,UNFURNISHED,True,PARKING,8.0
TP02706,T02706,Chennai,PG,2,116988,SEMI_FURNISHED,True,SWIMMING_POOL,9.2
TP02707,T02707,Kolkata,HOUSE,1,117625,SEMI_FURNISHED,False,GYM,26.8
TP02708,T02708,Kolkata,APARTMENT,1,33707,SEMI_FURNISHED,False,CLUBHOUSE,25.9
TP02709,T02709,Chennai,APARTMENT,2,87196,SEMI_FURNISHED,False,WIFI,12.9
TP02710,T02710,Mumbai,PG,3,109259,SEMI_FURNISHED,True,GYM,24.6
TP02711,T02711,Hyderabad,PG,3,96427,FULLY_FURNISHED,False,POWER_BACKUP,17.7
TP02712,T02712,Delhi,PG,2,14844,UNFURNISHED,True,PARKING,28.2
TP02713,T02713,Kolkata,HOUSE,2,103927,SEMI_FURNISHED,True,GARDEN,26.1
TP02714,T02714,Bangalore,PG,2,19655,SEMI_FURNISHED,False,GYM,25.6
TP02715,T02715,Delhi,APARTMENT,2,102631,UNFURNISHED,False,GARDEN,8.6
TP02716,T02716,Chennai,HOUSE,1,21563,FULLY_FURNISHED,False,CLUBHOUSE,22.1
TP02717,T02717,Bangalore,PG,1,13118,FULLY_FURNISHED,True,CLUBHOUSE,4.4
TP02718,T02718,Bangalore,APARTMENT,1,88039,UNFURNISHED,True,SECURITY,5.2
TP02719,T02719,Bangalore,APARTMENT,3,46852,UNFURNISHED,True,CLUBHOUSE,6.7
TP02720,T02720,Delhi,PG,2,119781,SEMI_FURNISHED,True,LIFT,7.5
TP02721,T02721,Mumbai,HOUSE,2,52699,SEMI_FURNISHED,False,GARDEN,4.3
TP02722,T02722,Hyderabad,HOUSE,3,77515,UNFURNISHED,False,SECURITY,25.5
TP02723,T02723,Delhi,PG,2,76954,SEMI_FURNISHED,True,WIFI,21.8
TP02724,T02724,Bangalore,APARTMENT,2,114387,FULLY_FURNISHED,False,SWIMMING_POOL,28.6
TP02725,T02725,Hyderabad,HOUSE,1,20429,SEMI_FURNISHED,True,SWIMMING_POOL,28.9
TP02726,T02726,Chennai,PG,2,29612,SEMI_FURNISHED,True,PARKING,6.3
TP02727,T02727,Delhi,PG,2,24518,SEMI_FURNISHED,True,GARDEN,23.6
TP02728,T02728,Kolkata,APARTMENT,3,98786,UNFURNISHED,False,SWIMMING_POOL,8.3
TP02729,T02729,Bangalore,APARTMENT,2,56935,UNFURNISHED,False,LIFT,16.7
TP02730,T02730,Mumbai,VILLA,2,56251,UNFURNISHED,False,POWER_BACKUP,16.2
TP02731,T02731,Kolkata,VILLA,3,58128,FULLY_FURNISHED,True,SECURITY,19.5
TP02732,T02732,Kolkata,HOUSE,3,17925,SEMI_FURNISHED,False,AIR_CONDITIONING,3.2
TP02733,T02733,Kolkata,PG,2,32595,UNFURNISHED,True,AIR_CONDITIONING,25.8
TP02734,T02734,Bangalore,PG,2,18455,UNFURNISHED,False,POWER_BACKUP,6.8
TP02735,T02735,Delhi,HOUSE,2,105997,SEMI_FURNISHED,True,WIFI,20.8
TP02736,T02736,Hyderabad,APARTMENT,3,62138,SEMI_FURNISHED,False,WIFI,22.5
TP02737,T02737,Delhi,HOUSE,1,76019,FULLY_FURNISHED,False,SECURITY,16.1
TP02738,T02738,Bangalore,APARTMENT,1,108219,FULLY_FURNISHED,True,LIFT,19.7
TP02739,T02739,Bangalore,APARTMENT,1,51321,FULLY_FURNISHED,False,LIFT,28.2
TP02740,T02740,Mumbai,VILLA,2,26411,FULLY_FURNISHED,True,CLUBHOUSE,8.1
TP02741,T02741,Delhi,APARTMENT,1,38878,FULLY_FURNISHED,True,SWIMMING_POOL,9.2
TP02742,T02742,Hyderabad,APARTMENT,3,34070,UNFURNISHED,True,GYM,16.7
TP02743,T02743,Delhi,HOUSE,2,106383,UNFURNISHED,True,GYM,6.5
TP02744,T02744,Mumbai,HOUSE,2,57965,UNFURNISHED,True,POWER_BACKUP,27.9
TP02745,T02745,Bangalore,PG,2,98593,FULLY_FURNISHED,False,GYM,13.8
TP02746,T02746,Bangalore,PG,3,97098,SEMI_FURNISHED,True,GYM,26.4
TP02747,T02747,Mumbai,HOUSE,1,89093,SEMI_FURNISHED,False,SWIMMING_POOL,15.4
TP02748,T02748,Bangalore,APARTMENT,3,119439,SEMI_FURNISHED,True,GARDEN,3.3
TP02749,T02749,Bangalore,PG,3,47058,UNFURNISHED,False,POWER_BACKUP,19.0
TP02750,T02750,Bangalore,APARTMENT,2,38521,FULLY_FURNISHED,True,SWIMMING_POOL,20.8
TP02751,T02751,Kolkata,VILLA,2,26986,FULLY_FURNISHED,True,POWER_BACKUP,7.7
TP02752,T02752,Chennai,APARTMENT,3,30293,SEMI_FURNISHED,False,POWER_BACKUP,25.2
TP02753,T02753,Chennai,HOUSE,1,18034,FULLY_FURNISHED,True,GYM,24.1
TP02754,T02754,Hyderabad,APARTMENT,3,45685,SEMI_FURNISHED,True,PARKING,13.8
TP02755,T02755,Bangalore,PG,3,18996,SEMI_FURNISHED,False,AIR_CONDITIONING,10.8
TP02756,T02756,Mumbai,VILLA,2,73344,UNFURNISHED,False,WIFI,5.5
TP02757,T02757,Delhi,PG,1,74481,FULLY_FURNISHED,True,WIFI,20.4
TP02758,T02758,Delhi,APARTMENT,2,117851,FULLY_FURNISHED,True,PARKING,14.6
TP02759,T02759,Delhi,PG,3,12474,UNFURNISHED,True,AIR_CONDITIONING,5.5
TP02760,T02760,Delhi,VILLA,2,29348,SEMI_FURNISHED,True,PARKING,8.8
TP02761,T02761,Chennai,HOUSE,3,67371,FULLY_FURNISHED,False,CLUBHOUSE,26.2
TP02762,T02762,Mumbai,PG,1,119018,UNFURNISHED,True,SWIMMING_POOL,24.4
TP02763,T02763,Bangalore,PG,1,49779,UNFURNISHED,False,AIR_CONDITIONING,29.7
TP02764,T02764,Mumbai,APARTMENT,2,32961,FULLY_FURNISHED,True,WIFI,22.5
TP02765,T02765,Hyderabad,VILLA,1,20998,SEMI_FURNISHED,True,WIFI,13.2
TP02766,T02766,Delhi,APARTMENT,1,55319,SEMI_FURNISHED,False,LIFT,10.9
TP02767,T02767,Kolkata,PG,2,41641,UNFURNISHED,False,SECURITY,15.1
TP02768,T02768,Mumbai,HOUSE,2,69394,FULLY_FURNISHED,True,CLUBHOUSE,16.7
TP02769,T02769,Hyderabad,VILLA,1,88359,UNFURNISHED,False,WIFI,17.4
TP02770,T02770,Bangalore,VILLA,1,32055,FULLY_FURNISHED,True,SECURITY,5.7
TP02771,T02771,Chennai,APARTMENT,3,97670,SEMI_FURNISHED,True,GARDEN,7.7
TP02772,T02772,Bangalore,PG,1,58519,SEMI_FURNISHED,True,SWIMMING_POOL,25.6
TP02773,T02773,Kolkata,HOUSE,3,45856,SEMI_FURNISHED,False,WIFI,8.9
TP02774,T02774,Hyderabad,VILLA,1,22321,UNFURNISHED,False,CLUBHOUSE,24.8
TP02775,T02775,Bangalore,APARTMENT,1,107711,SEMI_FURNISHED,True,SECURITY,9.9
TP02776,T02776,Chennai,VILLA,2,81092,SEMI_FURNISHED,False,AIR_CONDITIONING,22.9
TP02777,T02777,Bangalore,VILLA,1,101883,UNFURNISHED,True,LIFT,4.7
TP02778,T02778,Chennai,VILLA,2,57628,UNFURNISHED,True,CLUBHOUSE,19.4
TP02779,T02779,Kolkata,PG,3,56341,FULLY_FURNISHED,False,GYM,24.6
TP02780,T02780,Mumbai,VILLA,1,110814,SEMI_FURNISHED,True,PARKING,14.6
TP02781,T02781,Delhi,HOUSE,3,96397,UNFURNISHED,False,WIFI,19.5
TP02782,T02782,Chennai,VILLA,3,29904,SEMI_FURNISHED,False,GYM,27.7
TP02783,T02783,Mumbai,PG,2,102344,FULLY_FURNISHED,False,GARDEN,28.8
TP02784,T02784,Bangalore,HOUSE,1,60320,UNFURNISHED,True,CLUBHOUSE,24.0
TP02785,T02785,Delhi,APARTMENT,3,72621,UNFURNISHED,False,GARDEN,2.5
TP02786,T02786,Chennai,VILLA,2,112717,FULLY_FURNISHED,True,POWER_BACKUP,11.0
TP02787,T02787,Bangalore,APARTMENT,1,68293,SEMI_FURNISHED,True,GARDEN,5.8
TP02788,T02788,Bangalore,APARTMENT,1,91809,SEMI_FURNISHED,False,PARKING,25.7
TP02789,T02789,Delhi,PG,2,65737,FULLY_FURNISHED,False,POWER_BACKUP,14.4
TP02790,T02790,Bangalore,PG,1,28206,SEMI_FURNISHED,True,POWER_BACKUP,16.9
TP02791,T02791,Chennai,PG,2,17035,UNFURNISHED,True,LIFT,27.2
TP02792,T02792,Mumbai,APARTMENT,1,103681,SEMI_FURNISHED,False,CLUBHOUSE,21.6
TP02793,T02793,Bangalore,APARTMENT,2,46510,FULLY_FURNISHED,True,WIFI,7.1
TP02794,T02794,Delhi,VILLA,1,100883,FULLY_FURNISHED,True,LIFT,3.3
TP02795,T02795,Bangalore,APARTMENT,3,111148,FULLY_FURNISHED,True,CLUBHOUSE,15.5
TP02796,T02796,Kolkata,APARTMENT,3,79224,FULLY_FURNISHED,False,GYM,23.0
TP02797,T02797,Mumbai,APARTMENT,1,110289,UNFURNISHED,True,PARKING,15.3
TP02798,T02798,Kolkata,HOUSE,2,116755,FULLY_FURNISHED,False,GYM,12.5
TP02799,T02799,Delhi,PG,3,97185,SEMI_FURNISHED,False,AIR_CONDITIONING,3.2
TP02800,T02800,Delhi,HOUSE,2,86357,FULLY_FURNISHED,False,GYM,4.7
TP02801,T02801,Hyderabad,APARTMENT,3,114945,SEMI_FURNISHED,True,CLUBHOUSE,11.6
TP02802,T02802,Kolkata,PG,1,81600,FULLY_FURNISHED,True,SWIMMING_POOL,26.2
TP02803,T02803,Bangalore,APARTMENT,3,81282,UNFURNISHED,False,LIFT,11.9
TP02804,T02804,Bangalore,PG,3,31890,FULLY_FURNISHED,True,SWIMMING_POOL,5.3
TP02805,T02805,Kolkata,APARTMENT,3,100503,UNFURNISHED,True,GARDEN,21.3
TP02806,T02806,Kolkata,HOUSE,1,53547,FULLY_FURNISHED,False,POWER_BACKUP,22.6
TP02807,T02807,Mumbai,PG,2,23424,SEMI_FURNISHED,False,WIFI,15.0
TP02808,T02808,Bangalore,PG,1,47874,SEMI_FURNISHED,False,SECURITY,6.8
TP02809,T02809,Mumbai,APARTMENT,1,44587,SEMI_FURNISHED,False,SECURITY,20.2
TP02810,T02810,Chennai,APARTMENT,1,108587,SEMI_FURNISHED,False,CLUBHOUSE,10.3
TP02811,T02811,Hyderabad,APARTMENT,1,73995,SEMI_FURNISHED,True,POWER_BACKUP,16.4
TP02812,T02812,Hyderabad,PG,1,114721,FULLY_FURNISHED,False,SECURITY,24.2
TP02813,T02813,Bangalore,APARTMENT,2,97747,SEMI_FURNISHED,True,CLUBHOUSE,28.2
TP02814,T02814,Kolkata,PG,1,67013,UNFURNISHED,True,SECURITY,11.3
TP02815,T02815,Mumbai,HOUSE,2,95764,UNFURNISHED,True,LIFT,13.3
TP02816,T02816,Hyderabad,VILLA,3,42236,UNFURNISHED,False,GARDEN,20.4
TP02817,T02817,Delhi,HOUSE,3,119605,FULLY_FURNISHED,True,CLUBHOUSE,9.0
TP02818,T02818,Hyderabad,APARTMENT,3,42903,SEMI_FURNISHED,False,SECURITY,11.0
TP02819,T02819,Kolkata,HOUSE,1,108444,UNFURNISHED,True,SWIMMING_POOL,28.8
TP02820,T02820,Mumbai,HOUSE,1,97775,UNFURNISHED,False,AIR_CONDITIONING,28.1
TP02821,T02821,Mumbai,HOUSE,2,29836,UNFURNISHED,True,GYM,5.0
TP02822,T02822,Hyderabad,APARTMENT,2,16681,SEMI_FURNISHED,False,GYM,7.2
TP02823,T02823,Delhi,VILLA,1,65456,FULLY_FURNISHED,False,GARDEN,15.8
TP02824,T02824,Bangalore,VILLA,1,115118,SEMI_FURNISHED,True,WIFI,8.2
TP02825,T02825,Bangalore,PG,2,76051,SEMI_FURNISHED,False,GYM,6.1
TP02826,T02826,Kolkata,HOUSE,2,101336,SEMI_FURNISHED,True,GARDEN,5.6
TP02827,T02827,Mumbai,APARTMENT,3,78846,UNFURNISHED,False,GYM,26.0
TP02828,T02828,Delhi,VILLA,1,84278,SEMI_FURNISHED,False,AIR_CONDITIONING,27.1
TP02829,T02829,Chennai,HOUSE,3,82814,FULLY_FURNISHED,True,GYM,2.1
TP02830,T02830,Kolkata,APARTMENT,3,45324,SEMI_FURNISHED,False,PARKING,21.0
TP02831,T02831,Chennai,VILLA,2,85188,FULLY_FURNISHED,False,LIFT,10.3
TP02832,T02832,Delhi,VILLA,3,71541,UNFURNISHED,False,CLUBHOUSE,7.3
TP02833,T02833,Chennai,APARTMENT,2,47761,UNFURNISHED,True,LIFT,8.3
TP02834,T02834,Mumbai,PG,3,107558,FULLY_FURNISHED,False,CLUBHOUSE,27.7
TP02835,T02835,Hyderabad,VILLA,1,64681,FULLY_FURNISHED,False,PARKING,3.7
TP02836,T02836,Mumbai,HOUSE,1,100615,FULLY_FURNISHED,False,SWIMMING_POOL,12.8
TP02837,T02837,Hyderabad,VILLA,3,108833,SEMI_FURNISHED,True,SWIMMING_POOL,26.3
TP02838,T02838,Bangalore,HOUSE,2,100669,UNFURNISHED,False,AIR_CONDITIONING,26.8
TP02839,T02839,Bangalore,APARTMENT,2,68346,UNFURNISHED,False,POWER_BACKUP,14.8
TP02840,T02840,Hyderabad,HOUSE,3,90091,UNFURNISHED,True,SWIMMING_POOL,20.6
TP02841,T02841,Delhi,HOUSE,1,55580,FULLY_FURNISHED,False,AIR_CONDITIONING,8.3
TP02842,T02842,Hyderabad,HOUSE,1,74434,UNFURNISHED,True,POWER_BACKUP,26.7
TP02843,T02843,Chennai,PG,2,73674,FULLY_FURNISHED,False,SWIMMING_POOL,17.6
TP02844,T02844,Hyderabad,APARTMENT,2,97834,UNFURNISHED,False,LIFT,28.8
TP02845,T02845,Delhi,VILLA,2,42665,SEMI_FURNISHED,True,GYM,18.7
TP02846,T02846,Kolkata,HOUSE,1,79064,UNFURNISHED,True,POWER_BACKUP,7.8
TP02847,T02847,Mumbai,PG,3,19282,FULLY_FURNISHED,True,LIFT,11.9
TP02848,T02848,Kolkata,APARTMENT,2,65394,SEMI_FURNISHED,True,LIFT,10.6
TP02849,T02849,Hyderabad,APARTMENT,1,75767,FULLY_FURNISHED,False,GYM,17.5
TP02850,T02850,Delhi,HOUSE,2,62993,FULLY_FURNISHED,True,SECURITY,11.2
TP02851,T02851,Mumbai,APARTMENT,1,17564,FULLY_FURNISHED,True,SECURITY,19.7
TP02852,T02852,Kolkata,VILLA,2,72235,SEMI_FURNISHED,False,PARKING,24.7
TP02853,T02853,Hyderabad,PG,3,24710,FULLY_FURNISHED,True,CLUBHOUSE,18.1
TP02854,T02854,Kolkata,APARTMENT,1,15942,SEMI_FURNISHED,True,SWIMMING_POOL,15.6
TP02855,T02855,Hyderabad,VILLA,2,15092,FULLY_FURNISHED,False,POWER_BACKUP,7.6
TP02856,T02856,Delhi,VILLA,3,59253,SEMI_FURNISHED,False,GYM,23.9
TP02857,T02857,Mumbai,HOUSE,1,101461,SEMI_FURNISHED,True,CLUBHOUSE,4.2
TP02858,T02858,Hyderabad,HOUSE,3,72239,UNFURNISHED,True,SWIMMING_POOL,4.5
TP02859,T02859,Bangalore,APARTMENT,1,73550,SEMI_FURNISHED,True,AIR_CONDITIONING,25.5
TP02860,T02860,Bangalore,VILLA,2,72178,UNFURNISHED,False,CLUBHOUSE,25.1
TP02861,T02861,Chennai,APARTMENT,2,33982,SEMI_FURNISHED,True,GYM,18.0
TP02862,T02862,Bangalore,VILLA,2,24074,UNFURNISHED,True,LIFT,24.1
TP02863,T02863,Kolkata,PG,3,109100,UNFURNISHED,False,WIFI,27.0
TP02864,T02864,Delhi,VILLA,1,67458,UNFURNISHED,True,AIR_CONDITIONING,17.6
TP02865,T02865,Chennai,VILLA,1,105363,FULLY_FURNISHED,False,GARDEN,15.1
TP02866,T02866,Hyderabad,APARTMENT,1,41643,UNFURNISHED,False,WIFI,20.0
TP02867,T02867,Hyderabad,VILLA,2,58402,SEMI_FURNISHED,False,SWIMMING_POOL,29.7
TP02868,T02868,Hyderabad,APARTMENT,1,31973,SEMI_FURNISHED,True,CLUBHOUSE,16.5
TP02869,T02869,Mumbai,VILLA,1,25270,FULLY_FURNISHED,False,PARKING,6.9
TP02870,T02870,Kolkata,PG,3,43130,UNFURNISHED,True,LIFT,26.6
TP02871,T02871,Hyderabad,VILLA,2,90037,SEMI_FURNISHED,False,SECURITY,28.9
TP02872,T02872,Kolkata,HOUSE,3,95630,SEMI_FURNISHED,False,CLUBHOUSE,29.1
TP02873,T02873,Kolkata,APARTMENT,1,39968,UNFURNISHED,False,WIFI,23.6
TP02874,T02874,Delhi,HOUSE,3,96683,SEMI_FURNISHED,True,GARDEN,4.5
TP02875,T02875,Chennai,APARTMENT,2,24989,SEMI_FURNISHED,False,POWER_BACKUP,2.4
TP02876,T02876,Mumbai,PG,3,68480,FULLY_FURNISHED,False,SWIMMING_POOL,24.9
TP02877,T02877,Delhi,HOUSE,2,58788,FULLY_FURNISHED,True,WIFI,8.6
TP02878,T02878,Delhi,HOUSE,3,23927,FULLY_FURNISHED,False,GARDEN,8.4
TP02879,T02879,Chennai,APARTMENT,3,34005,UNFURNISHED,False,AIR_CONDITIONING,18.4
TP02880,T02880,Chennai,HOUSE,2,87998,FULLY_FURNISHED,False,SWIMMING_POOL,2.7
TP02881,T02881,Bangalore,APARTMENT,2,66409,FULLY_FURNISHED,False,CLUBHOUSE,19.4
TP02882,T02882,Mumbai,PG,2,87504,UNFURNISHED,False,SECURITY,25.3
TP02883,T02883,Kolkata,PG,3,75137,SEMI_FURNISHED,False,PARKING,28.4
TP02884,T02884,Hyderabad,APARTMENT,1,20954,SEMI_FURNISHED,True,PARKING,25.9
TP02885,T02885,Kolkata,APARTMENT,3,19088,UNFURNISHED,True,LIFT,27.8
TP02886,T02886,Kolkata,PG,3,37190,FULLY_FURNISHED,False,GARDEN,4.2
TP02887,T02887,Delhi,HOUSE,1,91913,SEMI_FURNISHED,True,POWER_BACKUP,12.9
TP02888,T02888,Bangalore,HOUSE,3,25336,SEMI_FURNISHED,True,SWIMMING_POOL,19.0
TP02889,T02889,Chennai,HOUSE,1,20440,SEMI_FURNISHED,True,SECURITY,7.4
TP02890,T02890,Hyderabad,HOUSE,2,82701,FULLY_FURNISHED,True,SECURITY,20.0
TP02891,T02891,Bangalore,APARTMENT,3,77889,FULLY_FURNISHED,False,AIR_CONDITIONING,6.0
TP02892,T02892,Bangalore,PG,3,49382,UNFURNISHED,False,AIR_CONDITIONING,28.8
TP02893,T02893,Hyderabad,PG,2,72562,SEMI_FURNISHED,False,GARDEN,23.1
TP02894,T02894,Mumbai,PG,2,46970,UNFURNISHED,True,WIFI,12.8
TP02895,T02895,Delhi,PG,2,88843,UNFURNISHED,False,SWIMMING_POOL,6.8
TP02896,T02896,Chennai,APARTMENT,1,78118,UNFURNISHED,True,CLUBHOUSE,13.2
TP02897,T02897,Bangalore,APARTMENT,2,76178,UNFURNISHED,False,LIFT,5.6
TP02898,T02898,Chennai,PG,2,49930,UNFURNISHED,False,GYM,20.1
TP02899,T02899,Chennai,VILLA,2,22948,FULLY_FURNISHED,True,LIFT,10.2
TP02900,T02900,Delhi,VILLA,1,85660,SEMI_FURNISHED,True,AIR_CONDITIONING,27.8
TP02901,T02901,Mumbai,PG,2,56602,FULLY_FURNISHED,False,WIFI,19.9
TP02902,T02902,Mumbai,HOUSE,1,59603,SEMI_FURNISHED,True,GARDEN,20.9
TP02903,T02903,Bangalore,APARTMENT,2,67343,UNFURNISHED,False,GARDEN,17.1
TP02904,T02904,Kolkata,APARTMENT,2,15400,SEMI_FURNISHED,True,POWER_BACKUP,9.9
TP02905,T02905,Hyderabad,PG,3,106150,FULLY_FURNISHED,False,WIFI,2.4
TP02906,T02906,Delhi,HOUSE,3,57560,FULLY_FURNISHED,False,LIFT,3.4
TP02907,T02907,Mumbai,HOUSE,1,43061,UNFURNISHED,True,SWIMMING_POOL,25.4
TP02908,T02908,Chennai,APARTMENT,3,13713,FULLY_FURNISHED,False,WIFI,19.8
TP02909,T02909,Hyderabad,VILLA,2,63207,SEMI_FURNISHED,True,GYM,6.6
TP02910,T02910,Mumbai,VILLA,2,49175,SEMI_FURNISHED,False,POWER_BACKUP,20.4
TP02911,T02911,Mumbai,VILLA,3,55343,SEMI_FURNISHED,False,GARDEN,29.3
TP02912,T02912,Hyderabad,HOUSE,3,45412,FULLY_FURNISHED,False,SWIMMING_POOL,8.4
TP02913,T02913,Chennai,PG,2,54629,FULLY_FURNISHED,True,LIFT,8.7
TP02914,T02914,Mumbai,APARTMENT,3,41447,UNFURNISHED,True,SECURITY,21.0
TP02915,T02915,Hyderabad,HOUSE,2,101965,FULLY_FURNISHED,False,GYM,23.4
TP02916,T02916,Chennai,HOUSE,1,88287,FULLY_FURNISHED,False,GARDEN,10.5
TP02917,T02917,Bangalore,HOUSE,2,50106,UNFURNISHED,False,GYM,24.7
TP02918,T02918,Mumbai,VILLA,3,96584,UNFURNISHED,True,GYM,19.0
TP02919,T02919,Hyderabad,HOUSE,1,73634,SEMI_FURNISHED,True,LIFT,4.1
TP02920,T02920,Chennai,APARTMENT,1,30934,UNFURNISHED,True,CLUBHOUSE,3.4
TP02921,T02921,Delhi,VILLA,2,110193,SEMI_FURNISHED,True,AIR_CONDITIONING,16.7
TP02922,T02922,Mumbai,VILLA,2,80115,SEMI_FURNISHED,True,GYM,28.5
TP02923,T02923,Hyderabad,HOUSE,1,78256,UNFURNISHED,True,POWER_BACKUP,5.5
TP02924,T02924,Bangalore,HOUSE,1,52243,FULLY_FURNISHED,False,WIFI,4.0
TP02925,T02925,Delhi,VILLA,2,101531,UNFURNISHED,True,WIFI,10.9
TP02926,T02926,Kolkata,PG,3,114061,FULLY_FURNISHED,False,LIFT,25.8
TP02927,T02927,Kolkata,APARTMENT,1,85751,UNFURNISHED,True,SECURITY,7.5
TP02928,T02928,Chennai,PG,3,90462,SEMI_FURNISHED,False,POWER_BACKUP,7.4
TP02929,T02929,Kolkata,APARTMENT,2,101783,SEMI_FURNISHED,True,WIFI,14.3
TP02930,T02930,Chennai,HOUSE,1,78082,FULLY_FURNISHED,True,GARDEN,29.8
TP02931,T02931,Bangalore,APARTMENT,2,12263,SEMI_FURNISHED,True,WIFI,12.9
TP02932,T02932,Delhi,HOUSE,1,47396,FULLY_FURNISHED,False,CLUBHOUSE,21.2
TP02933,T02933,Chennai,APARTMENT,1,80995,UNFURNISHED,False,PARKING,10.6
TP02934,T02934,Chennai,APARTMENT,3,51331,FULLY_FURNISHED,True,WIFI,7.9
TP02935,T02935,Delhi,HOUSE,3,107988,UNFURNISHED,True,AIR_CONDITIONING,24.7
TP02936,T02936,Delhi,APARTMENT,2,83510,SEMI_FURNISHED,False,POWER_BACKUP,23.9
TP02937,T02937,Delhi,VILLA,3,55762,SEMI_FURNISHED,True,PARKING,7.1
TP02938,T02938,Delhi,VILLA,3,110886,UNFURNISHED,False,GYM,11.4
TP02939,T02939,Hyderabad,VILLA,1,110512,FULLY_FURNISHED,True,LIFT,8.3
TP02940,T02940,Chennai,APARTMENT,1,68411,UNFURNISHED,True,SECURITY,19.1
TP02941,T02941,Chennai,APARTMENT,2,88166,UNFURNISHED,False,GARDEN,11.2
TP02942,T02942,Kolkata,HOUSE,2,113429,UNFURNISHED,False,PARKING,18.6
TP02943,T02943,Chennai,VILLA,1,79051,UNFURNISHED,True,SECURITY,6.3
TP02944,T02944,Mumbai,APARTMENT,2,45826,FULLY_FURNISHED,False,SWIMMING_POOL,8.9
TP02945,T02945,Mumbai,APARTMENT,2,77048,UNFURNISHED,False,GYM,2.1
TP02946,T02946,Mumbai,HOUSE,1,96944,UNFURNISHED,False,PARKING,21.8
TP02947,T02947,Mumbai,PG,3,82944,FULLY_FURNISHED,False,GYM,29.7
TP02948,T02948,Bangalore,PG,3,79099,UNFURNISHED,False,PARKING,19.7
TP02949,T02949,Chennai,VILLA,2,84737,FULLY_FURNISHED,False,SWIMMING_POOL,12.0
TP02950,T02950,Delhi,HOUSE,1,12423,FULLY_FURNISHED,True,SECURITY,26.2
TP02951,T02951,Kolkata,APARTMENT,2,49322,SEMI_FURNISHED,False,PARKING,6.0
TP02952,T02952,Bangalore,VILLA,2,58823,SEMI_FURNISHED,False,AIR_CONDITIONING,20.6
TP02953,T02953,Delhi,VILLA,3,55209,SEMI_FURNISHED,True,AIR_CONDITIONING,2.3
TP02954,T02954,Bangalore,PG,3,66944,FULLY_FURNISHED,False,PARKING,19.4
TP02955,T02955,Chennai,HOUSE,3,83294,UNFURNISHED,True,LIFT,17.2
TP02956,T02956,Bangalore,HOUSE,3,68004,FULLY_FURNISHED,False,PARKING,11.3
TP02957,T02957,Kolkata,APARTMENT,2,112389,FULLY_FURNISHED,False,POWER_BACKUP,3.5
TP02958,T02958,Bangalore,APARTMENT,1,17949,FULLY_FURNISHED,True,PARKING,16.6
TP02959,T02959,Bangalore,HOUSE,3,89269,SEMI_FURNISHED,True,GYM,22.6
TP02960,T02960,Bangalore,APARTMENT,2,51264,SEMI_FURNISHED,False,GARDEN,19.8
TP02961,T02961,Bangalore,APARTMENT,2,102175,UNFURNISHED,False,SWIMMING_POOL,12.4
TP02962,T02962,Bangalore,APARTMENT,1,34116,SEMI_FURNISHED,True,SWIMMING_POOL,24.9
TP02963,T02963,Mumbai,HOUSE,3,60964,SEMI_FURNISHED,True,GYM,15.0
TP02964,T02964,Bangalore,VILLA,1,86108,SEMI_FURNISHED,True,GARDEN,17.7
TP02965,T02965,Bangalore,APARTMENT,1,108833,UNFURNISHED,True,CLUBHOUSE,15.9
TP02966,T02966,Chennai,HOUSE,1,32235,UNFURNISHED,False,LIFT,25.1
TP02967,T02967,Delhi,PG,1,98829,UNFURNISHED,False,SECURITY,19.5
TP02968,T02968,Kolkata,VILLA,1,29069,UNFURNISHED,False,SECURITY,3.6
TP02969,T02969,Bangalore,HOUSE,3,32112,FULLY_FURNISHED,True,SECURITY,14.1
TP02970,T02970,Chennai,HOUSE,2,44334,SEMI_FURNISHED,True,AIR_CONDITIONING,17.0
TP02971,T02971,Bangalore,APARTMENT,1,85974,UNFURNISHED,False,LIFT,10.1
TP02972,T02972,Chennai,HOUSE,3,87954,FULLY_FURNISHED,False,POWER_BACKUP,24.5
TP02973,T02973,Hyderabad,HOUSE,2,116161,FULLY_FURNISHED,False,GARDEN,20.2
TP02974,T02974,Chennai,VILLA,2,19578,SEMI_FURNISHED,True,POWER_BACKUP,16.5
TP02975,T02975,Bangalore,PG,2,25763,FULLY_FURNISHED,True,SWIMMING_POOL,21.9
TP02976,T02976,Bangalore,VILLA,3,74034,FULLY_FURNISHED,False,GARDEN,7.8
TP02977,T02977,Hyderabad,VILLA,3,90847,FULLY_FURNISHED,True,CLUBHOUSE,11.7
TP02978,T02978,Bangalore,VILLA,2,19083,UNFURNISHED,False,WIFI,14.5
TP02979,T02979,Chennai,VILLA,2,61976,FULLY_FURNISHED,False,WIFI,17.0
TP02980,T02980,Kolkata,HOUSE,3,19675,FULLY_FURNISHED,False,WIFI,18.1
TP02981,T02981,Kolkata,APARTMENT,1,42463,FULLY_FURNISHED,True,AIR_CONDITIONING,14.5
TP02982,T02982,Chennai,HOUSE,2,57771,UNFURNISHED,True,LIFT,3.0
TP02983,T02983,Mumbai,VILLA,3,83062,SEMI_FURNISHED,False,SECURITY,5.3
TP02984,T02984,Chennai,PG,1,86688,UNFURNISHED,False,SECURITY,11.5
TP02985,T02985,Mumbai,VILLA,1,102068,UNFURNISHED,False,POWER_BACKUP,13.9
TP02986,T02986,Kolkata,APARTMENT,3,25321,FULLY_FURNISHED,False,WIFI,4.8
TP02987,T02987,Mumbai,PG,2,46084,SEMI_FURNISHED,True,AIR_CONDITIONING,2.3
TP02988,T02988,Chennai,VILLA,1,64608,FULLY_FURNISHED,True,GYM,20.6
TP02989,T02989,Bangalore,APARTMENT,1,53368,SEMI_FURNISHED,True,LIFT,4.9
TP02990,T02990,Kolkata,HOUSE,2,110377,SEMI_FURNISHED,False,SECURITY,5.1
TP02991,T02991,Bangalore,VILLA,2,111027,SEMI_FURNISHED,False,SECURITY,11.9
TP02992,T02992,Chennai,PG,1,56857,UNFURNISHED,True,GYM,22.5
TP02993,T02993,Chennai,PG,1,111050,FULLY_FURNISHED,True,CLUBHOUSE,2.7
TP02994,T02994,Hyderabad,VILLA,2,76523,UNFURNISHED,False,WIFI,4.4
TP02995,T02995,Kolkata,HOUSE,3,30970,FULLY_FURNISHED,False,SWIMMING_POOL,22.2
TP02996,T02996,Delhi,VILLA,3,51203,FULLY_FURNISHED,False,WIFI,26.7
TP02997,T02997,Bangalore,PG,3,97387,FULLY_FURNISHED,False,GARDEN,4.7
TP02998,T02998,Mumbai,APARTMENT,1,45230,FULLY_FURNISHED,True,WIFI,9.3
TP02999,T02999,Kolkata,APARTMENT,3,111686,FULLY_FURNISHED,False,SECURITY,25.8
TP03000,T03000,Hyderabad,HOUSE,3,37760,UNFURNISHED,False,LIFT,22.9
TP03001,T03001,Mumbai,VILLA,1,23187,SEMI_FURNISHED,True,LIFT,15.3
TP03002,T03002,Hyderabad,VILLA,3,105420,FULLY_FURNISHED,True,AIR_CONDITIONING,11.9
TP03003,T03003,Delhi,HOUSE,1,53448,SEMI_FURNISHED,False,GYM,3.7
TP03004,T03004,Mumbai,VILLA,3,27170,SEMI_FURNISHED,False,CLUBHOUSE,10.4
TP03005,T03005,Kolkata,HOUSE,3,25422,FULLY_FURNISHED,False,WIFI,15.8
TP03006,T03006,Delhi,PG,3,61736,FULLY_FURNISHED,True,CLUBHOUSE,17.3
TP03007,T03007,Bangalore,HOUSE,3,68741,FULLY_FURNISHED,False,SWIMMING_POOL,3.6
TP03008,T03008,Kolkata,APARTMENT,1,63053,SEMI_FURNISHED,False,LIFT,4.9
TP03009,T03009,Kolkata,VILLA,3,60159,FULLY_FURNISHED,True,LIFT,7.8
TP03010,T03010,Chennai,VILLA,3,50387,FULLY_FURNISHED,False,SECURITY,4.3
TP03011,T03011,Mumbai,APARTMENT,1,31053,FULLY_FURNISHED,True,SWIMMING_POOL,12.6
TP03012,T03012,Delhi,APARTMENT,3,106286,SEMI_FURNISHED,False,SWIMMING_POOL,26.1
TP03013,T03013,Kolkata,APARTMENT,2,46768,UNFURNISHED,True,PARKING,23.2
TP03014,T03014,Bangalore,PG,3,110483,FULLY_FURNISHED,False,SWIMMING_POOL,25.7
TP03015,T03015,Delhi,VILLA,2,57287,SEMI_FURNISHED,True,CLUBHOUSE,21.3
TP03016,T03016,Mumbai,VILLA,3,48838,SEMI_FURNISHED,True,POWER_BACKUP,15.6
TP03017,T03017,Kolkata,HOUSE,1,95248,FULLY_FURNISHED,True,WIFI,5.8
TP03018,T03018,Kolkata,VILLA,2,87030,FULLY_FURNISHED,False,GARDEN,24.5
TP03019,T03019,Bangalore,VILLA,3,14658,FULLY_FURNISHED,True,GYM,23.1
TP03020,T03020,Mumbai,HOUSE,1,111570,UNFURNISHED,True,CLUBHOUSE,5.7
TP03021,T03021,Mumbai,VILLA,1,54002,SEMI_FURNISHED,True,POWER_BACKUP,29.5
TP03022,T03022,Bangalore,APARTMENT,1,26313,SEMI_FURNISHED,True,LIFT,27.8
TP03023,T03023,Kolkata,PG,3,49855,SEMI_FURNISHED,False,SECURITY,20.5
TP03024,T03024,Chennai,VILLA,3,34989,UNFURNISHED,False,CLUBHOUSE,19.0
TP03025,T03025,Chennai,PG,1,105991,FULLY_FURNISHED,True,GARDEN,12.4
TP03026,T03026,Hyderabad,VILLA,1,15116,UNFURNISHED,False,AIR_CONDITIONING,6.9
TP03027,T03027,Chennai,PG,2,13482,SEMI_FURNISHED,True,SECURITY,5.4
TP03028,T03028,Chennai,HOUSE,2,43219,UNFURNISHED,False,GARDEN,10.3
TP03029,T03029,Chennai,PG,2,69252,UNFURNISHED,False,PARKING,12.3
TP03030,T03030,Bangalore,VILLA,2,117859,FULLY_FURNISHED,False,WIFI,24.6
TP03031,T03031,Delhi,APARTMENT,1,48661,FULLY_FURNISHED,True,PARKING,16.6
TP03032,T03032,Kolkata,VILLA,2,79843,UNFURNISHED,True,GARDEN,3.1
TP03033,T03033,Bangalore,APARTMENT,1,96893,UNFURNISHED,True,AIR_CONDITIONING,23.6
TP03034,T03034,Hyderabad,HOUSE,3,117973,UNFURNISHED,False,SECURITY,28.1
TP03035,T03035,Mumbai,APARTMENT,2,34318,SEMI_FURNISHED,True,POWER_BACKUP,14.8
TP03036,T03036,Hyderabad,VILLA,3,53893,UNFURNISHED,True,WIFI,10.9
TP03037,T03037,Kolkata,HOUSE,2,39568,FULLY_FURNISHED,False,POWER_BACKUP,22.4
TP03038,T03038,Kolkata,VILLA,2,51115,SEMI_FURNISHED,False,GARDEN,2.2
TP03039,T03039,Delhi,VILLA,1,103077,UNFURNISHED,True,SWIMMING_POOL,3.9
TP03040,T03040,Delhi,VILLA,2,34865,FULLY_FURNISHED,False,GYM,5.9
TP03041,T03041,Mumbai,PG,2,111296,SEMI_FURNISHED,False,AIR_CONDITIONING,18.7
TP03042,T03042,Bangalore,HOUSE,1,32237,SEMI_FURNISHED,False,POWER_BACKUP,18.5
TP03043,T03043,Hyderabad,APARTMENT,1,75939,FULLY_FURNISHED,True,LIFT,13.0
TP03044,T03044,Bangalore,PG,3,19820,UNFURNISHED,False,LIFT,26.7
TP03045,T03045,Hyderabad,APARTMENT,3,58223,UNFURNISHED,True,SECURITY,18.4
TP03046,T03046,Chennai,HOUSE,3,18323,UNFURNISHED,True,LIFT,14.4
TP03047,T03047,Hyderabad,PG,1,58814,FULLY_FURNISHED,False,PARKING,27.8
TP03048,T03048,Mumbai,VILLA,2,38518,FULLY_FURNISHED,True,CLUBHOUSE,5.0
TP03049,T03049,Bangalore,VILLA,1,111860,SEMI_FURNISHED,False,SWIMMING_POOL,15.8
TP03050,T03050,Hyderabad,HOUSE,1,42425,UNFURNISHED,True,SWIMMING_POOL,16.2
TP03051,T03051,Mumbai,PG,3,99145,SEMI_FURNISHED,True,SECURITY,14.8
TP03052,T03052,Chennai,APARTMENT,1,38466,FULLY_FURNISHED,False,AIR_CONDITIONING,26.7
TP03053,T03053,Kolkata,HOUSE,2,32723,FULLY_FURNISHED,False,AIR_CONDITIONING,2.6
TP03054,T03054,Delhi,VILLA,3,24265,SEMI_FURNISHED,False,SECURITY,27.0
TP03055,T03055,Kolkata,PG,3,38128,SEMI_FURNISHED,False,WIFI,16.2
TP03056,T03056,Mumbai,VILLA,3,13205,FULLY_FURNISHED,False,PARKING,19.2
TP03057,T03057,Delhi,PG,2,97502,FULLY_FURNISHED,True,SECURITY,23.4
TP03058,T03058,Mumbai,VILLA,1,58011,UNFURNISHED,True,SWIMMING_POOL,5.7
TP03059,T03059,Chennai,HOUSE,3,20613,SEMI_FURNISHED,False,WIFI,12.8
TP03060,T03060,Delhi,PG,1,13700,SEMI_FURNISHED,True,SWIMMING_POOL,14.7
TP03061,T03061,Kolkata,APARTMENT,3,109700,SEMI_FURNISHED,True,SECURITY,8.8
TP03062,T03062,Hyderabad,APARTMENT,2,96132,SEMI_FURNISHED,False,PARKING,15.4
TP03063,T03063,Hyderabad,VILLA,1,113980,UNFURNISHED,False,GARDEN,9.8
TP03064,T03064,Delhi,PG,2,31647,UNFURNISHED,False,LIFT,16.0
TP03065,T03065,Chennai,HOUSE,1,42046,UNFURNISHED,False,WIFI,7.8
TP03066,T03066,Mumbai,VILLA,3,50596,FULLY_FURNISHED,False,POWER_BACKUP,20.8
TP03067,T03067,Hyderabad,HOUSE,3,26416,SEMI_FURNISHED,False,SWIMMING_POOL,7.8
TP03068,T03068,Chennai,VILLA,2,28011,UNFURNISHED,True,AIR_CONDITIONING,16.4
TP03069,T03069,Mumbai,PG,3,47055,SEMI_FURNISHED,False,GYM,13.1
TP03070,T03070,Bangalore,APARTMENT,3,118894,FULLY_FURNISHED,True,GARDEN,9.5
TP03071,T03071,Delhi,APARTMENT,3,23734,FULLY_FURNISHED,False,AIR_CONDITIONING,4.2
TP03072,T03072,Bangalore,PG,2,64193,SEMI_FURNISHED,True,PARKING,29.8
TP03073,T03073,Chennai,PG,1,68084,FULLY_FURNISHED,True,SWIMMING_POOL,2.7
TP03074,T03074,Delhi,PG,1,75752,SEMI_FURNISHED,True,SWIMMING_POOL,10.1
TP03075,T03075,Bangalore,PG,3,59681,SEMI_FURNISHED,False,SECURITY,7.7
TP03076,T03076,Delhi,VILLA,2,101961,FULLY_FURNISHED,False,WIFI,18.4
TP03077,T03077,Kolkata,APARTMENT,2,66857,FULLY_FURNISHED,False,PARKING,11.3
TP03078,T03078,Bangalore,VILLA,3,56747,UNFURNISHED,False,SWIMMING_POOL,24.2
TP03079,T03079,Kolkata,HOUSE,2,96458,SEMI_FURNISHED,True,SWIMMING_POOL,18.0
TP03080,T03080,Delhi,PG,3,84439,UNFURNISHED,False,POWER_BACKUP,29.5
TP03081,T03081,Chennai,HOUSE,2,105371,UNFURNISHED,False,CLUBHOUSE,2.4
TP03082,T03082,Kolkata,APARTMENT,2,115781,SEMI_FURNISHED,True,LIFT,22.3
TP03083,T03083,Mumbai,PG,2,77206,UNFURNISHED,False,POWER_BACKUP,6.7
TP03084,T03084,Mumbai,HOUSE,2,49346,SEMI_FURNISHED,True,LIFT,19.9
TP03085,T03085,Chennai,HOUSE,1,92294,FULLY_FURNISHED,True,PARKING,8.2
TP03086,T03086,Mumbai,PG,3,18324,SEMI_FURNISHED,True,LIFT,7.0
TP03087,T03087,Delhi,HOUSE,3,35815,SEMI_FURNISHED,False,LIFT,6.3
TP03088,T03088,Mumbai,VILLA,3,50550,FULLY_FURNISHED,False,PARKING,11.1
TP03089,T03089,Bangalore,VILLA,1,72877,UNFURNISHED,True,POWER_BACKUP,18.5
TP03090,T03090,Kolkata,HOUSE,2,73616,FULLY_FURNISHED,False,SECURITY,14.4
TP03091,T03091,Mumbai,PG,3,24624,FULLY_FURNISHED,True,GYM,4.0
TP03092,T03092,Mumbai,PG,3,73013,SEMI_FURNISHED,True,CLUBHOUSE,21.2
TP03093,T03093,Mumbai,HOUSE,2,60958,UNFURNISHED,False,GARDEN,5.0
TP03094,T03094,Delhi,VILLA,2,13565,SEMI_FURNISHED,True,SECURITY,2.4
TP03095,T03095,Chennai,HOUSE,3,82596,UNFURNISHED,True,PARKING,20.4
TP03096,T03096,Chennai,VILLA,2,98506,UNFURNISHED,True,CLUBHOUSE,14.7
TP03097,T03097,Bangalore,HOUSE,1,66615,SEMI_FURNISHED,False,GARDEN,10.5
TP03098,T03098,Hyderabad,VILLA,2,97148,FULLY_FURNISHED,False,GYM,25.4
TP03099,T03099,Bangalore,HOUSE,3,78720,SEMI_FURNISHED,False,POWER_BACKUP,2.0
TP03100,T03100,Bangalore,APARTMENT,1,49330,UNFURNISHED,False,PARKING,21.4
TP03101,T03101,Kolkata,HOUSE,2,84232,UNFURNISHED,False,PARKING,27.9
TP03102,T03102,Chennai,PG,2,55406,UNFURNISHED,True,WIFI,23.1
TP03103,T03103,Hyderabad,VILLA,2,29620,UNFURNISHED,True,PARKING,6.9
TP03104,T03104,Bangalore,APARTMENT,2,92316,SEMI_FURNISHED,False,CLUBHOUSE,2.2
TP03105,T03105,Mumbai,PG,1,61752,SEMI_FURNISHED,False,SECURITY,5.6
TP03106,T03106,Bangalore,HOUSE,1,55734,FULLY_FURNISHED,True,POWER_BACKUP,6.6
TP03107,T03107,Delhi,APARTMENT,3,76749,SEMI_FURNISHED,True,LIFT,22.4
TP03108,T03108,Mumbai,VILLA,1,60272,UNFURNISHED,True,GARDEN,23.3
TP03109,T03109,Bangalore,HOUSE,1,27053,SEMI_FURNISHED,False,GARDEN,5.3
TP03110,T03110,Delhi,HOUSE,2,111043,FULLY_FURNISHED,False,PARKING,4.9
TP03111,T03111,Kolkata,APARTMENT,2,31284,FULLY_FURNISHED,True,GARDEN,18.1
TP03112,T03112,Bangalore,APARTMENT,2,70831,SEMI_FURNISHED,False,SECURITY,24.7
TP03113,T03113,Chennai,VILLA,3,78258,UNFURNISHED,False,GARDEN,26.9
TP03114,T03114,Kolkata,PG,1,88352,SEMI_FURNISHED,True,LIFT,4.6
TP03115,T03115,Chennai,VILLA,1,42155,UNFURNISHED,True,CLUBHOUSE,21.6
TP03116,T03116,Chennai,HOUSE,1,118238,UNFURNISHED,False,SECURITY,11.7
TP03117,T03117,Bangalore,HOUSE,3,47305,SEMI_FURNISHED,True,PARKING,20.6
TP03118,T03118,Mumbai,APARTMENT,2,38745,SEMI_FURNISHED,False,GARDEN,12.9
TP03119,T03119,Delhi,APARTMENT,3,119049,UNFURNISHED,False,AIR_CONDITIONING,11.8
TP03120,T03120,Mumbai,APARTMENT,2,70651,SEMI_FURNISHED,True,PARKING,10.5
TP03121,T03121,Kolkata,HOUSE,3,90517,FULLY_FURNISHED,False,CLUBHOUSE,17.2
TP03122,T03122,Hyderabad,VILLA,3,61244,UNFURNISHED,False,SWIMMING_POOL,13.5
TP03123,T03123,Delhi,VILLA,1,99256,UNFURNISHED,False,POWER_BACKUP,8.9
TP03124,T03124,Kolkata,PG,3,66242,UNFURNISHED,True,PARKING,23.8
TP03125,T03125,Kolkata,HOUSE,1,32460,FULLY_FURNISHED,True,CLUBHOUSE,3.9
TP03126,T03126,Mumbai,VILLA,1,30036,SEMI_FURNISHED,False,GARDEN,23.8
TP03127,T03127,Hyderabad,VILLA,1,27927,SEMI_FURNISHED,False,GARDEN,4.4
TP03128,T03128,Chennai,PG,2,71675,UNFURNISHED,True,SWIMMING_POOL,14.4
TP03129,T03129,Hyderabad,HOUSE,1,103438,SEMI_FURNISHED,True,SWIMMING_POOL,22.3
TP03130,T03130,Delhi,VILLA,3,30521,UNFURNISHED,True,AIR_CONDITIONING,14.7
TP03131,T03131,Hyderabad,HOUSE,3,118849,SEMI_FURNISHED,False,POWER_BACKUP,26.7
TP03132,T03132,Chennai,HOUSE,2,14167,FULLY_FURNISHED,True,PARKING,2.3
TP03133,T03133,Delhi,VILLA,3,75586,FULLY_FURNISHED,False,SWIMMING_POOL,6.1
TP03134,T03134,Chennai,HOUSE,1,109710,SEMI_FURNISHED,False,CLUBHOUSE,16.6
TP03135,T03135,Kolkata,HOUSE,1,115680,UNFURNISHED,True,GYM,29.5
TP03136,T03136,Chennai,PG,3,107157,UNFURNISHED,False,LIFT,22.9
TP03137,T03137,Chennai,VILLA,2,91202,FULLY_FURNISHED,False,AIR_CONDITIONING,7.8
TP03138,T03138,Kolkata,HOUSE,3,108473,UNFURNISHED,False,CLUBHOUSE,12.0
TP03139,T03139,Chennai,HOUSE,2,48903,FULLY_FURNISHED,False,LIFT,8.3
TP03140,T03140,Mumbai,VILLA,3,60085,UNFURNISHED,False,PARKING,16.0
TP03141,T03141,Mumbai,PG,3,94749,FULLY_FURNISHED,False,SWIMMING_POOL,8.2
TP03142,T03142,Hyderabad,PG,3,20780,UNFURNISHED,True,SWIMMING_POOL,20.6
TP03143,T03143,Bangalore,VILLA,3,99893,SEMI_FURNISHED,False,CLUBHOUSE,5.7
TP03144,T03144,Chennai,PG,2,47679,SEMI_FURNISHED,False,WIFI,2.4
TP03145,T03145,Chennai,APARTMENT,2,101212,SEMI_FURNISHED,False,GARDEN,16.6
TP03146,T03146,Hyderabad,VILLA,1,111439,FULLY_FURNISHED,False,POWER_BACKUP,15.9
TP03147,T03147,Mumbai,PG,1,86984,UNFURNISHED,False,CLUBHOUSE,24.4
TP03148,T03148,Chennai,VILLA,2,28042,UNFURNISHED,True,AIR_CONDITIONING,13.9
TP03149,T03149,Mumbai,PG,1,43528,FULLY_FURNISHED,False,SWIMMING_POOL,20.5
TP03150,T03150,Chennai,PG,3,103403,SEMI_FURNISHED,False,PARKING,8.6
TP03151,T03151,Kolkata,HOUSE,2,53648,SEMI_FURNISHED,True,POWER_BACKUP,3.5
TP03152,T03152,Mumbai,APARTMENT,1,46488,FULLY_FURNISHED,True,GYM,16.1
TP03153,T03153,Kolkata,PG,1,42991,UNFURNISHED,True,PARKING,26.7
TP03154,T03154,Hyderabad,HOUSE,3,107667,UNFURNISHED,True,GARDEN,15.3
TP03155,T03155,Delhi,PG,3,27341,FULLY_FURNISHED,True,SECURITY,29.6
TP03156,T03156,Bangalore,PG,2,64663,SEMI_FURNISHED,True,LIFT,24.9
TP03157,T03157,Kolkata,APARTMENT,1,32341,UNFURNISHED,True,GYM,12.0
TP03158,T03158,Kolkata,APARTMENT,3,115964,SEMI_FURNISHED,False,LIFT,18.9
TP03159,T03159,Mumbai,APARTMENT,3,54695,UNFURNISHED,False,PARKING,17.5
TP03160,T03160,Bangalore,APARTMENT,3,102455,UNFURNISHED,True,SWIMMING_POOL,8.8
TP03161,T03161,Hyderabad,VILLA,2,18798,FULLY_FURNISHED,False,GARDEN,5.4
TP03162,T03162,Chennai,PG,2,114029,SEMI_FURNISHED,False,SWIMMING_POOL,10.1
TP03163,T03163,Mumbai,HOUSE,2,29258,SEMI_FURNISHED,True,GYM,4.0
TP03164,T03164,Delhi,APARTMENT,2,80609,UNFURNISHED,False,WIFI,14.2
TP03165,T03165,Chennai,APARTMENT,2,70079,FULLY_FURNISHED,True,SECURITY,28.1
TP03166,T03166,Hyderabad,HOUSE,1,87231,SEMI_FURNISHED,True,CLUBHOUSE,28.4
TP03167,T03167,Delhi,PG,3,47151,SEMI_FURNISHED,False,AIR_CONDITIONING,14.2
TP03168,T03168,Kolkata,APARTMENT,1,53725,SEMI_FURNISHED,False,CLUBHOUSE,3.2
TP03169,T03169,Delhi,PG,3,96343,SEMI_FURNISHED,False,PARKING,24.8
TP03170,T03170,Mumbai,PG,2,60690,FULLY_FURNISHED,False,PARKING,17.4
TP03171,T03171,Chennai,APARTMENT,2,86324,SEMI_FURNISHED,False,GARDEN,17.7
TP03172,T03172,Chennai,PG,1,32290,UNFURNISHED,False,WIFI,6.3
TP03173,T03173,Kolkata,PG,1,56071,UNFURNISHED,True,WIFI,5.6
TP03174,T03174,Hyderabad,APARTMENT,2,85969,UNFURNISHED,True,GYM,7.8
TP03175,T03175,Bangalore,PG,2,94815,FULLY_FURNISHED,False,POWER_BACKUP,29.3
TP03176,T03176,Chennai,APARTMENT,2,17619,SEMI_FURNISHED,True,POWER_BACKUP,2.9
TP03177,T03177,Bangalore,VILLA,2,86953,SEMI_FURNISHED,False,GARDEN,26.0
TP03178,T03178,Kolkata,PG,2,54042,FULLY_FURNISHED,True,AIR_CONDITIONING,9.1
TP03179,T03179,Hyderabad,VILLA,2,113803,FULLY_FURNISHED,True,CLUBHOUSE,17.5
TP03180,T03180,Hyderabad,APARTMENT,1,48029,FULLY_FURNISHED,True,SWIMMING_POOL,10.2
TP03181,T03181,Hyderabad,VILLA,1,102240,SEMI_FURNISHED,False,WIFI,7.1
TP03182,T03182,Delhi,VILLA,2,64546,UNFURNISHED,True,POWER_BACKUP,26.0
TP03183,T03183,Chennai,PG,3,97160,SEMI_FURNISHED,False,POWER_BACKUP,4.5
TP03184,T03184,Hyderabad,APARTMENT,2,109945,FULLY_FURNISHED,True,LIFT,12.6
TP03185,T03185,Hyderabad,PG,2,73114,SEMI_FURNISHED,True,SECURITY,13.6
TP03186,T03186,Bangalore,VILLA,3,50315,FULLY_FURNISHED,False,AIR_CONDITIONING,5.5
TP03187,T03187,Chennai,HOUSE,3,109293,SEMI_FURNISHED,True,SWIMMING_POOL,21.8
TP03188,T03188,Hyderabad,PG,1,25359,FULLY_FURNISHED,False,PARKING,28.6
TP03189,T03189,Delhi,APARTMENT,1,108142,SEMI_FURNISHED,False,SWIMMING_POOL,15.1
TP03190,T03190,Kolkata,HOUSE,1,90434,FULLY_FURNISHED,True,CLUBHOUSE,26.0
TP03191,T03191,Delhi,APARTMENT,2,46121,SEMI_FURNISHED,False,CLUBHOUSE,27.4
TP03192,T03192,Bangalore,PG,2,65878,UNFURNISHED,True,CLUBHOUSE,13.5
TP03193,T03193,Kolkata,APARTMENT,2,14186,SEMI_FURNISHED,True,WIFI,13.1
TP03194,T03194,Chennai,VILLA,3,80088,SEMI_FURNISHED,False,SWIMMING_POOL,16.5
TP03195,T03195,Bangalore,APARTMENT,3,95423,SEMI_FURNISHED,False,POWER_BACKUP,10.8
TP03196,T03196,Chennai,PG,1,104285,UNFURNISHED,False,PARKING,3.5
TP03197,T03197,Kolkata,APARTMENT,1,16539,UNFURNISHED,False,GYM,23.6
TP03198,T03198,Kolkata,APARTMENT,1,21563,SEMI_FURNISHED,False,GARDEN,4.1
TP03199,T03199,Bangalore,PG,2,84254,FULLY_FURNISHED,False,WIFI,4.3
TP03200,T03200,Chennai,PG,3,72985,SEMI_FURNISHED,False,WIFI,23.4
TP03201,T03201,Delhi,PG,3,93540,UNFURNISHED,True,SECURITY,18.9
TP03202,T03202,Hyderabad,HOUSE,1,100439,SEMI_FURNISHED,False,SWIMMING_POOL,13.7
TP03203,T03203,Mumbai,PG,2,92744,FULLY_FURNISHED,True,GARDEN,24.3
TP03204,T03204,Mumbai,APARTMENT,1,24250,UNFURNISHED,False,SWIMMING_POOL,12.6
TP03205,T03205,Delhi,VILLA,2,111887,UNFURNISHED,True,POWER_BACKUP,18.3
TP03206,T03206,Chennai,APARTMENT,3,69804,FULLY_FURNISHED,False,CLUBHOUSE,14.5
TP03207,T03207,Mumbai,PG,2,71860,UNFURNISHED,False,GARDEN,12.4
TP03208,T03208,Bangalore,HOUSE,1,96072,UNFURNISHED,False,CLUBHOUSE,19.6
TP03209,T03209,Kolkata,VILLA,1,70762,SEMI_FURNISHED,True,SWIMMING_POOL,23.3
TP03210,T03210,Mumbai,VILLA,1,17302,SEMI_FURNISHED,True,PARKING,10.7
TP03211,T03211,Chennai,APARTMENT,3,106423,SEMI_FURNISHED,False,LIFT,28.1
TP03212,T03212,Kolkata,VILLA,3,54137,SEMI_FURNISHED,False,SECURITY,21.0
TP03213,T03213,Chennai,APARTMENT,2,13667,SEMI_FURNISHED,False,SECURITY,2.1
TP03214,T03214,Delhi,APARTMENT,2,90796,SEMI_FURNISHED,False,POWER_BACKUP,4.2
TP03215,T03215,Mumbai,HOUSE,2,88198,UNFURNISHED,False,WIFI,27.4
TP03216,T03216,Bangalore,VILLA,1,84350,UNFURNISHED,False,WIFI,5.2
TP03217,T03217,Chennai,PG,2,51350,FULLY_FURNISHED,True,GYM,25.2
TP03218,T03218,Delhi,VILLA,1,16141,SEMI_FURNISHED,True,SWIMMING_POOL,28.6
TP03219,T03219,Bangalore,VILLA,2,106456,SEMI_FURNISHED,False,GYM,12.8
TP03220,T03220,Bangalore,PG,2,71100,UNFURNISHED,False,SECURITY,6.7
TP03221,T03221,Delhi,HOUSE,2,88907,FULLY_FURNISHED,False,WIFI,13.8
TP03222,T03222,Chennai,HOUSE,2,82267,UNFURNISHED,True,SECURITY,24.6
TP03223,T03223,Kolkata,VILLA,3,96612,SEMI_FURNISHED,False,AIR_CONDITIONING,25.9
TP03224,T03224,Hyderabad,PG,1,104581,UNFURNISHED,True,GARDEN,15.4
TP03225,T03225,Hyderabad,HOUSE,2,72981,SEMI_FURNISHED,False,GARDEN,24.6
TP03226,T03226,Chennai,HOUSE,2,39083,UNFURNISHED,True,GYM,24.9
TP03227,T03227,Delhi,HOUSE,1,26638,SEMI_FURNISHED,False,POWER_BACKUP,5.2
TP03228,T03228,Bangalore,HOUSE,2,70949,FULLY_FURNISHED,True,LIFT,22.7
TP03229,T03229,Mumbai,APARTMENT,3,41324,SEMI_FURNISHED,False,GYM,23.5
TP03230,T03230,Delhi,VILLA,1,68592,FULLY_FURNISHED,True,PARKING,2.2
TP03231,T03231,Chennai,PG,3,36088,FULLY_FURNISHED,False,SECURITY,4.8
TP03232,T03232,Bangalore,APARTMENT,3,82215,FULLY_FURNISHED,True,CLUBHOUSE,8.6
TP03233,T03233,Mumbai,PG,1,41035,SEMI_FURNISHED,True,SECURITY,10.4
TP03234,T03234,Kolkata,APARTMENT,1,109470,UNFURNISHED,True,GYM,4.0
TP03235,T03235,Chennai,APARTMENT,3,77444,FULLY_FURNISHED,False,PARKING,21.9
TP03236,T03236,Delhi,VILLA,1,84774,UNFURNISHED,False,LIFT,17.5
TP03237,T03237,Chennai,HOUSE,1,115520,UNFURNISHED,False,SECURITY,14.9
TP03238,T03238,Bangalore,PG,1,80025,FULLY_FURNISHED,False,GARDEN,19.0
TP03239,T03239,Hyderabad,APARTMENT,2,109392,SEMI_FURNISHED,True,POWER_BACKUP,9.3
TP03240,T03240,Kolkata,APARTMENT,2,72728,FULLY_FURNISHED,True,SECURITY,26.7
TP03241,T03241,Bangalore,APARTMENT,3,87707,UNFURNISHED,False,PARKING,7.4
TP03242,T03242,Delhi,APARTMENT,3,64411,UNFURNISHED,True,WIFI,29.3
TP03243,T03243,Chennai,VILLA,2,65195,FULLY_FURNISHED,False,LIFT,29.3
TP03244,T03244,Chennai,VILLA,3,14809,FULLY_FURNISHED,True,GYM,6.8
TP03245,T03245,Hyderabad,APARTMENT,3,111207,UNFURNISHED,True,SWIMMING_POOL,13.8
TP03246,T03246,Hyderabad,HOUSE,1,39083,FULLY_FURNISHED,True,LIFT,9.8
TP03247,T03247,Kolkata,VILLA,1,12312,UNFURNISHED,True,GARDEN,18.2
TP03248,T03248,Delhi,HOUSE,1,103195,SEMI_FURNISHED,False,POWER_BACKUP,4.8
TP03249,T03249,Bangalore,PG,3,73528,FULLY_FURNISHED,False,WIFI,4.9
TP03250,T03250,Bangalore,APARTMENT,3,95128,UNFURNISHED,True,SECURITY,25.7
TP03251,T03251,Mumbai,HOUSE,3,25588,UNFURNISHED,True,PARKING,23.8
TP03252,T03252,Chennai,PG,3,114619,SEMI_FURNISHED,False,LIFT,16.3
TP03253,T03253,Chennai,PG,1,67195,FULLY_FURNISHED,False,SWIMMING_POOL,28.5
TP03254,T03254,Kolkata,APARTMENT,1,67443,SEMI_FURNISHED,True,LIFT,16.2
TP03255,T03255,Bangalore,PG,1,118923,SEMI_FURNISHED,False,GYM,16.2
TP03256,T03256,Bangalore,PG,3,27693,UNFURNISHED,False,SWIMMING_POOL,12.3
TP03257,T03257,Kolkata,PG,1,70375,UNFURNISHED,True,SWIMMING_POOL,6.3
TP03258,T03258,Bangalore,APARTMENT,1,56505,FULLY_FURNISHED,True,WIFI,12.7
TP03259,T03259,Kolkata,VILLA,1,89065,FULLY_FURNISHED,True,SECURITY,15.8
TP03260,T03260,Bangalore,APARTMENT,2,82750,UNFURNISHED,True,GARDEN,23.3
TP03261,T03261,Kolkata,HOUSE,3,112920,UNFURNISHED,False,CLUBHOUSE,8.0
TP03262,T03262,Kolkata,APARTMENT,2,71528,SEMI_FURNISHED,True,PARKING,14.0
TP03263,T03263,Chennai,VILLA,1,33061,FULLY_FURNISHED,False,WIFI,17.9
TP03264,T03264,Bangalore,VILLA,3,103655,SEMI_FURNISHED,True,CLUBHOUSE,15.1
TP03265,T03265,Delhi,VILLA,1,93465,FULLY_FURNISHED,False,AIR_CONDITIONING,20.0
TP03266,T03266,Chennai,HOUSE,1,43916,UNFURNISHED,True,SWIMMING_POOL,8.9
TP03267,T03267,Mumbai,APARTMENT,2,91463,SEMI_FURNISHED,True,SECURITY,24.6
TP03268,T03268,Delhi,VILLA,2,84818,FULLY_FURNISHED,True,CLUBHOUSE,9.1
TP03269,T03269,Hyderabad,APARTMENT,3,115137,FULLY_FURNISHED,False,SWIMMING_POOL,22.4
TP03270,T03270,Delhi,PG,2,27110,SEMI_FURNISHED,False,LIFT,6.1
TP03271,T03271,Kolkata,VILLA,2,65777,SEMI_FURNISHED,True,AIR_CONDITIONING,10.0
TP03272,T03272,Chennai,PG,2,78130,SEMI_FURNISHED,True,SECURITY,13.4
TP03273,T03273,Delhi,VILLA,3,116926,UNFURNISHED,False,POWER_BACKUP,13.2
TP03274,T03274,Bangalore,HOUSE,1,93277,UNFURNISHED,True,POWER_BACKUP,18.0
TP03275,T03275,Kolkata,VILLA,3,96495,FULLY_FURNISHED,True,CLUBHOUSE,3.4
TP03276,T03276,Chennai,PG,2,54995,UNFURNISHED,False,POWER_BACKUP,25.0
TP03277,T03277,Chennai,HOUSE,2,54268,SEMI_FURNISHED,True,AIR_CONDITIONING,20.5
TP03278,T03278,Hyderabad,APARTMENT,1,89013,UNFURNISHED,False,POWER_BACKUP,12.5
TP03279,T03279,Mumbai,HOUSE,1,41141,FULLY_FURNISHED,True,CLUBHOUSE,4.7
TP03280,T03280,Bangalore,HOUSE,2,73417,FULLY_FURNISHED,True,LIFT,7.9
TP03281,T03281,Delhi,VILLA,1,98504,FULLY_FURNISHED,False,LIFT,20.1
TP03282,T03282,Chennai,HOUSE,2,95471,UNFURNISHED,True,LIFT,18.3
TP03283,T03283,Hyderabad,APARTMENT,3,29001,FULLY_FURNISHED,True,SECURITY,6.9
TP03284,T03284,Bangalore,HOUSE,1,111787,UNFURNISHED,False,CLUBHOUSE,27.4
TP03285,T03285,Kolkata,APARTMENT,3,29238,FULLY_FURNISHED,False,SWIMMING_POOL,27.0
TP03286,T03286,Hyderabad,VILLA,1,54207,SEMI_FURNISHED,False,PARKING,11.1
TP03287,T03287,Chennai,APARTMENT,1,88104,UNFURNISHED,False,LIFT,27.8
TP03288,T03288,Mumbai,HOUSE,1,84303,FULLY_FURNISHED,True,GYM,5.0
TP03289,T03289,Hyderabad,PG,2,58675,UNFURNISHED,True,LIFT,9.0
TP03290,T03290,Kolkata,HOUSE,2,15794,FULLY_FURNISHED,True,GYM,26.1
TP03291,T03291,Bangalore,HOUSE,1,49171,SEMI_FURNISHED,True,SECURITY,22.7
TP03292,T03292,Kolkata,HOUSE,3,36387,UNFURNISHED,True,PARKING,4.3
TP03293,T03293,Hyderabad,APARTMENT,2,94587,FULLY_FURNISHED,False,GYM,25.0
TP03294,T03294,Bangalore,PG,3,105834,FULLY_FURNISHED,False,SECURITY,29.7
TP03295,T03295,Kolkata,APARTMENT,3,36070,SEMI_FURNISHED,True,POWER_BACKUP,18.2
TP03296,T03296,Delhi,PG,1,91150,SEMI_FURNISHED,True,GARDEN,29.1
TP03297,T03297,Kolkata,VILLA,1,18238,UNFURNISHED,False,GYM,3.8
TP03298,T03298,Hyderabad,APARTMENT,1,13081,FULLY_FURNISHED,False,GYM,11.2
TP03299,T03299,Kolkata,VILLA,3,37235,SEMI_FURNISHED,True,AIR_CONDITIONING,9.6
TP03300,T03300,Kolkata,PG,3,110280,FULLY_FURNISHED,False,LIFT,2.7
TP03301,T03301,Hyderabad,HOUSE,2,33529,FULLY_FURNISHED,False,GYM,11.8
TP03302,T03302,Delhi,PG,1,26345,FULLY_FURNISHED,True,CLUBHOUSE,13.0
TP03303,T03303,Kolkata,HOUSE,1,30000,SEMI_FURNISHED,False,PARKING,5.3
TP03304,T03304,Mumbai,PG,3,32745,SEMI_FURNISHED,False,WIFI,3.1
TP03305,T03305,Delhi,PG,3,14615,UNFURNISHED,False,POWER_BACKUP,24.6
TP03306,T03306,Mumbai,APARTMENT,3,48373,UNFURNISHED,True,GARDEN,8.6
TP03307,T03307,Kolkata,PG,1,72976,UNFURNISHED,False,PARKING,5.9
TP03308,T03308,Mumbai,PG,3,17854,FULLY_FURNISHED,True,AIR_CONDITIONING,3.4
TP03309,T03309,Chennai,HOUSE,3,118961,UNFURNISHED,False,SWIMMING_POOL,14.2
TP03310,T03310,Delhi,APARTMENT,2,21420,FULLY_FURNISHED,True,SWIMMING_POOL,12.2
TP03311,T03311,Chennai,VILLA,1,14060,FULLY_FURNISHED,False,WIFI,2.8
TP03312,T03312,Hyderabad,VILLA,1,40096,UNFURNISHED,False,PARKING,6.2
TP03313,T03313,Chennai,APARTMENT,3,58679,FULLY_FURNISHED,False,CLUBHOUSE,27.0
TP03314,T03314,Delhi,VILLA,1,89129,UNFURNISHED,False,GARDEN,9.5
TP03315,T03315,Bangalore,PG,1,98522,UNFURNISHED,True,POWER_BACKUP,22.7
TP03316,T03316,Chennai,PG,2,15457,FULLY_FURNISHED,False,GARDEN,22.6
TP03317,T03317,Mumbai,PG,1,47263,SEMI_FURNISHED,False,WIFI,11.5
TP03318,T03318,Hyderabad,HOUSE,2,62475,FULLY_FURNISHED,False,AIR_CONDITIONING,22.8
TP03319,T03319,Kolkata,APARTMENT,1,73741,UNFURNISHED,False,POWER_BACKUP,7.1
TP03320,T03320,Delhi,PG,3,24665,SEMI_FURNISHED,False,GARDEN,14.8
TP03321,T03321,Chennai,APARTMENT,3,38113,UNFURNISHED,False,SWIMMING_POOL,5.9
TP03322,T03322,Mumbai,VILLA,2,107151,SEMI_FURNISHED,True,GARDEN,9.2
TP03323,T03323,Chennai,APARTMENT,2,67729,SEMI_FURNISHED,False,GYM,9.0
TP03324,T03324,Delhi,PG,2,57220,SEMI_FURNISHED,True,GYM,9.0
TP03325,T03325,Hyderabad,VILLA,1,108649,UNFURNISHED,True,CLUBHOUSE,11.3
TP03326,T03326,Chennai,APARTMENT,3,67036,UNFURNISHED,False,SECURITY,22.9
TP03327,T03327,Kolkata,APARTMENT,2,21497,FULLY_FURNISHED,False,GYM,22.1
TP03328,T03328,Delhi,PG,2,112601,UNFURNISHED,True,GARDEN,25.2
TP03329,T03329,Kolkata,PG,2,119656,UNFURNISHED,True,LIFT,8.3
TP03330,T03330,Delhi,APARTMENT,2,50755,UNFURNISHED,True,WIFI,12.3
TP03331,T03331,Bangalore,HOUSE,3,14957,UNFURNISHED,True,SWIMMING_POOL,26.7
TP03332,T03332,Delhi,VILLA,2,94499,UNFURNISHED,True,GYM,14.4
TP03333,T03333,Chennai,HOUSE,2,71576,SEMI_FURNISHED,False,PARKING,19.4
TP03334,T03334,Mumbai,HOUSE,2,45943,SEMI_FURNISHED,False,WIFI,2.7
TP03335,T03335,Chennai,HOUSE,2,19317,UNFURNISHED,False,WIFI,26.8
TP03336,T03336,Chennai,VILLA,1,71386,SEMI_FURNISHED,True,AIR_CONDITIONING,13.3
TP03337,T03337,Bangalore,APARTMENT,1,52250,UNFURNISHED,True,PARKING,11.4
TP03338,T03338,Bangalore,VILLA,2,117844,SEMI_FURNISHED,True,WIFI,18.1
TP03339,T03339,Bangalore,PG,1,97492,SEMI_FURNISHED,False,AIR_CONDITIONING,23.9
TP03340,T03340,Delhi,APARTMENT,1,19856,UNFURNISHED,True,PARKING,14.7
TP03341,T03341,Hyderabad,PG,1,90948,SEMI_FURNISHED,True,SWIMMING_POOL,13.6
TP03342,T03342,Mumbai,APARTMENT,3,90539,SEMI_FURNISHED,False,AIR_CONDITIONING,18.5
TP03343,T03343,Delhi,PG,1,82139,UNFURNISHED,True,CLUBHOUSE,27.6
TP03344,T03344,Chennai,HOUSE,1,45826,UNFURNISHED,False,LIFT,21.3
TP03345,T03345,Kolkata,PG,3,96457,FULLY_FURNISHED,False,SWIMMING_POOL,29.9
TP03346,T03346,Bangalore,HOUSE,2,51353,SEMI_FURNISHED,True,CLUBHOUSE,16.6
TP03347,T03347,Delhi,PG,1,115207,SEMI_FURNISHED,False,WIFI,24.8
TP03348,T03348,Bangalore,HOUSE,1,61863,UNFURNISHED,True,POWER_BACKUP,4.4
TP03349,T03349,Delhi,APARTMENT,1,68577,FULLY_FURNISHED,False,AIR_CONDITIONING,18.9
TP03350,T03350,Delhi,VILLA,2,115091,FULLY_FURNISHED,False,AIR_CONDITIONING,12.1
TP03351,T03351,Bangalore,PG,1,108388,UNFURNISHED,False,WIFI,7.9
TP03352,T03352,Bangalore,PG,2,84876,UNFURNISHED,False,POWER_BACKUP,3.8
TP03353,T03353,Chennai,PG,1,103250,FULLY_FURNISHED,False,WIFI,25.3
TP03354,T03354,Kolkata,PG,2,32992,FULLY_FURNISHED,True,SECURITY,2.9
TP03355,T03355,Mumbai,APARTMENT,1,102300,SEMI_FURNISHED,True,WIFI,5.4
TP03356,T03356,Bangalore,APARTMENT,2,68620,FULLY_FURNISHED,True,WIFI,24.1
TP03357,T03357,Kolkata,VILLA,1,32617,FULLY_FURNISHED,False,LIFT,2.6
TP03358,T03358,Mumbai,HOUSE,2,92413,UNFURNISHED,True,AIR_CONDITIONING,14.6
TP03359,T03359,Chennai,APARTMENT,1,76375,SEMI_FURNISHED,False,SWIMMING_POOL,18.5
TP03360,T03360,Delhi,APARTMENT,1,38084,UNFURNISHED,False,AIR_CONDITIONING,8.7
TP03361,T03361,Mumbai,HOUSE,2,76465,SEMI_FURNISHED,False,LIFT,14.4
TP03362,T03362,Delhi,APARTMENT,1,92542,SEMI_FURNISHED,False,AIR_CONDITIONING,2.8
TP03363,T03363,Delhi,PG,1,116491,UNFURNISHED,False,POWER_BACKUP,10.3
TP03364,T03364,Kolkata,APARTMENT,2,100945,UNFURNISHED,True,SWIMMING_POOL,13.1
TP03365,T03365,Chennai,APARTMENT,3,52275,FULLY_FURNISHED,True,LIFT,17.8
TP03366,T03366,Delhi,APARTMENT,3,33559,UNFURNISHED,False,PARKING,22.4
TP03367,T03367,Chennai,VILLA,2,113095,SEMI_FURNISHED,False,SWIMMING_POOL,13.0
TP03368,T03368,Delhi,HOUSE,2,75802,FULLY_FURNISHED,True,GARDEN,20.3
TP03369,T03369,Delhi,APARTMENT,2,37925,SEMI_FURNISHED,False,SECURITY,21.8
TP03370,T03370,Chennai,PG,1,108565,SEMI_FURNISHED,False,SECURITY,9.7
TP03371,T03371,Kolkata,HOUSE,3,70198,SEMI_FURNISHED,False,GARDEN,28.4
TP03372,T03372,Chennai,APARTMENT,1,31607,SEMI_FURNISHED,True,SECURITY,17.1
TP03373,T03373,Kolkata,PG,1,54602,UNFURNISHED,True,GYM,11.1
TP03374,T03374,Kolkata,APARTMENT,3,59665,UNFURNISHED,False,CLUBHOUSE,19.6
TP03375,T03375,Mumbai,VILLA,1,25672,FULLY_FURNISHED,True,GYM,14.3
TP03376,T03376,Bangalore,VILLA,3,107291,FULLY_FURNISHED,False,AIR_CONDITIONING,10.2
TP03377,T03377,Chennai,APARTMENT,1,109284,UNFURNISHED,True,SWIMMING_POOL,3.9
TP03378,T03378,Kolkata,VILLA,2,55357,FULLY_FURNISHED,True,LIFT,20.5
TP03379,T03379,Delhi,PG,2,26617,UNFURNISHED,False,PARKING,15.1
TP03380,T03380,Chennai,HOUSE,2,61025,FULLY_FURNISHED,True,SECURITY,16.9
TP03381,T03381,Chennai,PG,3,115940,FULLY_FURNISHED,True,GYM,26.3
TP03382,T03382,Kolkata,APARTMENT,1,119156,UNFURNISHED,False,LIFT,5.2
TP03383,T03383,Hyderabad,VILLA,2,104846,FULLY_FURNISHED,True,AIR_CONDITIONING,11.9
TP03384,T03384,Mumbai,APARTMENT,2,15516,FULLY_FURNISHED,False,POWER_BACKUP,3.0
TP03385,T03385,Kolkata,APARTMENT,1,19610,FULLY_FURNISHED,True,LIFT,14.7
TP03386,T03386,Mumbai,VILLA,2,72653,SEMI_FURNISHED,False,SWIMMING_POOL,10.8
TP03387,T03387,Bangalore,HOUSE,2,29400,UNFURNISHED,True,GARDEN,2.3
TP03388,T03388,Hyderabad,APARTMENT,3,67264,FULLY_FURNISHED,False,LIFT,20.7
TP03389,T03389,Mumbai,HOUSE,1,96214,UNFURNISHED,False,SWIMMING_POOL,16.0
TP03390,T03390,Bangalore,APARTMENT,1,48218,UNFURNISHED,False,WIFI,26.7
TP03391,T03391,Mumbai,APARTMENT,3,103073,SEMI_FURNISHED,False,SWIMMING_POOL,13.0
TP03392,T03392,Hyderabad,HOUSE,2,95197,SEMI_FURNISHED,True,GYM,10.3
TP03393,T03393,Hyderabad,VILLA,2,63110,UNFURNISHED,False,LIFT,3.7
TP03394,T03394,Delhi,HOUSE,1,116347,FULLY_FURNISHED,True,AIR_CONDITIONING,26.6
TP03395,T03395,Mumbai,APARTMENT,2,111060,UNFURNISHED,True,GARDEN,23.5
TP03396,T03396,Hyderabad,APARTMENT,1,45254,UNFURNISHED,False,POWER_BACKUP,14.9
TP03397,T03397,Delhi,PG,1,79703,SEMI_FURNISHED,True,AIR_CONDITIONING,8.6
TP03398,T03398,Hyderabad,PG,3,117625,FULLY_FURNISHED,True,GARDEN,12.9
TP03399,T03399,Chennai,VILLA,1,36048,SEMI_FURNISHED,False,GYM,3.9
TP03400,T03400,Chennai,HOUSE,2,35615,FULLY_FURNISHED,False,LIFT,11.5
TP03401,T03401,Bangalore,VILLA,2,28199,UNFURNISHED,True,SWIMMING_POOL,2.1
TP03402,T03402,Hyderabad,APARTMENT,3,118472,UNFURNISHED,False,GARDEN,12.7
TP03403,T03403,Kolkata,PG,3,106347,FULLY_FURNISHED,True,AIR_CONDITIONING,25.9
TP03404,T03404,Hyderabad,APARTMENT,3,50487,UNFURNISHED,True,AIR_CONDITIONING,21.2
TP03405,T03405,Hyderabad,PG,1,88989,FULLY_FURNISHED,False,CLUBHOUSE,23.1
TP03406,T03406,Delhi,APARTMENT,3,61514,UNFURNISHED,False,LIFT,2.2
TP03407,T03407,Kolkata,VILLA,2,40473,UNFURNISHED,True,LIFT,26.7
TP03408,T03408,Kolkata,HOUSE,1,28806,SEMI_FURNISHED,True,AIR_CONDITIONING,22.0
TP03409,T03409,Chennai,HOUSE,3,103771,SEMI_FURNISHED,False,CLUBHOUSE,10.9
TP03410,T03410,Kolkata,VILLA,3,58251,UNFURNISHED,True,POWER_BACKUP,28.0
TP03411,T03411,Bangalore,PG,1,89261,FULLY_FURNISHED,True,WIFI,29.4
TP03412,T03412,Kolkata,PG,2,118421,UNFURNISHED,True,GARDEN,9.1
TP03413,T03413,Hyderabad,VILLA,1,79616,FULLY_FURNISHED,False,WIFI,4.5
TP03414,T03414,Kolkata,PG,2,65181,FULLY_FURNISHED,False,GARDEN,25.1
TP03415,T03415,Kolkata,APARTMENT,2,64580,UNFURNISHED,False,GARDEN,8.6
TP03416,T03416,Delhi,HOUSE,1,14121,UNFURNISHED,True,POWER_BACKUP,6.2
TP03417,T03417,Mumbai,HOUSE,1,30088,UNFURNISHED,True,POWER_BACKUP,28.4
TP03418,T03418,Delhi,VILLA,3,62457,UNFURNISHED,False,POWER_BACKUP,16.2
TP03419,T03419,Bangalore,HOUSE,2,27512,SEMI_FURNISHED,False,SWIMMING_POOL,23.0
TP03420,T03420,Delhi,PG,3,117300,SEMI_FURNISHED,False,SECURITY,18.8
TP03421,T03421,Hyderabad,PG,1,20473,UNFURNISHED,False,AIR_CONDITIONING,19.1
TP03422,T03422,Mumbai,APARTMENT,1,61386,SEMI_FURNISHED,True,LIFT,21.2
TP03423,T03423,Hyderabad,VILLA,1,16939,SEMI_FURNISHED,True,LIFT,8.8
TP03424,T03424,Chennai,VILLA,1,97331,FULLY_FURNISHED,True,SECURITY,18.0
TP03425,T03425,Mumbai,APARTMENT,1,34922,FULLY_FURNISHED,True,SWIMMING_POOL,2.6
TP03426,T03426,Chennai,PG,2,92058,SEMI_FURNISHED,True,CLUBHOUSE,10.7
TP03427,T03427,Kolkata,APARTMENT,2,110913,SEMI_FURNISHED,False,GYM,7.9
TP03428,T03428,Kolkata,HOUSE,1,21762,FULLY_FURNISHED,True,LIFT,5.7
TP03429,T03429,Delhi,APARTMENT,2,103807,FULLY_FURNISHED,False,SWIMMING_POOL,7.7
TP03430,T03430,Kolkata,HOUSE,3,89863,UNFURNISHED,False,LIFT,28.2
TP03431,T03431,Chennai,PG,3,113458,UNFURNISHED,False,WIFI,17.2
TP03432,T03432,Chennai,APARTMENT,3,53799,UNFURNISHED,False,SECURITY,9.1
TP03433,T03433,Mumbai,PG,1,85363,FULLY_FURNISHED,True,LIFT,6.4
TP03434,T03434,Bangalore,HOUSE,3,72021,FULLY_FURNISHED,False,GARDEN,27.1
TP03435,T03435,Mumbai,VILLA,2,28359,FULLY_FURNISHED,True,LIFT,22.2
TP03436,T03436,Kolkata,APARTMENT,1,81967,FULLY_FURNISHED,False,PARKING,26.6
TP03437,T03437,Hyderabad,APARTMENT,2,64946,SEMI_FURNISHED,True,GYM,27.9
TP03438,T03438,Hyderabad,VILLA,1,116629,FULLY_FURNISHED,True,POWER_BACKUP,27.3
TP03439,T03439,Hyderabad,APARTMENT,3,109282,FULLY_FURNISHED,True,CLUBHOUSE,13.1
TP03440,T03440,Hyderabad,APARTMENT,3,17651,UNFURNISHED,True,CLUBHOUSE,9.7
TP03441,T03441,Hyderabad,VILLA,2,95282,UNFURNISHED,False,SECURITY,15.5
TP03442,T03442,Kolkata,PG,3,99215,SEMI_FURNISHED,True,WIFI,11.6
TP03443,T03443,Chennai,VILLA,2,100017,FULLY_FURNISHED,True,WIFI,11.1
TP03444,T03444,Delhi,VILLA,3,49915,UNFURNISHED,False,GYM,17.8
TP03445,T03445,Mumbai,APARTMENT,1,44018,FULLY_FURNISHED,True,LIFT,24.5
TP03446,T03446,Chennai,APARTMENT,2,105044,SEMI_FURNISHED,False,SWIMMING_POOL,19.2
TP03447,T03447,Delhi,PG,3,108995,SEMI_FURNISHED,False,LIFT,10.4
TP03448,T03448,Mumbai,HOUSE,1,14790,UNFURNISHED,True,SECURITY,11.7
TP03449,T03449,Kolkata,HOUSE,1,73292,UNFURNISHED,False,SWIMMING_POOL,13.2
TP03450,T03450,Delhi,HOUSE,2,35745,FULLY_FURNISHED,True,WIFI,4.4
TP03451,T03451,Hyderabad,PG,3,114906,SEMI_FURNISHED,False,GYM,28.0
TP03452,T03452,Mumbai,PG,3,83643,FULLY_FURNISHED,False,LIFT,6.3
TP03453,T03453,Hyderabad,PG,3,66822,FULLY_FURNISHED,True,WIFI,7.2
TP03454,T03454,Chennai,APARTMENT,3,30702,UNFURNISHED,False,GARDEN,20.0
TP03455,T03455,Kolkata,VILLA,2,13130,FULLY_FURNISHED,False,AIR_CONDITIONING,9.4
TP03456,T03456,Hyderabad,APARTMENT,3,36869,SEMI_FURNISHED,True,CLUBHOUSE,26.5
TP03457,T03457,Hyderabad,VILLA,1,100445,UNFURNISHED,False,WIFI,19.3
TP03458,T03458,Mumbai,PG,2,24467,FULLY_FURNISHED,True,AIR_CONDITIONING,8.6
TP03459,T03459,Hyderabad,APARTMENT,3,96176,FULLY_FURNISHED,False,LIFT,15.6
TP03460,T03460,Chennai,HOUSE,3,15044,FULLY_FURNISHED,True,POWER_BACKUP,16.7
TP03461,T03461,Bangalore,PG,2,94389,UNFURNISHED,False,GARDEN,28.1
TP03462,T03462,Hyderabad,PG,1,107054,UNFURNISHED,True,WIFI,23.5
TP03463,T03463,Bangalore,PG,2,53000,SEMI_FURNISHED,True,LIFT,27.3
TP03464,T03464,Chennai,PG,2,113366,FULLY_FURNISHED,False,WIFI,18.6
TP03465,T03465,Kolkata,HOUSE,2,115243,FULLY_FURNISHED,False,GYM,27.9
TP03466,T03466,Bangalore,VILLA,2,52763,SEMI_FURNISHED,False,AIR_CONDITIONING,16.0
TP03467,T03467,Kolkata,APARTMENT,2,94264,UNFURNISHED,True,GYM,29.8
TP03468,T03468,Hyderabad,HOUSE,2,24895,UNFURNISHED,True,LIFT,17.9
TP03469,T03469,Mumbai,APARTMENT,1,105186,SEMI_FURNISHED,False,LIFT,29.2
TP03470,T03470,Kolkata,HOUSE,3,98454,SEMI_FURNISHED,False,SWIMMING_POOL,13.7
TP03471,T03471,Hyderabad,PG,3,116422,FULLY_FURNISHED,False,GYM,24.2
TP03472,T03472,Bangalore,VILLA,3,74106,UNFURNISHED,True,PARKING,3.4
TP03473,T03473,Kolkata,APARTMENT,2,40605,SEMI_FURNISHED,False,GYM,21.7
TP03474,T03474,Kolkata,VILLA,2,58256,UNFURNISHED,False,SECURITY,14.2
TP03475,T03475,Kolkata,PG,3,51866,UNFURNISHED,True,GYM,12.1
TP03476,T03476,Delhi,PG,2,82759,FULLY_FURNISHED,False,SECURITY,21.1
TP03477,T03477,Hyderabad,HOUSE,3,50845,FULLY_FURNISHED,False,GARDEN,15.8
TP03478,T03478,Chennai,PG,2,86681,UNFURNISHED,True,CLUBHOUSE,13.3
TP03479,T03479,Hyderabad,HOUSE,2,17791,UNFURNISHED,False,SWIMMING_POOL,7.0
TP03480,T03480,Kolkata,PG,3,43222,SEMI_FURNISHED,False,SECURITY,26.9
TP03481,T03481,Kolkata,HOUSE,1,63313,SEMI_FURNISHED,True,GYM,18.7
TP03482,T03482,Hyderabad,HOUSE,1,39168,FULLY_FURNISHED,True,LIFT,5.2
TP03483,T03483,Delhi,VILLA,1,56401,FULLY_FURNISHED,False,LIFT,20.6
TP03484,T03484,Kolkata,VILLA,2,54782,SEMI_FURNISHED,True,GARDEN,4.5
TP03485,T03485,Mumbai,HOUSE,3,59653,FULLY_FURNISHED,False,PARKING,10.8
TP03486,T03486,Bangalore,VILLA,3,76326,FULLY_FURNISHED,True,GYM,17.1
TP03487,T03487,Kolkata,VILLA,3,42496,SEMI_FURNISHED,False,POWER_BACKUP,13.7
TP03488,T03488,Mumbai,HOUSE,3,106055,UNFURNISHED,True,SWIMMING_POOL,21.4
TP03489,T03489,Hyderabad,HOUSE,3,38080,SEMI_FURNISHED,True,GYM,27.8
TP03490,T03490,Delhi,PG,2,27647,UNFURNISHED,False,LIFT,20.3
TP03491,T03491,Delhi,VILLA,2,60115,FULLY_FURNISHED,True,AIR_CONDITIONING,9.0
TP03492,T03492,Mumbai,VILLA,3,112540,UNFURNISHED,False,POWER_BACKUP,13.0
TP03493,T03493,Kolkata,VILLA,2,89969,UNFURNISHED,True,LIFT,25.4
TP03494,T03494,Kolkata,PG,2,43759,FULLY_FURNISHED,True,SECURITY,5.5
TP03495,T03495,Delhi,HOUSE,2,73670,SEMI_FURNISHED,True,PARKING,22.3
TP03496,T03496,Mumbai,HOUSE,3,63236,SEMI_FURNISHED,True,LIFT,18.9
TP03497,T03497,Delhi,HOUSE,3,35732,FULLY_FURNISHED,True,LIFT,7.7
TP03498,T03498,Mumbai,HOUSE,1,37432,UNFURNISHED,True,SECURITY,14.3
TP03499,T03499,Kolkata,HOUSE,3,57216,FULLY_FURNISHED,False,CLUBHOUSE,10.6
TP03500,T03500,Delhi,HOUSE,3,21492,SEMI_FURNISHED,False,GYM,7.5
TP03501,T03501,Mumbai,APARTMENT,1,67353,UNFURNISHED,False,SECURITY,6.6
TP03502,T03502,Mumbai,HOUSE,3,51562,FULLY_FURNISHED,True,PARKING,20.4
TP03503,T03503,Hyderabad,PG,2,102326,SEMI_FURNISHED,False,POWER_BACKUP,9.8
TP03504,T03504,Bangalore,PG,2,23711,SEMI_FURNISHED,False,SWIMMING_POOL,25.2
TP03505,T03505,Mumbai,PG,1,35764,UNFURNISHED,False,GARDEN,15.9
TP03506,T03506,Mumbai,PG,2,31750,SEMI_FURNISHED,False,SECURITY,8.4
TP03507,T03507,Chennai,HOUSE,1,39018,FULLY_FURNISHED,False,WIFI,5.9
TP03508,T03508,Delhi,VILLA,2,31424,UNFURNISHED,True,PARKING,24.1
TP03509,T03509,Delhi,HOUSE,2,13971,UNFURNISHED,True,SWIMMING_POOL,12.2
TP03510,T03510,Kolkata,HOUSE,2,72767,FULLY_FURNISHED,True,PARKING,17.2
TP03511,T03511,Chennai,VILLA,3,103560,UNFURNISHED,False,POWER_BACKUP,25.9
TP03512,T03512,Mumbai,PG,3,99436,UNFURNISHED,False,LIFT,9.4
TP03513,T03513,Mumbai,VILLA,2,55303,UNFURNISHED,False,CLUBHOUSE,7.5
TP03514,T03514,Chennai,HOUSE,2,107070,SEMI_FURNISHED,True,SWIMMING_POOL,26.4
TP03515,T03515,Kolkata,APARTMENT,3,36812,SEMI_FURNISHED,False,WIFI,25.8
TP03516,T03516,Kolkata,HOUSE,2,47539,UNFURNISHED,False,POWER_BACKUP,13.9
TP03517,T03517,Bangalore,VILLA,3,61247,UNFURNISHED,False,WIFI,25.1
TP03518,T03518,Bangalore,HOUSE,1,16283,SEMI_FURNISHED,False,PARKING,27.4
TP03519,T03519,Bangalore,PG,2,78911,SEMI_FURNISHED,False,GARDEN,10.8
TP03520,T03520,Kolkata,HOUSE,2,60916,UNFURNISHED,False,CLUBHOUSE,4.4
TP03521,T03521,Mumbai,HOUSE,2,54618,FULLY_FURNISHED,False,CLUBHOUSE,18.8
TP03522,T03522,Kolkata,HOUSE,2,21281,FULLY_FURNISHED,True,WIFI,2.5
TP03523,T03523,Kolkata,HOUSE,1,54304,FULLY_FURNISHED,False,CLUBHOUSE,17.1
TP03524,T03524,Kolkata,HOUSE,2,68039,UNFURNISHED,True,SWIMMING_POOL,12.3
TP03525,T03525,Mumbai,APARTMENT,2,74857,FULLY_FURNISHED,True,WIFI,19.8
TP03526,T03526,Mumbai,PG,3,113700,FULLY_FURNISHED,False,AIR_CONDITIONING,8.8
TP03527,T03527,Mumbai,VILLA,1,50221,SEMI_FURNISHED,True,SECURITY,5.4
TP03528,T03528,Chennai,APARTMENT,2,73500,SEMI_FURNISHED,False,GYM,30.0
TP03529,T03529,Hyderabad,VILLA,1,55482,UNFURNISHED,False,SECURITY,7.2
TP03530,T03530,Bangalore,HOUSE,2,93822,FULLY_FURNISHED,False,GYM,28.5
TP03531,T03531,Kolkata,PG,1,84422,FULLY_FURNISHED,True,LIFT,12.8
TP03532,T03532,Hyderabad,HOUSE,3,90540,UNFURNISHED,True,AIR_CONDITIONING,16.4
TP03533,T03533,Bangalore,VILLA,1,25294,SEMI_FURNISHED,True,LIFT,22.9
TP03534,T03534,Bangalore,HOUSE,1,68609,SEMI_FURNISHED,False,POWER_BACKUP,24.5
TP03535,T03535,Kolkata,APARTMENT,2,14055,SEMI_FURNISHED,True,PARKING,3.4
TP03536,T03536,Chennai,HOUSE,2,31114,FULLY_FURNISHED,True,SWIMMING_POOL,14.2
TP03537,T03537,Hyderabad,APARTMENT,1,107115,FULLY_FURNISHED,True,WIFI,15.4
TP03538,T03538,Chennai,APARTMENT,3,96512,UNFURNISHED,False,WIFI,19.1
TP03539,T03539,Mumbai,VILLA,2,37679,UNFURNISHED,True,GARDEN,13.5
TP03540,T03540,Bangalore,APARTMENT,1,64677,UNFURNISHED,False,AIR_CONDITIONING,23.6
TP03541,T03541,Chennai,PG,3,54713,UNFURNISHED,False,PARKING,28.8
TP03542,T03542,Mumbai,VILLA,2,119257,FULLY_FURNISHED,False,POWER_BACKUP,15.8
TP03543,T03543,Bangalore,APARTMENT,1,44687,SEMI_FURNISHED,False,SWIMMING_POOL,9.2
TP03544,T03544,Hyderabad,VILLA,1,22984,FULLY_FURNISHED,False,GARDEN,20.5
TP03545,T03545,Mumbai,APARTMENT,3,35114,FULLY_FURNISHED,False,CLUBHOUSE,30.0
TP03546,T03546,Mumbai,APARTMENT,2,12408,FULLY_FURNISHED,True,PARKING,8.5
TP03547,T03547,Kolkata,PG,3,57835,FULLY_FURNISHED,True,POWER_BACKUP,10.3
TP03548,T03548,Bangalore,PG,3,79605,SEMI_FURNISHED,True,SWIMMING_POOL,19.6
TP03549,T03549,Bangalore,APARTMENT,2,59496,SEMI_FURNISHED,True,POWER_BACKUP,22.4
TP03550,T03550,Kolkata,HOUSE,3,17798,FULLY_FURNISHED,True,AIR_CONDITIONING,3.4
TP03551,T03551,Mumbai,APARTMENT,3,82538,UNFURNISHED,True,SWIMMING_POOL,15.6
TP03552,T03552,Bangalore,VILLA,2,61238,FULLY_FURNISHED,False,POWER_BACKUP,7.3
TP03553,T03553,Hyderabad,APARTMENT,2,105313,FULLY_FURNISHED,True,POWER_BACKUP,8.1
TP03554,T03554,Hyderabad,HOUSE,2,93825,UNFURNISHED,True,SECURITY,7.9
TP03555,T03555,Bangalore,APARTMENT,3,109079,SEMI_FURNISHED,False,SWIMMING_POOL,11.7
TP03556,T03556,Chennai,PG,2,74301,UNFURNISHED,False,WIFI,29.2
TP03557,T03557,Bangalore,VILLA,1,37984,UNFURNISHED,True,WIFI,18.9
TP03558,T03558,Delhi,PG,1,108157,SEMI_FURNISHED,False,AIR_CONDITIONING,10.4
TP03559,T03559,Mumbai,HOUSE,2,41030,FULLY_FURNISHED,True,PARKING,10.2
TP03560,T03560,Kolkata,PG,2,45811,UNFURNISHED,False,CLUBHOUSE,29.6
TP03561,T03561,Bangalore,APARTMENT,1,45430,SEMI_FURNISHED,True,AIR_CONDITIONING,17.5
TP03562,T03562,Hyderabad,APARTMENT,1,28497,UNFURNISHED,False,PARKING,19.7
TP03563,T03563,Hyderabad,PG,3,102996,FULLY_FURNISHED,False,CLUBHOUSE,13.9
TP03564,T03564,Hyderabad,APARTMENT,2,35974,UNFURNISHED,True,SECURITY,2.0
TP03565,T03565,Hyderabad,VILLA,2,80293,SEMI_FURNISHED,False,POWER_BACKUP,10.9
TP03566,T03566,Hyderabad,HOUSE,2,117358,UNFURNISHED,False,POWER_BACKUP,24.3
TP03567,T03567,Chennai,VILLA,2,112622,SEMI_FURNISHED,False,AIR_CONDITIONING,8.0
TP03568,T03568,Delhi,PG,2,37156,SEMI_FURNISHED,True,PARKING,27.1
TP03569,T03569,Mumbai,VILLA,2,118846,UNFURNISHED,False,WIFI,4.1
TP03570,T03570,Delhi,PG,1,110078,FULLY_FURNISHED,True,AIR_CONDITIONING,27.5
TP03571,T03571,Mumbai,VILLA,3,44164,FULLY_FURNISHED,False,GYM,6.1
TP03572,T03572,Hyderabad,VILLA,3,47226,SEMI_FURNISHED,True,SWIMMING_POOL,21.4
TP03573,T03573,Chennai,PG,2,72717,SEMI_FURNISHED,True,POWER_BACKUP,8.6
TP03574,T03574,Kolkata,APARTMENT,1,98571,SEMI_FURNISHED,False,PARKING,2.3
TP03575,T03575,Hyderabad,VILLA,1,88953,UNFURNISHED,False,SWIMMING_POOL,24.2
TP03576,T03576,Delhi,HOUSE,3,119131,UNFURNISHED,True,PARKING,19.4
TP03577,T03577,Mumbai,HOUSE,2,18374,FULLY_FURNISHED,False,WIFI,18.3
TP03578,T03578,Hyderabad,APARTMENT,2,14481,FULLY_FURNISHED,True,AIR_CONDITIONING,4.3
TP03579,T03579,Kolkata,HOUSE,1,68815,UNFURNISHED,True,WIFI,13.3
TP03580,T03580,Bangalore,HOUSE,2,68867,UNFURNISHED,True,WIFI,7.7
TP03581,T03581,Hyderabad,APARTMENT,1,39492,UNFURNISHED,False,POWER_BACKUP,7.9
TP03582,T03582,Delhi,HOUSE,1,108546,SEMI_FURNISHED,False,SECURITY,8.4
TP03583,T03583,Chennai,VILLA,2,32306,SEMI_FURNISHED,False,POWER_BACKUP,19.1
TP03584,T03584,Delhi,PG,3,27249,UNFURNISHED,True,SECURITY,27.9
TP03585,T03585,Kolkata,VILLA,3,23421,FULLY_FURNISHED,True,CLUBHOUSE,2.6
TP03586,T03586,Mumbai,HOUSE,1,62394,UNFURNISHED,True,WIFI,23.3
TP03587,T03587,Mumbai,VILLA,2,99285,UNFURNISHED,False,POWER_BACKUP,13.6
TP03588,T03588,Kolkata,HOUSE,1,49264,SEMI_FURNISHED,False,POWER_BACKUP,10.3
TP03589,T03589,Chennai,HOUSE,1,33643,UNFURNISHED,False,POWER_BACKUP,12.4
TP03590,T03590,Bangalore,APARTMENT,1,81664,UNFURNISHED,False,AIR_CONDITIONING,16.5
TP03591,T03591,Bangalore,VILLA,2,76255,FULLY_FURNISHED,False,LIFT,20.6
TP03592,T03592,Mumbai,PG,2,111689,FULLY_FURNISHED,False,AIR_CONDITIONING,29.0
TP03593,T03593,Hyderabad,HOUSE,2,58576,SEMI_FURNISHED,False,POWER_BACKUP,7.5
TP03594,T03594,Bangalore,VILLA,3,51226,FULLY_FURNISHED,False,POWER_BACKUP,17.7
TP03595,T03595,Hyderabad,APARTMENT,1,118538,SEMI_FURNISHED,True,POWER_BACKUP,2.7
TP03596,T03596,Mumbai,APARTMENT,3,114594,FULLY_FURNISHED,True,AIR_CONDITIONING,29.1
TP03597,T03597,Kolkata,HOUSE,3,25426,SEMI_FURNISHED,True,SECURITY,22.0
TP03598,T03598,Bangalore,PG,3,98705,FULLY_FURNISHED,True,POWER_BACKUP,25.5
TP03599,T03599,Kolkata,VILLA,1,22586,FULLY_FURNISHED,True,GYM,9.6
TP03600,T03600,Delhi,HOUSE,1,21913,SEMI_FURNISHED,True,GYM,20.2
TP03601,T03601,Hyderabad,APARTMENT,3,98772,FULLY_FURNISHED,True,GYM,14.0
TP03602,T03602,Mumbai,PG,3,109672,SEMI_FURNISHED,False,GYM,15.4
TP03603,T03603,Hyderabad,APARTMENT,1,26502,FULLY_FURNISHED,False,CLUBHOUSE,4.7
TP03604,T03604,Chennai,VILLA,3,103005,SEMI_FURNISHED,False,GYM,7.2
TP03605,T03605,Kolkata,VILLA,2,85466,FULLY_FURNISHED,True,SWIMMING_POOL,17.0
TP03606,T03606,Chennai,PG,1,54438,SEMI_FURNISHED,True,CLUBHOUSE,5.9
TP03607,T03607,Bangalore,APARTMENT,1,102495,FULLY_FURNISHED,True,WIFI,7.1
TP03608,T03608,Bangalore,VILLA,2,75095,SEMI_FURNISHED,False,LIFT,21.2
TP03609,T03609,Kolkata,APARTMENT,1,113412,UNFURNISHED,False,AIR_CONDITIONING,16.2
TP03610,T03610,Kolkata,PG,2,101323,FULLY_FURNISHED,True,GARDEN,25.1
TP03611,T03611,Chennai,APARTMENT,1,35938,FULLY_FURNISHED,False,POWER_BACKUP,14.8
TP03612,T03612,Hyderabad,VILLA,1,112328,SEMI_FURNISHED,True,GYM,4.2
TP03613,T03613,Hyderabad,VILLA,1,21612,SEMI_FURNISHED,True,POWER_BACKUP,4.3
TP03614,T03614,Delhi,PG,2,82657,SEMI_FURNISHED,False,SWIMMING_POOL,20.7
TP03615,T03615,Bangalore,PG,3,96618,UNFURNISHED,False,WIFI,11.3
TP03616,T03616,Mumbai,HOUSE,3,90444,UNFURNISHED,False,LIFT,17.1
TP03617,T03617,Chennai,PG,3,62244,FULLY_FURNISHED,False,GARDEN,18.7
TP03618,T03618,Hyderabad,HOUSE,2,95920,UNFURNISHED,True,WIFI,12.6
TP03619,T03619,Chennai,HOUSE,1,43012,SEMI_FURNISHED,False,CLUBHOUSE,11.0
TP03620,T03620,Mumbai,APARTMENT,2,72789,SEMI_FURNISHED,False,PARKING,26.3
TP03621,T03621,Bangalore,APARTMENT,1,67038,UNFURNISHED,True,SECURITY,8.7
TP03622,T03622,Chennai,APARTMENT,3,106885,FULLY_FURNISHED,False,AIR_CONDITIONING,3.5
TP03623,T03623,Bangalore,HOUSE,2,30858,UNFURNISHED,True,SECURITY,21.5
TP03624,T03624,Bangalore,HOUSE,2,57198,SEMI_FURNISHED,False,SWIMMING_POOL,22.3
TP03625,T03625,Hyderabad,APARTMENT,1,31754,FULLY_FURNISHED,False,LIFT,3.8
TP03626,T03626,Mumbai,HOUSE,2,107145,UNFURNISHED,True,POWER_BACKUP,8.5
TP03627,T03627,Hyderabad,PG,3,14794,FULLY_FURNISHED,False,POWER_BACKUP,5.3
TP03628,T03628,Hyderabad,HOUSE,1,96814,UNFURNISHED,False,AIR_CONDITIONING,22.0
TP03629,T03629,Bangalore,HOUSE,1,37794,FULLY_FURNISHED,False,WIFI,12.0
TP03630,T03630,Kolkata,PG,2,15719,UNFURNISHED,False,POWER_BACKUP,19.2
TP03631,T03631,Delhi,APARTMENT,3,43028,FULLY_FURNISHED,True,WIFI,5.9
TP03632,T03632,Hyderabad,APARTMENT,3,29613,FULLY_FURNISHED,False,AIR_CONDITIONING,10.6
TP03633,T03633,Delhi,PG,1,100022,SEMI_FURNISHED,False,SWIMMING_POOL,15.2
TP03634,T03634,Kolkata,PG,1,64165,SEMI_FURNISHED,True,LIFT,21.1
TP03635,T03635,Hyderabad,VILLA,2,96239,UNFURNISHED,True,LIFT,7.0
TP03636,T03636,Chennai,PG,2,97841,UNFURNISHED,True,LIFT,14.7
TP03637,T03637,Delhi,VILLA,3,88774,UNFURNISHED,False,WIFI,11.7
TP03638,T03638,Hyderabad,HOUSE,2,15240,FULLY_FURNISHED,False,POWER_BACKUP,9.0
TP03639,T03639,Mumbai,HOUSE,3,56995,FULLY_FURNISHED,False,GYM,8.2
TP03640,T03640,Chennai,VILLA,3,38294,UNFURNISHED,False,PARKING,5.7
TP03641,T03641,Bangalore,PG,2,82037,SEMI_FURNISHED,True,POWER_BACKUP,12.5
TP03642,T03642,Chennai,APARTMENT,1,32669,UNFURNISHED,False,GYM,29.3
TP03643,T03643,Mumbai,PG,3,80443,SEMI_FURNISHED,False,SWIMMING_POOL,29.5
TP03644,T03644,Delhi,HOUSE,3,32480,FULLY_FURNISHED,True,SECURITY,26.4
TP03645,T03645,Chennai,HOUSE,3,80486,SEMI_FURNISHED,False,PARKING,14.2
TP03646,T03646,Chennai,APARTMENT,2,95609,UNFURNISHED,False,AIR_CONDITIONING,3.7
TP03647,T03647,Delhi,HOUSE,2,119128,UNFURNISHED,True,PARKING,21.9
TP03648,T03648,Hyderabad,APARTMENT,1,118325,SEMI_FURNISHED,True,SWIMMING_POOL,15.5
TP03649,T03649,Kolkata,VILLA,2,63210,UNFURNISHED,False,AIR_CONDITIONING,3.1
TP03650,T03650,Mumbai,APARTMENT,2,76453,UNFURNISHED,False,SWIMMING_POOL,27.8
TP03651,T03651,Bangalore,PG,1,13787,UNFURNISHED,False,AIR_CONDITIONING,6.5
TP03652,T03652,Chennai,VILLA,3,113411,FULLY_FURNISHED,True,CLUBHOUSE,17.8
TP03653,T03653,Delhi,PG,2,41951,FULLY_FURNISHED,False,POWER_BACKUP,13.7
TP03654,T03654,Hyderabad,HOUSE,2,83629,SEMI_FURNISHED,False,PARKING,21.6
TP03655,T03655,Hyderabad,HOUSE,2,118867,FULLY_FURNISHED,True,AIR_CONDITIONING,18.0
TP03656,T03656,Mumbai,HOUSE,3,107830,FULLY_FURNISHED,True,SWIMMING_POOL,3.6
TP03657,T03657,Hyderabad,HOUSE,3,57277,SEMI_FURNISHED,False,SWIMMING_POOL,15.5
TP03658,T03658,Kolkata,APARTMENT,1,63852,UNFURNISHED,True,AIR_CONDITIONING,12.9
TP03659,T03659,Bangalore,APARTMENT,1,118269,FULLY_FURNISHED,False,LIFT,18.9
TP03660,T03660,Hyderabad,PG,3,12527,SEMI_FURNISHED,False,GYM,10.9
TP03661,T03661,Bangalore,APARTMENT,1,23815,SEMI_FURNISHED,False,POWER_BACKUP,14.6
TP03662,T03662,Hyderabad,PG,1,99338,SEMI_FURNISHED,False,PARKING,17.1
TP03663,T03663,Mumbai,VILLA,1,59122,UNFURNISHED,True,PARKING,16.7
TP03664,T03664,Chennai,HOUSE,3,33705,SEMI_FURNISHED,True,WIFI,21.3
TP03665,T03665,Mumbai,PG,3,24382,SEMI_FURNISHED,True,LIFT,5.9
TP03666,T03666,Mumbai,VILLA,2,67432,SEMI_FURNISHED,True,POWER_BACKUP,6.0
TP03667,T03667,Hyderabad,VILLA,1,66277,FULLY_FURNISHED,True,SECURITY,2.5
TP03668,T03668,Mumbai,APARTMENT,1,19376,SEMI_FURNISHED,False,SECURITY,10.3
TP03669,T03669,Kolkata,VILLA,1,106035,UNFURNISHED,True,GYM,5.6
TP03670,T03670,Bangalore,HOUSE,2,64966,SEMI_FURNISHED,True,CLUBHOUSE,4.2
TP03671,T03671,Kolkata,PG,1,114747,SEMI_FURNISHED,False,SECURITY,24.8
TP03672,T03672,Hyderabad,HOUSE,3,60035,UNFURNISHED,False,AIR_CONDITIONING,9.6
TP03673,T03673,Kolkata,PG,3,102548,UNFURNISHED,False,PARKING,23.6
TP03674,T03674,Bangalore,PG,2,52840,SEMI_FURNISHED,True,SWIMMING_POOL,5.1
TP03675,T03675,Kolkata,HOUSE,2,39735,FULLY_FURNISHED,True,AIR_CONDITIONING,13.7
TP03676,T03676,Kolkata,VILLA,1,25464,SEMI_FURNISHED,True,WIFI,18.6
TP03677,T03677,Bangalore,PG,3,86700,SEMI_FURNISHED,True,GARDEN,24.7
TP03678,T03678,Chennai,HOUSE,1,87680,FULLY_FURNISHED,False,CLUBHOUSE,7.5
TP03679,T03679,Hyderabad,VILLA,1,93532,SEMI_FURNISHED,False,WIFI,29.5
TP03680,T03680,Kolkata,PG,2,14775,UNFURNISHED,False,SECURITY,10.6
TP03681,T03681,Delhi,VILLA,2,100775,SEMI_FURNISHED,False,GARDEN,29.7
TP03682,T03682,Mumbai,HOUSE,1,29466,SEMI_FURNISHED,False,SWIMMING_POOL,12.5
TP03683,T03683,Kolkata,VILLA,3,13212,FULLY_FURNISHED,False,SECURITY,28.4
TP03684,T03684,Kolkata,VILLA,1,82760,UNFURNISHED,True,POWER_BACKUP,2.7
TP03685,T03685,Kolkata,HOUSE,3,115993,FULLY_FURNISHED,False,WIFI,2.2
TP03686,T03686,Hyderabad,VILLA,2,87432,FULLY_FURNISHED,True,LIFT,15.1
TP03687,T03687,Kolkata,HOUSE,1,59091,SEMI_FURNISHED,False,SWIMMING_POOL,27.3
TP03688,T03688,Mumbai,APARTMENT,3,91007,SEMI_FURNISHED,True,GYM,14.9
TP03689,T03689,Bangalore,VILLA,1,26059,FULLY_FURNISHED,False,CLUBHOUSE,11.9
TP03690,T03690,Delhi,APARTMENT,3,40841,SEMI_FURNISHED,False,POWER_BACKUP,22.8
TP03691,T03691,Kolkata,PG,3,18216,FULLY_FURNISHED,False,SWIMMING_POOL,2.8
TP03692,T03692,Mumbai,APARTMENT,2,61338,FULLY_FURNISHED,False,POWER_BACKUP,10.3
TP03693,T03693,Chennai,PG,2,110053,SEMI_FURNISHED,True,POWER_BACKUP,5.9
TP03694,T03694,Bangalore,PG,3,69819,UNFURNISHED,True,CLUBHOUSE,26.9
TP03695,T03695,Chennai,APARTMENT,3,12685,UNFURNISHED,True,WIFI,22.7
TP03696,T03696,Bangalore,VILLA,3,48300,FULLY_FURNISHED,True,WIFI,23.7
TP03697,T03697,Mumbai,HOUSE,3,102984,UNFURNISHED,False,WIFI,7.4
TP03698,T03698,Delhi,PG,1,102090,FULLY_FURNISHED,True,SWIMMING_POOL,25.2
TP03699,T03699,Delhi,VILLA,1,66738,SEMI_FURNISHED,False,GYM,18.5
TP03700,T03700,Chennai,APARTMENT,1,103558,UNFURNISHED,False,WIFI,26.1
TP03701,T03701,Mumbai,VILLA,1,119934,FULLY_FURNISHED,True,PARKING,11.7
TP03702,T03702,Mumbai,HOUSE,1,67614,FULLY_FURNISHED,False,SECURITY,10.4
TP03703,T03703,Hyderabad,VILLA,3,22690,FULLY_FURNISHED,False,GYM,20.5
TP03704,T03704,Chennai,APARTMENT,1,104799,FULLY_FURNISHED,False,SWIMMING_POOL,26.0
TP03705,T03705,Chennai,HOUSE,2,13481,FULLY_FURNISHED,False,SWIMMING_POOL,10.9
TP03706,T03706,Hyderabad,APARTMENT,2,39727,FULLY_FURNISHED,True,WIFI,19.4
TP03707,T03707,Delhi,VILLA,1,72841,SEMI_FURNISHED,True,AIR_CONDITIONING,13.5
TP03708,T03708,Kolkata,VILLA,1,21202,FULLY_FURNISHED,False,CLUBHOUSE,8.3
TP03709,T03709,Bangalore,HOUSE,1,40189,SEMI_FURNISHED,False,AIR_CONDITIONING,6.5
TP03710,T03710,Bangalore,HOUSE,3,59377,SEMI_FURNISHED,True,LIFT,10.1
TP03711,T03711,Kolkata,HOUSE,2,103256,UNFURNISHED,True,CLUBHOUSE,6.4
TP03712,T03712,Bangalore,VILLA,2,78173,SEMI_FURNISHED,True,PARKING,26.7
TP03713,T03713,Bangalore,VILLA,3,117075,SEMI_FURNISHED,True,CLUBHOUSE,19.3
TP03714,T03714,Kolkata,VILLA,2,59328,FULLY_FURNISHED,False,SECURITY,21.6
TP03715,T03715,Hyderabad,APARTMENT,3,43598,FULLY_FURNISHED,True,LIFT,29.7
TP03716,T03716,Chennai,VILLA,3,107076,FULLY_FURNISHED,False,GYM,26.4
TP03717,T03717,Kolkata,PG,3,54604,SEMI_FURNISHED,True,POWER_BACKUP,23.5
TP03718,T03718,Chennai,PG,3,82940,FULLY_FURNISHED,False,PARKING,28.4
TP03719,T03719,Bangalore,APARTMENT,2,55718,UNFURNISHED,True,CLUBHOUSE,26.2
TP03720,T03720,Delhi,HOUSE,3,75171,UNFURNISHED,True,WIFI,13.6
TP03721,T03721,Bangalore,APARTMENT,1,54714,FULLY_FURNISHED,True,POWER_BACKUP,25.9
TP03722,T03722,Kolkata,APARTMENT,3,38208,SEMI_FURNISHED,True,SECURITY,20.1
TP03723,T03723,Hyderabad,HOUSE,1,36625,FULLY_FURNISHED,False,SECURITY,17.6
TP03724,T03724,Kolkata,PG,3,26339,FULLY_FURNISHED,False,POWER_BACKUP,15.6
TP03725,T03725,Bangalore,APARTMENT,1,115644,FULLY_FURNISHED,True,GARDEN,26.1
TP03726,T03726,Hyderabad,HOUSE,3,53452,UNFURNISHED,False,AIR_CONDITIONING,23.8
TP03727,T03727,Hyderabad,APARTMENT,3,35451,FULLY_FURNISHED,False,POWER_BACKUP,16.4
TP03728,T03728,Kolkata,VILLA,3,106621,SEMI_FURNISHED,True,AIR_CONDITIONING,7.7
TP03729,T03729,Bangalore,HOUSE,1,98296,SEMI_FURNISHED,True,SWIMMING_POOL,8.4
TP03730,T03730,Mumbai,HOUSE,1,67661,SEMI_FURNISHED,False,GYM,18.6
TP03731,T03731,Chennai,VILLA,1,63049,SEMI_FURNISHED,True,PARKING,22.7
TP03732,T03732,Kolkata,HOUSE,3,57842,SEMI_FURNISHED,False,CLUBHOUSE,7.8
TP03733,T03733,Hyderabad,VILLA,3,12988,SEMI_FURNISHED,True,SECURITY,24.8
TP03734,T03734,Kolkata,APARTMENT,2,67750,UNFURNISHED,True,POWER_BACKUP,21.5
TP03735,T03735,Hyderabad,PG,1,102291,FULLY_FURNISHED,False,CLUBHOUSE,4.5
TP03736,T03736,Hyderabad,VILLA,1,83021,FULLY_FURNISHED,False,WIFI,10.5
TP03737,T03737,Kolkata,VILLA,3,94920,SEMI_FURNISHED,True,LIFT,23.4
TP03738,T03738,Delhi,PG,1,68270,UNFURNISHED,False,GYM,23.1
TP03739,T03739,Hyderabad,HOUSE,2,104325,UNFURNISHED,True,LIFT,19.3
TP03740,T03740,Mumbai,HOUSE,1,54639,FULLY_FURNISHED,False,AIR_CONDITIONING,2.5
TP03741,T03741,Bangalore,HOUSE,3,98010,FULLY_FURNISHED,False,CLUBHOUSE,11.0
TP03742,T03742,Chennai,PG,2,39281,UNFURNISHED,False,GYM,23.6
TP03743,T03743,Chennai,APARTMENT,2,93618,FULLY_FURNISHED,False,POWER_BACKUP,16.7
TP03744,T03744,Kolkata,APARTMENT,3,61612,UNFURNISHED,False,LIFT,4.2
TP03745,T03745,Hyderabad,APARTMENT,2,65950,SEMI_FURNISHED,False,POWER_BACKUP,11.2
TP03746,T03746,Mumbai,VILLA,2,94022,UNFURNISHED,False,WIFI,18.3
TP03747,T03747,Kolkata,PG,2,79088,SEMI_FURNISHED,True,POWER_BACKUP,28.0
TP03748,T03748,Delhi,PG,3,108071,SEMI_FURNISHED,False,PARKING,9.2
TP03749,T03749,Hyderabad,VILLA,3,62752,UNFURNISHED,False,GARDEN,20.3
TP03750,T03750,Hyderabad,HOUSE,1,42988,FULLY_FURNISHED,False,GYM,26.2
TP03751,T03751,Kolkata,VILLA,1,56206,UNFURNISHED,False,SECURITY,2.7
TP03752,T03752,Delhi,PG,1,16081,FULLY_FURNISHED,False,SECURITY,12.0
TP03753,T03753,Mumbai,APARTMENT,2,69499,FULLY_FURNISHED,True,AIR_CONDITIONING,28.8
TP03754,T03754,Kolkata,APARTMENT,2,62481,UNFURNISHED,False,SWIMMING_POOL,28.8
TP03755,T03755,Delhi,HOUSE,1,14298,FULLY_FURNISHED,True,PARKING,20.7
TP03756,T03756,Hyderabad,VILLA,3,31326,SEMI_FURNISHED,True,CLUBHOUSE,19.9
TP03757,T03757,Hyderabad,APARTMENT,3,12685,FULLY_FURNISHED,False,POWER_BACKUP,7.8
TP03758,T03758,Hyderabad,PG,3,25929,FULLY_FURNISHED,True,SWIMMING_POOL,11.7
TP03759,T03759,Delhi,VILLA,1,31256,SEMI_FURNISHED,True,AIR_CONDITIONING,14.9
TP03760,T03760,Hyderabad,HOUSE,2,35719,UNFURNISHED,False,GYM,29.4
TP03761,T03761,Bangalore,PG,1,46571,SEMI_FURNISHED,True,POWER_BACKUP,9.4
TP03762,T03762,Delhi,PG,3,101463,SEMI_FURNISHED,False,LIFT,5.5
TP03763,T03763,Hyderabad,VILLA,1,83228,SEMI_FURNISHED,False,LIFT,7.5
TP03764,T03764,Chennai,VILLA,1,103870,UNFURNISHED,True,AIR_CONDITIONING,19.1
TP03765,T03765,Hyderabad,PG,3,92870,UNFURNISHED,False,SECURITY,15.8
TP03766,T03766,Bangalore,VILLA,3,64283,UNFURNISHED,False,WIFI,17.5
TP03767,T03767,Kolkata,HOUSE,2,119023,UNFURNISHED,False,GYM,12.8
TP03768,T03768,Delhi,APARTMENT,3,40773,FULLY_FURNISHED,True,SWIMMING_POOL,26.0
TP03769,T03769,Bangalore,APARTMENT,1,53794,UNFURNISHED,False,GARDEN,3.8
TP03770,T03770,Hyderabad,APARTMENT,3,84976,SEMI_FURNISHED,False,GARDEN,27.1
TP03771,T03771,Chennai,HOUSE,1,61663,UNFURNISHED,False,LIFT,25.5
TP03772,T03772,Delhi,PG,3,60821,UNFURNISHED,True,SWIMMING_POOL,13.2
TP03773,T03773,Chennai,HOUSE,2,43835,SEMI_FURNISHED,False,WIFI,11.4
TP03774,T03774,Delhi,APARTMENT,2,116814,FULLY_FURNISHED,False,GARDEN,7.6
TP03775,T03775,Chennai,APARTMENT,1,94276,UNFURNISHED,False,CLUBHOUSE,15.8
TP03776,T03776,Chennai,VILLA,2,65357,UNFURNISHED,True,LIFT,7.5
TP03777,T03777,Chennai,PG,1,108629,SEMI_FURNISHED,True,SWIMMING_POOL,22.3
TP03778,T03778,Delhi,HOUSE,2,46369,FULLY_FURNISHED,False,POWER_BACKUP,24.2
TP03779,T03779,Bangalore,PG,2,112759,FULLY_FURNISHED,False,SWIMMING_POOL,8.4
TP03780,T03780,Hyderabad,HOUSE,3,65232,FULLY_FURNISHED,True,GARDEN,16.9
TP03781,T03781,Bangalore,PG,3,101443,SEMI_FURNISHED,True,PARKING,5.2
TP03782,T03782,Delhi,PG,2,41164,FULLY_FURNISHED,False,GYM,26.0
TP03783,T03783,Kolkata,PG,1,110206,UNFURNISHED,True,PARKING,4.8
TP03784,T03784,Chennai,VILLA,2,13144,UNFURNISHED,False,GARDEN,16.4
TP03785,T03785,Chennai,APARTMENT,1,104774,FULLY_FURNISHED,True,AIR_CONDITIONING,23.0
TP03786,T03786,Bangalore,HOUSE,1,96083,FULLY_FURNISHED,True,SWIMMING_POOL,13.7
TP03787,T03787,Delhi,HOUSE,3,14179,UNFURNISHED,True,SWIMMING_POOL,5.0
TP03788,T03788,Hyderabad,VILLA,3,99644,UNFURNISHED,True,GARDEN,9.3
TP03789,T03789,Hyderabad,PG,1,119935,SEMI_FURNISHED,False,GYM,10.0
TP03790,T03790,Bangalore,VILLA,1,50416,FULLY_FURNISHED,False,LIFT,20.1
TP03791,T03791,Bangalore,HOUSE,2,49259,SEMI_FURNISHED,True,SECURITY,18.5
TP03792,T03792,Kolkata,HOUSE,3,17249,SEMI_FURNISHED,True,POWER_BACKUP,10.9
TP03793,T03793,Hyderabad,HOUSE,2,48622,SEMI_FURNISHED,False,GARDEN,13.4
TP03794,T03794,Bangalore,APARTMENT,1,49226,SEMI_FURNISHED,True,SWIMMING_POOL,14.6
TP03795,T03795,Delhi,VILLA,1,85145,SEMI_FURNISHED,False,GYM,17.3
TP03796,T03796,Mumbai,HOUSE,1,106587,SEMI_FURNISHED,False,WIFI,11.4
TP03797,T03797,Delhi,APARTMENT,2,77940,UNFURNISHED,True,LIFT,25.7
TP03798,T03798,Mumbai,PG,3,112147,SEMI_FURNISHED,True,LIFT,16.1
TP03799,T03799,Chennai,APARTMENT,2,18946,FULLY_FURNISHED,False,POWER_BACKUP,19.8
TP03800,T03800,Delhi,PG,1,85407,UNFURNISHED,True,PARKING,28.5
TP03801,T03801,Mumbai,HOUSE,1,75222,UNFURNISHED,False,POWER_BACKUP,29.6
TP03802,T03802,Chennai,VILLA,3,46630,SEMI_FURNISHED,False,GYM,20.6
TP03803,T03803,Mumbai,PG,1,52216,FULLY_FURNISHED,False,POWER_BACKUP,9.2
TP03804,T03804,Hyderabad,PG,2,92667,UNFURNISHED,False,GARDEN,19.5
TP03805,T03805,Chennai,VILLA,2,97095,FULLY_FURNISHED,True,WIFI,29.8
TP03806,T03806,Chennai,APARTMENT,3,32505,SEMI_FURNISHED,False,GYM,20.9
TP03807,T03807,Delhi,HOUSE,2,48373,UNFURNISHED,True,CLUBHOUSE,4.3
TP03808,T03808,Bangalore,PG,3,81381,UNFURNISHED,False,POWER_BACKUP,3.2
TP03809,T03809,Kolkata,APARTMENT,2,87923,UNFURNISHED,True,LIFT,11.7
TP03810,T03810,Bangalore,VILLA,2,28812,FULLY_FURNISHED,True,POWER_BACKUP,23.6
TP03811,T03811,Bangalore,HOUSE,2,50672,FULLY_FURNISHED,False,GARDEN,20.8
TP03812,T03812,Mumbai,HOUSE,2,105493,SEMI_FURNISHED,False,SWIMMING_POOL,11.8
TP03813,T03813,Kolkata,VILLA,3,102195,UNFURNISHED,True,LIFT,15.9
TP03814,T03814,Hyderabad,HOUSE,2,116377,UNFURNISHED,False,SWIMMING_POOL,23.8
TP03815,T03815,Delhi,VILLA,2,102655,FULLY_FURNISHED,False,LIFT,16.8
TP03816,T03816,Delhi,APARTMENT,1,111213,UNFURNISHED,False,SECURITY,3.8
TP03817,T03817,Bangalore,PG,1,106926,SEMI_FURNISHED,False,GYM,28.7
TP03818,T03818,Chennai,VILLA,3,42828,UNFURNISHED,False,SWIMMING_POOL,19.3
TP03819,T03819,Hyderabad,VILLA,1,36889,UNFURNISHED,True,WIFI,21.8
TP03820,T03820,Bangalore,PG,3,38809,FULLY_FURNISHED,False,GYM,11.5
TP03821,T03821,Delhi,VILLA,2,64664,UNFURNISHED,True,SWIMMING_POOL,14.2
TP03822,T03822,Delhi,VILLA,3,15094,SEMI_FURNISHED,False,GYM,2.5
TP03823,T03823,Delhi,APARTMENT,2,26186,FULLY_FURNISHED,True,PARKING,9.2
TP03824,T03824,Chennai,VILLA,3,81374,FULLY_FURNISHED,False,WIFI,15.1
TP03825,T03825,Mumbai,HOUSE,3,63280,SEMI_FURNISHED,False,SWIMMING_POOL,9.1
TP03826,T03826,Mumbai,PG,1,89693,SEMI_FURNISHED,True,POWER_BACKUP,6.7
TP03827,T03827,Chennai,APARTMENT,1,98691,UNFURNISHED,False,LIFT,16.5
TP03828,T03828,Kolkata,PG,1,63334,FULLY_FURNISHED,False,GARDEN,2.5
TP03829,T03829,Kolkata,PG,3,60512,UNFURNISHED,True,LIFT,25.8
TP03830,T03830,Mumbai,HOUSE,3,93384,SEMI_FURNISHED,True,PARKING,5.9
TP03831,T03831,Hyderabad,VILLA,2,63586,SEMI_FURNISHED,False,CLUBHOUSE,24.0
TP03832,T03832,Bangalore,HOUSE,3,54214,FULLY_FURNISHED,False,WIFI,12.3
TP03833,T03833,Chennai,HOUSE,1,83526,FULLY_FURNISHED,False,WIFI,9.0
TP03834,T03834,Hyderabad,HOUSE,2,66147,FULLY_FURNISHED,True,WIFI,26.7
TP03835,T03835,Mumbai,PG,3,58649,SEMI_FURNISHED,True,PARKING,11.2
TP03836,T03836,Hyderabad,HOUSE,2,116430,FULLY_FURNISHED,True,GARDEN,27.0
TP03837,T03837,Kolkata,VILLA,3,22202,FULLY_FURNISHED,False,GYM,29.5
TP03838,T03838,Bangalore,APARTMENT,3,114341,UNFURNISHED,True,AIR_CONDITIONING,21.7
TP03839,T03839,Bangalore,PG,3,14853,FULLY_FURNISHED,False,CLUBHOUSE,10.6
TP03840,T03840,Kolkata,APARTMENT,2,55094,SEMI_FURNISHED,True,WIFI,24.1
TP03841,T03841,Mumbai,VILLA,2,54069,UNFURNISHED,False,AIR_CONDITIONING,13.0
TP03842,T03842,Chennai,HOUSE,2,76338,UNFURNISHED,True,POWER_BACKUP,25.8
TP03843,T03843,Chennai,VILLA,1,49005,SEMI_FURNISHED,False,CLUBHOUSE,29.5
TP03844,T03844,Bangalore,APARTMENT,3,107531,SEMI_FURNISHED,True,CLUBHOUSE,4.9
TP03845,T03845,Kolkata,HOUSE,1,48190,SEMI_FURNISHED,True,GARDEN,3.4
TP03846,T03846,Delhi,VILLA,3,17048,UNFURNISHED,True,WIFI,28.8
TP03847,T03847,Delhi,APARTMENT,1,54381,SEMI_FURNISHED,True,WIFI,18.4
TP03848,T03848,Chennai,VILLA,2,46753,FULLY_FURNISHED,False,WIFI,21.2
TP03849,T03849,Mumbai,APARTMENT,1,75579,SEMI_FURNISHED,False,GYM,19.5
TP03850,T03850,Bangalore,PG,1,99140,SEMI_FURNISHED,False,SWIMMING_POOL,16.1
TP03851,T03851,Mumbai,VILLA,3,75304,FULLY_FURNISHED,False,PARKING,17.1
TP03852,T03852,Chennai,VILLA,2,84574,UNFURNISHED,True,PARKING,15.9
TP03853,T03853,Kolkata,PG,3,25700,SEMI_FURNISHED,True,CLUBHOUSE,7.2
TP03854,T03854,Mumbai,APARTMENT,3,12706,UNFURNISHED,True,SWIMMING_POOL,29.6
TP03855,T03855,Chennai,HOUSE,3,107555,UNFURNISHED,False,WIFI,25.8
TP03856,T03856,Mumbai,VILLA,2,107365,SEMI_FURNISHED,True,WIFI,12.9
TP03857,T03857,Bangalore,VILLA,1,93234,SEMI_FURNISHED,False,GARDEN,28.8
TP03858,T03858,Chennai,PG,1,100164,FULLY_FURNISHED,False,SECURITY,13.0
TP03859,T03859,Mumbai,VILLA,2,60797,SEMI_FURNISHED,True,POWER_BACKUP,22.2
TP03860,T03860,Chennai,HOUSE,2,30674,SEMI_FURNISHED,False,GARDEN,12.2
TP03861,T03861,Hyderabad,VILLA,3,21887,FULLY_FURNISHED,False,SWIMMING_POOL,29.8
TP03862,T03862,Chennai,PG,1,13028,FULLY_FURNISHED,True,SWIMMING_POOL,25.3
TP03863,T03863,Kolkata,APARTMENT,1,54394,FULLY_FURNISHED,False,WIFI,20.0
TP03864,T03864,Hyderabad,VILLA,3,90647,UNFURNISHED,False,GARDEN,28.6
TP03865,T03865,Chennai,APARTMENT,1,64125,FULLY_FURNISHED,True,GARDEN,15.0
TP03866,T03866,Chennai,HOUSE,1,74583,SEMI_FURNISHED,True,SECURITY,24.4
TP03867,T03867,Hyderabad,VILLA,2,51332,SEMI_FURNISHED,True,GARDEN,16.7
TP03868,T03868,Mumbai,HOUSE,1,109079,SEMI_FURNISHED,False,SECURITY,28.3
TP03869,T03869,Hyderabad,HOUSE,2,119318,FULLY_FURNISHED,True,GARDEN,10.3
TP03870,T03870,Mumbai,HOUSE,2,21093,SEMI_FURNISHED,False,LIFT,13.7
TP03871,T03871,Mumbai,PG,2,110017,UNFURNISHED,False,PARKING,12.0
TP03872,T03872,Hyderabad,PG,1,64191,UNFURNISHED,True,GYM,14.0
TP03873,T03873,Kolkata,APARTMENT,1,60937,SEMI_FURNISHED,False,PARKING,19.2
TP03874,T03874,Mumbai,VILLA,2,42673,UNFURNISHED,True,SWIMMING_POOL,9.6
TP03875,T03875,Chennai,APARTMENT,1,116225,SEMI_FURNISHED,False,AIR_CONDITIONING,9.8
TP03876,T03876,Delhi,VILLA,3,72330,FULLY_FURNISHED,True,GYM,7.5
TP03877,T03877,Mumbai,VILLA,3,77091,FULLY_FURNISHED,True,AIR_CONDITIONING,10.0
TP03878,T03878,Delhi,PG,2,90471,SEMI_FURNISHED,False,PARKING,3.9
TP03879,T03879,Hyderabad,PG,3,19576,UNFURNISHED,True,LIFT,20.7
TP03880,T03880,Bangalore,VILLA,1,119943,UNFURNISHED,False,LIFT,10.0
TP03881,T03881,Mumbai,HOUSE,2,55394,SEMI_FURNISHED,True,AIR_CONDITIONING,22.8
TP03882,T03882,Bangalore,VILLA,1,40636,FULLY_FURNISHED,False,POWER_BACKUP,20.4
TP03883,T03883,Kolkata,APARTMENT,3,115703,SEMI_FURNISHED,False,LIFT,7.4
TP03884,T03884,Bangalore,APARTMENT,2,23339,FULLY_FURNISHED,False,GARDEN,28.0
TP03885,T03885,Delhi,PG,1,76364,SEMI_FURNISHED,False,POWER_BACKUP,11.5
TP03886,T03886,Delhi,VILLA,1,90860,UNFURNISHED,False,GARDEN,3.0
TP03887,T03887,Delhi,PG,1,105187,SEMI_FURNISHED,False,GYM,23.8
TP03888,T03888,Delhi,VILLA,3,101285,SEMI_FURNISHED,False,CLUBHOUSE,14.8
TP03889,T03889,Delhi,PG,3,54017,UNFURNISHED,False,WIFI,4.9
TP03890,T03890,Chennai,APARTMENT,3,71506,UNFURNISHED,False,GYM,15.2
TP03891,T03891,Delhi,HOUSE,2,41298,UNFURNISHED,False,SECURITY,26.8
TP03892,T03892,Delhi,APARTMENT,1,18616,UNFURNISHED,True,SWIMMING_POOL,7.2
TP03893,T03893,Hyderabad,HOUSE,1,118009,UNFURNISHED,False,GYM,18.2
TP03894,T03894,Chennai,APARTMENT,1,37470,UNFURNISHED,False,SWIMMING_POOL,21.0
TP03895,T03895,Chennai,PG,1,40120,UNFURNISHED,True,LIFT,2.6
TP03896,T03896,Chennai,VILLA,3,102653,UNFURNISHED,False,AIR_CONDITIONING,26.5
TP03897,T03897,Kolkata,VILLA,1,52379,UNFURNISHED,False,SWIMMING_POOL,8.6
TP03898,T03898,Delhi,VILLA,3,44919,SEMI_FURNISHED,True,PARKING,22.9
TP03899,T03899,Hyderabad,HOUSE,3,96336,SEMI_FURNISHED,False,CLUBHOUSE,22.8
TP03900,T03900,Chennai,HOUSE,3,58897,UNFURNISHED,False,GARDEN,3.0
TP03901,T03901,Hyderabad,PG,3,50183,FULLY_FURNISHED,True,AIR_CONDITIONING,26.7
TP03902,T03902,Hyderabad,VILLA,2,80197,UNFURNISHED,True,PARKING,19.6
TP03903,T03903,Kolkata,HOUSE,2,90929,UNFURNISHED,False,AIR_CONDITIONING,7.2
TP03904,T03904,Mumbai,VILLA,2,45153,FULLY_FURNISHED,False,POWER_BACKUP,21.0
TP03905,T03905,Kolkata,HOUSE,3,104126,SEMI_FURNISHED,False,GARDEN,7.9
TP03906,T03906,Bangalore,APARTMENT,2,19470,SEMI_FURNISHED,False,GYM,10.3
TP03907,T03907,Mumbai,PG,2,89136,SEMI_FURNISHED,False,GARDEN,6.1
TP03908,T03908,Mumbai,HOUSE,2,100257,FULLY_FURNISHED,True,WIFI,11.8
TP03909,T03909,Mumbai,APARTMENT,1,86274,UNFURNISHED,True,SECURITY,19.2
TP03910,T03910,Kolkata,HOUSE,2,26806,SEMI_FURNISHED,False,GYM,18.4
TP03911,T03911,Kolkata,HOUSE,2,105683,UNFURNISHED,False,PARKING,29.3
TP03912,T03912,Chennai,HOUSE,3,31617,SEMI_FURNISHED,False,AIR_CONDITIONING,12.0
TP03913,T03913,Bangalore,HOUSE,2,34745,UNFURNISHED,True,POWER_BACKUP,6.4
TP03914,T03914,Bangalore,HOUSE,3,29559,FULLY_FURNISHED,True,PARKING,8.2
TP03915,T03915,Delhi,HOUSE,3,52626,SEMI_FURNISHED,True,SECURITY,8.7
TP03916,T03916,Chennai,VILLA,2,108145,FULLY_FURNISHED,False,PARKING,8.9
TP03917,T03917,Kolkata,PG,3,20095,SEMI_FURNISHED,True,GARDEN,6.5
TP03918,T03918,Hyderabad,VILLA,3,28642,FULLY_FURNISHED,False,GYM,11.0
TP03919,T03919,Bangalore,VILLA,3,106899,UNFURNISHED,True,WIFI,13.2
TP03920,T03920,Hyderabad,VILLA,3,115028,FULLY_FURNISHED,True,GYM,29.9
TP03921,T03921,Chennai,VILLA,2,100160,UNFURNISHED,False,SWIMMING_POOL,13.8
TP03922,T03922,Chennai,APARTMENT,1,32500,FULLY_FURNISHED,True,AIR_CONDITIONING,23.0
TP03923,T03923,Mumbai,VILLA,3,112994,UNFURNISHED,False,LIFT,27.6
TP03924,T03924,Bangalore,HOUSE,2,52461,FULLY_FURNISHED,False,PARKING,17.4
TP03925,T03925,Mumbai,APARTMENT,1,48641,FULLY_FURNISHED,True,WIFI,24.5
TP03926,T03926,Bangalore,PG,2,100302,SEMI_FURNISHED,True,AIR_CONDITIONING,4.2
TP03927,T03927,Mumbai,PG,3,35613,FULLY_FURNISHED,False,PARKING,6.6
TP03928,T03928,Mumbai,APARTMENT,1,67099,SEMI_FURNISHED,True,WIFI,21.5
TP03929,T03929,Hyderabad,VILLA,3,31011,SEMI_FURNISHED,False,CLUBHOUSE,2.4
TP03930,T03930,Bangalore,PG,1,112741,FULLY_FURNISHED,False,SECURITY,6.5
TP03931,T03931,Bangalore,APARTMENT,3,64646,FULLY_FURNISHED,False,AIR_CONDITIONING,13.3
TP03932,T03932,Delhi,PG,3,77331,SEMI_FURNISHED,False,LIFT,22.3
TP03933,T03933,Kolkata,APARTMENT,2,33496,UNFURNISHED,False,GARDEN,7.5
TP03934,T03934,Mumbai,VILLA,1,64788,FULLY_FURNISHED,False,GYM,12.6
TP03935,T03935,Chennai,VILLA,2,100570,SEMI_FURNISHED,True,GARDEN,10.2
TP03936,T03936,Bangalore,VILLA,1,110948,FULLY_FURNISHED,False,SECURITY,21.6
TP03937,T03937,Kolkata,PG,3,100598,FULLY_FURNISHED,False,LIFT,5.1
TP03938,T03938,Kolkata,VILLA,3,69834,SEMI_FURNISHED,True,CLUBHOUSE,10.5
TP03939,T03939,Kolkata,PG,3,84280,UNFURNISHED,False,GARDEN,20.3
TP03940,T03940,Chennai,APARTMENT,1,90541,FULLY_FURNISHED,False,CLUBHOUSE,9.9
TP03941,T03941,Bangalore,VILLA,2,99277,UNFURNISHED,False,SECURITY,10.1
TP03942,T03942,Bangalore,PG,3,80000,UNFURNISHED,False,PARKING,29.1
TP03943,T03943,Bangalore,HOUSE,2,74520,UNFURNISHED,False,GYM,9.4
TP03944,T03944,Mumbai,PG,1,82744,SEMI_FURNISHED,False,SECURITY,17.5
TP03945,T03945,Delhi,PG,1,35969,FULLY_FURNISHED,True,CLUBHOUSE,12.5
TP03946,T03946,Bangalore,PG,3,66813,FULLY_FURNISHED,False,POWER_BACKUP,6.0
TP03947,T03947,Bangalore,PG,2,88814,FULLY_FURNISHED,True,GARDEN,10.4
TP03948,T03948,Chennai,APARTMENT,2,74297,FULLY_FURNISHED,False,SECURITY,11.3
TP03949,T03949,Mumbai,PG,1,37434,UNFURNISHED,False,AIR_CONDITIONING,12.7
TP03950,T03950,Bangalore,PG,2,108852,UNFURNISHED,True,CLUBHOUSE,11.1
TP03951,T03951,Delhi,HOUSE,3,75814,FULLY_FURNISHED,True,LIFT,23.2
TP03952,T03952,Bangalore,APARTMENT,1,71655,FULLY_FURNISHED,True,SWIMMING_POOL,9.7
TP03953,T03953,Delhi,HOUSE,2,58246,FULLY_FURNISHED,False,GARDEN,10.4
TP03954,T03954,Bangalore,PG,2,59071,SEMI_FURNISHED,True,PARKING,13.9
TP03955,T03955,Bangalore,APARTMENT,1,78684,FULLY_FURNISHED,False,WIFI,9.0
TP03956,T03956,Chennai,PG,2,27740,UNFURNISHED,True,CLUBHOUSE,17.5
TP03957,T03957,Delhi,APARTMENT,3,59929,UNFURNISHED,False,POWER_BACKUP,23.2
TP03958,T03958,Hyderabad,PG,3,98231,SEMI_FURNISHED,True,SWIMMING_POOL,6.0
TP03959,T03959,Bangalore,HOUSE,1,77685,FULLY_FURNISHED,False,AIR_CONDITIONING,20.3
TP03960,T03960,Hyderabad,VILLA,2,33762,SEMI_FURNISHED,False,WIFI,4.0
TP03961,T03961,Kolkata,VILLA,3,97364,SEMI_FURNISHED,False,GARDEN,28.9
TP03962,T03962,Chennai,HOUSE,1,95091,SEMI_FURNISHED,True,GARDEN,14.1
TP03963,T03963,Mumbai,APARTMENT,1,118399,UNFURNISHED,False,CLUBHOUSE,15.9
TP03964,T03964,Delhi,APARTMENT,1,19395,UNFURNISHED,False,GYM,14.4
TP03965,T03965,Chennai,HOUSE,3,84861,FULLY_FURNISHED,False,GYM,29.5
TP03966,T03966,Kolkata,VILLA,3,18899,UNFURNISHED,False,LIFT,21.2
TP03967,T03967,Kolkata,HOUSE,2,18389,UNFURNISHED,True,SECURITY,9.0
TP03968,T03968,Mumbai,APARTMENT,1,46499,FULLY_FURNISHED,True,LIFT,12.7
TP03969,T03969,Kolkata,VILLA,1,83304,FULLY_FURNISHED,False,PARKING,4.1
TP03970,T03970,Chennai,VILLA,2,40320,FULLY_FURNISHED,True,GARDEN,24.8
TP03971,T03971,Bangalore,PG,3,96774,SEMI_FURNISHED,False,LIFT,4.6
TP03972,T03972,Kolkata,PG,3,111297,SEMI_FURNISHED,False,SECURITY,26.0
TP03973,T03973,Chennai,VILLA,3,88001,FULLY_FURNISHED,False,PARKING,15.1
TP03974,T03974,Delhi,APARTMENT,2,94167,FULLY_FURNISHED,True,WIFI,17.7
TP03975,T03975,Delhi,APARTMENT,3,114543,UNFURNISHED,True,POWER_BACKUP,23.5
TP03976,T03976,Bangalore,HOUSE,3,36223,FULLY_FURNISHED,False,POWER_BACKUP,6.9
TP03977,T03977,Delhi,HOUSE,3,80018,FULLY_FURNISHED,True,GYM,2.6
TP03978,T03978,Bangalore,HOUSE,2,26907,UNFURNISHED,False,LIFT,9.3
TP03979,T03979,Hyderabad,APARTMENT,1,14581,UNFURNISHED,True,SWIMMING_POOL,11.2
TP03980,T03980,Bangalore,HOUSE,1,51169,UNFURNISHED,True,PARKING,27.2
TP03981,T03981,Kolkata,HOUSE,3,107111,UNFURNISHED,True,CLUBHOUSE,27.1
TP03982,T03982,Mumbai,VILLA,1,91319,FULLY_FURNISHED,True,POWER_BACKUP,7.1
TP03983,T03983,Kolkata,PG,3,90925,SEMI_FURNISHED,True,WIFI,25.4
TP03984,T03984,Mumbai,VILLA,3,15483,UNFURNISHED,False,LIFT,8.4
TP03985,T03985,Hyderabad,PG,1,96058,SEMI_FURNISHED,False,SECURITY,5.0
TP03986,T03986,Hyderabad,HOUSE,2,43009,UNFURNISHED,False,SWIMMING_POOL,24.7
TP03987,T03987,Chennai,PG,3,43236,UNFURNISHED,False,WIFI,28.0
TP03988,T03988,Hyderabad,VILLA,3,95257,UNFURNISHED,False,LIFT,14.8
TP03989,T03989,Delhi,VILLA,1,53318,FULLY_FURNISHED,True,PARKING,18.4
TP03990,T03990,Chennai,PG,3,57452,FULLY_FURNISHED,True,GYM,22.4
TP03991,T03991,Kolkata,VILLA,2,51105,UNFURNISHED,True,POWER_BACKUP,27.4
TP03992,T03992,Chennai,VILLA,2,18909,SEMI_FURNISHED,False,SWIMMING_POOL,21.4
TP03993,T03993,Hyderabad,PG,2,116957,UNFURNISHED,False,LIFT,18.2
TP03994,T03994,Bangalore,APARTMENT,2,109128,FULLY_FURNISHED,False,WIFI,22.2
TP03995,T03995,Delhi,VILLA,3,61586,UNFURNISHED,True,LIFT,24.7
TP03996,T03996,Hyderabad,APARTMENT,3,29296,UNFURNISHED,True,LIFT,25.9
TP03997,T03997,Kolkata,PG,3,37046,UNFURNISHED,False,GARDEN,13.3
TP03998,T03998,Bangalore,APARTMENT,1,88125,UNFURNISHED,False,AIR_CONDITIONING,20.6
TP03999,T03999,Bangalore,APARTMENT,2,19643,SEMI_FURNISHED,False,GYM,10.7
TP04000,T04000,Bangalore,VILLA,2,19934,SEMI_FURNISHED,True,GYM,10.6
TP04001,T04001,Bangalore,HOUSE,1,49690,SEMI_FURNISHED,False,WIFI,26.5
TP04002,T04002,Delhi,PG,2,102215,FULLY_FURNISHED,True,SECURITY,6.2
TP04003,T04003,Chennai,PG,2,70473,SEMI_FURNISHED,False,CLUBHOUSE,17.9
TP04004,T04004,Bangalore,APARTMENT,1,57006,FULLY_FURNISHED,False,WIFI,5.6
TP04005,T04005,Hyderabad,VILLA,3,95103,SEMI_FURNISHED,True,SECURITY,13.2
TP04006,T04006,Hyderabad,HOUSE,3,104289,SEMI_FURNISHED,False,GARDEN,28.6
TP04007,T04007,Mumbai,HOUSE,1,65040,FULLY_FURNISHED,False,WIFI,21.3
TP04008,T04008,Delhi,APARTMENT,2,104301,FULLY_FURNISHED,False,SECURITY,7.4
TP04009,T04009,Mumbai,PG,3,68668,UNFURNISHED,False,CLUBHOUSE,12.0
TP04010,T04010,Hyderabad,APARTMENT,2,38950,SEMI_FURNISHED,True,WIFI,8.7
TP04011,T04011,Mumbai,VILLA,1,45372,FULLY_FURNISHED,False,POWER_BACKUP,13.5
TP04012,T04012,Kolkata,PG,3,24346,SEMI_FURNISHED,False,LIFT,9.1
TP04013,T04013,Hyderabad,PG,3,105829,SEMI_FURNISHED,False,SECURITY,28.3
TP04014,T04014,Kolkata,HOUSE,2,46595,UNFURNISHED,False,POWER_BACKUP,14.0
TP04015,T04015,Mumbai,APARTMENT,1,56078,UNFURNISHED,False,WIFI,25.9
TP04016,T04016,Kolkata,VILLA,2,24047,UNFURNISHED,False,SECURITY,24.2
TP04017,T04017,Hyderabad,APARTMENT,2,36988,UNFURNISHED,False,SWIMMING_POOL,12.4
TP04018,T04018,Bangalore,PG,1,68122,UNFURNISHED,False,PARKING,8.4
TP04019,T04019,Hyderabad,APARTMENT,3,97595,UNFURNISHED,True,SECURITY,13.5
TP04020,T04020,Chennai,PG,1,36562,UNFURNISHED,True,GARDEN,5.9
TP04021,T04021,Mumbai,APARTMENT,3,51453,SEMI_FURNISHED,True,SECURITY,6.5
TP04022,T04022,Bangalore,APARTMENT,2,32917,FULLY_FURNISHED,True,SWIMMING_POOL,29.0
TP04023,T04023,Chennai,VILLA,3,113013,UNFURNISHED,True,GYM,9.5
TP04024,T04024,Hyderabad,VILLA,3,83311,FULLY_FURNISHED,True,PARKING,8.7
TP04025,T04025,Bangalore,HOUSE,1,79571,FULLY_FURNISHED,True,SWIMMING_POOL,28.1
TP04026,T04026,Chennai,APARTMENT,1,110594,FULLY_FURNISHED,False,AIR_CONDITIONING,19.4
TP04027,T04027,Hyderabad,VILLA,1,19770,FULLY_FURNISHED,False,GYM,17.8
TP04028,T04028,Hyderabad,PG,3,44513,UNFURNISHED,True,GARDEN,15.6
TP04029,T04029,Hyderabad,HOUSE,2,93950,FULLY_FURNISHED,False,CLUBHOUSE,25.3
TP04030,T04030,Mumbai,VILLA,1,23624,SEMI_FURNISHED,False,SECURITY,14.2
TP04031,T04031,Bangalore,HOUSE,3,14971,UNFURNISHED,True,PARKING,12.5
TP04032,T04032,Bangalore,PG,1,55881,UNFURNISHED,True,GYM,29.2
TP04033,T04033,Chennai,APARTMENT,3,92157,SEMI_FURNISHED,True,AIR_CONDITIONING,7.2
TP04034,T04034,Kolkata,VILLA,1,82639,UNFURNISHED,True,GYM,17.1
TP04035,T04035,Chennai,VILLA,2,65540,UNFURNISHED,True,PARKING,22.1
TP04036,T04036,Mumbai,APARTMENT,3,42833,FULLY_FURNISHED,False,GARDEN,7.0
TP04037,T04037,Mumbai,HOUSE,1,78345,SEMI_FURNISHED,True,WIFI,25.7
TP04038,T04038,Delhi,VILLA,1,65213,FULLY_FURNISHED,True,GYM,19.9
TP04039,T04039,Kolkata,APARTMENT,1,38221,UNFURNISHED,True,GYM,28.2
TP04040,T04040,Kolkata,APARTMENT,2,87675,SEMI_FURNISHED,False,CLUBHOUSE,7.9
TP04041,T04041,Delhi,APARTMENT,3,75066,UNFURNISHED,True,SECURITY,20.0
TP04042,T04042,Bangalore,APARTMENT,2,77661,SEMI_FURNISHED,False,GYM,22.4
TP04043,T04043,Delhi,PG,1,51673,UNFURNISHED,False,GYM,24.1
TP04044,T04044,Chennai,PG,3,61537,SEMI_FURNISHED,True,GYM,5.5
TP04045,T04045,Chennai,PG,3,62548,FULLY_FURNISHED,False,SWIMMING_POOL,18.2
TP04046,T04046,Chennai,VILLA,1,25544,SEMI_FURNISHED,False,SECURITY,26.9
TP04047,T04047,Mumbai,VILLA,3,42715,UNFURNISHED,False,LIFT,26.9
TP04048,T04048,Hyderabad,VILLA,2,111962,SEMI_FURNISHED,False,GYM,13.8
TP04049,T04049,Chennai,APARTMENT,1,101718,FULLY_FURNISHED,False,GYM,14.5
TP04050,T04050,Kolkata,APARTMENT,2,108838,SEMI_FURNISHED,True,GARDEN,22.4
TP04051,T04051,Chennai,APARTMENT,1,14740,FULLY_FURNISHED,False,SWIMMING_POOL,26.1
TP04052,T04052,Hyderabad,VILLA,1,43442,FULLY_FURNISHED,True,POWER_BACKUP,28.2
TP04053,T04053,Chennai,VILLA,3,19144,UNFURNISHED,True,SWIMMING_POOL,8.9
TP04054,T04054,Mumbai,PG,1,114752,UNFURNISHED,False,CLUBHOUSE,6.8
TP04055,T04055,Hyderabad,VILLA,3,86677,SEMI_FURNISHED,True,POWER_BACKUP,21.4
TP04056,T04056,Mumbai,APARTMENT,3,48961,FULLY_FURNISHED,True,SWIMMING_POOL,24.3
TP04057,T04057,Mumbai,PG,2,73298,FULLY_FURNISHED,True,GARDEN,4.5
TP04058,T04058,Mumbai,PG,2,59723,UNFURNISHED,False,GYM,9.1
TP04059,T04059,Kolkata,VILLA,3,61880,UNFURNISHED,True,SWIMMING_POOL,18.4
TP04060,T04060,Delhi,HOUSE,1,31998,FULLY_FURNISHED,True,WIFI,9.9
TP04061,T04061,Delhi,VILLA,3,33286,UNFURNISHED,True,GYM,28.2
TP04062,T04062,Delhi,VILLA,3,63900,SEMI_FURNISHED,False,SWIMMING_POOL,15.1
TP04063,T04063,Kolkata,VILLA,1,22983,UNFURNISHED,True,POWER_BACKUP,22.0
TP04064,T04064,Kolkata,APARTMENT,1,66777,SEMI_FURNISHED,False,LIFT,15.1
TP04065,T04065,Mumbai,VILLA,2,23464,UNFURNISHED,False,GYM,9.0
TP04066,T04066,Delhi,APARTMENT,3,32133,SEMI_FURNISHED,True,POWER_BACKUP,11.1
TP04067,T04067,Delhi,VILLA,1,59190,FULLY_FURNISHED,False,SWIMMING_POOL,18.1
TP04068,T04068,Bangalore,HOUSE,1,48491,UNFURNISHED,False,GARDEN,10.7
TP04069,T04069,Chennai,VILLA,2,106585,SEMI_FURNISHED,False,AIR_CONDITIONING,4.1
TP04070,T04070,Hyderabad,PG,2,103613,SEMI_FURNISHED,True,AIR_CONDITIONING,5.2
TP04071,T04071,Chennai,VILLA,2,50149,UNFURNISHED,True,PARKING,4.7
TP04072,T04072,Delhi,HOUSE,2,26639,UNFURNISHED,False,GARDEN,19.1
TP04073,T04073,Mumbai,PG,1,52845,FULLY_FURNISHED,False,PARKING,5.8
TP04074,T04074,Bangalore,PG,2,118719,FULLY_FURNISHED,False,CLUBHOUSE,4.1
TP04075,T04075,Mumbai,APARTMENT,1,108452,SEMI_FURNISHED,False,LIFT,2.7
TP04076,T04076,Chennai,HOUSE,1,83242,UNFURNISHED,False,SWIMMING_POOL,21.6
TP04077,T04077,Hyderabad,PG,3,18875,SEMI_FURNISHED,False,LIFT,22.4
TP04078,T04078,Kolkata,PG,3,67537,SEMI_FURNISHED,True,POWER_BACKUP,10.8
TP04079,T04079,Delhi,HOUSE,3,69995,UNFURNISHED,False,LIFT,5.0
TP04080,T04080,Delhi,HOUSE,1,90935,SEMI_FURNISHED,False,GYM,26.0
TP04081,T04081,Delhi,APARTMENT,3,54468,SEMI_FURNISHED,True,POWER_BACKUP,5.7
TP04082,T04082,Bangalore,APARTMENT,1,40607,UNFURNISHED,False,GYM,8.9
TP04083,T04083,Bangalore,HOUSE,3,47091,SEMI_FURNISHED,False,LIFT,19.5
TP04084,T04084,Kolkata,HOUSE,1,30223,SEMI_FURNISHED,True,POWER_BACKUP,17.0
TP04085,T04085,Bangalore,APARTMENT,2,16368,UNFURNISHED,False,PARKING,11.3
TP04086,T04086,Bangalore,APARTMENT,1,42392,SEMI_FURNISHED,False,POWER_BACKUP,10.8
TP04087,T04087,Mumbai,HOUSE,2,44987,SEMI_FURNISHED,True,CLUBHOUSE,22.3
TP04088,T04088,Hyderabad,APARTMENT,1,108617,UNFURNISHED,True,CLUBHOUSE,16.2
TP04089,T04089,Mumbai,APARTMENT,3,107715,FULLY_FURNISHED,False,PARKING,2.2
TP04090,T04090,Bangalore,VILLA,3,84777,FULLY_FURNISHED,True,WIFI,9.2
TP04091,T04091,Kolkata,PG,1,14475,UNFURNISHED,False,POWER_BACKUP,13.0
TP04092,T04092,Mumbai,VILLA,1,97775,SEMI_FURNISHED,True,SECURITY,16.2
TP04093,T04093,Mumbai,PG,3,64966,FULLY_FURNISHED,False,SWIMMING_POOL,17.3
TP04094,T04094,Chennai,APARTMENT,3,90108,SEMI_FURNISHED,False,SWIMMING_POOL,9.4
TP04095,T04095,Kolkata,HOUSE,2,60793,UNFURNISHED,False,SWIMMING_POOL,13.1
TP04096,T04096,Chennai,APARTMENT,1,100051,SEMI_FURNISHED,False,POWER_BACKUP,7.9
TP04097,T04097,Kolkata,VILLA,3,65334,UNFURNISHED,False,CLUBHOUSE,21.4
TP04098,T04098,Delhi,PG,3,52266,UNFURNISHED,False,WIFI,6.4
TP04099,T04099,Chennai,VILLA,1,87439,UNFURNISHED,True,SWIMMING_POOL,24.0
TP04100,T04100,Kolkata,HOUSE,1,89833,UNFURNISHED,True,PARKING,3.1
TP04101,T04101,Delhi,PG,3,40578,UNFURNISHED,False,AIR_CONDITIONING,18.7
TP04102,T04102,Hyderabad,VILLA,2,45901,FULLY_FURNISHED,False,CLUBHOUSE,16.9
TP04103,T04103,Delhi,VILLA,1,45718,FULLY_FURNISHED,False,GARDEN,27.1
TP04104,T04104,Hyderabad,PG,3,64089,FULLY_FURNISHED,False,CLUBHOUSE,28.7
TP04105,T04105,Bangalore,APARTMENT,2,104915,SEMI_FURNISHED,True,SECURITY,28.9
TP04106,T04106,Bangalore,HOUSE,3,90052,FULLY_FURNISHED,False,AIR_CONDITIONING,12.9
TP04107,T04107,Delhi,HOUSE,1,113684,FULLY_FURNISHED,True,PARKING,9.8
TP04108,T04108,Hyderabad,HOUSE,1,110939,UNFURNISHED,True,POWER_BACKUP,25.5
TP04109,T04109,Mumbai,APARTMENT,3,61895,FULLY_FURNISHED,False,SWIMMING_POOL,16.3
TP04110,T04110,Chennai,APARTMENT,3,15946,SEMI_FURNISHED,False,SWIMMING_POOL,18.7
TP04111,T04111,Mumbai,VILLA,3,64940,FULLY_FURNISHED,False,GARDEN,20.7
TP04112,T04112,Chennai,HOUSE,1,53266,FULLY_FURNISHED,True,POWER_BACKUP,19.4
TP04113,T04113,Hyderabad,VILLA,3,49414,FULLY_FURNISHED,True,SWIMMING_POOL,15.0
TP04114,T04114,Chennai,HOUSE,3,12227,FULLY_FURNISHED,False,AIR_CONDITIONING,27.4
TP04115,T04115,Hyderabad,HOUSE,2,83950,UNFURNISHED,False,AIR_CONDITIONING,16.0
TP04116,T04116,Kolkata,HOUSE,2,114262,SEMI_FURNISHED,True,AIR_CONDITIONING,17.6
TP04117,T04117,Hyderabad,PG,3,95312,FULLY_FURNISHED,False,GYM,19.3
TP04118,T04118,Kolkata,APARTMENT,3,78049,FULLY_FURNISHED,False,GYM,16.7
TP04119,T04119,Kolkata,VILLA,1,16280,UNFURNISHED,False,CLUBHOUSE,23.3
TP04120,T04120,Chennai,VILLA,2,29310,SEMI_FURNISHED,True,LIFT,16.4
TP04121,T04121,Delhi,VILLA,3,46191,FULLY_FURNISHED,True,LIFT,18.8
TP04122,T04122,Mumbai,VILLA,1,24443,FULLY_FURNISHED,False,GYM,18.4
TP04123,T04123,Delhi,APARTMENT,1,34818,SEMI_FURNISHED,True,AIR_CONDITIONING,28.0
TP04124,T04124,Delhi,APARTMENT,2,109352,SEMI_FURNISHED,True,AIR_CONDITIONING,27.5
TP04125,T04125,Delhi,PG,1,115934,FULLY_FURNISHED,True,CLUBHOUSE,26.2
TP04126,T04126,Bangalore,PG,1,27869,UNFURNISHED,False,AIR_CONDITIONING,18.1
TP04127,T04127,Mumbai,VILLA,2,31245,FULLY_FURNISHED,True,LIFT,19.2
TP04128,T04128,Hyderabad,PG,2,60694,UNFURNISHED,True,GARDEN,3.5
TP04129,T04129,Chennai,VILLA,1,84964,UNFURNISHED,False,SECURITY,25.0
TP04130,T04130,Hyderabad,APARTMENT,1,114649,UNFURNISHED,True,PARKING,18.3
TP04131,T04131,Chennai,HOUSE,3,69514,FULLY_FURNISHED,False,WIFI,17.0
TP04132,T04132,Kolkata,APARTMENT,3,70088,SEMI_FURNISHED,False,SECURITY,24.7
TP04133,T04133,Delhi,VILLA,2,115603,FULLY_FURNISHED,True,LIFT,23.5
TP04134,T04134,Chennai,APARTMENT,3,106951,UNFURNISHED,True,POWER_BACKUP,25.5
TP04135,T04135,Delhi,VILLA,2,33485,SEMI_FURNISHED,False,AIR_CONDITIONING,27.2
TP04136,T04136,Kolkata,HOUSE,1,105676,SEMI_FURNISHED,True,GYM,27.9
TP04137,T04137,Bangalore,HOUSE,2,47035,UNFURNISHED,False,POWER_BACKUP,2.7
TP04138,T04138,Chennai,APARTMENT,2,53409,UNFURNISHED,False,GARDEN,9.9
TP04139,T04139,Mumbai,HOUSE,3,59020,UNFURNISHED,True,SECURITY,2.3
TP04140,T04140,Delhi,VILLA,2,32445,FULLY_FURNISHED,True,POWER_BACKUP,7.3
TP04141,T04141,Hyderabad,HOUSE,2,44950,UNFURNISHED,True,GYM,5.1
TP04142,T04142,Kolkata,HOUSE,1,33128,UNFURNISHED,False,SWIMMING_POOL,29.6
TP04143,T04143,Chennai,HOUSE,1,95335,FULLY_FURNISHED,True,CLUBHOUSE,7.3
TP04144,T04144,Bangalore,VILLA,3,33470,FULLY_FURNISHED,False,SECURITY,20.7
TP04145,T04145,Delhi,VILLA,1,53602,FULLY_FURNISHED,True,GARDEN,13.2
TP04146,T04146,Hyderabad,VILLA,3,34751,FULLY_FURNISHED,False,POWER_BACKUP,10.0
TP04147,T04147,Chennai,PG,3,64566,FULLY_FURNISHED,True,PARKING,13.8
TP04148,T04148,Delhi,PG,3,21792,FULLY_FURNISHED,True,GARDEN,12.6
TP04149,T04149,Mumbai,PG,3,78715,UNFURNISHED,False,SECURITY,16.0
TP04150,T04150,Bangalore,APARTMENT,3,62937,UNFURNISHED,False,PARKING,9.3
TP04151,T04151,Chennai,PG,2,40347,UNFURNISHED,True,SWIMMING_POOL,3.9
TP04152,T04152,Delhi,PG,3,58260,SEMI_FURNISHED,True,GARDEN,13.8
TP04153,T04153,Delhi,HOUSE,3,26753,FULLY_FURNISHED,False,PARKING,4.8
TP04154,T04154,Chennai,HOUSE,2,36537,SEMI_FURNISHED,True,WIFI,9.8
TP04155,T04155,Kolkata,VILLA,2,72650,SEMI_FURNISHED,False,LIFT,19.1
TP04156,T04156,Delhi,HOUSE,1,30146,FULLY_FURNISHED,False,SECURITY,20.4
TP04157,T04157,Bangalore,PG,2,50152,UNFURNISHED,False,LIFT,23.5
TP04158,T04158,Hyderabad,HOUSE,2,36769,SEMI_FURNISHED,False,GYM,29.2
TP04159,T04159,Mumbai,APARTMENT,2,71456,UNFURNISHED,False,GARDEN,12.7
TP04160,T04160,Kolkata,HOUSE,2,30460,UNFURNISHED,False,CLUBHOUSE,10.0
TP04161,T04161,Hyderabad,VILLA,2,87473,FULLY_FURNISHED,False,GARDEN,4.1
TP04162,T04162,Hyderabad,APARTMENT,1,118063,FULLY_FURNISHED,False,AIR_CONDITIONING,5.0
TP04163,T04163,Bangalore,HOUSE,2,101889,SEMI_FURNISHED,False,PARKING,19.3
TP04164,T04164,Bangalore,VILLA,2,37818,SEMI_FURNISHED,True,LIFT,24.1
TP04165,T04165,Kolkata,PG,1,70213,SEMI_FURNISHED,True,PARKING,22.1
TP04166,T04166,Hyderabad,VILLA,3,36323,SEMI_FURNISHED,True,LIFT,7.1
TP04167,T04167,Hyderabad,APARTMENT,2,64488,UNFURNISHED,True,GARDEN,24.3
TP04168,T04168,Hyderabad,PG,3,89819,UNFURNISHED,False,PARKING,29.2
TP04169,T04169,Bangalore,PG,2,90789,FULLY_FURNISHED,False,SECURITY,20.5
TP04170,T04170,Hyderabad,HOUSE,2,96857,SEMI_FURNISHED,False,SWIMMING_POOL,30.0
TP04171,T04171,Mumbai,HOUSE,3,98479,FULLY_FURNISHED,True,SECURITY,13.6
TP04172,T04172,Kolkata,HOUSE,1,88488,FULLY_FURNISHED,False,LIFT,21.0
TP04173,T04173,Delhi,PG,2,35510,SEMI_FURNISHED,False,GARDEN,3.3
TP04174,T04174,Mumbai,APARTMENT,1,58705,SEMI_FURNISHED,True,POWER_BACKUP,5.3
TP04175,T04175,Kolkata,APARTMENT,1,71251,FULLY_FURNISHED,False,GARDEN,19.1
TP04176,T04176,Kolkata,PG,3,117155,UNFURNISHED,False,WIFI,7.2
TP04177,T04177,Mumbai,APARTMENT,1,77903,UNFURNISHED,False,GYM,14.5
TP04178,T04178,Bangalore,APARTMENT,3,70644,UNFURNISHED,False,AIR_CONDITIONING,21.0
TP04179,T04179,Mumbai,VILLA,1,25912,FULLY_FURNISHED,True,LIFT,27.4
TP04180,T04180,Chennai,PG,1,54194,FULLY_FURNISHED,False,LIFT,27.7
TP04181,T04181,Hyderabad,APARTMENT,1,106880,FULLY_FURNISHED,False,GYM,9.0
TP04182,T04182,Hyderabad,APARTMENT,1,39838,SEMI_FURNISHED,True,POWER_BACKUP,4.8
TP04183,T04183,Mumbai,VILLA,3,39641,UNFURNISHED,False,SWIMMING_POOL,23.7
TP04184,T04184,Chennai,VILLA,1,19712,FULLY_FURNISHED,True,SWIMMING_POOL,25.1
TP04185,T04185,Bangalore,PG,3,41841,UNFURNISHED,False,POWER_BACKUP,18.2
TP04186,T04186,Chennai,APARTMENT,3,76505,FULLY_FURNISHED,False,SECURITY,5.2
TP04187,T04187,Bangalore,APARTMENT,3,118656,UNFURNISHED,True,LIFT,5.4
TP04188,T04188,Kolkata,HOUSE,3,89015,UNFURNISHED,True,AIR_CONDITIONING,22.7
TP04189,T04189,Mumbai,PG,3,54795,UNFURNISHED,True,POWER_BACKUP,15.3
TP04190,T04190,Hyderabad,APARTMENT,3,82246,SEMI_FURNISHED,True,AIR_CONDITIONING,28.3
TP04191,T04191,Hyderabad,HOUSE,2,28342,FULLY_FURNISHED,False,GYM,16.4
TP04192,T04192,Mumbai,VILLA,2,94261,UNFURNISHED,False,AIR_CONDITIONING,16.5
TP04193,T04193,Mumbai,APARTMENT,3,94870,FULLY_FURNISHED,True,GYM,21.0
TP04194,T04194,Bangalore,PG,3,58405,FULLY_FURNISHED,False,SWIMMING_POOL,18.1
TP04195,T04195,Kolkata,PG,3,30047,SEMI_FURNISHED,False,LIFT,10.3
TP04196,T04196,Chennai,APARTMENT,1,53973,UNFURNISHED,False,PARKING,5.7
TP04197,T04197,Chennai,VILLA,2,18183,UNFURNISHED,True,AIR_CONDITIONING,25.5
TP04198,T04198,Hyderabad,HOUSE,1,23280,FULLY_FURNISHED,True,SECURITY,4.7
TP04199,T04199,Delhi,PG,3,12263,FULLY_FURNISHED,False,AIR_CONDITIONING,26.6
TP04200,T04200,Delhi,HOUSE,2,73973,SEMI_FURNISHED,True,SWIMMING_POOL,2.1
TP04201,T04201,Hyderabad,PG,2,60975,UNFURNISHED,True,GYM,10.1
TP04202,T04202,Mumbai,PG,2,59567,FULLY_FURNISHED,False,CLUBHOUSE,11.1
TP04203,T04203,Kolkata,HOUSE,2,56135,SEMI_FURNISHED,True,SWIMMING_POOL,3.5
TP04204,T04204,Delhi,APARTMENT,2,46326,SEMI_FURNISHED,True,AIR_CONDITIONING,17.0
TP04205,T04205,Delhi,HOUSE,2,84076,UNFURNISHED,False,GYM,4.4
TP04206,T04206,Bangalore,VILLA,3,86667,FULLY_FURNISHED,True,CLUBHOUSE,7.4
TP04207,T04207,Chennai,VILLA,2,55615,FULLY_FURNISHED,False,SWIMMING_POOL,19.2
TP04208,T04208,Mumbai,HOUSE,2,81110,SEMI_FURNISHED,True,GYM,19.6
TP04209,T04209,Chennai,PG,1,46727,SEMI_FURNISHED,False,GARDEN,14.1
TP04210,T04210,Hyderabad,VILLA,2,13722,UNFURNISHED,True,CLUBHOUSE,15.0
TP04211,T04211,Bangalore,HOUSE,2,61534,UNFURNISHED,False,WIFI,27.6
TP04212,T04212,Chennai,HOUSE,2,57146,UNFURNISHED,False,GARDEN,5.6
TP04213,T04213,Hyderabad,HOUSE,2,41304,UNFURNISHED,True,POWER_BACKUP,16.0
TP04214,T04214,Chennai,HOUSE,2,116148,SEMI_FURNISHED,False,WIFI,7.5
TP04215,T04215,Mumbai,PG,1,40600,UNFURNISHED,False,CLUBHOUSE,3.9
TP04216,T04216,Bangalore,VILLA,3,86306,FULLY_FURNISHED,True,SWIMMING_POOL,25.5
TP04217,T04217,Chennai,VILLA,1,46900,UNFURNISHED,True,AIR_CONDITIONING,28.9
TP04218,T04218,Bangalore,VILLA,3,58170,UNFURNISHED,False,AIR_CONDITIONING,15.1
TP04219,T04219,Chennai,APARTMENT,2,97006,SEMI_FURNISHED,True,PARKING,10.5
TP04220,T04220,Mumbai,APARTMENT,1,42071,SEMI_FURNISHED,True,LIFT,4.7
TP04221,T04221,Hyderabad,HOUSE,2,78671,UNFURNISHED,True,GYM,7.9
TP04222,T04222,Chennai,PG,2,42760,SEMI_FURNISHED,False,PARKING,5.2
TP04223,T04223,Delhi,VILLA,2,107653,UNFURNISHED,False,POWER_BACKUP,11.1
TP04224,T04224,Mumbai,HOUSE,1,15863,UNFURNISHED,True,WIFI,17.6
TP04225,T04225,Hyderabad,VILLA,3,29354,SEMI_FURNISHED,True,GARDEN,19.0
TP04226,T04226,Bangalore,APARTMENT,3,24139,FULLY_FURNISHED,False,GYM,22.7
TP04227,T04227,Delhi,HOUSE,1,71116,UNFURNISHED,False,GARDEN,11.2
TP04228,T04228,Kolkata,HOUSE,2,70300,SEMI_FURNISHED,True,LIFT,21.1
TP04229,T04229,Hyderabad,APARTMENT,3,102813,FULLY_FURNISHED,True,PARKING,4.4
TP04230,T04230,Chennai,VILLA,2,12294,SEMI_FURNISHED,False,GYM,6.1
TP04231,T04231,Mumbai,VILLA,2,90555,FULLY_FURNISHED,False,GYM,9.9
TP04232,T04232,Mumbai,HOUSE,3,116940,SEMI_FURNISHED,False,PARKING,4.8
TP04233,T04233,Delhi,APARTMENT,3,13211,UNFURNISHED,False,PARKING,16.3
TP04234,T04234,Bangalore,HOUSE,1,27606,UNFURNISHED,True,SWIMMING_POOL,16.2
TP04235,T04235,Delhi,APARTMENT,3,101667,SEMI_FURNISHED,True,SWIMMING_POOL,4.2
TP04236,T04236,Kolkata,VILLA,3,38215,SEMI_FURNISHED,False,POWER_BACKUP,7.2
TP04237,T04237,Bangalore,HOUSE,2,118316,SEMI_FURNISHED,True,AIR_CONDITIONING,26.7
TP04238,T04238,Delhi,PG,1,21227,UNFURNISHED,True,CLUBHOUSE,28.5
TP04239,T04239,Bangalore,PG,3,62739,SEMI_FURNISHED,True,GYM,14.9
TP04240,T04240,Delhi,APARTMENT,2,77678,FULLY_FURNISHED,False,CLUBHOUSE,10.3
TP04241,T04241,Mumbai,PG,3,82558,FULLY_FURNISHED,True,AIR_CONDITIONING,16.0
TP04242,T04242,Hyderabad,APARTMENT,1,79041,SEMI_FURNISHED,False,WIFI,8.5
TP04243,T04243,Kolkata,PG,2,86917,UNFURNISHED,False,PARKING,9.1
TP04244,T04244,Bangalore,HOUSE,3,80529,FULLY_FURNISHED,True,LIFT,6.1
TP04245,T04245,Chennai,APARTMENT,1,116986,FULLY_FURNISHED,True,AIR_CONDITIONING,27.0
TP04246,T04246,Bangalore,VILLA,1,101415,FULLY_FURNISHED,True,AIR_CONDITIONING,17.4
TP04247,T04247,Mumbai,APARTMENT,3,71305,SEMI_FURNISHED,False,LIFT,14.9
TP04248,T04248,Delhi,HOUSE,3,61376,FULLY_FURNISHED,True,POWER_BACKUP,7.7
TP04249,T04249,Chennai,HOUSE,1,35379,FULLY_FURNISHED,False,GYM,29.9
TP04250,T04250,Kolkata,APARTMENT,2,116843,FULLY_FURNISHED,True,CLUBHOUSE,9.1
TP04251,T04251,Mumbai,VILLA,1,38945,UNFURNISHED,False,SWIMMING_POOL,15.9
TP04252,T04252,Chennai,HOUSE,2,60785,UNFURNISHED,False,GARDEN,18.4
TP04253,T04253,Chennai,HOUSE,1,82906,UNFURNISHED,False,POWER_BACKUP,24.1
TP04254,T04254,Delhi,HOUSE,1,14915,SEMI_FURNISHED,False,SECURITY,13.2
TP04255,T04255,Chennai,HOUSE,3,37645,SEMI_FURNISHED,False,POWER_BACKUP,8.3
TP04256,T04256,Chennai,APARTMENT,3,72892,FULLY_FURNISHED,True,AIR_CONDITIONING,6.3
TP04257,T04257,Kolkata,APARTMENT,1,99129,SEMI_FURNISHED,True,LIFT,23.8
TP04258,T04258,Chennai,PG,1,113441,SEMI_FURNISHED,True,SWIMMING_POOL,3.2
TP04259,T04259,Mumbai,HOUSE,1,65526,SEMI_FURNISHED,True,PARKING,22.5
TP04260,T04260,Chennai,PG,2,41732,FULLY_FURNISHED,True,GYM,13.8
TP04261,T04261,Bangalore,VILLA,3,103766,UNFURNISHED,True,LIFT,3.3
TP04262,T04262,Delhi,VILLA,1,88146,UNFURNISHED,False,CLUBHOUSE,7.9
TP04263,T04263,Bangalore,APARTMENT,1,59279,FULLY_FURNISHED,True,WIFI,19.2
TP04264,T04264,Kolkata,VILLA,1,90301,FULLY_FURNISHED,True,GARDEN,29.5
TP04265,T04265,Kolkata,VILLA,2,55071,FULLY_FURNISHED,False,SWIMMING_POOL,22.2
TP04266,T04266,Hyderabad,VILLA,1,50532,FULLY_FURNISHED,True,LIFT,7.2
TP04267,T04267,Chennai,HOUSE,3,101009,FULLY_FURNISHED,False,PARKING,12.8
TP04268,T04268,Delhi,VILLA,3,20890,SEMI_FURNISHED,False,POWER_BACKUP,21.3
TP04269,T04269,Hyderabad,VILLA,2,36729,FULLY_FURNISHED,False,SWIMMING_POOL,27.6
TP04270,T04270,Hyderabad,APARTMENT,1,47837,SEMI_FURNISHED,True,POWER_BACKUP,7.0
TP04271,T04271,Delhi,HOUSE,3,68627,UNFURNISHED,True,CLUBHOUSE,8.8
TP04272,T04272,Hyderabad,VILLA,1,43068,FULLY_FURNISHED,False,LIFT,14.9
TP04273,T04273,Kolkata,HOUSE,1,48090,UNFURNISHED,False,LIFT,10.2
TP04274,T04274,Delhi,VILLA,3,59091,FULLY_FURNISHED,True,POWER_BACKUP,8.4
TP04275,T04275,Bangalore,HOUSE,2,53354,SEMI_FURNISHED,False,WIFI,26.1
TP04276,T04276,Hyderabad,VILLA,1,80142,FULLY_FURNISHED,False,GYM,29.5
TP04277,T04277,Kolkata,APARTMENT,1,53164,FULLY_FURNISHED,True,LIFT,23.7
TP04278,T04278,Hyderabad,APARTMENT,3,28808,FULLY_FURNISHED,True,SECURITY,5.2
TP04279,T04279,Bangalore,VILLA,1,37052,SEMI_FURNISHED,True,POWER_BACKUP,28.1
TP04280,T04280,Mumbai,APARTMENT,1,18252,FULLY_FURNISHED,False,POWER_BACKUP,4.4
TP04281,T04281,Hyderabad,PG,1,35068,SEMI_FURNISHED,True,GARDEN,23.4
TP04282,T04282,Hyderabad,HOUSE,3,16626,FULLY_FURNISHED,False,GYM,24.6
TP04283,T04283,Bangalore,APARTMENT,2,41480,SEMI_FURNISHED,False,PARKING,18.7
TP04284,T04284,Delhi,APARTMENT,2,45399,FULLY_FURNISHED,True,LIFT,7.2
TP04285,T04285,Mumbai,APARTMENT,3,99556,SEMI_FURNISHED,False,POWER_BACKUP,15.7
TP04286,T04286,Bangalore,APARTMENT,1,52767,SEMI_FURNISHED,True,LIFT,22.7
TP04287,T04287,Kolkata,PG,3,100981,FULLY_FURNISHED,True,CLUBHOUSE,11.6
TP04288,T04288,Bangalore,APARTMENT,1,66268,SEMI_FURNISHED,False,GYM,22.7
TP04289,T04289,Bangalore,PG,3,69376,FULLY_FURNISHED,True,GYM,9.1
TP04290,T04290,Delhi,PG,1,20297,FULLY_FURNISHED,False,SECURITY,15.6
TP04291,T04291,Kolkata,APARTMENT,2,61272,FULLY_FURNISHED,True,PARKING,7.1
TP04292,T04292,Kolkata,PG,1,91710,FULLY_FURNISHED,True,AIR_CONDITIONING,13.2
TP04293,T04293,Mumbai,APARTMENT,3,112139,FULLY_FURNISHED,False,SWIMMING_POOL,27.8
TP04294,T04294,Bangalore,VILLA,2,54851,UNFURNISHED,True,WIFI,4.9
TP04295,T04295,Kolkata,APARTMENT,3,118391,FULLY_FURNISHED,False,POWER_BACKUP,8.0
TP04296,T04296,Kolkata,VILLA,1,15320,UNFURNISHED,False,WIFI,17.5
TP04297,T04297,Kolkata,PG,1,69571,SEMI_FURNISHED,False,CLUBHOUSE,5.7
TP04298,T04298,Chennai,APARTMENT,3,57778,SEMI_FURNISHED,True,PARKING,6.4
TP04299,T04299,Chennai,APARTMENT,1,82354,UNFURNISHED,True,GARDEN,3.3
TP04300,T04300,Chennai,PG,3,15084,FULLY_FURNISHED,False,SECURITY,18.6
TP04301,T04301,Hyderabad,VILLA,1,56116,UNFURNISHED,False,CLUBHOUSE,25.5
TP04302,T04302,Kolkata,PG,1,24588,UNFURNISHED,True,CLUBHOUSE,29.1
TP04303,T04303,Delhi,HOUSE,3,55910,FULLY_FURNISHED,False,WIFI,27.2
TP04304,T04304,Hyderabad,PG,1,71126,FULLY_FURNISHED,False,AIR_CONDITIONING,17.4
TP04305,T04305,Bangalore,APARTMENT,2,51409,UNFURNISHED,False,SECURITY,24.9
TP04306,T04306,Bangalore,HOUSE,1,61415,UNFURNISHED,True,AIR_CONDITIONING,3.2
TP04307,T04307,Delhi,HOUSE,3,34781,SEMI_FURNISHED,True,CLUBHOUSE,20.5
TP04308,T04308,Chennai,HOUSE,3,51615,SEMI_FURNISHED,True,GYM,2.7
TP04309,T04309,Kolkata,APARTMENT,1,71528,UNFURNISHED,False,AIR_CONDITIONING,16.0
TP04310,T04310,Hyderabad,PG,2,61631,SEMI_FURNISHED,True,SWIMMING_POOL,11.5
TP04311,T04311,Bangalore,VILLA,3,75047,FULLY_FURNISHED,False,WIFI,18.4
TP04312,T04312,Chennai,HOUSE,1,51753,UNFURNISHED,True,WIFI,23.5
TP04313,T04313,Mumbai,HOUSE,2,109216,FULLY_FURNISHED,False,PARKING,20.3
TP04314,T04314,Mumbai,PG,2,95432,FULLY_FURNISHED,True,GYM,7.2
TP04315,T04315,Chennai,VILLA,2,12293,SEMI_FURNISHED,False,LIFT,23.4
TP04316,T04316,Kolkata,VILLA,2,109320,SEMI_FURNISHED,True,CLUBHOUSE,22.8
TP04317,T04317,Hyderabad,VILLA,2,119102,UNFURNISHED,False,GARDEN,10.2
TP04318,T04318,Mumbai,HOUSE,1,114388,SEMI_FURNISHED,False,WIFI,26.3
TP04319,T04319,Mumbai,PG,2,53053,UNFURNISHED,False,AIR_CONDITIONING,23.9
TP04320,T04320,Hyderabad,VILLA,1,85715,UNFURNISHED,True,POWER_BACKUP,16.7
TP04321,T04321,Delhi,APARTMENT,2,102254,UNFURNISHED,True,GYM,7.5
TP04322,T04322,Mumbai,PG,1,91626,UNFURNISHED,False,SECURITY,25.6
TP04323,T04323,Kolkata,HOUSE,1,75548,UNFURNISHED,True,PARKING,29.9
TP04324,T04324,Chennai,VILLA,1,42932,FULLY_FURNISHED,False,PARKING,11.5
TP04325,T04325,Bangalore,VILLA,3,40559,UNFURNISHED,False,PARKING,25.0
TP04326,T04326,Hyderabad,HOUSE,2,54803,SEMI_FURNISHED,True,GYM,18.1
TP04327,T04327,Chennai,PG,3,15929,UNFURNISHED,True,SECURITY,8.5
TP04328,T04328,Bangalore,APARTMENT,2,108326,FULLY_FURNISHED,False,CLUBHOUSE,5.3
TP04329,T04329,Kolkata,HOUSE,3,68330,UNFURNISHED,False,SWIMMING_POOL,12.7
TP04330,T04330,Kolkata,VILLA,1,30717,SEMI_FURNISHED,True,WIFI,16.9
TP04331,T04331,Chennai,PG,1,65985,FULLY_FURNISHED,True,SWIMMING_POOL,8.4
TP04332,T04332,Kolkata,VILLA,3,90378,UNFURNISHED,True,POWER_BACKUP,9.6
TP04333,T04333,Chennai,VILLA,3,117489,FULLY_FURNISHED,False,SWIMMING_POOL,22.9
TP04334,T04334,Hyderabad,HOUSE,2,49022,UNFURNISHED,False,CLUBHOUSE,28.7
TP04335,T04335,Hyderabad,PG,3,16122,FULLY_FURNISHED,True,WIFI,23.8
TP04336,T04336,Mumbai,APARTMENT,1,76477,SEMI_FURNISHED,True,CLUBHOUSE,26.3
TP04337,T04337,Bangalore,HOUSE,1,75626,SEMI_FURNISHED,True,PARKING,13.5
TP04338,T04338,Hyderabad,PG,2,82837,UNFURNISHED,False,GYM,22.0
TP04339,T04339,Bangalore,PG,1,66471,UNFURNISHED,True,LIFT,9.9
TP04340,T04340,Chennai,PG,3,85677,UNFURNISHED,False,SECURITY,17.2
TP04341,T04341,Delhi,HOUSE,3,106325,SEMI_FURNISHED,True,CLUBHOUSE,22.2
TP04342,T04342,Chennai,HOUSE,2,97855,FULLY_FURNISHED,False,SWIMMING_POOL,29.0
TP04343,T04343,Hyderabad,HOUSE,1,81457,SEMI_FURNISHED,False,WIFI,9.9
TP04344,T04344,Kolkata,APARTMENT,2,17664,UNFURNISHED,True,SECURITY,11.7
TP04345,T04345,Chennai,PG,2,35541,FULLY_FURNISHED,True,SWIMMING_POOL,24.1
TP04346,T04346,Kolkata,PG,3,22968,SEMI_FURNISHED,False,SECURITY,13.5
TP04347,T04347,Delhi,PG,1,69692,FULLY_FURNISHED,False,WIFI,17.0
TP04348,T04348,Hyderabad,VILLA,1,30081,SEMI_FURNISHED,False,PARKING,11.8
TP04349,T04349,Delhi,APARTMENT,2,97782,UNFURNISHED,False,POWER_BACKUP,29.7
TP04350,T04350,Bangalore,VILLA,3,44866,UNFURNISHED,False,LIFT,23.2
TP04351,T04351,Chennai,APARTMENT,3,88352,FULLY_FURNISHED,False,WIFI,18.7
TP04352,T04352,Hyderabad,APARTMENT,3,35651,UNFURNISHED,False,GARDEN,7.4
TP04353,T04353,Kolkata,PG,3,96352,SEMI_FURNISHED,False,POWER_BACKUP,24.6
TP04354,T04354,Delhi,VILLA,1,42530,SEMI_FURNISHED,True,AIR_CONDITIONING,20.1
TP04355,T04355,Bangalore,PG,3,39339,FULLY_FURNISHED,True,POWER_BACKUP,22.3
TP04356,T04356,Mumbai,VILLA,3,27953,SEMI_FURNISHED,True,LIFT,24.5
TP04357,T04357,Bangalore,VILLA,3,88375,FULLY_FURNISHED,True,WIFI,21.4
TP04358,T04358,Chennai,VILLA,2,55218,UNFURNISHED,False,AIR_CONDITIONING,18.2
TP04359,T04359,Hyderabad,HOUSE,1,13025,FULLY_FURNISHED,False,SWIMMING_POOL,15.0
TP04360,T04360,Bangalore,VILLA,3,86419,FULLY_FURNISHED,True,PARKING,6.1
TP04361,T04361,Bangalore,VILLA,2,110400,UNFURNISHED,False,SECURITY,13.4
TP04362,T04362,Delhi,APARTMENT,1,91829,SEMI_FURNISHED,False,CLUBHOUSE,28.9
TP04363,T04363,Chennai,APARTMENT,3,31063,SEMI_FURNISHED,False,WIFI,21.3
TP04364,T04364,Bangalore,PG,2,15905,SEMI_FURNISHED,False,PARKING,19.9
TP04365,T04365,Kolkata,VILLA,1,95371,FULLY_FURNISHED,True,POWER_BACKUP,22.4
TP04366,T04366,Mumbai,PG,1,59237,UNFURNISHED,True,SWIMMING_POOL,12.6
TP04367,T04367,Kolkata,VILLA,1,51827,UNFURNISHED,True,CLUBHOUSE,4.7
TP04368,T04368,Delhi,HOUSE,1,23927,SEMI_FURNISHED,False,GYM,20.7
TP04369,T04369,Hyderabad,HOUSE,1,113647,SEMI_FURNISHED,True,GYM,19.2
TP04370,T04370,Bangalore,PG,1,70490,SEMI_FURNISHED,True,AIR_CONDITIONING,23.1
TP04371,T04371,Bangalore,APARTMENT,1,101072,FULLY_FURNISHED,False,SECURITY,13.5
TP04372,T04372,Mumbai,APARTMENT,3,27388,SEMI_FURNISHED,False,SWIMMING_POOL,13.7
TP04373,T04373,Chennai,VILLA,2,60018,UNFURNISHED,True,LIFT,6.7
TP04374,T04374,Chennai,PG,1,74793,UNFURNISHED,True,SWIMMING_POOL,26.4
TP04375,T04375,Mumbai,PG,1,18118,SEMI_FURNISHED,True,SECURITY,18.6
TP04376,T04376,Delhi,PG,3,16827,SEMI_FURNISHED,True,CLUBHOUSE,20.3
TP04377,T04377,Hyderabad,APARTMENT,3,30820,SEMI_FURNISHED,False,WIFI,20.5
TP04378,T04378,Kolkata,PG,1,73589,SEMI_FURNISHED,False,WIFI,23.5
TP04379,T04379,Hyderabad,PG,1,106059,FULLY_FURNISHED,False,SECURITY,19.9
TP04380,T04380,Mumbai,VILLA,2,118066,UNFURNISHED,False,CLUBHOUSE,22.5
TP04381,T04381,Delhi,HOUSE,1,87523,UNFURNISHED,False,SWIMMING_POOL,12.3
TP04382,T04382,Hyderabad,HOUSE,2,111243,FULLY_FURNISHED,True,GYM,4.4
TP04383,T04383,Chennai,HOUSE,3,26325,UNFURNISHED,True,GYM,10.4
TP04384,T04384,Kolkata,HOUSE,2,80435,FULLY_FURNISHED,False,AIR_CONDITIONING,3.4
TP04385,T04385,Kolkata,VILLA,3,65351,UNFURNISHED,False,WIFI,17.8
TP04386,T04386,Delhi,VILLA,2,32680,SEMI_FURNISHED,False,LIFT,3.3
TP04387,T04387,Kolkata,HOUSE,2,56947,SEMI_FURNISHED,True,GARDEN,4.0
TP04388,T04388,Mumbai,PG,1,37105,FULLY_FURNISHED,True,PARKING,18.9
TP04389,T04389,Chennai,PG,3,29330,FULLY_FURNISHED,True,LIFT,19.6
TP04390,T04390,Chennai,VILLA,2,76541,UNFURNISHED,False,CLUBHOUSE,13.2
TP04391,T04391,Chennai,APARTMENT,2,36758,FULLY_FURNISHED,True,GYM,2.3
TP04392,T04392,Chennai,PG,3,83468,SEMI_FURNISHED,False,WIFI,11.6
TP04393,T04393,Chennai,APARTMENT,2,60986,UNFURNISHED,False,LIFT,28.1
TP04394,T04394,Chennai,PG,2,79314,FULLY_FURNISHED,True,SWIMMING_POOL,3.2
TP04395,T04395,Bangalore,APARTMENT,3,48429,SEMI_FURNISHED,False,CLUBHOUSE,12.0
TP04396,T04396,Kolkata,VILLA,1,43896,FULLY_FURNISHED,True,GYM,5.3
TP04397,T04397,Hyderabad,APARTMENT,1,71286,FULLY_FURNISHED,True,LIFT,17.9
TP04398,T04398,Delhi,APARTMENT,3,56788,FULLY_FURNISHED,True,GARDEN,22.2
TP04399,T04399,Chennai,HOUSE,2,90050,FULLY_FURNISHED,True,SECURITY,9.3
TP04400,T04400,Bangalore,HOUSE,3,82252,FULLY_FURNISHED,False,AIR_CONDITIONING,3.2
TP04401,T04401,Delhi,VILLA,1,70042,FULLY_FURNISHED,True,SWIMMING_POOL,21.9
TP04402,T04402,Chennai,HOUSE,3,15013,FULLY_FURNISHED,False,SWIMMING_POOL,27.2
TP04403,T04403,Mumbai,APARTMENT,1,16968,SEMI_FURNISHED,False,POWER_BACKUP,26.8
TP04404,T04404,Kolkata,APARTMENT,3,51721,SEMI_FURNISHED,True,CLUBHOUSE,9.8
TP04405,T04405,Delhi,HOUSE,2,26194,FULLY_FURNISHED,True,GARDEN,14.6
TP04406,T04406,Chennai,APARTMENT,3,29289,FULLY_FURNISHED,False,GARDEN,2.3
TP04407,T04407,Delhi,HOUSE,1,90144,SEMI_FURNISHED,False,PARKING,20.1
TP04408,T04408,Kolkata,VILLA,1,119923,SEMI_FURNISHED,True,POWER_BACKUP,27.4
TP04409,T04409,Mumbai,HOUSE,1,117346,SEMI_FURNISHED,True,CLUBHOUSE,15.9
TP04410,T04410,Kolkata,HOUSE,2,67768,FULLY_FURNISHED,False,POWER_BACKUP,16.9
TP04411,T04411,Delhi,VILLA,3,38286,FULLY_FURNISHED,False,CLUBHOUSE,3.6
TP04412,T04412,Kolkata,APARTMENT,1,80755,SEMI_FURNISHED,True,POWER_BACKUP,3.7
TP04413,T04413,Delhi,APARTMENT,1,67533,UNFURNISHED,True,SECURITY,6.2
TP04414,T04414,Delhi,VILLA,1,82175,SEMI_FURNISHED,False,CLUBHOUSE,26.8
TP04415,T04415,Chennai,HOUSE,2,96174,SEMI_FURNISHED,False,SWIMMING_POOL,28.7
TP04416,T04416,Chennai,PG,1,111942,FULLY_FURNISHED,False,PARKING,16.8
TP04417,T04417,Kolkata,HOUSE,2,85664,UNFURNISHED,True,SWIMMING_POOL,4.0
TP04418,T04418,Delhi,VILLA,2,15824,SEMI_FURNISHED,False,LIFT,20.8
TP04419,T04419,Bangalore,VILLA,1,89350,FULLY_FURNISHED,False,CLUBHOUSE,9.7
TP04420,T04420,Chennai,HOUSE,1,30395,FULLY_FURNISHED,False,GYM,4.2
TP04421,T04421,Hyderabad,VILLA,2,42236,SEMI_FURNISHED,True,PARKING,28.0
TP04422,T04422,Chennai,VILLA,1,105599,UNFURNISHED,False,AIR_CONDITIONING,25.6
TP04423,T04423,Chennai,PG,1,14556,UNFURNISHED,False,GARDEN,4.8
TP04424,T04424,Delhi,APARTMENT,2,101799,FULLY_FURNISHED,True,SWIMMING_POOL,29.9
TP04425,T04425,Hyderabad,HOUSE,1,26317,FULLY_FURNISHED,False,WIFI,22.7
TP04426,T04426,Bangalore,VILLA,3,97665,SEMI_FURNISHED,False,AIR_CONDITIONING,16.5
TP04427,T04427,Hyderabad,APARTMENT,2,54408,SEMI_FURNISHED,False,GARDEN,5.2
TP04428,T04428,Hyderabad,APARTMENT,1,39330,UNFURNISHED,False,GYM,29.8
TP04429,T04429,Bangalore,PG,1,46022,FULLY_FURNISHED,False,POWER_BACKUP,28.2
TP04430,T04430,Bangalore,APARTMENT,3,108816,FULLY_FURNISHED,False,GYM,14.5
TP04431,T04431,Hyderabad,HOUSE,1,42872,FULLY_FURNISHED,False,SWIMMING_POOL,18.6
TP04432,T04432,Chennai,APARTMENT,3,65449,SEMI_FURNISHED,False,GYM,25.3
TP04433,T04433,Kolkata,HOUSE,3,64367,FULLY_FURNISHED,False,GARDEN,11.9
TP04434,T04434,Kolkata,PG,1,94235,SEMI_FURNISHED,False,POWER_BACKUP,26.4
TP04435,T04435,Chennai,APARTMENT,3,36076,UNFURNISHED,False,GARDEN,6.3
TP04436,T04436,Bangalore,VILLA,2,15401,SEMI_FURNISHED,False,POWER_BACKUP,26.5
TP04437,T04437,Mumbai,APARTMENT,2,68767,FULLY_FURNISHED,True,GYM,3.2
TP04438,T04438,Mumbai,HOUSE,1,97926,UNFURNISHED,False,POWER_BACKUP,18.2
TP04439,T04439,Hyderabad,HOUSE,2,29221,SEMI_FURNISHED,False,PARKING,2.4
TP04440,T04440,Kolkata,VILLA,1,68245,UNFURNISHED,False,PARKING,11.1
TP04441,T04441,Hyderabad,APARTMENT,3,90171,UNFURNISHED,False,LIFT,16.6
TP04442,T04442,Hyderabad,PG,2,99100,UNFURNISHED,True,PARKING,7.8
TP04443,T04443,Delhi,PG,3,112355,UNFURNISHED,True,GARDEN,22.0
TP04444,T04444,Hyderabad,PG,2,28609,FULLY_FURNISHED,False,LIFT,10.1
TP04445,T04445,Chennai,APARTMENT,2,18073,FULLY_FURNISHED,False,SECURITY,10.5
TP04446,T04446,Bangalore,APARTMENT,1,59076,FULLY_FURNISHED,False,POWER_BACKUP,26.1
TP04447,T04447,Bangalore,PG,3,95329,UNFURNISHED,True,GYM,28.0
TP04448,T04448,Hyderabad,VILLA,1,58939,SEMI_FURNISHED,False,POWER_BACKUP,13.5
TP04449,T04449,Kolkata,VILLA,1,97378,UNFURNISHED,True,WIFI,20.9
TP04450,T04450,Chennai,APARTMENT,3,80697,SEMI_FURNISHED,False,LIFT,12.4
TP04451,T04451,Chennai,PG,1,113319,FULLY_FURNISHED,False,GARDEN,28.1
TP04452,T04452,Delhi,VILLA,1,46902,FULLY_FURNISHED,False,AIR_CONDITIONING,19.6
TP04453,T04453,Chennai,PG,3,30743,FULLY_FURNISHED,False,POWER_BACKUP,9.1
TP04454,T04454,Mumbai,PG,2,33586,SEMI_FURNISHED,False,AIR_CONDITIONING,28.7
TP04455,T04455,Chennai,VILLA,3,29127,FULLY_FURNISHED,False,GARDEN,22.0
TP04456,T04456,Delhi,APARTMENT,1,88157,FULLY_FURNISHED,False,SECURITY,21.4
TP04457,T04457,Delhi,APARTMENT,2,89096,UNFURNISHED,True,POWER_BACKUP,4.7
TP04458,T04458,Hyderabad,VILLA,1,103980,SEMI_FURNISHED,False,GARDEN,16.5
TP04459,T04459,Mumbai,APARTMENT,2,21142,FULLY_FURNISHED,True,SWIMMING_POOL,2.7
TP04460,T04460,Mumbai,HOUSE,1,97543,SEMI_FURNISHED,False,SWIMMING_POOL,26.7
TP04461,T04461,Bangalore,APARTMENT,3,77827,UNFURNISHED,True,CLUBHOUSE,28.3
TP04462,T04462,Chennai,APARTMENT,1,21779,UNFURNISHED,False,SECURITY,5.1
TP04463,T04463,Delhi,PG,2,112316,UNFURNISHED,True,CLUBHOUSE,4.5
TP04464,T04464,Kolkata,APARTMENT,3,44126,SEMI_FURNISHED,False,POWER_BACKUP,13.5
TP04465,T04465,Hyderabad,HOUSE,2,20000,SEMI_FURNISHED,False,GYM,29.4
TP04466,T04466,Kolkata,HOUSE,1,26963,SEMI_FURNISHED,False,GARDEN,2.1
TP04467,T04467,Chennai,PG,3,13528,FULLY_FURNISHED,True,GYM,13.7
TP04468,T04468,Hyderabad,PG,3,63063,SEMI_FURNISHED,False,PARKING,23.8
TP04469,T04469,Hyderabad,APARTMENT,3,30318,FULLY_FURNISHED,True,GARDEN,10.7
TP04470,T04470,Mumbai,PG,2,14001,FULLY_FURNISHED,True,SECURITY,18.8
TP04471,T04471,Mumbai,PG,3,78473,UNFURNISHED,False,GYM,13.7
TP04472,T04472,Chennai,VILLA,3,100201,UNFURNISHED,True,SECURITY,23.2
TP04473,T04473,Chennai,HOUSE,1,84623,SEMI_FURNISHED,False,SECURITY,2.2
TP04474,T04474,Delhi,HOUSE,1,51754,UNFURNISHED,False,SWIMMING_POOL,24.3
TP04475,T04475,Hyderabad,PG,3,39796,SEMI_FURNISHED,True,SWIMMING_POOL,5.1
TP04476,T04476,Bangalore,HOUSE,3,75052,FULLY_FURNISHED,True,GYM,15.5
TP04477,T04477,Hyderabad,VILLA,1,32105,SEMI_FURNISHED,True,SWIMMING_POOL,5.1
TP04478,T04478,Kolkata,PG,1,18861,SEMI_FURNISHED,False,PARKING,14.6
TP04479,T04479,Bangalore,HOUSE,1,17035,SEMI_FURNISHED,False,GYM,27.5
TP04480,T04480,Bangalore,APARTMENT,3,36318,FULLY_FURNISHED,True,WIFI,11.9
TP04481,T04481,Delhi,PG,1,77293,SEMI_FURNISHED,True,GARDEN,21.9
TP04482,T04482,Kolkata,APARTMENT,3,103072,UNFURNISHED,False,SECURITY,29.9
TP04483,T04483,Kolkata,PG,2,44216,FULLY_FURNISHED,True,SWIMMING_POOL,12.7
TP04484,T04484,Chennai,PG,1,43371,UNFURNISHED,False,GARDEN,29.3
TP04485,T04485,Delhi,PG,1,34946,FULLY_FURNISHED,False,CLUBHOUSE,25.0
TP04486,T04486,Hyderabad,HOUSE,2,14508,FULLY_FURNISHED,True,WIFI,29.6
TP04487,T04487,Bangalore,PG,3,72749,UNFURNISHED,True,WIFI,28.1
TP04488,T04488,Mumbai,VILLA,1,91386,SEMI_FURNISHED,False,SWIMMING_POOL,3.6
TP04489,T04489,Bangalore,PG,2,71316,UNFURNISHED,False,SWIMMING_POOL,9.4
TP04490,T04490,Kolkata,APARTMENT,2,59524,UNFURNISHED,False,POWER_BACKUP,26.7
TP04491,T04491,Chennai,VILLA,3,111790,SEMI_FURNISHED,False,POWER_BACKUP,11.1
TP04492,T04492,Chennai,VILLA,3,13679,SEMI_FURNISHED,False,GYM,27.7
TP04493,T04493,Delhi,HOUSE,3,28607,SEMI_FURNISHED,True,SECURITY,22.1
TP04494,T04494,Mumbai,HOUSE,2,93244,SEMI_FURNISHED,False,WIFI,19.4
TP04495,T04495,Chennai,HOUSE,2,15709,SEMI_FURNISHED,True,GYM,27.4
TP04496,T04496,Delhi,APARTMENT,3,109923,SEMI_FURNISHED,False,CLUBHOUSE,8.5
TP04497,T04497,Hyderabad,VILLA,1,83754,FULLY_FURNISHED,True,WIFI,23.2
TP04498,T04498,Hyderabad,HOUSE,2,100733,UNFURNISHED,False,SECURITY,5.0
TP04499,T04499,Hyderabad,APARTMENT,1,112914,SEMI_FURNISHED,False,CLUBHOUSE,20.9
TP04500,T04500,Bangalore,VILLA,2,103089,FULLY_FURNISHED,False,LIFT,18.6
TP04501,T04501,Chennai,PG,1,83961,SEMI_FURNISHED,True,AIR_CONDITIONING,9.9
TP04502,T04502,Mumbai,VILLA,1,104393,FULLY_FURNISHED,False,POWER_BACKUP,25.4
TP04503,T04503,Bangalore,VILLA,3,58813,UNFURNISHED,False,POWER_BACKUP,29.1
TP04504,T04504,Delhi,HOUSE,3,19061,SEMI_FURNISHED,False,SWIMMING_POOL,17.5
TP04505,T04505,Delhi,APARTMENT,2,112624,FULLY_FURNISHED,False,PARKING,12.3
TP04506,T04506,Mumbai,VILLA,1,85820,UNFURNISHED,False,PARKING,3.3
TP04507,T04507,Chennai,HOUSE,3,76059,FULLY_FURNISHED,False,SECURITY,25.3
TP04508,T04508,Kolkata,PG,2,60599,SEMI_FURNISHED,False,WIFI,4.6
TP04509,T04509,Bangalore,APARTMENT,1,76540,SEMI_FURNISHED,True,GARDEN,14.1
TP04510,T04510,Chennai,VILLA,2,57784,SEMI_FURNISHED,False,POWER_BACKUP,5.7
TP04511,T04511,Delhi,APARTMENT,1,39765,SEMI_FURNISHED,True,PARKING,20.8
TP04512,T04512,Kolkata,PG,1,103273,FULLY_FURNISHED,True,SWIMMING_POOL,15.0
TP04513,T04513,Delhi,PG,1,32243,UNFURNISHED,False,POWER_BACKUP,27.2
TP04514,T04514,Kolkata,PG,3,25261,SEMI_FURNISHED,False,CLUBHOUSE,7.6
TP04515,T04515,Bangalore,APARTMENT,2,18924,UNFURNISHED,True,AIR_CONDITIONING,6.9
TP04516,T04516,Kolkata,PG,3,106925,FULLY_FURNISHED,True,POWER_BACKUP,22.5
TP04517,T04517,Delhi,HOUSE,1,81024,UNFURNISHED,False,CLUBHOUSE,5.7
TP04518,T04518,Chennai,HOUSE,2,109820,SEMI_FURNISHED,False,SECURITY,7.9
TP04519,T04519,Bangalore,APARTMENT,2,108574,FULLY_FURNISHED,False,WIFI,9.9
TP04520,T04520,Hyderabad,PG,1,19070,SEMI_FURNISHED,False,CLUBHOUSE,10.5
TP04521,T04521,Bangalore,VILLA,1,87896,SEMI_FURNISHED,False,PARKING,9.3
TP04522,T04522,Kolkata,VILLA,1,25440,UNFURNISHED,False,SECURITY,11.6
TP04523,T04523,Hyderabad,VILLA,1,42813,SEMI_FURNISHED,True,GYM,9.8
TP04524,T04524,Chennai,APARTMENT,1,19670,SEMI_FURNISHED,True,POWER_BACKUP,19.6
TP04525,T04525,Kolkata,HOUSE,1,107065,UNFURNISHED,False,POWER_BACKUP,19.5
TP04526,T04526,Mumbai,VILLA,1,48580,FULLY_FURNISHED,True,SECURITY,15.5
TP04527,T04527,Delhi,PG,2,107816,FULLY_FURNISHED,True,LIFT,26.0
TP04528,T04528,Kolkata,HOUSE,3,22904,FULLY_FURNISHED,True,LIFT,4.1
TP04529,T04529,Kolkata,VILLA,3,84380,UNFURNISHED,False,CLUBHOUSE,16.9
TP04530,T04530,Bangalore,APARTMENT,1,44771,FULLY_FURNISHED,True,AIR_CONDITIONING,14.3
TP04531,T04531,Chennai,PG,1,31013,FULLY_FURNISHED,False,SWIMMING_POOL,4.4
TP04532,T04532,Hyderabad,APARTMENT,3,57469,UNFURNISHED,False,GYM,18.8
TP04533,T04533,Hyderabad,VILLA,3,15449,FULLY_FURNISHED,False,POWER_BACKUP,7.6
TP04534,T04534,Delhi,VILLA,1,70968,UNFURNISHED,False,POWER_BACKUP,14.7
TP04535,T04535,Delhi,PG,1,100477,FULLY_FURNISHED,False,WIFI,20.4
TP04536,T04536,Hyderabad,HOUSE,1,16338,FULLY_FURNISHED,True,SECURITY,10.4
TP04537,T04537,Delhi,APARTMENT,2,95016,SEMI_FURNISHED,True,SWIMMING_POOL,14.1
TP04538,T04538,Hyderabad,APARTMENT,1,50314,SEMI_FURNISHED,True,WIFI,29.6
TP04539,T04539,Hyderabad,VILLA,1,58027,UNFURNISHED,False,WIFI,16.5
TP04540,T04540,Mumbai,HOUSE,1,13852,FULLY_FURNISHED,False,PARKING,20.9
TP04541,T04541,Chennai,HOUSE,2,74207,FULLY_FURNISHED,False,PARKING,3.0
TP04542,T04542,Bangalore,APARTMENT,3,38649,FULLY_FURNISHED,False,AIR_CONDITIONING,13.1
TP04543,T04543,Mumbai,PG,1,107225,SEMI_FURNISHED,True,SWIMMING_POOL,21.5
TP04544,T04544,Mumbai,HOUSE,3,78618,SEMI_FURNISHED,True,AIR_CONDITIONING,26.7
TP04545,T04545,Mumbai,APARTMENT,3,57063,SEMI_FURNISHED,True,WIFI,4.1
TP04546,T04546,Mumbai,PG,2,104306,FULLY_FURNISHED,False,SECURITY,14.6
TP04547,T04547,Chennai,APARTMENT,1,60800,FULLY_FURNISHED,True,SWIMMING_POOL,2.4
TP04548,T04548,Bangalore,VILLA,1,113571,UNFURNISHED,False,CLUBHOUSE,20.0
TP04549,T04549,Hyderabad,APARTMENT,2,98539,SEMI_FURNISHED,True,PARKING,29.6
TP04550,T04550,Hyderabad,APARTMENT,2,37287,SEMI_FURNISHED,False,CLUBHOUSE,5.8
TP04551,T04551,Kolkata,VILLA,1,89112,SEMI_FURNISHED,False,GYM,24.3
TP04552,T04552,Hyderabad,HOUSE,1,49037,SEMI_FURNISHED,False,AIR_CONDITIONING,26.0
TP04553,T04553,Hyderabad,PG,2,58788,FULLY_FURNISHED,False,CLUBHOUSE,23.5
TP04554,T04554,Hyderabad,APARTMENT,1,89599,SEMI_FURNISHED,True,LIFT,10.9
TP04555,T04555,Chennai,VILLA,2,20568,SEMI_FURNISHED,False,WIFI,26.4
TP04556,T04556,Bangalore,APARTMENT,3,32156,UNFURNISHED,True,LIFT,27.2
TP04557,T04557,Chennai,PG,1,77732,FULLY_FURNISHED,True,GARDEN,19.0
TP04558,T04558,Hyderabad,VILLA,3,81761,SEMI_FURNISHED,True,GARDEN,13.5
TP04559,T04559,Bangalore,PG,1,47204,SEMI_FURNISHED,True,GARDEN,14.1
TP04560,T04560,Delhi,HOUSE,2,69525,FULLY_FURNISHED,True,PARKING,28.2
TP04561,T04561,Kolkata,VILLA,2,109110,UNFURNISHED,True,GYM,12.7
TP04562,T04562,Bangalore,VILLA,1,32283,UNFURNISHED,True,CLUBHOUSE,4.6
TP04563,T04563,Bangalore,VILLA,2,21104,UNFURNISHED,True,AIR_CONDITIONING,11.0
TP04564,T04564,Mumbai,APARTMENT,2,88517,SEMI_FURNISHED,False,CLUBHOUSE,8.8
TP04565,T04565,Delhi,HOUSE,3,61520,FULLY_FURNISHED,False,POWER_BACKUP,20.2
TP04566,T04566,Hyderabad,HOUSE,3,66537,FULLY_FURNISHED,True,GYM,3.5
TP04567,T04567,Chennai,PG,2,52965,FULLY_FURNISHED,True,GARDEN,20.7
TP04568,T04568,Delhi,HOUSE,2,75226,SEMI_FURNISHED,False,GARDEN,15.3
TP04569,T04569,Hyderabad,PG,3,35764,SEMI_FURNISHED,True,CLUBHOUSE,18.6
TP04570,T04570,Mumbai,HOUSE,3,12911,SEMI_FURNISHED,False,CLUBHOUSE,11.7
TP04571,T04571,Chennai,VILLA,3,65982,SEMI_FURNISHED,False,SWIMMING_POOL,19.1
TP04572,T04572,Chennai,PG,3,26375,UNFURNISHED,True,GARDEN,21.4
TP04573,T04573,Bangalore,VILLA,2,32008,FULLY_FURNISHED,False,LIFT,25.4
TP04574,T04574,Kolkata,VILLA,3,67751,UNFURNISHED,False,GARDEN,5.7
TP04575,T04575,Delhi,APARTMENT,2,112097,SEMI_FURNISHED,True,LIFT,21.3
TP04576,T04576,Kolkata,APARTMENT,3,12409,SEMI_FURNISHED,False,LIFT,15.2
TP04577,T04577,Kolkata,VILLA,1,71269,SEMI_FURNISHED,False,GYM,21.5
TP04578,T04578,Chennai,PG,3,62066,UNFURNISHED,False,WIFI,3.5
TP04579,T04579,Chennai,VILLA,1,41781,UNFURNISHED,False,CLUBHOUSE,6.8
TP04580,T04580,Bangalore,VILLA,1,47830,FULLY_FURNISHED,True,PARKING,14.0
TP04581,T04581,Hyderabad,PG,1,52306,FULLY_FURNISHED,True,POWER_BACKUP,28.5
TP04582,T04582,Hyderabad,VILLA,2,94530,FULLY_FURNISHED,True,LIFT,5.3
TP04583,T04583,Kolkata,HOUSE,2,102278,SEMI_FURNISHED,True,POWER_BACKUP,6.1
TP04584,T04584,Chennai,PG,1,118631,SEMI_FURNISHED,True,SECURITY,18.1
TP04585,T04585,Bangalore,VILLA,2,91932,FULLY_FURNISHED,False,LIFT,4.4
TP04586,T04586,Mumbai,HOUSE,1,24288,FULLY_FURNISHED,True,POWER_BACKUP,2.7
TP04587,T04587,Mumbai,PG,2,82362,SEMI_FURNISHED,False,GARDEN,22.4
TP04588,T04588,Chennai,VILLA,2,18831,UNFURNISHED,False,WIFI,11.0
TP04589,T04589,Kolkata,HOUSE,2,97043,SEMI_FURNISHED,False,GYM,26.3
TP04590,T04590,Kolkata,HOUSE,1,32708,UNFURNISHED,True,POWER_BACKUP,29.8
TP04591,T04591,Hyderabad,VILLA,2,35740,UNFURNISHED,True,AIR_CONDITIONING,26.2
TP04592,T04592,Kolkata,VILLA,1,17147,SEMI_FURNISHED,True,CLUBHOUSE,13.6
TP04593,T04593,Kolkata,APARTMENT,2,117677,UNFURNISHED,False,GARDEN,19.9
TP04594,T04594,Delhi,HOUSE,3,18850,SEMI_FURNISHED,False,AIR_CONDITIONING,11.3
TP04595,T04595,Delhi,PG,3,39575,UNFURNISHED,True,POWER_BACKUP,4.4
TP04596,T04596,Bangalore,HOUSE,2,12274,SEMI_FURNISHED,False,AIR_CONDITIONING,16.5
TP04597,T04597,Bangalore,HOUSE,3,101820,UNFURNISHED,False,PARKING,4.6
TP04598,T04598,Bangalore,VILLA,3,72644,SEMI_FURNISHED,True,GARDEN,9.4
TP04599,T04599,Delhi,HOUSE,1,81047,FULLY_FURNISHED,False,GARDEN,21.2
TP04600,T04600,Hyderabad,APARTMENT,2,79617,FULLY_FURNISHED,False,LIFT,17.9
TP04601,T04601,Kolkata,PG,1,42643,UNFURNISHED,True,WIFI,4.2
TP04602,T04602,Chennai,APARTMENT,1,35730,FULLY_FURNISHED,True,AIR_CONDITIONING,8.2
TP04603,T04603,Delhi,VILLA,1,14763,UNFURNISHED,False,GYM,14.0
TP04604,T04604,Delhi,PG,2,116683,UNFURNISHED,True,POWER_BACKUP,13.6
TP04605,T04605,Kolkata,HOUSE,3,78506,FULLY_FURNISHED,True,SWIMMING_POOL,18.2
TP04606,T04606,Bangalore,PG,2,23420,UNFURNISHED,False,AIR_CONDITIONING,20.3
TP04607,T04607,Bangalore,APARTMENT,3,37902,UNFURNISHED,False,SWIMMING_POOL,9.7
TP04608,T04608,Bangalore,APARTMENT,3,22885,UNFURNISHED,False,AIR_CONDITIONING,22.0
TP04609,T04609,Chennai,PG,2,98412,FULLY_FURNISHED,False,GYM,15.1
TP04610,T04610,Kolkata,PG,3,37698,FULLY_FURNISHED,True,SWIMMING_POOL,25.1
TP04611,T04611,Chennai,APARTMENT,3,12331,UNFURNISHED,True,LIFT,4.9
TP04612,T04612,Mumbai,HOUSE,2,116452,FULLY_FURNISHED,False,PARKING,24.2
TP04613,T04613,Mumbai,APARTMENT,1,101121,FULLY_FURNISHED,False,PARKING,2.7
TP04614,T04614,Kolkata,APARTMENT,3,108411,SEMI_FURNISHED,False,WIFI,10.2
TP04615,T04615,Kolkata,VILLA,2,20566,SEMI_FURNISHED,False,GARDEN,20.2
TP04616,T04616,Bangalore,HOUSE,2,17707,SEMI_FURNISHED,True,WIFI,5.6
TP04617,T04617,Chennai,APARTMENT,3,72340,UNFURNISHED,True,GARDEN,22.7
TP04618,T04618,Delhi,HOUSE,2,48373,FULLY_FURNISHED,False,PARKING,28.5
TP04619,T04619,Mumbai,VILLA,2,41908,SEMI_FURNISHED,False,GARDEN,26.5
TP04620,T04620,Delhi,PG,3,61018,FULLY_FURNISHED,True,AIR_CONDITIONING,4.5
TP04621,T04621,Kolkata,HOUSE,2,91761,UNFURNISHED,False,POWER_BACKUP,7.0
TP04622,T04622,Kolkata,APARTMENT,1,55595,UNFURNISHED,False,GYM,3.7
TP04623,T04623,Delhi,VILLA,2,39774,FULLY_FURNISHED,False,SWIMMING_POOL,16.1
TP04624,T04624,Kolkata,PG,2,37623,FULLY_FURNISHED,True,LIFT,24.6
TP04625,T04625,Kolkata,VILLA,3,98497,SEMI_FURNISHED,False,GYM,25.9
TP04626,T04626,Chennai,APARTMENT,2,66666,UNFURNISHED,True,SWIMMING_POOL,19.3
TP04627,T04627,Kolkata,VILLA,1,50262,UNFURNISHED,True,WIFI,18.6
TP04628,T04628,Hyderabad,APARTMENT,1,33257,SEMI_FURNISHED,False,AIR_CONDITIONING,16.9
TP04629,T04629,Bangalore,VILLA,1,112196,FULLY_FURNISHED,False,SECURITY,13.8
TP04630,T04630,Delhi,VILLA,3,92117,SEMI_FURNISHED,False,SWIMMING_POOL,4.7
TP04631,T04631,Kolkata,HOUSE,3,99177,UNFURNISHED,True,LIFT,6.1
TP04632,T04632,Bangalore,HOUSE,2,85801,SEMI_FURNISHED,False,GYM,16.6
TP04633,T04633,Hyderabad,HOUSE,2,55325,FULLY_FURNISHED,True,SECURITY,23.0
TP04634,T04634,Mumbai,VILLA,3,45316,UNFURNISHED,False,GARDEN,24.1
TP04635,T04635,Bangalore,APARTMENT,3,39858,FULLY_FURNISHED,False,PARKING,15.7
TP04636,T04636,Hyderabad,HOUSE,3,69609,SEMI_FURNISHED,True,SWIMMING_POOL,18.5
TP04637,T04637,Delhi,PG,3,39984,UNFURNISHED,False,WIFI,4.5
TP04638,T04638,Delhi,APARTMENT,2,83930,UNFURNISHED,False,SWIMMING_POOL,18.4
TP04639,T04639,Hyderabad,VILLA,3,107068,UNFURNISHED,True,GYM,24.3
TP04640,T04640,Kolkata,PG,1,59438,FULLY_FURNISHED,False,GARDEN,19.3
TP04641,T04641,Hyderabad,HOUSE,3,89153,UNFURNISHED,False,SWIMMING_POOL,3.0
TP04642,T04642,Kolkata,APARTMENT,1,16112,FULLY_FURNISHED,True,SWIMMING_POOL,28.3
TP04643,T04643,Chennai,APARTMENT,1,116290,FULLY_FURNISHED,False,GYM,17.4
TP04644,T04644,Bangalore,PG,2,61753,SEMI_FURNISHED,True,WIFI,4.7
TP04645,T04645,Bangalore,VILLA,3,76131,UNFURNISHED,False,LIFT,13.6
TP04646,T04646,Kolkata,PG,3,49071,SEMI_FURNISHED,False,GARDEN,3.0
TP04647,T04647,Mumbai,APARTMENT,1,37710,UNFURNISHED,False,CLUBHOUSE,28.3
TP04648,T04648,Mumbai,VILLA,3,92458,UNFURNISHED,True,POWER_BACKUP,17.2
TP04649,T04649,Delhi,VILLA,2,50488,UNFURNISHED,False,PARKING,11.6
TP04650,T04650,Mumbai,VILLA,3,63915,SEMI_FURNISHED,False,AIR_CONDITIONING,4.2
TP04651,T04651,Mumbai,PG,3,114330,UNFURNISHED,False,POWER_BACKUP,4.0
TP04652,T04652,Mumbai,HOUSE,3,47399,UNFURNISHED,False,POWER_BACKUP,10.6
TP04653,T04653,Hyderabad,HOUSE,2,80408,SEMI_FURNISHED,False,PARKING,16.8
TP04654,T04654,Hyderabad,VILLA,1,60831,UNFURNISHED,False,POWER_BACKUP,16.7
TP04655,T04655,Hyderabad,HOUSE,2,90779,UNFURNISHED,True,LIFT,20.5
TP04656,T04656,Delhi,PG,2,28890,FULLY_FURNISHED,False,SECURITY,20.1
TP04657,T04657,Kolkata,PG,2,68075,SEMI_FURNISHED,False,GARDEN,29.2
TP04658,T04658,Delhi,APARTMENT,3,67743,UNFURNISHED,False,CLUBHOUSE,4.8
TP04659,T04659,Bangalore,APARTMENT,1,48201,FULLY_FURNISHED,True,POWER_BACKUP,22.4
TP04660,T04660,Chennai,VILLA,1,88018,SEMI_FURNISHED,False,GARDEN,15.7
TP04661,T04661,Chennai,HOUSE,3,21371,SEMI_FURNISHED,False,GARDEN,25.4
TP04662,T04662,Hyderabad,HOUSE,2,100995,UNFURNISHED,False,GARDEN,25.2
TP04663,T04663,Kolkata,VILLA,3,27238,FULLY_FURNISHED,False,SWIMMING_POOL,27.4
TP04664,T04664,Hyderabad,PG,3,72553,UNFURNISHED,False,GARDEN,27.6
TP04665,T04665,Kolkata,HOUSE,3,59597,FULLY_FURNISHED,True,SWIMMING_POOL,7.4
TP04666,T04666,Mumbai,PG,1,40749,FULLY_FURNISHED,True,AIR_CONDITIONING,6.5
TP04667,T04667,Hyderabad,VILLA,3,98713,UNFURNISHED,False,PARKING,6.2
TP04668,T04668,Delhi,HOUSE,2,89965,FULLY_FURNISHED,True,WIFI,9.9
TP04669,T04669,Bangalore,PG,3,72700,SEMI_FURNISHED,True,LIFT,29.6
TP04670,T04670,Mumbai,HOUSE,1,92925,UNFURNISHED,False,GYM,12.9
TP04671,T04671,Hyderabad,APARTMENT,2,32905,FULLY_FURNISHED,False,SWIMMING_POOL,8.1
TP04672,T04672,Chennai,VILLA,3,80039,UNFURNISHED,False,POWER_BACKUP,10.4
TP04673,T04673,Delhi,PG,2,23392,FULLY_FURNISHED,False,SWIMMING_POOL,28.9
TP04674,T04674,Hyderabad,HOUSE,3,107928,FULLY_FURNISHED,False,SECURITY,11.3
TP04675,T04675,Mumbai,APARTMENT,2,117860,FULLY_FURNISHED,True,POWER_BACKUP,3.2
TP04676,T04676,Delhi,VILLA,2,66585,FULLY_FURNISHED,True,POWER_BACKUP,27.5
TP04677,T04677,Kolkata,HOUSE,1,57548,FULLY_FURNISHED,False,SWIMMING_POOL,29.4
TP04678,T04678,Mumbai,VILLA,2,81185,UNFURNISHED,True,PARKING,8.0
TP04679,T04679,Kolkata,VILLA,3,85122,UNFURNISHED,False,LIFT,12.9
TP04680,T04680,Kolkata,PG,1,37648,FULLY_FURNISHED,True,GYM,13.1
TP04681,T04681,Delhi,VILLA,1,12070,SEMI_FURNISHED,False,GYM,20.1
TP04682,T04682,Hyderabad,VILLA,1,101388,FULLY_FURNISHED,False,AIR_CONDITIONING,2.7
TP04683,T04683,Chennai,PG,2,36807,UNFURNISHED,False,WIFI,14.1
TP04684,T04684,Mumbai,APARTMENT,2,93330,UNFURNISHED,True,AIR_CONDITIONING,18.1
TP04685,T04685,Hyderabad,PG,1,55517,UNFURNISHED,False,SWIMMING_POOL,4.7
TP04686,T04686,Delhi,APARTMENT,3,37551,SEMI_FURNISHED,False,PARKING,12.3
TP04687,T04687,Bangalore,APARTMENT,3,70267,SEMI_FURNISHED,False,CLUBHOUSE,29.9
TP04688,T04688,Delhi,HOUSE,1,65221,SEMI_FURNISHED,True,POWER_BACKUP,3.5
TP04689,T04689,Kolkata,HOUSE,2,115043,UNFURNISHED,False,SWIMMING_POOL,27.7
TP04690,T04690,Kolkata,APARTMENT,1,117865,UNFURNISHED,True,WIFI,11.0
TP04691,T04691,Bangalore,APARTMENT,3,25240,UNFURNISHED,False,PARKING,9.9
TP04692,T04692,Kolkata,APARTMENT,3,74368,UNFURNISHED,False,SWIMMING_POOL,18.7
TP04693,T04693,Chennai,APARTMENT,2,64608,FULLY_FURNISHED,False,WIFI,24.8
TP04694,T04694,Kolkata,VILLA,1,78915,SEMI_FURNISHED,True,CLUBHOUSE,29.3
TP04695,T04695,Mumbai,APARTMENT,2,107505,FULLY_FURNISHED,False,WIFI,6.7
TP04696,T04696,Mumbai,VILLA,1,62854,SEMI_FURNISHED,True,SECURITY,3.7
TP04697,T04697,Bangalore,HOUSE,2,46074,FULLY_FURNISHED,True,GYM,27.9
TP04698,T04698,Kolkata,APARTMENT,1,107423,FULLY_FURNISHED,False,CLUBHOUSE,15.0
TP04699,T04699,Kolkata,APARTMENT,1,64234,FULLY_FURNISHED,False,AIR_CONDITIONING,25.3
TP04700,T04700,Mumbai,VILLA,1,12530,UNFURNISHED,False,LIFT,5.2
TP04701,T04701,Chennai,APARTMENT,1,15776,FULLY_FURNISHED,True,LIFT,10.9
TP04702,T04702,Bangalore,VILLA,3,71068,UNFURNISHED,False,SECURITY,9.2
TP04703,T04703,Chennai,HOUSE,2,71031,UNFURNISHED,False,POWER_BACKUP,11.7
TP04704,T04704,Mumbai,VILLA,1,26866,FULLY_FURNISHED,True,AIR_CONDITIONING,12.8
TP04705,T04705,Delhi,HOUSE,2,27135,UNFURNISHED,False,PARKING,4.8
TP04706,T04706,Bangalore,VILLA,2,32789,FULLY_FURNISHED,False,WIFI,14.9
TP04707,T04707,Mumbai,APARTMENT,3,77683,SEMI_FURNISHED,True,POWER_BACKUP,20.9
TP04708,T04708,Hyderabad,PG,3,74779,SEMI_FURNISHED,False,POWER_BACKUP,6.7
TP04709,T04709,Kolkata,HOUSE,2,105732,UNFURNISHED,False,PARKING,22.6
TP04710,T04710,Kolkata,VILLA,2,39482,FULLY_FURNISHED,True,SECURITY,10.2
TP04711,T04711,Kolkata,HOUSE,3,85822,UNFURNISHED,False,WIFI,24.8
TP04712,T04712,Chennai,VILLA,1,82137,FULLY_FURNISHED,False,PARKING,9.6
TP04713,T04713,Hyderabad,PG,3,65695,FULLY_FURNISHED,True,PARKING,19.0
TP04714,T04714,Mumbai,PG,1,67040,UNFURNISHED,True,WIFI,5.3
TP04715,T04715,Delhi,HOUSE,3,28071,UNFURNISHED,False,PARKING,13.1
TP04716,T04716,Bangalore,HOUSE,2,62628,UNFURNISHED,True,GYM,19.7
TP04717,T04717,Kolkata,PG,1,47061,FULLY_FURNISHED,False,AIR_CONDITIONING,9.0
TP04718,T04718,Bangalore,PG,2,76681,UNFURNISHED,False,CLUBHOUSE,3.1
TP04719,T04719,Chennai,APARTMENT,2,15813,UNFURNISHED,False,LIFT,26.9
TP04720,T04720,Chennai,VILLA,2,53685,FULLY_FURNISHED,True,AIR_CONDITIONING,21.0
TP04721,T04721,Bangalore,PG,1,23142,FULLY_FURNISHED,True,PARKING,12.3
TP04722,T04722,Chennai,APARTMENT,1,67805,SEMI_FURNISHED,True,CLUBHOUSE,25.0
TP04723,T04723,Hyderabad,PG,3,74528,UNFURNISHED,False,GARDEN,5.3
TP04724,T04724,Mumbai,APARTMENT,3,59124,SEMI_FURNISHED,True,SECURITY,25.0
TP04725,T04725,Chennai,PG,3,56581,FULLY_FURNISHED,True,SWIMMING_POOL,24.2
TP04726,T04726,Bangalore,PG,3,108718,SEMI_FURNISHED,True,WIFI,27.9
TP04727,T04727,Hyderabad,HOUSE,1,26606,UNFURNISHED,False,LIFT,4.0
TP04728,T04728,Bangalore,VILLA,3,117453,UNFURNISHED,True,SECURITY,24.1
TP04729,T04729,Chennai,HOUSE,2,80898,SEMI_FURNISHED,False,SWIMMING_POOL,22.2
TP04730,T04730,Mumbai,APARTMENT,1,63640,UNFURNISHED,False,WIFI,8.4
TP04731,T04731,Hyderabad,PG,1,95960,UNFURNISHED,True,POWER_BACKUP,13.5
TP04732,T04732,Delhi,APARTMENT,2,35478,UNFURNISHED,True,CLUBHOUSE,13.4
TP04733,T04733,Mumbai,VILLA,1,118355,FULLY_FURNISHED,False,GARDEN,26.9
TP04734,T04734,Chennai,PG,3,41124,UNFURNISHED,True,GYM,14.4
TP04735,T04735,Bangalore,APARTMENT,1,42431,FULLY_FURNISHED,True,GARDEN,11.2
TP04736,T04736,Mumbai,PG,1,107770,FULLY_FURNISHED,False,CLUBHOUSE,20.9
TP04737,T04737,Bangalore,HOUSE,3,59419,FULLY_FURNISHED,False,LIFT,4.7
TP04738,T04738,Hyderabad,VILLA,1,79165,SEMI_FURNISHED,False,AIR_CONDITIONING,25.8
TP04739,T04739,Hyderabad,PG,3,97627,UNFURNISHED,False,LIFT,26.4
TP04740,T04740,Kolkata,PG,2,30435,SEMI_FURNISHED,True,LIFT,5.7
TP04741,T04741,Chennai,PG,2,22362,FULLY_FURNISHED,False,LIFT,23.8
TP04742,T04742,Chennai,VILLA,1,13911,FULLY_FURNISHED,True,GYM,25.5
TP04743,T04743,Kolkata,APARTMENT,2,105754,UNFURNISHED,True,CLUBHOUSE,13.3
TP04744,T04744,Hyderabad,HOUSE,1,35663,FULLY_FURNISHED,True,WIFI,28.4
TP04745,T04745,Hyderabad,APARTMENT,3,34539,UNFURNISHED,True,POWER_BACKUP,18.4
TP04746,T04746,Chennai,HOUSE,2,90795,SEMI_FURNISHED,True,POWER_BACKUP,19.7
TP04747,T04747,Hyderabad,APARTMENT,1,21602,FULLY_FURNISHED,False,GARDEN,21.5
TP04748,T04748,Mumbai,HOUSE,2,39085,FULLY_FURNISHED,True,WIFI,13.2
TP04749,T04749,Hyderabad,APARTMENT,2,74481,SEMI_FURNISHED,True,SECURITY,7.3
TP04750,T04750,Hyderabad,APARTMENT,2,42648,SEMI_FURNISHED,False,SECURITY,17.6
TP04751,T04751,Chennai,PG,1,102396,FULLY_FURNISHED,True,SWIMMING_POOL,6.6
TP04752,T04752,Bangalore,HOUSE,2,85792,UNFURNISHED,False,GARDEN,28.4
TP04753,T04753,Hyderabad,PG,2,54028,FULLY_FURNISHED,True,POWER_BACKUP,4.3
TP04754,T04754,Mumbai,HOUSE,3,45844,UNFURNISHED,True,GARDEN,19.5
TP04755,T04755,Delhi,HOUSE,3,106246,FULLY_FURNISHED,True,GYM,4.9
TP04756,T04756,Delhi,PG,2,80674,UNFURNISHED,False,CLUBHOUSE,25.4
TP04757,T04757,Delhi,HOUSE,2,57516,SEMI_FURNISHED,False,PARKING,13.7
TP04758,T04758,Chennai,HOUSE,2,113900,UNFURNISHED,False,LIFT,22.0
TP04759,T04759,Delhi,HOUSE,1,99109,UNFURNISHED,False,AIR_CONDITIONING,23.8
TP04760,T04760,Delhi,PG,1,69829,SEMI_FURNISHED,False,WIFI,17.8
TP04761,T04761,Mumbai,HOUSE,3,22972,SEMI_FURNISHED,False,SECURITY,6.4
TP04762,T04762,Mumbai,HOUSE,2,41205,UNFURNISHED,False,SWIMMING_POOL,20.5
TP04763,T04763,Bangalore,HOUSE,2,49529,SEMI_FURNISHED,True,PARKING,5.7
TP04764,T04764,Delhi,APARTMENT,1,112454,SEMI_FURNISHED,False,WIFI,25.8
TP04765,T04765,Bangalore,PG,2,55388,UNFURNISHED,False,AIR_CONDITIONING,14.6
TP04766,T04766,Kolkata,VILLA,1,82062,FULLY_FURNISHED,False,LIFT,13.8
TP04767,T04767,Hyderabad,HOUSE,2,21501,UNFURNISHED,True,WIFI,27.4
TP04768,T04768,Hyderabad,HOUSE,3,76356,SEMI_FURNISHED,False,CLUBHOUSE,8.7
TP04769,T04769,Hyderabad,PG,2,45205,UNFURNISHED,False,SECURITY,20.7
TP04770,T04770,Chennai,HOUSE,1,25078,FULLY_FURNISHED,False,AIR_CONDITIONING,25.1
TP04771,T04771,Chennai,VILLA,2,17387,UNFURNISHED,True,WIFI,11.4
TP04772,T04772,Hyderabad,HOUSE,1,75013,SEMI_FURNISHED,False,WIFI,16.4
TP04773,T04773,Bangalore,PG,1,76002,SEMI_FURNISHED,False,WIFI,2.9
TP04774,T04774,Bangalore,HOUSE,3,62924,UNFURNISHED,False,SECURITY,22.1
TP04775,T04775,Delhi,HOUSE,1,55365,SEMI_FURNISHED,False,PARKING,10.0
TP04776,T04776,Kolkata,HOUSE,1,19713,SEMI_FURNISHED,True,LIFT,15.4
TP04777,T04777,Bangalore,APARTMENT,3,30785,UNFURNISHED,True,SECURITY,29.4
TP04778,T04778,Mumbai,HOUSE,1,81461,UNFURNISHED,False,LIFT,5.1
TP04779,T04779,Chennai,VILLA,1,28657,SEMI_FURNISHED,False,SWIMMING_POOL,16.7
TP04780,T04780,Hyderabad,PG,3,117243,FULLY_FURNISHED,False,SWIMMING_POOL,22.2
TP04781,T04781,Mumbai,HOUSE,2,51568,FULLY_FURNISHED,True,SWIMMING_POOL,21.0
TP04782,T04782,Delhi,HOUSE,1,32886,SEMI_FURNISHED,False,SECURITY,4.1
TP04783,T04783,Chennai,VILLA,3,75156,SEMI_FURNISHED,False,SECURITY,17.1
TP04784,T04784,Delhi,APARTMENT,3,87943,SEMI_FURNISHED,False,PARKING,11.8
TP04785,T04785,Kolkata,VILLA,2,53315,FULLY_FURNISHED,True,CLUBHOUSE,11.1
TP04786,T04786,Kolkata,HOUSE,2,54242,SEMI_FURNISHED,False,GARDEN,13.7
TP04787,T04787,Delhi,HOUSE,3,26501,UNFURNISHED,False,PARKING,22.0
TP04788,T04788,Bangalore,VILLA,2,78049,UNFURNISHED,True,PARKING,18.6
TP04789,T04789,Chennai,PG,1,44259,UNFURNISHED,False,POWER_BACKUP,27.9
TP04790,T04790,Chennai,VILLA,3,93059,FULLY_FURNISHED,True,CLUBHOUSE,7.2
TP04791,T04791,Mumbai,PG,2,40014,UNFURNISHED,True,GARDEN,4.1
TP04792,T04792,Delhi,APARTMENT,1,95962,FULLY_FURNISHED,False,GYM,22.7
TP04793,T04793,Kolkata,APARTMENT,2,44933,SEMI_FURNISHED,False,PARKING,17.3
TP04794,T04794,Bangalore,PG,1,54087,FULLY_FURNISHED,True,LIFT,22.7
TP04795,T04795,Mumbai,PG,2,73666,SEMI_FURNISHED,True,GARDEN,9.2
TP04796,T04796,Mumbai,PG,1,90452,FULLY_FURNISHED,True,GYM,2.6
TP04797,T04797,Bangalore,PG,1,40146,SEMI_FURNISHED,False,GARDEN,4.0
TP04798,T04798,Hyderabad,PG,3,51377,UNFURNISHED,True,SECURITY,29.7
TP04799,T04799,Hyderabad,PG,3,41263,SEMI_FURNISHED,False,LIFT,18.4
TP04800,T04800,Chennai,VILLA,2,83439,SEMI_FURNISHED,False,SECURITY,8.1
TP04801,T04801,Chennai,PG,3,75081,UNFURNISHED,False,POWER_BACKUP,9.0
TP04802,T04802,Mumbai,PG,1,69379,FULLY_FURNISHED,False,WIFI,18.0
TP04803,T04803,Kolkata,VILLA,1,116593,FULLY_FURNISHED,True,POWER_BACKUP,24.0
TP04804,T04804,Delhi,VILLA,2,109794,UNFURNISHED,True,SWIMMING_POOL,7.5
TP04805,T04805,Chennai,PG,2,82201,SEMI_FURNISHED,True,WIFI,9.1
TP04806,T04806,Delhi,VILLA,3,18423,SEMI_FURNISHED,False,WIFI,25.0
TP04807,T04807,Chennai,APARTMENT,2,13898,SEMI_FURNISHED,False,GARDEN,12.4
TP04808,T04808,Mumbai,HOUSE,2,12744,FULLY_FURNISHED,True,CLUBHOUSE,17.1
TP04809,T04809,Hyderabad,VILLA,3,33278,FULLY_FURNISHED,True,GARDEN,17.8
TP04810,T04810,Chennai,HOUSE,2,38503,SEMI_FURNISHED,True,GYM,12.4
TP04811,T04811,Mumbai,VILLA,3,66471,SEMI_FURNISHED,True,SECURITY,8.9
TP04812,T04812,Chennai,PG,1,108321,SEMI_FURNISHED,False,GYM,20.5
TP04813,T04813,Bangalore,APARTMENT,2,66610,FULLY_FURNISHED,True,LIFT,21.5
TP04814,T04814,Hyderabad,PG,2,118632,UNFURNISHED,False,CLUBHOUSE,26.6
TP04815,T04815,Chennai,APARTMENT,1,93627,FULLY_FURNISHED,False,GYM,23.9
TP04816,T04816,Hyderabad,PG,3,40611,SEMI_FURNISHED,False,WIFI,4.2
TP04817,T04817,Bangalore,VILLA,3,56472,UNFURNISHED,False,GYM,2.9
TP04818,T04818,Bangalore,PG,3,110562,FULLY_FURNISHED,True,POWER_BACKUP,20.0
TP04819,T04819,Hyderabad,VILLA,3,58602,FULLY_FURNISHED,False,PARKING,18.4
TP04820,T04820,Delhi,PG,3,47724,SEMI_FURNISHED,False,GARDEN,11.6
TP04821,T04821,Hyderabad,VILLA,2,81029,UNFURNISHED,False,GYM,14.5
TP04822,T04822,Delhi,PG,1,97494,UNFURNISHED,False,GARDEN,22.1
TP04823,T04823,Hyderabad,HOUSE,2,108187,SEMI_FURNISHED,False,LIFT,15.4
TP04824,T04824,Kolkata,APARTMENT,2,118066,UNFURNISHED,True,AIR_CONDITIONING,3.8
TP04825,T04825,Chennai,PG,2,17993,FULLY_FURNISHED,True,WIFI,21.6
TP04826,T04826,Delhi,APARTMENT,1,75428,UNFURNISHED,True,POWER_BACKUP,25.2
TP04827,T04827,Mumbai,HOUSE,3,54182,UNFURNISHED,True,CLUBHOUSE,26.2
TP04828,T04828,Mumbai,PG,2,97704,FULLY_FURNISHED,True,SWIMMING_POOL,10.9
TP04829,T04829,Delhi,HOUSE,1,110277,FULLY_FURNISHED,False,GYM,19.9
TP04830,T04830,Delhi,VILLA,2,75255,FULLY_FURNISHED,True,SWIMMING_POOL,8.4
TP04831,T04831,Kolkata,HOUSE,2,32844,SEMI_FURNISHED,True,LIFT,5.3
TP04832,T04832,Kolkata,VILLA,2,39897,FULLY_FURNISHED,False,GYM,17.6
TP04833,T04833,Mumbai,PG,3,70358,SEMI_FURNISHED,True,POWER_BACKUP,20.1
TP04834,T04834,Kolkata,VILLA,3,34782,UNFURNISHED,False,PARKING,29.7
TP04835,T04835,Kolkata,APARTMENT,3,52996,FULLY_FURNISHED,False,LIFT,3.5
TP04836,T04836,Delhi,PG,3,119187,UNFURNISHED,True,GARDEN,2.7
TP04837,T04837,Chennai,HOUSE,3,87587,SEMI_FURNISHED,False,AIR_CONDITIONING,14.2
TP04838,T04838,Chennai,VILLA,1,78147,UNFURNISHED,True,AIR_CONDITIONING,27.0
TP04839,T04839,Bangalore,VILLA,3,45845,SEMI_FURNISHED,True,GARDEN,15.7
TP04840,T04840,Mumbai,APARTMENT,1,37077,UNFURNISHED,True,POWER_BACKUP,15.4
TP04841,T04841,Delhi,VILLA,2,98647,UNFURNISHED,True,AIR_CONDITIONING,8.3
TP04842,T04842,Chennai,VILLA,3,84296,SEMI_FURNISHED,False,WIFI,10.9
TP04843,T04843,Chennai,PG,2,71034,FULLY_FURNISHED,False,GYM,21.5
TP04844,T04844,Delhi,VILLA,1,24643,UNFURNISHED,True,SECURITY,7.5
TP04845,T04845,Chennai,VILLA,2,14821,FULLY_FURNISHED,True,POWER_BACKUP,7.0
TP04846,T04846,Chennai,VILLA,1,21029,FULLY_FURNISHED,False,SWIMMING_POOL,10.1
TP04847,T04847,Hyderabad,HOUSE,3,107321,SEMI_FURNISHED,True,POWER_BACKUP,16.6
TP04848,T04848,Bangalore,VILLA,2,103053,UNFURNISHED,False,GARDEN,3.5
TP04849,T04849,Mumbai,APARTMENT,1,40009,FULLY_FURNISHED,False,PARKING,2.0
TP04850,T04850,Delhi,PG,3,50602,SEMI_FURNISHED,True,SECURITY,10.3
TP04851,T04851,Hyderabad,PG,3,59420,SEMI_FURNISHED,False,LIFT,13.1
TP04852,T04852,Delhi,HOUSE,1,44604,FULLY_FURNISHED,False,CLUBHOUSE,17.9
TP04853,T04853,Mumbai,HOUSE,3,36183,FULLY_FURNISHED,True,CLUBHOUSE,4.8
TP04854,T04854,Hyderabad,APARTMENT,2,107534,FULLY_FURNISHED,False,POWER_BACKUP,21.4
TP04855,T04855,Delhi,APARTMENT,3,44411,SEMI_FURNISHED,True,AIR_CONDITIONING,6.1
TP04856,T04856,Chennai,HOUSE,3,61787,UNFURNISHED,False,CLUBHOUSE,14.5
TP04857,T04857,Mumbai,VILLA,3,39917,FULLY_FURNISHED,False,CLUBHOUSE,17.3
TP04858,T04858,Hyderabad,APARTMENT,2,105943,FULLY_FURNISHED,False,PARKING,27.3
TP04859,T04859,Bangalore,APARTMENT,3,92729,UNFURNISHED,True,PARKING,20.7
TP04860,T04860,Delhi,PG,3,117225,UNFURNISHED,True,WIFI,6.6
TP04861,T04861,Hyderabad,HOUSE,1,75044,UNFURNISHED,True,GYM,11.8
TP04862,T04862,Mumbai,VILLA,1,45257,FULLY_FURNISHED,False,SWIMMING_POOL,22.8
TP04863,T04863,Chennai,APARTMENT,2,16201,FULLY_FURNISHED,True,AIR_CONDITIONING,4.2
TP04864,T04864,Delhi,VILLA,2,101222,UNFURNISHED,True,PARKING,4.1
TP04865,T04865,Hyderabad,HOUSE,2,68795,FULLY_FURNISHED,True,GARDEN,23.0
TP04866,T04866,Chennai,APARTMENT,1,69951,UNFURNISHED,False,SECURITY,26.1
TP04867,T04867,Kolkata,VILLA,3,52678,UNFURNISHED,False,LIFT,12.3
TP04868,T04868,Chennai,HOUSE,3,78459,SEMI_FURNISHED,True,AIR_CONDITIONING,24.0
TP04869,T04869,Kolkata,APARTMENT,2,40443,FULLY_FURNISHED,False,LIFT,23.1
TP04870,T04870,Delhi,APARTMENT,3,72500,UNFURNISHED,True,LIFT,19.0
TP04871,T04871,Delhi,PG,1,69629,UNFURNISHED,False,GARDEN,5.4
TP04872,T04872,Hyderabad,HOUSE,2,97681,FULLY_FURNISHED,False,SECURITY,24.0
TP04873,T04873,Mumbai,PG,2,71042,UNFURNISHED,False,WIFI,11.1
TP04874,T04874,Chennai,PG,3,65356,FULLY_FURNISHED,True,GYM,21.4
TP04875,T04875,Bangalore,VILLA,2,82565,SEMI_FURNISHED,False,GARDEN,7.9
TP04876,T04876,Hyderabad,PG,3,63242,SEMI_FURNISHED,False,AIR_CONDITIONING,3.4
TP04877,T04877,Mumbai,APARTMENT,2,60277,UNFURNISHED,False,CLUBHOUSE,13.1
TP04878,T04878,Mumbai,VILLA,2,23049,FULLY_FURNISHED,False,WIFI,8.1
TP04879,T04879,Delhi,PG,2,64671,FULLY_FURNISHED,False,SWIMMING_POOL,9.3
TP04880,T04880,Kolkata,APARTMENT,3,53679,UNFURNISHED,True,WIFI,23.3
TP04881,T04881,Hyderabad,PG,3,30783,FULLY_FURNISHED,True,GARDEN,23.7
TP04882,T04882,Delhi,HOUSE,3,30137,FULLY_FURNISHED,True,PARKING,29.6
TP04883,T04883,Chennai,PG,2,105103,UNFURNISHED,False,CLUBHOUSE,20.2
TP04884,T04884,Chennai,HOUSE,1,76227,FULLY_FURNISHED,True,SWIMMING_POOL,12.7
TP04885,T04885,Hyderabad,APARTMENT,3,91781,SEMI_FURNISHED,False,WIFI,8.0
TP04886,T04886,Bangalore,VILLA,3,50959,SEMI_FURNISHED,True,WIFI,21.3
TP04887,T04887,Delhi,PG,1,27068,SEMI_FURNISHED,False,PARKING,23.4
TP04888,T04888,Mumbai,APARTMENT,3,105592,FULLY_FURNISHED,False,PARKING,5.2
TP04889,T04889,Mumbai,PG,3,14631,SEMI_FURNISHED,True,GARDEN,10.9
TP04890,T04890,Delhi,VILLA,3,39232,UNFURNISHED,True,PARKING,19.2
TP04891,T04891,Hyderabad,PG,2,75078,SEMI_FURNISHED,True,AIR_CONDITIONING,3.2
TP04892,T04892,Kolkata,PG,1,53208,FULLY_FURNISHED,True,PARKING,12.1
TP04893,T04893,Kolkata,APARTMENT,3,83569,FULLY_FURNISHED,True,WIFI,25.7
TP04894,T04894,Delhi,HOUSE,2,89737,FULLY_FURNISHED,False,GYM,21.2
TP04895,T04895,Delhi,PG,2,66726,SEMI_FURNISHED,False,GYM,10.8
TP04896,T04896,Kolkata,VILLA,2,104605,UNFURNISHED,True,SECURITY,15.8
TP04897,T04897,Mumbai,VILLA,3,99993,FULLY_FURNISHED,False,GYM,9.1
TP04898,T04898,Delhi,HOUSE,1,56217,FULLY_FURNISHED,True,AIR_CONDITIONING,11.3
TP04899,T04899,Bangalore,HOUSE,3,65924,UNFURNISHED,False,POWER_BACKUP,12.3
TP04900,T04900,Delhi,VILLA,1,92094,SEMI_FURNISHED,False,AIR_CONDITIONING,8.7
TP04901,T04901,Delhi,PG,2,19107,SEMI_FURNISHED,False,SWIMMING_POOL,16.5
TP04902,T04902,Kolkata,APARTMENT,3,34624,SEMI_FURNISHED,False,WIFI,20.9
TP04903,T04903,Kolkata,HOUSE,1,87039,FULLY_FURNISHED,True,SECURITY,6.6
TP04904,T04904,Chennai,VILLA,3,99681,FULLY_FURNISHED,False,LIFT,15.2
TP04905,T04905,Hyderabad,VILLA,3,113559,SEMI_FURNISHED,False,SWIMMING_POOL,4.7
TP04906,T04906,Chennai,HOUSE,2,109186,SEMI_FURNISHED,True,SWIMMING_POOL,27.1
TP04907,T04907,Hyderabad,APARTMENT,1,21079,UNFURNISHED,True,SWIMMING_POOL,20.2
TP04908,T04908,Hyderabad,APARTMENT,1,118485,FULLY_FURNISHED,False,POWER_BACKUP,13.8
TP04909,T04909,Hyderabad,APARTMENT,1,38572,SEMI_FURNISHED,False,WIFI,26.9
TP04910,T04910,Hyderabad,HOUSE,2,44620,UNFURNISHED,False,CLUBHOUSE,21.6
TP04911,T04911,Bangalore,PG,1,32810,FULLY_FURNISHED,False,CLUBHOUSE,17.2
TP04912,T04912,Kolkata,APARTMENT,1,39666,FULLY_FURNISHED,True,SECURITY,26.5
TP04913,T04913,Kolkata,APARTMENT,3,21852,SEMI_FURNISHED,True,SECURITY,22.8
TP04914,T04914,Chennai,PG,3,88491,UNFURNISHED,True,PARKING,3.7
TP04915,T04915,Bangalore,APARTMENT,3,103013,UNFURNISHED,True,AIR_CONDITIONING,18.4
TP04916,T04916,Delhi,VILLA,2,81685,SEMI_FURNISHED,False,CLUBHOUSE,18.3
TP04917,T04917,Mumbai,HOUSE,2,110647,FULLY_FURNISHED,True,WIFI,6.1
TP04918,T04918,Chennai,HOUSE,3,96940,UNFURNISHED,True,GARDEN,27.2
TP04919,T04919,Kolkata,VILLA,1,17395,SEMI_FURNISHED,False,SECURITY,7.8
TP04920,T04920,Delhi,APARTMENT,1,88770,FULLY_FURNISHED,True,GARDEN,23.5
TP04921,T04921,Bangalore,PG,2,74764,SEMI_FURNISHED,False,PARKING,21.3
TP04922,T04922,Mumbai,PG,2,39580,SEMI_FURNISHED,False,CLUBHOUSE,22.8
TP04923,T04923,Chennai,HOUSE,3,83429,UNFURNISHED,False,GYM,24.0
TP04924,T04924,Delhi,HOUSE,2,31148,UNFURNISHED,True,GARDEN,13.5
TP04925,T04925,Kolkata,VILLA,2,48424,SEMI_FURNISHED,False,PARKING,13.4
TP04926,T04926,Chennai,PG,3,47597,UNFURNISHED,False,POWER_BACKUP,27.2
TP04927,T04927,Delhi,PG,2,104171,UNFURNISHED,True,WIFI,10.8
TP04928,T04928,Delhi,VILLA,2,60119,SEMI_FURNISHED,True,CLUBHOUSE,15.9
TP04929,T04929,Bangalore,HOUSE,1,90642,SEMI_FURNISHED,False,SWIMMING_POOL,13.7
TP04930,T04930,Kolkata,VILLA,2,59459,SEMI_FURNISHED,True,GARDEN,21.7
TP04931,T04931,Bangalore,PG,3,28454,SEMI_FURNISHED,True,SECURITY,23.8
TP04932,T04932,Delhi,HOUSE,1,40946,FULLY_FURNISHED,True,WIFI,6.9
TP04933,T04933,Chennai,HOUSE,2,101735,SEMI_FURNISHED,True,POWER_BACKUP,29.9
TP04934,T04934,Bangalore,PG,3,102487,SEMI_FURNISHED,True,AIR_CONDITIONING,6.6
TP04935,T04935,Bangalore,HOUSE,1,46017,SEMI_FURNISHED,True,PARKING,14.5
TP04936,T04936,Hyderabad,PG,3,44460,UNFURNISHED,False,WIFI,29.5
TP04937,T04937,Kolkata,PG,2,72472,UNFURNISHED,False,SECURITY,5.8
TP04938,T04938,Chennai,APARTMENT,3,83128,UNFURNISHED,False,AIR_CONDITIONING,24.8
TP04939,T04939,Bangalore,APARTMENT,3,99919,SEMI_FURNISHED,True,SECURITY,17.6
TP04940,T04940,Hyderabad,HOUSE,3,102177,SEMI_FURNISHED,False,GYM,27.2
TP04941,T04941,Hyderabad,HOUSE,2,108679,FULLY_FURNISHED,False,LIFT,12.0
TP04942,T04942,Chennai,HOUSE,3,56301,SEMI_FURNISHED,False,SECURITY,4.6
TP04943,T04943,Chennai,APARTMENT,2,98489,FULLY_FURNISHED,False,SWIMMING_POOL,19.4
TP04944,T04944,Mumbai,PG,3,81595,UNFURNISHED,False,SECURITY,3.4
TP04945,T04945,Bangalore,APARTMENT,1,102661,FULLY_FURNISHED,False,AIR_CONDITIONING,18.2
TP04946,T04946,Hyderabad,VILLA,3,119913,UNFURNISHED,True,SWIMMING_POOL,24.1
TP04947,T04947,Chennai,VILLA,3,84072,UNFURNISHED,False,SECURITY,16.9
TP04948,T04948,Hyderabad,VILLA,2,54671,FULLY_FURNISHED,True,LIFT,19.8
TP04949,T04949,Chennai,HOUSE,2,107701,FULLY_FURNISHED,True,POWER_BACKUP,25.9
TP04950,T04950,Hyderabad,VILLA,3,34423,SEMI_FURNISHED,False,WIFI,30.0
TP04951,T04951,Delhi,APARTMENT,1,46581,FULLY_FURNISHED,True,WIFI,22.0
TP04952,T04952,Kolkata,VILLA,1,92533,SEMI_FURNISHED,False,LIFT,18.2
TP04953,T04953,Chennai,VILLA,3,46364,SEMI_FURNISHED,False,PARKING,27.2
TP04954,T04954,Hyderabad,APARTMENT,3,108643,FULLY_FURNISHED,False,SECURITY,22.0
TP04955,T04955,Delhi,PG,2,103944,FULLY_FURNISHED,False,GYM,27.8
TP04956,T04956,Mumbai,HOUSE,2,80190,UNFURNISHED,False,PARKING,16.8
TP04957,T04957,Hyderabad,APARTMENT,2,102443,UNFURNISHED,True,SECURITY,17.5
TP04958,T04958,Hyderabad,VILLA,1,89730,SEMI_FURNISHED,True,GARDEN,17.5
TP04959,T04959,Kolkata,APARTMENT,1,86176,SEMI_FURNISHED,False,SWIMMING_POOL,6.6
TP04960,T04960,Delhi,HOUSE,3,62583,UNFURNISHED,True,GARDEN,18.5
TP04961,T04961,Hyderabad,HOUSE,2,30991,SEMI_FURNISHED,True,GYM,12.0
TP04962,T04962,Kolkata,APARTMENT,1,99466,UNFURNISHED,False,GARDEN,26.4
TP04963,T04963,Mumbai,VILLA,2,91525,SEMI_FURNISHED,True,WIFI,18.8
TP04964,T04964,Kolkata,PG,2,108211,UNFURNISHED,False,GYM,4.4
TP04965,T04965,Bangalore,PG,2,61166,UNFURNISHED,False,SWIMMING_POOL,6.4
TP04966,T04966,Kolkata,HOUSE,2,41443,FULLY_FURNISHED,False,SWIMMING_POOL,11.0
TP04967,T04967,Delhi,HOUSE,1,83491,SEMI_FURNISHED,True,GYM,20.6
TP04968,T04968,Chennai,HOUSE,1,93383,FULLY_FURNISHED,False,LIFT,13.1
TP04969,T04969,Bangalore,VILLA,1,69966,FULLY_FURNISHED,True,POWER_BACKUP,3.8
TP04970,T04970,Kolkata,HOUSE,3,82748,FULLY_FURNISHED,True,LIFT,21.7
TP04971,T04971,Chennai,HOUSE,1,75219,SEMI_FURNISHED,False,SECURITY,5.0
TP04972,T04972,Mumbai,PG,3,17714,FULLY_FURNISHED,False,CLUBHOUSE,29.4
TP04973,T04973,Delhi,PG,3,101150,UNFURNISHED,True,POWER_BACKUP,28.1
TP04974,T04974,Delhi,PG,3,19003,UNFURNISHED,False,POWER_BACKUP,12.4
TP04975,T04975,Delhi,APARTMENT,1,76309,SEMI_FURNISHED,False,AIR_CONDITIONING,5.3
TP04976,T04976,Delhi,HOUSE,1,119357,FULLY_FURNISHED,True,WIFI,20.7
TP04977,T04977,Mumbai,PG,2,43671,FULLY_FURNISHED,False,WIFI,11.4
TP04978,T04978,Bangalore,APARTMENT,1,32175,FULLY_FURNISHED,False,AIR_CONDITIONING,28.0
TP04979,T04979,Hyderabad,APARTMENT,3,75586,UNFURNISHED,True,AIR_CONDITIONING,28.5
TP04980,T04980,Mumbai,APARTMENT,2,42032,UNFURNISHED,True,GYM,15.1
TP04981,T04981,Bangalore,APARTMENT,1,51013,FULLY_FURNISHED,True,AIR_CONDITIONING,14.8
TP04982,T04982,Bangalore,VILLA,2,12205,SEMI_FURNISHED,False,LIFT,6.7
TP04983,T04983,Hyderabad,VILLA,2,51395,FULLY_FURNISHED,True,WIFI,29.7
TP04984,T04984,Hyderabad,HOUSE,1,28366,SEMI_FURNISHED,False,WIFI,7.0
TP04985,T04985,Kolkata,APARTMENT,1,64316,FULLY_FURNISHED,True,CLUBHOUSE,26.7
TP04986,T04986,Chennai,HOUSE,3,66656,UNFURNISHED,False,CLUBHOUSE,10.5
TP04987,T04987,Bangalore,HOUSE,3,38802,SEMI_FURNISHED,False,SECURITY,9.8
TP04988,T04988,Chennai,HOUSE,2,101132,UNFURNISHED,False,POWER_BACKUP,7.5
TP04989,T04989,Kolkata,HOUSE,2,49525,FULLY_FURNISHED,True,GARDEN,28.9
TP04990,T04990,Delhi,PG,1,88036,UNFURNISHED,False,LIFT,16.0
TP04991,T04991,Bangalore,PG,1,59634,FULLY_FURNISHED,True,SECURITY,10.6
TP04992,T04992,Hyderabad,HOUSE,3,95472,UNFURNISHED,False,LIFT,16.6
TP04993,T04993,Chennai,HOUSE,2,27405,UNFURNISHED,False,POWER_BACKUP,29.1
TP04994,T04994,Delhi,HOUSE,3,30874,FULLY_FURNISHED,True,WIFI,8.1
TP04995,T04995,Mumbai,HOUSE,2,23296,UNFURNISHED,True,WIFI,9.4
TP04996,T04996,Bangalore,APARTMENT,1,74896,FULLY_FURNISHED,True,AIR_CONDITIONING,23.2
TP04997,T04997,Kolkata,VILLA,3,20523,UNFURNISHED,False,GARDEN,8.3
TP04998,T04998,Mumbai,HOUSE,1,82874,SEMI_FURNISHED,True,WIFI,15.1
TP04999,T04999,Bangalore,APARTMENT,2,42737,SEMI_FURNISHED,False,LIFT,26.1
TP05000,T05000,Delhi,APARTMENT,1,107350,UNFURNISHED,True,WIFI,27.8
TP05001,T05001,Kolkata,APARTMENT,3,45571,UNFURNISHED,False,LIFT,10.8
TP05002,T05002,Bangalore,HOUSE,2,101207,FULLY_FURNISHED,False,SWIMMING_POOL,29.8
TP05003,T05003,Chennai,HOUSE,3,71408,SEMI_FURNISHED,False,POWER_BACKUP,9.2
TP05004,T05004,Kolkata,PG,1,85058,SEMI_FURNISHED,True,LIFT,2.9
TP05005,T05005,Mumbai,APARTMENT,3,82306,UNFURNISHED,False,SWIMMING_POOL,12.3
TP05006,T05006,Delhi,HOUSE,2,73350,FULLY_FURNISHED,False,GYM,25.9
TP05007,T05007,Delhi,APARTMENT,3,40257,FULLY_FURNISHED,True,POWER_BACKUP,12.7
TP05008,T05008,Hyderabad,PG,1,76912,FULLY_FURNISHED,False,GARDEN,25.8
TP05009,T05009,Bangalore,HOUSE,3,83735,FULLY_FURNISHED,True,LIFT,19.5
TP05010,T05010,Chennai,HOUSE,1,119037,SEMI_FURNISHED,True,AIR_CONDITIONING,9.0
TP05011,T05011,Hyderabad,APARTMENT,2,91804,SEMI_FURNISHED,True,SWIMMING_POOL,7.8
TP05012,T05012,Bangalore,HOUSE,3,112088,UNFURNISHED,True,AIR_CONDITIONING,13.4
TP05013,T05013,Chennai,HOUSE,2,112051,UNFURNISHED,True,PARKING,22.4
TP05014,T05014,Bangalore,VILLA,3,117467,FULLY_FURNISHED,False,SECURITY,17.7
TP05015,T05015,Hyderabad,PG,2,47494,FULLY_FURNISHED,True,CLUBHOUSE,9.4
TP05016,T05016,Delhi,APARTMENT,3,43457,SEMI_FURNISHED,True,POWER_BACKUP,21.5
TP05017,T05017,Chennai,HOUSE,1,117888,UNFURNISHED,True,PARKING,3.7
TP05018,T05018,Mumbai,HOUSE,3,18093,SEMI_FURNISHED,True,AIR_CONDITIONING,17.5
TP05019,T05019,Chennai,PG,1,85237,FULLY_FURNISHED,False,GARDEN,28.5
TP05020,T05020,Hyderabad,PG,3,102566,FULLY_FURNISHED,False,WIFI,11.7
TP05021,T05021,Chennai,VILLA,1,104443,SEMI_FURNISHED,True,SWIMMING_POOL,8.2
TP05022,T05022,Mumbai,VILLA,2,97069,UNFURNISHED,False,LIFT,24.8
TP05023,T05023,Hyderabad,VILLA,1,14769,FULLY_FURNISHED,True,GARDEN,6.3
TP05024,T05024,Hyderabad,HOUSE,1,110675,SEMI_FURNISHED,False,AIR_CONDITIONING,6.2
TP05025,T05025,Delhi,PG,3,82944,UNFURNISHED,False,GARDEN,22.1
TP05026,T05026,Chennai,PG,1,102990,UNFURNISHED,False,GARDEN,12.2
TP05027,T05027,Delhi,APARTMENT,2,31669,SEMI_FURNISHED,False,SWIMMING_POOL,13.9
TP05028,T05028,Mumbai,VILLA,1,90899,UNFURNISHED,False,WIFI,21.3
TP05029,T05029,Delhi,VILLA,2,49910,SEMI_FURNISHED,True,GYM,21.7
TP05030,T05030,Kolkata,APARTMENT,2,113915,UNFURNISHED,True,CLUBHOUSE,11.3
TP05031,T05031,Mumbai,PG,1,95691,FULLY_FURNISHED,True,GYM,26.8
TP05032,T05032,Bangalore,HOUSE,3,56767,FULLY_FURNISHED,False,GYM,11.8
TP05033,T05033,Delhi,APARTMENT,2,89751,FULLY_FURNISHED,False,POWER_BACKUP,11.2
TP05034,T05034,Kolkata,PG,2,118432,FULLY_FURNISHED,False,GARDEN,9.4
TP05035,T05035,Kolkata,PG,2,111942,FULLY_FURNISHED,True,GARDEN,8.1
TP05036,T05036,Hyderabad,PG,2,53340,UNFURNISHED,False,LIFT,5.8
TP05037,T05037,Kolkata,PG,2,23787,UNFURNISHED,False,POWER_BACKUP,21.8
TP05038,T05038,Mumbai,HOUSE,2,12941,SEMI_FURNISHED,False,PARKING,6.7
TP05039,T05039,Chennai,HOUSE,2,59253,FULLY_FURNISHED,True,AIR_CONDITIONING,10.5
TP05040,T05040,Bangalore,VILLA,2,104104,SEMI_FURNISHED,True,GARDEN,23.9
TP05041,T05041,Mumbai,VILLA,1,114461,UNFURNISHED,True,CLUBHOUSE,21.2
TP05042,T05042,Chennai,APARTMENT,2,34616,SEMI_FURNISHED,False,SECURITY,19.0
TP05043,T05043,Bangalore,HOUSE,1,39028,SEMI_FURNISHED,True,AIR_CONDITIONING,26.7
TP05044,T05044,Kolkata,VILLA,2,77085,UNFURNISHED,False,AIR_CONDITIONING,13.0
TP05045,T05045,Kolkata,VILLA,3,67779,SEMI_FURNISHED,True,GARDEN,17.9
TP05046,T05046,Mumbai,PG,3,89346,FULLY_FURNISHED,False,POWER_BACKUP,12.4
TP05047,T05047,Mumbai,PG,1,110758,SEMI_FURNISHED,True,GYM,10.0
TP05048,T05048,Chennai,APARTMENT,3,101004,SEMI_FURNISHED,True,CLUBHOUSE,23.1
TP05049,T05049,Delhi,HOUSE,3,50546,FULLY_FURNISHED,True,GARDEN,18.2
TP05050,T05050,Chennai,HOUSE,2,39780,SEMI_FURNISHED,False,CLUBHOUSE,17.2
TP05051,T05051,Mumbai,APARTMENT,1,81278,UNFURNISHED,False,AIR_CONDITIONING,24.0
TP05052,T05052,Delhi,HOUSE,1,22236,FULLY_FURNISHED,True,SWIMMING_POOL,16.9
TP05053,T05053,Hyderabad,APARTMENT,3,38542,FULLY_FURNISHED,False,PARKING,24.1
TP05054,T05054,Bangalore,HOUSE,2,31789,SEMI_FURNISHED,False,AIR_CONDITIONING,13.9
TP05055,T05055,Hyderabad,VILLA,2,43296,UNFURNISHED,True,GYM,6.4
TP05056,T05056,Bangalore,PG,2,53044,FULLY_FURNISHED,True,AIR_CONDITIONING,3.7
TP05057,T05057,Kolkata,APARTMENT,1,41414,SEMI_FURNISHED,False,CLUBHOUSE,25.5
TP05058,T05058,Chennai,APARTMENT,2,72147,SEMI_FURNISHED,True,WIFI,16.0
TP05059,T05059,Bangalore,APARTMENT,2,50005,SEMI_FURNISHED,False,CLUBHOUSE,26.5
TP05060,T05060,Mumbai,HOUSE,3,19564,SEMI_FURNISHED,False,GYM,19.9
TP05061,T05061,Hyderabad,VILLA,2,58718,UNFURNISHED,True,GARDEN,19.1
TP05062,T05062,Delhi,HOUSE,3,119239,UNFURNISHED,True,LIFT,15.5
TP05063,T05063,Chennai,APARTMENT,1,115843,UNFURNISHED,False,WIFI,15.8
TP05064,T05064,Hyderabad,PG,2,14375,SEMI_FURNISHED,False,POWER_BACKUP,13.6
TP05065,T05065,Bangalore,PG,3,71697,UNFURNISHED,False,CLUBHOUSE,3.1
TP05066,T05066,Chennai,VILLA,3,45077,UNFURNISHED,False,AIR_CONDITIONING,20.7
TP05067,T05067,Mumbai,VILLA,2,105616,SEMI_FURNISHED,True,LIFT,19.4
TP05068,T05068,Chennai,VILLA,2,76890,UNFURNISHED,True,SWIMMING_POOL,13.0
TP05069,T05069,Chennai,HOUSE,3,113308,FULLY_FURNISHED,True,GYM,13.5
TP05070,T05070,Chennai,HOUSE,1,115512,UNFURNISHED,True,POWER_BACKUP,22.4
TP05071,T05071,Bangalore,VILLA,1,56329,UNFURNISHED,False,GARDEN,15.0
TP05072,T05072,Mumbai,PG,2,107802,UNFURNISHED,False,SWIMMING_POOL,15.2
TP05073,T05073,Mumbai,VILLA,2,63686,FULLY_FURNISHED,True,POWER_BACKUP,27.8
TP05074,T05074,Bangalore,HOUSE,1,58480,FULLY_FURNISHED,False,POWER_BACKUP,5.6
TP05075,T05075,Delhi,VILLA,3,110149,FULLY_FURNISHED,False,CLUBHOUSE,9.1
TP05076,T05076,Hyderabad,VILLA,2,55534,FULLY_FURNISHED,True,SECURITY,17.6
TP05077,T05077,Hyderabad,APARTMENT,3,13924,FULLY_FURNISHED,True,AIR_CONDITIONING,17.5
TP05078,T05078,Kolkata,APARTMENT,2,44529,FULLY_FURNISHED,False,POWER_BACKUP,17.1
TP05079,T05079,Delhi,APARTMENT,3,113107,SEMI_FURNISHED,True,SWIMMING_POOL,8.5
TP05080,T05080,Mumbai,VILLA,1,35940,UNFURNISHED,False,LIFT,19.8
TP05081,T05081,Kolkata,VILLA,2,85277,FULLY_FURNISHED,True,GYM,8.9
TP05082,T05082,Mumbai,PG,3,113308,SEMI_FURNISHED,True,GYM,25.4
TP05083,T05083,Chennai,HOUSE,1,30253,FULLY_FURNISHED,True,LIFT,9.6
TP05084,T05084,Hyderabad,APARTMENT,1,12469,SEMI_FURNISHED,False,POWER_BACKUP,10.4
TP05085,T05085,Kolkata,PG,1,71975,FULLY_FURNISHED,False,AIR_CONDITIONING,25.8
TP05086,T05086,Mumbai,APARTMENT,3,21358,SEMI_FURNISHED,True,LIFT,20.1
TP05087,T05087,Bangalore,HOUSE,3,106657,UNFURNISHED,False,GYM,19.0
TP05088,T05088,Chennai,VILLA,2,70307,UNFURNISHED,True,AIR_CONDITIONING,4.0
TP05089,T05089,Delhi,VILLA,3,115378,FULLY_FURNISHED,False,POWER_BACKUP,29.2
TP05090,T05090,Mumbai,PG,3,94698,FULLY_FURNISHED,False,GARDEN,19.2
TP05091,T05091,Hyderabad,VILLA,2,25377,FULLY_FURNISHED,False,CLUBHOUSE,29.2
TP05092,T05092,Hyderabad,PG,3,38035,SEMI_FURNISHED,True,GYM,9.8
TP05093,T05093,Mumbai,VILLA,2,18547,UNFURNISHED,False,SWIMMING_POOL,10.7
TP05094,T05094,Delhi,APARTMENT,2,105796,UNFURNISHED,True,GYM,9.5
TP05095,T05095,Hyderabad,VILLA,2,12756,FULLY_FURNISHED,False,PARKING,27.9
TP05096,T05096,Bangalore,VILLA,3,81494,SEMI_FURNISHED,True,SECURITY,2.5
TP05097,T05097,Mumbai,APARTMENT,2,49836,SEMI_FURNISHED,False,GARDEN,7.4
TP05098,T05098,Bangalore,HOUSE,3,34057,FULLY_FURNISHED,False,SECURITY,10.0
TP05099,T05099,Chennai,PG,1,20349,UNFURNISHED,True,POWER_BACKUP,17.6
TP05100,T05100,Hyderabad,APARTMENT,2,23888,UNFURNISHED,True,WIFI,17.8
TP05101,T05101,Bangalore,VILLA,1,68182,SEMI_FURNISHED,False,GYM,23.1
TP05102,T05102,Kolkata,VILLA,2,112723,SEMI_FURNISHED,False,GYM,15.7
TP05103,T05103,Mumbai,HOUSE,3,68498,SEMI_FURNISHED,False,AIR_CONDITIONING,19.1
TP05104,T05104,Hyderabad,VILLA,2,99653,FULLY_FURNISHED,True,GARDEN,4.2
TP05105,T05105,Chennai,PG,3,35748,FULLY_FURNISHED,True,SWIMMING_POOL,10.2
TP05106,T05106,Mumbai,VILLA,2,34756,FULLY_FURNISHED,False,PARKING,17.3
TP05107,T05107,Bangalore,APARTMENT,3,106740,FULLY_FURNISHED,True,WIFI,9.0
TP05108,T05108,Hyderabad,PG,2,39327,FULLY_FURNISHED,True,POWER_BACKUP,5.4
TP05109,T05109,Bangalore,PG,1,106221,SEMI_FURNISHED,True,SWIMMING_POOL,12.6
TP05110,T05110,Chennai,VILLA,3,33389,FULLY_FURNISHED,True,LIFT,27.9
TP05111,T05111,Chennai,HOUSE,2,61068,SEMI_FURNISHED,True,WIFI,13.9
TP05112,T05112,Mumbai,VILLA,2,119662,SEMI_FURNISHED,True,POWER_BACKUP,9.9
TP05113,T05113,Kolkata,PG,3,45918,SEMI_FURNISHED,True,GARDEN,24.8
TP05114,T05114,Hyderabad,HOUSE,2,50141,FULLY_FURNISHED,True,PARKING,5.7
TP05115,T05115,Hyderabad,HOUSE,3,41850,FULLY_FURNISHED,False,POWER_BACKUP,10.0
TP05116,T05116,Mumbai,HOUSE,1,108124,FULLY_FURNISHED,True,GARDEN,10.6
TP05117,T05117,Chennai,PG,2,21762,SEMI_FURNISHED,False,CLUBHOUSE,15.7
TP05118,T05118,Delhi,HOUSE,1,32570,FULLY_FURNISHED,True,CLUBHOUSE,22.7
TP05119,T05119,Mumbai,PG,3,105840,UNFURNISHED,True,GYM,23.0
TP05120,T05120,Kolkata,PG,1,88558,UNFURNISHED,False,SECURITY,4.7
TP05121,T05121,Delhi,PG,3,110678,FULLY_FURNISHED,False,SWIMMING_POOL,20.6
TP05122,T05122,Bangalore,APARTMENT,3,59655,UNFURNISHED,False,POWER_BACKUP,18.7
TP05123,T05123,Bangalore,HOUSE,1,66733,UNFURNISHED,True,CLUBHOUSE,19.3
TP05124,T05124,Delhi,VILLA,3,93311,SEMI_FURNISHED,True,LIFT,2.1
TP05125,T05125,Bangalore,VILLA,3,69000,UNFURNISHED,True,AIR_CONDITIONING,11.3
TP05126,T05126,Hyderabad,HOUSE,1,90406,FULLY_FURNISHED,False,LIFT,26.6
TP05127,T05127,Chennai,VILLA,2,115808,SEMI_FURNISHED,False,AIR_CONDITIONING,17.0
TP05128,T05128,Kolkata,APARTMENT,1,112058,SEMI_FURNISHED,False,AIR_CONDITIONING,20.4
TP05129,T05129,Hyderabad,PG,2,38429,UNFURNISHED,True,POWER_BACKUP,20.0
TP05130,T05130,Kolkata,VILLA,3,38269,SEMI_FURNISHED,True,SECURITY,25.5
TP05131,T05131,Chennai,APARTMENT,1,82521,UNFURNISHED,True,LIFT,12.8
TP05132,T05132,Delhi,APARTMENT,2,41661,SEMI_FURNISHED,True,SECURITY,23.9
TP05133,T05133,Mumbai,VILLA,3,47154,UNFURNISHED,True,SECURITY,11.2
TP05134,T05134,Bangalore,PG,3,83845,FULLY_FURNISHED,False,LIFT,14.6
TP05135,T05135,Delhi,PG,1,18258,SEMI_FURNISHED,True,PARKING,23.2
TP05136,T05136,Chennai,PG,3,83656,SEMI_FURNISHED,False,AIR_CONDITIONING,21.6
TP05137,T05137,Chennai,APARTMENT,1,48685,SEMI_FURNISHED,True,SWIMMING_POOL,24.5
TP05138,T05138,Delhi,HOUSE,3,77659,SEMI_FURNISHED,False,GARDEN,5.9
TP05139,T05139,Kolkata,APARTMENT,2,83371,UNFURNISHED,False,WIFI,11.9
TP05140,T05140,Delhi,VILLA,2,28856,UNFURNISHED,True,GARDEN,23.7
TP05141,T05141,Chennai,VILLA,1,33316,SEMI_FURNISHED,True,WIFI,7.9
TP05142,T05142,Delhi,VILLA,3,106253,UNFURNISHED,True,SWIMMING_POOL,21.9
TP05143,T05143,Hyderabad,APARTMENT,2,33730,FULLY_FURNISHED,False,WIFI,27.7
TP05144,T05144,Mumbai,PG,1,46823,UNFURNISHED,True,GYM,24.4
TP05145,T05145,Mumbai,PG,1,25174,UNFURNISHED,False,CLUBHOUSE,4.7
TP05146,T05146,Mumbai,HOUSE,1,68814,UNFURNISHED,True,AIR_CONDITIONING,26.3
TP05147,T05147,Chennai,PG,1,39886,UNFURNISHED,True,SECURITY,25.5
TP05148,T05148,Mumbai,PG,3,100896,UNFURNISHED,True,CLUBHOUSE,29.5
TP05149,T05149,Delhi,VILLA,3,62149,UNFURNISHED,False,AIR_CONDITIONING,4.1
TP05150,T05150,Hyderabad,HOUSE,1,74385,FULLY_FURNISHED,False,AIR_CONDITIONING,21.6
TP05151,T05151,Delhi,HOUSE,1,95298,FULLY_FURNISHED,False,WIFI,5.1
TP05152,T05152,Delhi,APARTMENT,2,107103,UNFURNISHED,False,AIR_CONDITIONING,9.2
TP05153,T05153,Bangalore,PG,2,20009,SEMI_FURNISHED,False,PARKING,28.4
TP05154,T05154,Bangalore,PG,2,19501,UNFURNISHED,False,SWIMMING_POOL,8.6
TP05155,T05155,Mumbai,APARTMENT,1,44842,UNFURNISHED,False,SWIMMING_POOL,14.2
TP05156,T05156,Chennai,PG,1,43732,SEMI_FURNISHED,True,POWER_BACKUP,5.9
TP05157,T05157,Hyderabad,APARTMENT,1,91919,UNFURNISHED,False,AIR_CONDITIONING,8.1
TP05158,T05158,Delhi,PG,3,69001,UNFURNISHED,False,GYM,20.8
TP05159,T05159,Kolkata,VILLA,2,34477,UNFURNISHED,True,LIFT,19.3
TP05160,T05160,Chennai,PG,2,49394,FULLY_FURNISHED,False,WIFI,12.9
TP05161,T05161,Kolkata,APARTMENT,2,81874,UNFURNISHED,False,LIFT,4.3
TP05162,T05162,Hyderabad,APARTMENT,1,114305,UNFURNISHED,False,WIFI,26.3
TP05163,T05163,Hyderabad,PG,2,117569,UNFURNISHED,False,GARDEN,20.3
TP05164,T05164,Hyderabad,PG,2,74511,UNFURNISHED,True,SECURITY,14.6
TP05165,T05165,Delhi,PG,1,102144,FULLY_FURNISHED,True,SECURITY,13.7
TP05166,T05166,Hyderabad,PG,1,33359,FULLY_FURNISHED,True,GARDEN,9.0
TP05167,T05167,Hyderabad,HOUSE,3,40067,FULLY_FURNISHED,False,AIR_CONDITIONING,28.1
TP05168,T05168,Bangalore,HOUSE,1,43453,FULLY_FURNISHED,False,WIFI,11.8
TP05169,T05169,Bangalore,PG,1,61656,UNFURNISHED,True,SECURITY,7.3
TP05170,T05170,Chennai,APARTMENT,1,62093,SEMI_FURNISHED,False,GARDEN,25.7
TP05171,T05171,Chennai,HOUSE,1,39476,SEMI_FURNISHED,True,LIFT,15.9
TP05172,T05172,Chennai,VILLA,1,62101,SEMI_FURNISHED,False,GYM,7.6
TP05173,T05173,Bangalore,HOUSE,3,34886,UNFURNISHED,True,WIFI,27.3
TP05174,T05174,Mumbai,PG,3,51867,FULLY_FURNISHED,False,POWER_BACKUP,2.3
TP05175,T05175,Delhi,HOUSE,2,12808,SEMI_FURNISHED,True,GYM,14.8
TP05176,T05176,Hyderabad,HOUSE,3,39794,FULLY_FURNISHED,True,PARKING,18.3
TP05177,T05177,Kolkata,VILLA,1,65039,UNFURNISHED,True,GYM,8.8
TP05178,T05178,Mumbai,VILLA,1,92421,UNFURNISHED,False,PARKING,5.2
TP05179,T05179,Bangalore,VILLA,3,64575,SEMI_FURNISHED,False,POWER_BACKUP,3.1
TP05180,T05180,Kolkata,APARTMENT,1,94403,SEMI_FURNISHED,False,WIFI,24.2
TP05181,T05181,Chennai,PG,2,103694,FULLY_FURNISHED,False,SECURITY,30.0
TP05182,T05182,Hyderabad,HOUSE,2,47807,SEMI_FURNISHED,False,PARKING,3.4
TP05183,T05183,Mumbai,PG,3,28169,SEMI_FURNISHED,False,CLUBHOUSE,8.2
TP05184,T05184,Kolkata,VILLA,3,32875,UNFURNISHED,True,SWIMMING_POOL,11.3
TP05185,T05185,Chennai,HOUSE,2,62968,UNFURNISHED,False,AIR_CONDITIONING,17.3
TP05186,T05186,Kolkata,VILLA,3,95000,UNFURNISHED,True,AIR_CONDITIONING,6.4
TP05187,T05187,Mumbai,PG,2,84028,SEMI_FURNISHED,True,AIR_CONDITIONING,19.1
TP05188,T05188,Mumbai,VILLA,3,49272,FULLY_FURNISHED,True,WIFI,20.2
TP05189,T05189,Hyderabad,PG,2,57984,SEMI_FURNISHED,False,CLUBHOUSE,9.8
TP05190,T05190,Kolkata,PG,2,98631,SEMI_FURNISHED,True,GARDEN,7.6
TP05191,T05191,Hyderabad,PG,3,30897,SEMI_FURNISHED,False,GYM,23.9
TP05192,T05192,Kolkata,VILLA,2,87756,UNFURNISHED,False,SECURITY,5.7
TP05193,T05193,Mumbai,HOUSE,2,116311,SEMI_FURNISHED,False,SWIMMING_POOL,8.3
TP05194,T05194,Kolkata,HOUSE,1,97882,SEMI_FURNISHED,True,GYM,7.0
TP05195,T05195,Chennai,APARTMENT,1,13962,UNFURNISHED,True,GARDEN,13.7
TP05196,T05196,Hyderabad,APARTMENT,2,26643,FULLY_FURNISHED,False,POWER_BACKUP,13.8
TP05197,T05197,Mumbai,PG,1,54723,FULLY_FURNISHED,False,PARKING,16.3
TP05198,T05198,Chennai,HOUSE,1,110359,FULLY_FURNISHED,True,PARKING,14.3
TP05199,T05199,Bangalore,VILLA,2,94231,UNFURNISHED,True,LIFT,20.2
TP05200,T05200,Hyderabad,APARTMENT,3,30556,UNFURNISHED,False,CLUBHOUSE,7.4
TP05201,T05201,Kolkata,PG,3,26173,UNFURNISHED,True,SECURITY,21.0
TP05202,T05202,Delhi,PG,2,54440,SEMI_FURNISHED,True,GARDEN,4.1
TP05203,T05203,Bangalore,PG,3,109922,FULLY_FURNISHED,False,POWER_BACKUP,5.4
TP05204,T05204,Hyderabad,PG,3,16589,UNFURNISHED,False,WIFI,6.5
TP05205,T05205,Bangalore,VILLA,2,70939,UNFURNISHED,False,WIFI,22.6
TP05206,T05206,Mumbai,PG,1,70286,SEMI_FURNISHED,False,AIR_CONDITIONING,2.1
TP05207,T05207,Chennai,APARTMENT,2,26950,FULLY_FURNISHED,False,POWER_BACKUP,14.7
TP05208,T05208,Kolkata,VILLA,2,83094,UNFURNISHED,False,CLUBHOUSE,16.2
TP05209,T05209,Kolkata,PG,3,99887,FULLY_FURNISHED,True,CLUBHOUSE,7.1
TP05210,T05210,Mumbai,APARTMENT,1,103808,SEMI_FURNISHED,False,PARKING,2.9
TP05211,T05211,Bangalore,HOUSE,1,103367,FULLY_FURNISHED,True,LIFT,29.1
TP05212,T05212,Chennai,VILLA,2,82017,UNFURNISHED,False,SECURITY,11.1
TP05213,T05213,Chennai,APARTMENT,1,69752,FULLY_FURNISHED,False,SWIMMING_POOL,4.9
TP05214,T05214,Chennai,PG,3,45272,UNFURNISHED,True,GARDEN,21.3
TP05215,T05215,Chennai,HOUSE,1,88674,FULLY_FURNISHED,False,CLUBHOUSE,22.3
TP05216,T05216,Delhi,APARTMENT,2,94224,UNFURNISHED,True,LIFT,5.4
TP05217,T05217,Delhi,PG,3,97187,SEMI_FURNISHED,True,WIFI,21.3
TP05218,T05218,Kolkata,PG,3,101763,FULLY_FURNISHED,False,AIR_CONDITIONING,27.0
TP05219,T05219,Mumbai,PG,3,18878,SEMI_FURNISHED,False,SECURITY,15.1
TP05220,T05220,Hyderabad,PG,2,102897,FULLY_FURNISHED,False,GYM,26.8
TP05221,T05221,Kolkata,PG,3,29837,FULLY_FURNISHED,False,LIFT,11.4
TP05222,T05222,Delhi,PG,2,119426,SEMI_FURNISHED,True,GARDEN,21.4
TP05223,T05223,Chennai,HOUSE,2,76727,FULLY_FURNISHED,False,LIFT,15.4
TP05224,T05224,Mumbai,APARTMENT,2,87617,SEMI_FURNISHED,False,SECURITY,22.9
TP05225,T05225,Kolkata,PG,3,29736,SEMI_FURNISHED,False,AIR_CONDITIONING,6.6
TP05226,T05226,Hyderabad,VILLA,3,36059,UNFURNISHED,True,GYM,26.4
TP05227,T05227,Hyderabad,PG,3,46900,UNFURNISHED,True,SWIMMING_POOL,12.4
TP05228,T05228,Chennai,PG,2,116837,UNFURNISHED,False,CLUBHOUSE,2.9
TP05229,T05229,Chennai,APARTMENT,1,27140,SEMI_FURNISHED,True,LIFT,27.4
TP05230,T05230,Mumbai,PG,1,112357,UNFURNISHED,False,PARKING,22.6
TP05231,T05231,Mumbai,APARTMENT,1,82845,UNFURNISHED,True,POWER_BACKUP,27.1
TP05232,T05232,Kolkata,VILLA,3,65204,SEMI_FURNISHED,False,PARKING,15.9
TP05233,T05233,Chennai,PG,2,35333,UNFURNISHED,True,GARDEN,13.8
TP05234,T05234,Mumbai,APARTMENT,2,64884,UNFURNISHED,True,SECURITY,18.8
TP05235,T05235,Chennai,HOUSE,1,34722,FULLY_FURNISHED,True,LIFT,17.6
TP05236,T05236,Kolkata,APARTMENT,2,112898,FULLY_FURNISHED,False,GARDEN,26.3
TP05237,T05237,Bangalore,HOUSE,1,90955,UNFURNISHED,True,GARDEN,27.0
TP05238,T05238,Chennai,HOUSE,1,43936,SEMI_FURNISHED,True,AIR_CONDITIONING,4.5
TP05239,T05239,Delhi,VILLA,1,32713,FULLY_FURNISHED,True,GARDEN,12.2
TP05240,T05240,Chennai,PG,1,22186,FULLY_FURNISHED,True,GYM,23.7
TP05241,T05241,Bangalore,APARTMENT,1,79443,SEMI_FURNISHED,False,WIFI,12.2
TP05242,T05242,Hyderabad,PG,1,88483,FULLY_FURNISHED,False,PARKING,20.3
TP05243,T05243,Bangalore,VILLA,2,72413,UNFURNISHED,True,SWIMMING_POOL,22.4
TP05244,T05244,Delhi,HOUSE,3,56514,SEMI_FURNISHED,False,WIFI,18.7
TP05245,T05245,Delhi,VILLA,1,47102,FULLY_FURNISHED,True,CLUBHOUSE,29.9
TP05246,T05246,Chennai,HOUSE,2,95549,UNFURNISHED,False,CLUBHOUSE,9.1
TP05247,T05247,Kolkata,HOUSE,1,24125,UNFURNISHED,False,GYM,12.1
TP05248,T05248,Hyderabad,VILLA,1,62583,SEMI_FURNISHED,False,GYM,27.7
TP05249,T05249,Bangalore,APARTMENT,1,25333,SEMI_FURNISHED,True,CLUBHOUSE,17.8
TP05250,T05250,Chennai,PG,3,106135,FULLY_FURNISHED,False,GYM,22.7
TP05251,T05251,Hyderabad,APARTMENT,3,33633,UNFURNISHED,True,WIFI,7.9
TP05252,T05252,Mumbai,APARTMENT,3,64061,FULLY_FURNISHED,True,CLUBHOUSE,16.0
TP05253,T05253,Hyderabad,HOUSE,2,104882,SEMI_FURNISHED,False,LIFT,17.3
TP05254,T05254,Hyderabad,VILLA,2,15708,FULLY_FURNISHED,False,AIR_CONDITIONING,15.8
TP05255,T05255,Chennai,HOUSE,3,26699,SEMI_FURNISHED,True,LIFT,3.9
TP05256,T05256,Bangalore,HOUSE,2,81206,FULLY_FURNISHED,True,POWER_BACKUP,11.3
TP05257,T05257,Bangalore,VILLA,2,60592,FULLY_FURNISHED,False,POWER_BACKUP,23.9
TP05258,T05258,Bangalore,PG,3,32476,UNFURNISHED,True,PARKING,10.8
TP05259,T05259,Kolkata,HOUSE,2,87568,UNFURNISHED,True,GARDEN,24.5
TP05260,T05260,Chennai,PG,2,46350,UNFURNISHED,True,POWER_BACKUP,19.0
TP05261,T05261,Bangalore,HOUSE,3,47512,FULLY_FURNISHED,False,PARKING,17.7
TP05262,T05262,Hyderabad,APARTMENT,2,77397,UNFURNISHED,False,POWER_BACKUP,22.3
TP05263,T05263,Delhi,APARTMENT,2,63513,UNFURNISHED,True,AIR_CONDITIONING,6.6
TP05264,T05264,Chennai,HOUSE,2,88342,UNFURNISHED,True,AIR_CONDITIONING,3.8
TP05265,T05265,Hyderabad,PG,1,28854,UNFURNISHED,True,POWER_BACKUP,15.7
TP05266,T05266,Hyderabad,VILLA,3,63883,UNFURNISHED,False,GARDEN,2.0
TP05267,T05267,Kolkata,VILLA,2,53919,UNFURNISHED,False,CLUBHOUSE,2.4
TP05268,T05268,Delhi,HOUSE,3,19103,FULLY_FURNISHED,False,POWER_BACKUP,20.4
TP05269,T05269,Hyderabad,APARTMENT,1,98768,SEMI_FURNISHED,True,LIFT,13.5
TP05270,T05270,Hyderabad,VILLA,2,37924,SEMI_FURNISHED,True,PARKING,29.4
TP05271,T05271,Chennai,PG,3,65397,SEMI_FURNISHED,True,LIFT,18.5
TP05272,T05272,Kolkata,HOUSE,1,68272,SEMI_FURNISHED,False,PARKING,26.6
TP05273,T05273,Hyderabad,VILLA,1,69462,UNFURNISHED,False,AIR_CONDITIONING,26.7
TP05274,T05274,Delhi,APARTMENT,2,63748,FULLY_FURNISHED,False,PARKING,25.2
TP05275,T05275,Mumbai,HOUSE,2,18505,UNFURNISHED,False,WIFI,11.6
TP05276,T05276,Hyderabad,PG,3,116249,FULLY_FURNISHED,True,AIR_CONDITIONING,24.0
TP05277,T05277,Hyderabad,PG,1,112205,UNFURNISHED,True,SWIMMING_POOL,5.0
TP05278,T05278,Hyderabad,HOUSE,1,44165,UNFURNISHED,True,SECURITY,12.7
TP05279,T05279,Mumbai,PG,3,59778,UNFURNISHED,True,AIR_CONDITIONING,23.1
TP05280,T05280,Chennai,HOUSE,2,115290,SEMI_FURNISHED,True,CLUBHOUSE,16.8
TP05281,T05281,Kolkata,PG,3,45221,UNFURNISHED,False,SWIMMING_POOL,16.8
TP05282,T05282,Mumbai,APARTMENT,1,23603,UNFURNISHED,False,PARKING,11.6
TP05283,T05283,Mumbai,HOUSE,3,101530,UNFURNISHED,False,GARDEN,22.0
TP05284,T05284,Kolkata,PG,3,18193,FULLY_FURNISHED,False,GYM,8.0
TP05285,T05285,Chennai,APARTMENT,2,114830,UNFURNISHED,True,GARDEN,12.0
TP05286,T05286,Delhi,PG,1,62390,SEMI_FURNISHED,True,AIR_CONDITIONING,8.5
TP05287,T05287,Bangalore,HOUSE,1,74666,FULLY_FURNISHED,False,AIR_CONDITIONING,4.2
TP05288,T05288,Mumbai,APARTMENT,3,80227,UNFURNISHED,True,WIFI,20.8
TP05289,T05289,Bangalore,HOUSE,2,36828,FULLY_FURNISHED,False,GYM,17.5
TP05290,T05290,Mumbai,VILLA,2,96016,FULLY_FURNISHED,False,CLUBHOUSE,9.3
TP05291,T05291,Delhi,HOUSE,2,28380,SEMI_FURNISHED,True,GYM,7.6
TP05292,T05292,Chennai,PG,3,30423,UNFURNISHED,True,PARKING,12.5
TP05293,T05293,Chennai,HOUSE,1,13984,UNFURNISHED,False,POWER_BACKUP,11.8
TP05294,T05294,Chennai,PG,1,90397,UNFURNISHED,False,CLUBHOUSE,16.4
TP05295,T05295,Bangalore,VILLA,1,34189,FULLY_FURNISHED,False,LIFT,19.4
TP05296,T05296,Kolkata,HOUSE,2,37181,FULLY_FURNISHED,False,AIR_CONDITIONING,12.2
TP05297,T05297,Kolkata,HOUSE,1,90590,UNFURNISHED,False,POWER_BACKUP,29.7
TP05298,T05298,Bangalore,APARTMENT,2,36249,UNFURNISHED,False,GYM,14.5
TP05299,T05299,Hyderabad,PG,2,50697,SEMI_FURNISHED,False,PARKING,11.9
TP05300,T05300,Bangalore,HOUSE,3,99824,UNFURNISHED,False,GYM,11.6
TP05301,T05301,Chennai,HOUSE,3,48115,SEMI_FURNISHED,False,PARKING,22.1
TP05302,T05302,Hyderabad,PG,1,118979,FULLY_FURNISHED,False,SWIMMING_POOL,3.7
TP05303,T05303,Chennai,VILLA,3,96856,FULLY_FURNISHED,False,SWIMMING_POOL,18.6
TP05304,T05304,Hyderabad,HOUSE,2,41902,UNFURNISHED,True,WIFI,20.6
TP05305,T05305,Bangalore,PG,2,87922,FULLY_FURNISHED,False,WIFI,18.0
TP05306,T05306,Chennai,VILLA,3,110419,FULLY_FURNISHED,False,SECURITY,11.7
TP05307,T05307,Hyderabad,APARTMENT,3,36288,SEMI_FURNISHED,True,AIR_CONDITIONING,28.3
TP05308,T05308,Mumbai,HOUSE,3,72488,FULLY_FURNISHED,True,CLUBHOUSE,13.3
TP05309,T05309,Kolkata,PG,3,64672,SEMI_FURNISHED,True,CLUBHOUSE,10.9
TP05310,T05310,Delhi,APARTMENT,3,69954,FULLY_FURNISHED,False,SWIMMING_POOL,15.8
TP05311,T05311,Mumbai,HOUSE,1,93358,FULLY_FURNISHED,True,WIFI,27.2
TP05312,T05312,Delhi,PG,2,39299,UNFURNISHED,False,GYM,28.1
TP05313,T05313,Bangalore,APARTMENT,3,108505,SEMI_FURNISHED,True,POWER_BACKUP,26.0
TP05314,T05314,Mumbai,APARTMENT,3,102712,SEMI_FURNISHED,True,SWIMMING_POOL,26.4
TP05315,T05315,Mumbai,PG,1,99061,SEMI_FURNISHED,False,PARKING,15.6
TP05316,T05316,Chennai,VILLA,3,17543,UNFURNISHED,False,CLUBHOUSE,4.5
TP05317,T05317,Bangalore,APARTMENT,2,75479,SEMI_FURNISHED,False,CLUBHOUSE,23.2
TP05318,T05318,Kolkata,VILLA,1,67024,FULLY_FURNISHED,False,GYM,25.6
TP05319,T05319,Delhi,HOUSE,3,75879,UNFURNISHED,False,CLUBHOUSE,22.2
TP05320,T05320,Bangalore,VILLA,3,50469,UNFURNISHED,False,GYM,10.7
TP05321,T05321,Kolkata,HOUSE,2,18844,UNFURNISHED,False,AIR_CONDITIONING,6.0
TP05322,T05322,Kolkata,HOUSE,2,68109,SEMI_FURNISHED,False,AIR_CONDITIONING,13.5
TP05323,T05323,Hyderabad,HOUSE,3,18163,SEMI_FURNISHED,False,WIFI,10.0
TP05324,T05324,Bangalore,PG,1,76073,UNFURNISHED,False,GYM,15.9
TP05325,T05325,Mumbai,PG,3,113055,SEMI_FURNISHED,True,GARDEN,2.5
TP05326,T05326,Hyderabad,VILLA,2,28180,SEMI_FURNISHED,True,SWIMMING_POOL,26.4
TP05327,T05327,Kolkata,APARTMENT,3,55285,FULLY_FURNISHED,True,LIFT,24.3
TP05328,T05328,Kolkata,PG,1,90412,SEMI_FURNISHED,False,POWER_BACKUP,24.2
TP05329,T05329,Kolkata,VILLA,1,59368,FULLY_FURNISHED,True,WIFI,19.0
TP05330,T05330,Delhi,VILLA,3,73744,SEMI_FURNISHED,True,SWIMMING_POOL,22.4
TP05331,T05331,Delhi,PG,3,100291,FULLY_FURNISHED,False,LIFT,14.3
TP05332,T05332,Kolkata,APARTMENT,2,113465,UNFURNISHED,True,SWIMMING_POOL,9.0
TP05333,T05333,Bangalore,HOUSE,2,107787,SEMI_FURNISHED,True,CLUBHOUSE,8.6
TP05334,T05334,Mumbai,APARTMENT,3,12684,FULLY_FURNISHED,False,WIFI,5.8
TP05335,T05335,Mumbai,HOUSE,2,110760,SEMI_FURNISHED,True,LIFT,29.3
TP05336,T05336,Chennai,VILLA,1,109423,UNFURNISHED,False,AIR_CONDITIONING,20.8
TP05337,T05337,Delhi,PG,2,49933,SEMI_FURNISHED,False,GARDEN,27.0
TP05338,T05338,Delhi,HOUSE,2,63540,UNFURNISHED,True,SECURITY,2.9
TP05339,T05339,Mumbai,PG,2,87356,UNFURNISHED,False,WIFI,19.7
TP05340,T05340,Bangalore,HOUSE,2,118893,SEMI_FURNISHED,False,GARDEN,16.1
TP05341,T05341,Delhi,VILLA,3,46033,FULLY_FURNISHED,True,WIFI,8.7
TP05342,T05342,Kolkata,VILLA,2,114095,SEMI_FURNISHED,True,GYM,2.9
TP05343,T05343,Kolkata,APARTMENT,1,62122,FULLY_FURNISHED,True,WIFI,6.6
TP05344,T05344,Chennai,HOUSE,3,21110,SEMI_FURNISHED,True,PARKING,21.5
TP05345,T05345,Bangalore,VILLA,2,58662,SEMI_FURNISHED,True,SECURITY,14.6
TP05346,T05346,Delhi,HOUSE,1,14845,SEMI_FURNISHED,True,PARKING,17.8
TP05347,T05347,Bangalore,HOUSE,1,98895,SEMI_FURNISHED,True,CLUBHOUSE,29.0
TP05348,T05348,Bangalore,VILLA,2,15986,FULLY_FURNISHED,False,SECURITY,13.0
TP05349,T05349,Bangalore,APARTMENT,2,94310,FULLY_FURNISHED,True,GARDEN,7.1
TP05350,T05350,Kolkata,HOUSE,3,44126,FULLY_FURNISHED,True,LIFT,3.4
TP05351,T05351,Bangalore,HOUSE,2,27059,FULLY_FURNISHED,False,GYM,4.5
TP05352,T05352,Kolkata,VILLA,3,91480,SEMI_FURNISHED,True,CLUBHOUSE,7.1
TP05353,T05353,Delhi,PG,1,66877,UNFURNISHED,True,GYM,5.1
TP05354,T05354,Mumbai,HOUSE,1,64014,FULLY_FURNISHED,True,SWIMMING_POOL,25.2
TP05355,T05355,Hyderabad,VILLA,1,74757,FULLY_FURNISHED,False,GARDEN,29.0
TP05356,T05356,Chennai,VILLA,3,95050,SEMI_FURNISHED,True,AIR_CONDITIONING,27.0
TP05357,T05357,Hyderabad,PG,1,22615,UNFURNISHED,False,CLUBHOUSE,6.7
TP05358,T05358,Hyderabad,APARTMENT,1,73870,SEMI_FURNISHED,False,AIR_CONDITIONING,9.8
TP05359,T05359,Hyderabad,APARTMENT,1,58103,FULLY_FURNISHED,False,POWER_BACKUP,5.9
TP05360,T05360,Bangalore,APARTMENT,1,68618,UNFURNISHED,False,GYM,18.3
TP05361,T05361,Kolkata,PG,2,48101,FULLY_FURNISHED,True,AIR_CONDITIONING,3.4
TP05362,T05362,Bangalore,APARTMENT,2,17036,UNFURNISHED,True,AIR_CONDITIONING,28.3
TP05363,T05363,Delhi,HOUSE,2,36408,SEMI_FURNISHED,False,WIFI,14.5
TP05364,T05364,Bangalore,APARTMENT,2,51756,SEMI_FURNISHED,True,AIR_CONDITIONING,7.0
TP05365,T05365,Chennai,PG,1,102517,FULLY_FURNISHED,True,CLUBHOUSE,21.2
TP05366,T05366,Mumbai,HOUSE,3,87369,SEMI_FURNISHED,False,GYM,11.3
TP05367,T05367,Chennai,VILLA,1,36432,FULLY_FURNISHED,True,PARKING,8.3
TP05368,T05368,Hyderabad,PG,1,77778,FULLY_FURNISHED,False,WIFI,6.3
TP05369,T05369,Chennai,APARTMENT,2,57561,UNFURNISHED,True,CLUBHOUSE,23.5
TP05370,T05370,Delhi,PG,2,53992,SEMI_FURNISHED,False,GARDEN,12.3
TP05371,T05371,Kolkata,HOUSE,3,81528,FULLY_FURNISHED,False,CLUBHOUSE,17.4
TP05372,T05372,Mumbai,VILLA,2,74117,SEMI_FURNISHED,True,AIR_CONDITIONING,10.6
TP05373,T05373,Mumbai,APARTMENT,1,52647,UNFURNISHED,True,WIFI,18.2
TP05374,T05374,Bangalore,PG,2,87223,SEMI_FURNISHED,True,SWIMMING_POOL,27.2
TP05375,T05375,Kolkata,VILLA,3,107181,FULLY_FURNISHED,False,AIR_CONDITIONING,17.0
TP05376,T05376,Chennai,PG,3,44518,UNFURNISHED,True,PARKING,29.0
TP05377,T05377,Delhi,PG,2,67762,FULLY_FURNISHED,True,LIFT,27.3
TP05378,T05378,Bangalore,HOUSE,2,78246,FULLY_FURNISHED,False,GYM,18.7
TP05379,T05379,Delhi,APARTMENT,2,33773,SEMI_FURNISHED,True,GYM,2.7
TP05380,T05380,Kolkata,HOUSE,3,110484,FULLY_FURNISHED,True,CLUBHOUSE,13.0
TP05381,T05381,Bangalore,HOUSE,1,77643,SEMI_FURNISHED,False,AIR_CONDITIONING,4.2
TP05382,T05382,Kolkata,HOUSE,1,97848,UNFURNISHED,False,PARKING,5.8
TP05383,T05383,Chennai,PG,3,104542,UNFURNISHED,False,CLUBHOUSE,27.7
TP05384,T05384,Chennai,APARTMENT,1,82926,UNFURNISHED,True,POWER_BACKUP,3.5
TP05385,T05385,Delhi,VILLA,2,48278,UNFURNISHED,False,GARDEN,29.0
TP05386,T05386,Delhi,VILLA,1,40776,UNFURNISHED,True,AIR_CONDITIONING,23.7
TP05387,T05387,Hyderabad,HOUSE,3,18830,SEMI_FURNISHED,True,POWER_BACKUP,14.9
TP05388,T05388,Hyderabad,HOUSE,1,14657,UNFURNISHED,False,GARDEN,21.7
TP05389,T05389,Mumbai,HOUSE,1,119553,SEMI_FURNISHED,True,POWER_BACKUP,8.0
TP05390,T05390,Delhi,APARTMENT,3,32010,SEMI_FURNISHED,True,CLUBHOUSE,27.9
TP05391,T05391,Hyderabad,APARTMENT,1,18535,SEMI_FURNISHED,True,SWIMMING_POOL,27.4
TP05392,T05392,Mumbai,HOUSE,1,43042,FULLY_FURNISHED,True,LIFT,9.7
TP05393,T05393,Chennai,PG,1,41698,FULLY_FURNISHED,True,GARDEN,6.1
TP05394,T05394,Bangalore,HOUSE,1,107375,FULLY_FURNISHED,True,POWER_BACKUP,26.5
TP05395,T05395,Hyderabad,APARTMENT,2,118660,FULLY_FURNISHED,False,WIFI,18.1
TP05396,T05396,Bangalore,APARTMENT,1,76136,UNFURNISHED,False,PARKING,7.1
TP05397,T05397,Delhi,HOUSE,2,116187,UNFURNISHED,True,LIFT,19.4
TP05398,T05398,Chennai,VILLA,1,32542,UNFURNISHED,False,SECURITY,24.1
TP05399,T05399,Bangalore,APARTMENT,2,75936,FULLY_FURNISHED,True,GYM,26.0
TP05400,T05400,Delhi,HOUSE,2,88586,FULLY_FURNISHED,True,CLUBHOUSE,26.2
TP05401,T05401,Chennai,HOUSE,1,113324,SEMI_FURNISHED,True,CLUBHOUSE,4.4
TP05402,T05402,Chennai,HOUSE,1,16194,UNFURNISHED,False,PARKING,22.1
TP05403,T05403,Bangalore,APARTMENT,3,35605,UNFURNISHED,False,GARDEN,10.8
TP05404,T05404,Delhi,HOUSE,1,32966,UNFURNISHED,True,SWIMMING_POOL,10.0
TP05405,T05405,Hyderabad,HOUSE,1,52629,SEMI_FURNISHED,True,SECURITY,21.8
TP05406,T05406,Bangalore,PG,2,42466,UNFURNISHED,True,GARDEN,5.6
TP05407,T05407,Chennai,HOUSE,3,44472,FULLY_FURNISHED,False,SECURITY,8.9
TP05408,T05408,Mumbai,APARTMENT,3,79327,UNFURNISHED,False,GARDEN,23.6
TP05409,T05409,Bangalore,HOUSE,3,95078,FULLY_FURNISHED,False,AIR_CONDITIONING,6.4
TP05410,T05410,Chennai,HOUSE,3,47716,SEMI_FURNISHED,True,SECURITY,28.3
TP05411,T05411,Bangalore,HOUSE,3,92436,UNFURNISHED,True,SECURITY,16.9
TP05412,T05412,Hyderabad,APARTMENT,2,95719,SEMI_FURNISHED,False,AIR_CONDITIONING,20.2
TP05413,T05413,Chennai,APARTMENT,3,66806,FULLY_FURNISHED,False,POWER_BACKUP,26.5
TP05414,T05414,Delhi,PG,2,34957,UNFURNISHED,False,AIR_CONDITIONING,19.6
TP05415,T05415,Hyderabad,HOUSE,1,32597,SEMI_FURNISHED,True,GARDEN,18.0
TP05416,T05416,Chennai,HOUSE,2,86726,UNFURNISHED,False,GYM,7.3
TP05417,T05417,Hyderabad,VILLA,2,119549,SEMI_FURNISHED,False,SWIMMING_POOL,5.9
TP05418,T05418,Hyderabad,HOUSE,2,27395,UNFURNISHED,True,PARKING,8.4
TP05419,T05419,Delhi,VILLA,3,52904,FULLY_FURNISHED,True,GARDEN,16.7
TP05420,T05420,Kolkata,HOUSE,1,16461,FULLY_FURNISHED,True,POWER_BACKUP,26.2
TP05421,T05421,Delhi,PG,2,38776,SEMI_FURNISHED,False,LIFT,8.7
TP05422,T05422,Delhi,APARTMENT,3,57772,FULLY_FURNISHED,False,GARDEN,29.2
TP05423,T05423,Mumbai,HOUSE,3,99573,UNFURNISHED,False,PARKING,14.6
TP05424,T05424,Hyderabad,VILLA,3,30185,UNFURNISHED,False,SWIMMING_POOL,4.9
TP05425,T05425,Hyderabad,VILLA,1,87051,SEMI_FURNISHED,False,LIFT,17.4
TP05426,T05426,Delhi,VILLA,2,41492,UNFURNISHED,True,POWER_BACKUP,26.4
TP05427,T05427,Chennai,HOUSE,3,42209,SEMI_FURNISHED,True,CLUBHOUSE,29.6
TP05428,T05428,Mumbai,APARTMENT,1,90191,UNFURNISHED,False,PARKING,19.4
TP05429,T05429,Chennai,HOUSE,1,62095,UNFURNISHED,False,GYM,16.0
TP05430,T05430,Delhi,APARTMENT,1,101405,SEMI_FURNISHED,False,POWER_BACKUP,16.4
TP05431,T05431,Bangalore,VILLA,1,26089,UNFURNISHED,False,SWIMMING_POOL,24.4
TP05432,T05432,Delhi,PG,3,106155,SEMI_FURNISHED,False,WIFI,18.0
TP05433,T05433,Hyderabad,PG,3,72693,SEMI_FURNISHED,False,GARDEN,26.4
TP05434,T05434,Kolkata,HOUSE,1,117629,FULLY_FURNISHED,True,SWIMMING_POOL,6.3
TP05435,T05435,Chennai,PG,2,75599,FULLY_FURNISHED,False,PARKING,27.5
TP05436,T05436,Chennai,APARTMENT,3,72242,SEMI_FURNISHED,False,CLUBHOUSE,28.3
TP05437,T05437,Delhi,HOUSE,2,59340,FULLY_FURNISHED,True,WIFI,28.6
TP05438,T05438,Bangalore,HOUSE,3,47372,UNFURNISHED,False,GARDEN,13.1
TP05439,T05439,Chennai,VILLA,3,68150,UNFURNISHED,True,LIFT,25.4
TP05440,T05440,Mumbai,VILLA,3,104971,SEMI_FURNISHED,False,LIFT,26.1
TP05441,T05441,Bangalore,VILLA,1,64430,UNFURNISHED,False,LIFT,12.4
TP05442,T05442,Bangalore,VILLA,2,117872,UNFURNISHED,False,CLUBHOUSE,4.7
TP05443,T05443,Delhi,APARTMENT,2,59817,SEMI_FURNISHED,False,GYM,12.0
TP05444,T05444,Delhi,VILLA,3,42760,UNFURNISHED,True,WIFI,2.1
TP05445,T05445,Chennai,APARTMENT,1,70865,FULLY_FURNISHED,False,GARDEN,11.7
TP05446,T05446,Delhi,VILLA,1,69887,SEMI_FURNISHED,False,WIFI,6.7
TP05447,T05447,Hyderabad,VILLA,1,49099,UNFURNISHED,True,AIR_CONDITIONING,2.0
TP05448,T05448,Mumbai,PG,1,13487,FULLY_FURNISHED,True,GARDEN,8.7
TP05449,T05449,Hyderabad,VILLA,3,39528,SEMI_FURNISHED,False,SWIMMING_POOL,26.1
TP05450,T05450,Delhi,VILLA,2,109796,SEMI_FURNISHED,True,POWER_BACKUP,26.5
TP05451,T05451,Mumbai,HOUSE,2,80307,FULLY_FURNISHED,False,POWER_BACKUP,29.9
TP05452,T05452,Chennai,HOUSE,1,23849,FULLY_FURNISHED,False,SWIMMING_POOL,8.8
TP05453,T05453,Bangalore,HOUSE,1,70511,UNFURNISHED,True,POWER_BACKUP,11.8
TP05454,T05454,Bangalore,APARTMENT,1,78274,UNFURNISHED,True,GARDEN,13.2
TP05455,T05455,Hyderabad,APARTMENT,3,75805,UNFURNISHED,False,SWIMMING_POOL,23.1
TP05456,T05456,Kolkata,APARTMENT,3,108635,UNFURNISHED,False,GARDEN,10.1
TP05457,T05457,Bangalore,VILLA,3,79691,SEMI_FURNISHED,True,GYM,24.3
TP05458,T05458,Kolkata,VILLA,1,15508,FULLY_FURNISHED,False,WIFI,25.9
TP05459,T05459,Bangalore,PG,1,61822,SEMI_FURNISHED,True,LIFT,28.4
TP05460,T05460,Bangalore,HOUSE,3,28679,UNFURNISHED,False,CLUBHOUSE,9.9
TP05461,T05461,Delhi,HOUSE,2,100246,FULLY_FURNISHED,False,LIFT,16.5
TP05462,T05462,Mumbai,HOUSE,2,81581,FULLY_FURNISHED,False,CLUBHOUSE,18.2
TP05463,T05463,Mumbai,PG,3,37007,FULLY_FURNISHED,True,CLUBHOUSE,7.3
TP05464,T05464,Bangalore,PG,2,117334,SEMI_FURNISHED,True,LIFT,24.5
TP05465,T05465,Mumbai,VILLA,2,90441,UNFURNISHED,False,PARKING,27.9
TP05466,T05466,Mumbai,HOUSE,1,24036,FULLY_FURNISHED,False,GARDEN,7.3
TP05467,T05467,Bangalore,PG,3,93828,FULLY_FURNISHED,False,SWIMMING_POOL,25.1
TP05468,T05468,Hyderabad,VILLA,2,54668,FULLY_FURNISHED,False,PARKING,9.6
TP05469,T05469,Chennai,VILLA,1,114151,SEMI_FURNISHED,True,GYM,12.4
TP05470,T05470,Delhi,PG,3,62161,UNFURNISHED,False,PARKING,3.7
TP05471,T05471,Mumbai,APARTMENT,2,18710,UNFURNISHED,True,CLUBHOUSE,27.7
TP05472,T05472,Hyderabad,VILLA,1,72657,FULLY_FURNISHED,False,GYM,6.5
TP05473,T05473,Hyderabad,HOUSE,2,25614,UNFURNISHED,False,WIFI,2.8
TP05474,T05474,Hyderabad,VILLA,2,52201,FULLY_FURNISHED,True,POWER_BACKUP,11.9
TP05475,T05475,Hyderabad,PG,2,43837,SEMI_FURNISHED,True,SECURITY,15.4
TP05476,T05476,Mumbai,VILLA,3,75757,UNFURNISHED,True,LIFT,14.7
TP05477,T05477,Chennai,APARTMENT,3,25603,UNFURNISHED,False,SWIMMING_POOL,13.1
TP05478,T05478,Bangalore,PG,1,85322,FULLY_FURNISHED,True,SWIMMING_POOL,24.8
TP05479,T05479,Kolkata,VILLA,3,24154,UNFURNISHED,False,AIR_CONDITIONING,25.9
TP05480,T05480,Bangalore,APARTMENT,1,48229,UNFURNISHED,False,GYM,26.5
TP05481,T05481,Kolkata,HOUSE,3,56545,SEMI_FURNISHED,False,GYM,22.1
TP05482,T05482,Chennai,HOUSE,1,75272,FULLY_FURNISHED,True,AIR_CONDITIONING,20.4
TP05483,T05483,Kolkata,VILLA,2,82768,UNFURNISHED,False,AIR_CONDITIONING,14.0
TP05484,T05484,Chennai,PG,3,70244,UNFURNISHED,False,GARDEN,9.2
TP05485,T05485,Hyderabad,HOUSE,2,117548,FULLY_FURNISHED,False,AIR_CONDITIONING,9.2
TP05486,T05486,Bangalore,APARTMENT,2,113346,SEMI_FURNISHED,False,POWER_BACKUP,7.5
TP05487,T05487,Delhi,PG,3,98861,FULLY_FURNISHED,True,CLUBHOUSE,6.7
TP05488,T05488,Chennai,VILLA,1,105274,SEMI_FURNISHED,False,GARDEN,12.4
TP05489,T05489,Kolkata,PG,3,39757,UNFURNISHED,False,AIR_CONDITIONING,25.9
TP05490,T05490,Kolkata,HOUSE,2,25670,UNFURNISHED,False,AIR_CONDITIONING,11.7
TP05491,T05491,Hyderabad,APARTMENT,3,71858,FULLY_FURNISHED,False,SECURITY,10.6
TP05492,T05492,Chennai,PG,2,19208,SEMI_FURNISHED,False,LIFT,9.0
TP05493,T05493,Kolkata,HOUSE,3,106908,FULLY_FURNISHED,True,CLUBHOUSE,24.7
TP05494,T05494,Chennai,PG,2,104082,FULLY_FURNISHED,True,POWER_BACKUP,24.4
TP05495,T05495,Chennai,HOUSE,2,93599,UNFURNISHED,False,WIFI,5.1
TP05496,T05496,Chennai,APARTMENT,2,89386,UNFURNISHED,True,SWIMMING_POOL,10.2
TP05497,T05497,Hyderabad,VILLA,2,84042,FULLY_FURNISHED,True,POWER_BACKUP,15.8
TP05498,T05498,Hyderabad,HOUSE,2,61810,UNFURNISHED,False,SECURITY,11.6
TP05499,T05499,Mumbai,APARTMENT,3,13171,FULLY_FURNISHED,True,PARKING,10.6
TP05500,T05500,Bangalore,HOUSE,3,71242,UNFURNISHED,True,GYM,13.9
TP05501,T05501,Delhi,PG,2,46962,FULLY_FURNISHED,True,GARDEN,7.5
TP05502,T05502,Kolkata,APARTMENT,3,82498,SEMI_FURNISHED,False,GARDEN,22.8
TP05503,T05503,Bangalore,PG,3,24475,SEMI_FURNISHED,False,PARKING,2.3
TP05504,T05504,Chennai,PG,2,105798,UNFURNISHED,True,PARKING,2.7
TP05505,T05505,Delhi,APARTMENT,3,108027,UNFURNISHED,True,GARDEN,24.3
TP05506,T05506,Bangalore,HOUSE,3,94550,SEMI_FURNISHED,False,SECURITY,9.3
TP05507,T05507,Hyderabad,VILLA,2,28158,FULLY_FURNISHED,True,SWIMMING_POOL,12.6
TP05508,T05508,Bangalore,APARTMENT,1,107078,FULLY_FURNISHED,True,GARDEN,9.7
TP05509,T05509,Kolkata,VILLA,1,41483,UNFURNISHED,True,POWER_BACKUP,11.0
TP05510,T05510,Delhi,APARTMENT,1,71845,UNFURNISHED,True,LIFT,20.0
TP05511,T05511,Bangalore,APARTMENT,2,54430,SEMI_FURNISHED,True,AIR_CONDITIONING,6.4
TP05512,T05512,Bangalore,VILLA,3,33729,FULLY_FURNISHED,True,SECURITY,29.3
TP05513,T05513,Kolkata,HOUSE,3,113744,FULLY_FURNISHED,True,LIFT,21.3
TP05514,T05514,Kolkata,HOUSE,1,91724,FULLY_FURNISHED,False,GYM,24.5
TP05515,T05515,Mumbai,HOUSE,1,93036,SEMI_FURNISHED,False,SECURITY,23.6
TP05516,T05516,Chennai,VILLA,2,16678,SEMI_FURNISHED,True,GARDEN,11.4
TP05517,T05517,Delhi,APARTMENT,2,93715,FULLY_FURNISHED,False,PARKING,24.6
TP05518,T05518,Chennai,APARTMENT,1,110066,UNFURNISHED,False,SECURITY,3.3
TP05519,T05519,Chennai,PG,3,65254,SEMI_FURNISHED,False,AIR_CONDITIONING,24.8
TP05520,T05520,Kolkata,PG,1,45935,SEMI_FURNISHED,False,PARKING,5.1
TP05521,T05521,Kolkata,PG,3,23147,SEMI_FURNISHED,False,POWER_BACKUP,11.6
TP05522,T05522,Delhi,PG,2,77557,UNFURNISHED,True,WIFI,19.4
TP05523,T05523,Hyderabad,APARTMENT,3,74679,FULLY_FURNISHED,False,AIR_CONDITIONING,20.8
TP05524,T05524,Kolkata,HOUSE,1,51082,UNFURNISHED,False,SECURITY,9.9
TP05525,T05525,Delhi,PG,3,97990,FULLY_FURNISHED,False,GYM,14.5
TP05526,T05526,Kolkata,APARTMENT,2,73835,SEMI_FURNISHED,False,PARKING,16.1
TP05527,T05527,Mumbai,VILLA,2,68781,FULLY_FURNISHED,False,LIFT,28.9
TP05528,T05528,Delhi,APARTMENT,1,103405,SEMI_FURNISHED,False,GYM,16.8
TP05529,T05529,Bangalore,PG,1,31996,UNFURNISHED,False,GARDEN,12.9
TP05530,T05530,Mumbai,APARTMENT,1,16528,FULLY_FURNISHED,True,GYM,20.6
TP05531,T05531,Kolkata,HOUSE,2,26170,UNFURNISHED,False,POWER_BACKUP,21.5
TP05532,T05532,Mumbai,VILLA,2,56781,SEMI_FURNISHED,True,AIR_CONDITIONING,21.4
TP05533,T05533,Bangalore,VILLA,1,13944,UNFURNISHED,False,AIR_CONDITIONING,21.2
TP05534,T05534,Bangalore,VILLA,1,85693,SEMI_FURNISHED,True,PARKING,26.5
TP05535,T05535,Hyderabad,APARTMENT,2,77871,SEMI_FURNISHED,False,GYM,4.0
TP05536,T05536,Delhi,PG,2,17449,FULLY_FURNISHED,False,SECURITY,23.8
TP05537,T05537,Hyderabad,VILLA,3,50600,UNFURNISHED,True,CLUBHOUSE,24.1
TP05538,T05538,Kolkata,PG,3,89620,FULLY_FURNISHED,True,CLUBHOUSE,22.6
TP05539,T05539,Chennai,VILLA,1,34765,FULLY_FURNISHED,False,PARKING,22.5
TP05540,T05540,Hyderabad,VILLA,2,81302,FULLY_FURNISHED,True,PARKING,18.8
TP05541,T05541,Bangalore,VILLA,3,109695,UNFURNISHED,True,GYM,6.0
TP05542,T05542,Mumbai,VILLA,2,17644,SEMI_FURNISHED,False,GYM,19.9
TP05543,T05543,Delhi,HOUSE,1,51210,UNFURNISHED,True,SWIMMING_POOL,14.2
TP05544,T05544,Chennai,PG,1,50353,FULLY_FURNISHED,True,SECURITY,11.6
TP05545,T05545,Kolkata,APARTMENT,2,42991,SEMI_FURNISHED,False,POWER_BACKUP,4.9
TP05546,T05546,Mumbai,VILLA,2,83159,UNFURNISHED,False,LIFT,6.1
TP05547,T05547,Hyderabad,VILLA,3,76534,FULLY_FURNISHED,True,POWER_BACKUP,29.0
TP05548,T05548,Kolkata,HOUSE,2,73237,UNFURNISHED,True,AIR_CONDITIONING,28.4
TP05549,T05549,Mumbai,PG,2,35010,FULLY_FURNISHED,False,SWIMMING_POOL,9.3
TP05550,T05550,Bangalore,APARTMENT,3,61102,UNFURNISHED,True,LIFT,27.1
TP05551,T05551,Hyderabad,VILLA,3,90143,SEMI_FURNISHED,False,SECURITY,12.6
TP05552,T05552,Kolkata,VILLA,2,105048,FULLY_FURNISHED,False,WIFI,7.7
TP05553,T05553,Mumbai,HOUSE,3,26369,UNFURNISHED,False,CLUBHOUSE,8.5
TP05554,T05554,Bangalore,APARTMENT,1,92209,FULLY_FURNISHED,True,PARKING,29.0
TP05555,T05555,Kolkata,APARTMENT,3,43146,FULLY_FURNISHED,False,POWER_BACKUP,29.8
TP05556,T05556,Delhi,APARTMENT,2,103055,FULLY_FURNISHED,True,LIFT,28.4
TP05557,T05557,Delhi,VILLA,2,82883,FULLY_FURNISHED,False,CLUBHOUSE,27.0
TP05558,T05558,Chennai,VILLA,3,19841,FULLY_FURNISHED,False,SECURITY,27.3
TP05559,T05559,Bangalore,APARTMENT,3,33274,UNFURNISHED,False,LIFT,23.8
TP05560,T05560,Delhi,HOUSE,2,62562,UNFURNISHED,False,POWER_BACKUP,13.1
TP05561,T05561,Delhi,VILLA,3,53789,SEMI_FURNISHED,True,GARDEN,27.5
TP05562,T05562,Bangalore,PG,3,82017,UNFURNISHED,False,LIFT,12.1
TP05563,T05563,Bangalore,PG,2,75845,UNFURNISHED,True,PARKING,17.9
TP05564,T05564,Kolkata,VILLA,2,88907,SEMI_FURNISHED,True,SWIMMING_POOL,9.6
TP05565,T05565,Mumbai,APARTMENT,2,91070,FULLY_FURNISHED,False,PARKING,11.0
TP05566,T05566,Delhi,HOUSE,2,18427,FULLY_FURNISHED,False,AIR_CONDITIONING,4.1
TP05567,T05567,Delhi,VILLA,3,88206,SEMI_FURNISHED,True,SECURITY,24.3
TP05568,T05568,Kolkata,APARTMENT,2,109742,FULLY_FURNISHED,False,POWER_BACKUP,25.5
TP05569,T05569,Bangalore,HOUSE,2,97847,UNFURNISHED,False,POWER_BACKUP,10.6
TP05570,T05570,Delhi,PG,1,48792,UNFURNISHED,True,PARKING,6.8
TP05571,T05571,Bangalore,APARTMENT,2,98908,UNFURNISHED,False,POWER_BACKUP,24.6
TP05572,T05572,Kolkata,HOUSE,3,65494,FULLY_FURNISHED,True,WIFI,22.6
TP05573,T05573,Hyderabad,HOUSE,3,19460,SEMI_FURNISHED,True,SECURITY,11.4
TP05574,T05574,Kolkata,PG,2,58552,SEMI_FURNISHED,False,GARDEN,22.7
TP05575,T05575,Kolkata,PG,1,22017,FULLY_FURNISHED,True,PARKING,25.7
TP05576,T05576,Delhi,PG,1,40817,SEMI_FURNISHED,False,GARDEN,29.7
TP05577,T05577,Mumbai,HOUSE,1,110772,UNFURNISHED,True,SWIMMING_POOL,28.6
TP05578,T05578,Chennai,PG,1,48568,UNFURNISHED,True,WIFI,7.7
TP05579,T05579,Hyderabad,PG,3,67371,UNFURNISHED,False,GARDEN,22.6
TP05580,T05580,Bangalore,APARTMENT,2,72411,FULLY_FURNISHED,False,WIFI,2.0
TP05581,T05581,Mumbai,APARTMENT,2,89946,FULLY_FURNISHED,False,SWIMMING_POOL,27.9
TP05582,T05582,Hyderabad,APARTMENT,2,93588,SEMI_FURNISHED,False,GYM,19.1
TP05583,T05583,Bangalore,HOUSE,2,52141,FULLY_FURNISHED,True,GARDEN,26.8
TP05584,T05584,Delhi,VILLA,1,57375,FULLY_FURNISHED,False,SECURITY,23.5
TP05585,T05585,Bangalore,APARTMENT,2,94859,FULLY_FURNISHED,False,WIFI,18.0
TP05586,T05586,Mumbai,VILLA,1,93839,UNFURNISHED,False,SECURITY,28.3
TP05587,T05587,Chennai,HOUSE,2,14411,FULLY_FURNISHED,True,SECURITY,27.7
TP05588,T05588,Delhi,APARTMENT,3,119770,SEMI_FURNISHED,True,AIR_CONDITIONING,14.9
TP05589,T05589,Kolkata,APARTMENT,2,26811,UNFURNISHED,True,AIR_CONDITIONING,15.2
TP05590,T05590,Kolkata,VILLA,1,88411,UNFURNISHED,False,SECURITY,17.4
TP05591,T05591,Delhi,HOUSE,2,12353,FULLY_FURNISHED,False,CLUBHOUSE,3.7
TP05592,T05592,Delhi,APARTMENT,1,12152,UNFURNISHED,True,WIFI,23.0
TP05593,T05593,Bangalore,PG,2,76403,UNFURNISHED,True,LIFT,26.1
TP05594,T05594,Kolkata,VILLA,3,56680,SEMI_FURNISHED,False,PARKING,13.2
TP05595,T05595,Kolkata,HOUSE,1,54219,UNFURNISHED,False,CLUBHOUSE,10.1
TP05596,T05596,Chennai,APARTMENT,2,25803,SEMI_FURNISHED,True,CLUBHOUSE,16.4
TP05597,T05597,Hyderabad,APARTMENT,2,106345,SEMI_FURNISHED,True,SWIMMING_POOL,12.3
TP05598,T05598,Kolkata,VILLA,1,64996,SEMI_FURNISHED,False,CLUBHOUSE,24.8
TP05599,T05599,Bangalore,HOUSE,1,37786,FULLY_FURNISHED,True,POWER_BACKUP,29.8
TP05600,T05600,Delhi,HOUSE,3,13843,SEMI_FURNISHED,False,SECURITY,20.3
TP05601,T05601,Mumbai,PG,1,22910,FULLY_FURNISHED,True,CLUBHOUSE,21.1
TP05602,T05602,Chennai,PG,2,93859,UNFURNISHED,False,SWIMMING_POOL,3.0
TP05603,T05603,Kolkata,PG,2,66177,FULLY_FURNISHED,False,WIFI,3.5
TP05604,T05604,Hyderabad,PG,2,91972,FULLY_FURNISHED,False,POWER_BACKUP,16.3
TP05605,T05605,Delhi,APARTMENT,2,79226,UNFURNISHED,True,GARDEN,23.9
TP05606,T05606,Bangalore,PG,3,16879,FULLY_FURNISHED,True,SECURITY,24.9
TP05607,T05607,Hyderabad,HOUSE,3,21873,UNFURNISHED,False,GARDEN,23.1
TP05608,T05608,Bangalore,HOUSE,3,13738,UNFURNISHED,False,SECURITY,27.3
TP05609,T05609,Chennai,VILLA,2,64841,FULLY_FURNISHED,False,WIFI,6.2
TP05610,T05610,Bangalore,APARTMENT,3,91022,UNFURNISHED,False,SECURITY,7.7
TP05611,T05611,Bangalore,APARTMENT,3,60939,UNFURNISHED,True,AIR_CONDITIONING,14.9
TP05612,T05612,Chennai,HOUSE,3,85111,UNFURNISHED,False,SWIMMING_POOL,12.8
TP05613,T05613,Chennai,PG,3,16907,SEMI_FURNISHED,False,SWIMMING_POOL,15.4
TP05614,T05614,Kolkata,PG,3,36151,FULLY_FURNISHED,False,CLUBHOUSE,14.7
TP05615,T05615,Chennai,PG,3,27032,SEMI_FURNISHED,True,SWIMMING_POOL,11.8
TP05616,T05616,Mumbai,PG,3,117102,UNFURNISHED,False,GYM,7.7
TP05617,T05617,Mumbai,APARTMENT,3,30716,UNFURNISHED,False,SWIMMING_POOL,21.5
TP05618,T05618,Kolkata,VILLA,1,89266,FULLY_FURNISHED,False,WIFI,16.4
TP05619,T05619,Hyderabad,VILLA,1,14096,UNFURNISHED,False,PARKING,25.9
TP05620,T05620,Kolkata,HOUSE,1,25819,UNFURNISHED,False,POWER_BACKUP,28.0
TP05621,T05621,Mumbai,HOUSE,1,71801,UNFURNISHED,True,SWIMMING_POOL,9.3
TP05622,T05622,Mumbai,APARTMENT,3,45632,FULLY_FURNISHED,False,SECURITY,11.0
TP05623,T05623,Chennai,APARTMENT,1,88403,FULLY_FURNISHED,True,POWER_BACKUP,25.3
TP05624,T05624,Kolkata,APARTMENT,2,91553,SEMI_FURNISHED,False,LIFT,15.3
TP05625,T05625,Chennai,HOUSE,2,47326,FULLY_FURNISHED,True,SWIMMING_POOL,8.0
TP05626,T05626,Bangalore,APARTMENT,1,42335,UNFURNISHED,True,POWER_BACKUP,17.2
TP05627,T05627,Chennai,HOUSE,2,22085,UNFURNISHED,False,SWIMMING_POOL,24.1
TP05628,T05628,Hyderabad,APARTMENT,1,98528,UNFURNISHED,True,CLUBHOUSE,28.3
TP05629,T05629,Delhi,PG,1,25470,FULLY_FURNISHED,True,WIFI,8.8
TP05630,T05630,Chennai,PG,3,48414,UNFURNISHED,True,PARKING,26.6
TP05631,T05631,Chennai,VILLA,2,79682,SEMI_FURNISHED,True,CLUBHOUSE,27.7
TP05632,T05632,Mumbai,HOUSE,2,22522,SEMI_FURNISHED,False,POWER_BACKUP,9.5
TP05633,T05633,Mumbai,APARTMENT,1,85719,UNFURNISHED,False,SECURITY,19.9
TP05634,T05634,Hyderabad,HOUSE,1,52801,FULLY_FURNISHED,False,SWIMMING_POOL,21.6
TP05635,T05635,Bangalore,HOUSE,3,77328,UNFURNISHED,False,POWER_BACKUP,4.7
TP05636,T05636,Kolkata,VILLA,3,102008,SEMI_FURNISHED,False,AIR_CONDITIONING,14.0
TP05637,T05637,Delhi,PG,1,100912,FULLY_FURNISHED,False,PARKING,29.4
TP05638,T05638,Hyderabad,APARTMENT,1,14741,SEMI_FURNISHED,True,PARKING,10.3
TP05639,T05639,Bangalore,APARTMENT,3,26408,UNFURNISHED,False,WIFI,9.3
TP05640,T05640,Delhi,APARTMENT,2,27065,FULLY_FURNISHED,False,SWIMMING_POOL,15.2
TP05641,T05641,Kolkata,VILLA,3,91398,UNFURNISHED,False,CLUBHOUSE,17.9
TP05642,T05642,Bangalore,VILLA,1,56373,UNFURNISHED,False,POWER_BACKUP,11.3
TP05643,T05643,Bangalore,HOUSE,2,33976,FULLY_FURNISHED,False,CLUBHOUSE,2.6
TP05644,T05644,Bangalore,APARTMENT,3,102575,FULLY_FURNISHED,True,SECURITY,11.5
TP05645,T05645,Bangalore,VILLA,2,40240,UNFURNISHED,False,GARDEN,21.9
TP05646,T05646,Kolkata,VILLA,1,116331,SEMI_FURNISHED,False,POWER_BACKUP,9.3
TP05647,T05647,Kolkata,APARTMENT,2,102734,SEMI_FURNISHED,True,LIFT,16.0
TP05648,T05648,Bangalore,APARTMENT,3,108737,SEMI_FURNISHED,True,PARKING,20.9
TP05649,T05649,Bangalore,PG,1,80946,UNFURNISHED,False,LIFT,3.4
TP05650,T05650,Hyderabad,HOUSE,3,20514,FULLY_FURNISHED,True,SECURITY,26.6
TP05651,T05651,Delhi,VILLA,3,68371,UNFURNISHED,False,PARKING,2.6
TP05652,T05652,Hyderabad,PG,2,89623,SEMI_FURNISHED,False,LIFT,14.5
TP05653,T05653,Bangalore,VILLA,3,94372,FULLY_FURNISHED,True,LIFT,6.8
TP05654,T05654,Chennai,PG,3,90801,UNFURNISHED,False,POWER_BACKUP,26.3
TP05655,T05655,Bangalore,APARTMENT,3,65956,UNFURNISHED,False,SWIMMING_POOL,5.4
TP05656,T05656,Chennai,HOUSE,1,72532,SEMI_FURNISHED,False,PARKING,27.2
TP05657,T05657,Mumbai,HOUSE,2,41231,UNFURNISHED,False,AIR_CONDITIONING,8.7
TP05658,T05658,Chennai,HOUSE,2,42173,SEMI_FURNISHED,False,POWER_BACKUP,16.6
TP05659,T05659,Hyderabad,VILLA,2,18235,FULLY_FURNISHED,False,PARKING,6.6
TP05660,T05660,Chennai,HOUSE,1,26010,UNFURNISHED,False,AIR_CONDITIONING,22.1
TP05661,T05661,Mumbai,HOUSE,1,19569,SEMI_FURNISHED,True,CLUBHOUSE,6.9
TP05662,T05662,Hyderabad,HOUSE,2,29375,UNFURNISHED,False,WIFI,4.8
TP05663,T05663,Kolkata,APARTMENT,2,40076,UNFURNISHED,True,CLUBHOUSE,29.8
TP05664,T05664,Kolkata,VILLA,1,103196,FULLY_FURNISHED,False,POWER_BACKUP,14.8
TP05665,T05665,Mumbai,PG,2,100069,FULLY_FURNISHED,True,CLUBHOUSE,19.5
TP05666,T05666,Chennai,HOUSE,2,92129,FULLY_FURNISHED,True,PARKING,10.6
TP05667,T05667,Mumbai,VILLA,1,42321,UNFURNISHED,True,CLUBHOUSE,14.0
TP05668,T05668,Bangalore,PG,1,63630,SEMI_FURNISHED,True,WIFI,12.8
TP05669,T05669,Delhi,HOUSE,2,49213,SEMI_FURNISHED,False,LIFT,25.8
TP05670,T05670,Delhi,HOUSE,1,87327,SEMI_FURNISHED,False,SECURITY,17.7
TP05671,T05671,Hyderabad,PG,3,76044,FULLY_FURNISHED,False,SECURITY,26.5
TP05672,T05672,Mumbai,HOUSE,1,29806,FULLY_FURNISHED,True,GARDEN,7.9
TP05673,T05673,Delhi,PG,3,73093,FULLY_FURNISHED,True,SECURITY,8.4
TP05674,T05674,Mumbai,APARTMENT,1,27859,FULLY_FURNISHED,True,SWIMMING_POOL,28.7
TP05675,T05675,Kolkata,PG,3,78849,UNFURNISHED,True,PARKING,13.6
TP05676,T05676,Mumbai,HOUSE,1,113721,FULLY_FURNISHED,False,PARKING,15.1
TP05677,T05677,Mumbai,APARTMENT,1,50142,UNFURNISHED,True,PARKING,12.4
TP05678,T05678,Bangalore,APARTMENT,2,86204,FULLY_FURNISHED,False,AIR_CONDITIONING,13.5
TP05679,T05679,Mumbai,HOUSE,1,55541,UNFURNISHED,False,LIFT,23.8
TP05680,T05680,Bangalore,HOUSE,3,32516,SEMI_FURNISHED,True,WIFI,11.8
TP05681,T05681,Bangalore,APARTMENT,1,95057,FULLY_FURNISHED,False,WIFI,14.8
TP05682,T05682,Hyderabad,HOUSE,2,73240,FULLY_FURNISHED,False,WIFI,28.8
TP05683,T05683,Hyderabad,APARTMENT,1,89514,SEMI_FURNISHED,False,GARDEN,7.8
TP05684,T05684,Mumbai,VILLA,2,39095,SEMI_FURNISHED,True,GYM,7.9
TP05685,T05685,Kolkata,PG,2,16828,UNFURNISHED,False,AIR_CONDITIONING,14.7
TP05686,T05686,Chennai,HOUSE,2,35436,UNFURNISHED,True,POWER_BACKUP,27.8
TP05687,T05687,Mumbai,APARTMENT,2,95471,UNFURNISHED,True,POWER_BACKUP,24.4
TP05688,T05688,Delhi,HOUSE,3,52232,FULLY_FURNISHED,True,GARDEN,11.9
TP05689,T05689,Chennai,HOUSE,3,23321,UNFURNISHED,True,CLUBHOUSE,24.6
TP05690,T05690,Bangalore,VILLA,1,97262,FULLY_FURNISHED,True,GYM,4.3
TP05691,T05691,Delhi,VILLA,2,34537,SEMI_FURNISHED,True,PARKING,13.3
TP05692,T05692,Hyderabad,APARTMENT,1,23079,FULLY_FURNISHED,False,PARKING,21.9
TP05693,T05693,Chennai,PG,3,97241,SEMI_FURNISHED,True,AIR_CONDITIONING,14.7
TP05694,T05694,Chennai,APARTMENT,2,96095,SEMI_FURNISHED,False,GARDEN,29.3
TP05695,T05695,Kolkata,VILLA,3,78206,SEMI_FURNISHED,False,SWIMMING_POOL,23.9
TP05696,T05696,Bangalore,APARTMENT,2,114961,UNFURNISHED,True,SWIMMING_POOL,22.8
TP05697,T05697,Delhi,APARTMENT,2,115011,UNFURNISHED,False,GARDEN,27.0
TP05698,T05698,Delhi,HOUSE,1,12156,UNFURNISHED,False,LIFT,7.7
TP05699,T05699,Bangalore,APARTMENT,1,106562,FULLY_FURNISHED,False,POWER_BACKUP,17.1
TP05700,T05700,Bangalore,VILLA,3,72107,UNFURNISHED,True,GYM,13.8
TP05701,T05701,Bangalore,APARTMENT,3,38870,FULLY_FURNISHED,False,GARDEN,17.8
TP05702,T05702,Kolkata,PG,1,109881,SEMI_FURNISHED,True,LIFT,29.1
TP05703,T05703,Hyderabad,HOUSE,2,16596,UNFURNISHED,True,LIFT,22.3
TP05704,T05704,Delhi,VILLA,1,59322,UNFURNISHED,False,AIR_CONDITIONING,9.4
TP05705,T05705,Kolkata,VILLA,1,88786,UNFURNISHED,False,WIFI,8.6
TP05706,T05706,Mumbai,VILLA,3,63779,SEMI_FURNISHED,True,SECURITY,17.5
TP05707,T05707,Delhi,HOUSE,3,48965,SEMI_FURNISHED,True,POWER_BACKUP,28.9
TP05708,T05708,Bangalore,APARTMENT,3,110337,UNFURNISHED,False,SECURITY,3.4
TP05709,T05709,Chennai,APARTMENT,3,89586,UNFURNISHED,False,GARDEN,26.1
TP05710,T05710,Chennai,VILLA,3,98079,UNFURNISHED,False,SECURITY,17.9
TP05711,T05711,Delhi,PG,2,39705,SEMI_FURNISHED,True,PARKING,4.7
TP05712,T05712,Bangalore,APARTMENT,2,103974,FULLY_FURNISHED,True,GARDEN,23.8
TP05713,T05713,Hyderabad,HOUSE,1,118102,UNFURNISHED,False,POWER_BACKUP,19.6
TP05714,T05714,Chennai,HOUSE,3,84190,UNFURNISHED,False,LIFT,28.9
TP05715,T05715,Chennai,PG,1,108102,SEMI_FURNISHED,True,SECURITY,29.1
TP05716,T05716,Kolkata,VILLA,3,13347,FULLY_FURNISHED,False,AIR_CONDITIONING,26.1
TP05717,T05717,Bangalore,HOUSE,3,97691,UNFURNISHED,False,SECURITY,14.9
TP05718,T05718,Bangalore,APARTMENT,2,111614,FULLY_FURNISHED,False,PARKING,10.4
TP05719,T05719,Chennai,PG,3,17501,UNFURNISHED,False,SECURITY,17.9
TP05720,T05720,Hyderabad,HOUSE,3,84480,FULLY_FURNISHED,True,POWER_BACKUP,14.8
TP05721,T05721,Mumbai,VILLA,2,42930,SEMI_FURNISHED,True,GYM,9.1
TP05722,T05722,Kolkata,HOUSE,2,71307,SEMI_FURNISHED,False,GYM,21.7
TP05723,T05723,Chennai,PG,3,49789,UNFURNISHED,False,CLUBHOUSE,21.0
TP05724,T05724,Kolkata,APARTMENT,1,98747,UNFURNISHED,False,WIFI,12.2
TP05725,T05725,Delhi,HOUSE,3,64769,FULLY_FURNISHED,True,SECURITY,13.1
TP05726,T05726,Bangalore,HOUSE,3,73164,UNFURNISHED,False,LIFT,13.2
TP05727,T05727,Kolkata,PG,3,51548,UNFURNISHED,False,WIFI,15.2
TP05728,T05728,Bangalore,APARTMENT,3,89377,UNFURNISHED,False,GYM,11.3
TP05729,T05729,Hyderabad,VILLA,2,79167,UNFURNISHED,True,SWIMMING_POOL,4.0
TP05730,T05730,Bangalore,APARTMENT,2,87985,UNFURNISHED,False,SWIMMING_POOL,21.2
TP05731,T05731,Hyderabad,APARTMENT,2,39213,SEMI_FURNISHED,True,GYM,28.3
TP05732,T05732,Delhi,HOUSE,3,81965,FULLY_FURNISHED,True,POWER_BACKUP,4.8
TP05733,T05733,Chennai,VILLA,3,20916,FULLY_FURNISHED,True,SECURITY,14.3
TP05734,T05734,Bangalore,HOUSE,2,111545,UNFURNISHED,True,SECURITY,12.5
TP05735,T05735,Chennai,PG,3,63024,UNFURNISHED,True,GARDEN,20.9
TP05736,T05736,Chennai,VILLA,1,20841,SEMI_FURNISHED,False,GARDEN,26.9
TP05737,T05737,Delhi,VILLA,1,26969,FULLY_FURNISHED,True,GARDEN,26.0
TP05738,T05738,Mumbai,HOUSE,3,99136,FULLY_FURNISHED,False,GARDEN,8.6
TP05739,T05739,Delhi,HOUSE,1,17348,UNFURNISHED,True,CLUBHOUSE,28.4
TP05740,T05740,Mumbai,APARTMENT,2,33912,UNFURNISHED,True,POWER_BACKUP,14.2
TP05741,T05741,Chennai,VILLA,1,14597,UNFURNISHED,True,SWIMMING_POOL,29.3
TP05742,T05742,Hyderabad,APARTMENT,1,65156,FULLY_FURNISHED,True,SECURITY,23.0
TP05743,T05743,Kolkata,HOUSE,2,78430,SEMI_FURNISHED,False,AIR_CONDITIONING,14.8
TP05744,T05744,Hyderabad,APARTMENT,2,19914,FULLY_FURNISHED,False,WIFI,14.0
TP05745,T05745,Kolkata,VILLA,2,49287,FULLY_FURNISHED,False,AIR_CONDITIONING,27.9
TP05746,T05746,Chennai,PG,1,90298,UNFURNISHED,True,PARKING,7.9
TP05747,T05747,Delhi,APARTMENT,2,39197,SEMI_FURNISHED,False,CLUBHOUSE,27.0
TP05748,T05748,Bangalore,APARTMENT,2,68883,UNFURNISHED,True,AIR_CONDITIONING,20.5
TP05749,T05749,Kolkata,PG,1,100110,SEMI_FURNISHED,True,PARKING,13.0
TP05750,T05750,Kolkata,HOUSE,2,12050,FULLY_FURNISHED,False,GYM,28.6
TP05751,T05751,Bangalore,HOUSE,1,86760,FULLY_FURNISHED,False,CLUBHOUSE,15.3
TP05752,T05752,Mumbai,VILLA,2,63442,SEMI_FURNISHED,True,GARDEN,5.5
TP05753,T05753,Hyderabad,PG,3,89416,UNFURNISHED,True,WIFI,28.3
TP05754,T05754,Kolkata,PG,3,42011,UNFURNISHED,False,SECURITY,24.9
TP05755,T05755,Bangalore,HOUSE,1,90867,SEMI_FURNISHED,True,SWIMMING_POOL,9.2
TP05756,T05756,Kolkata,VILLA,3,41545,SEMI_FURNISHED,False,SWIMMING_POOL,6.8
TP05757,T05757,Mumbai,HOUSE,3,16426,SEMI_FURNISHED,True,SWIMMING_POOL,13.0
TP05758,T05758,Kolkata,APARTMENT,1,82684,UNFURNISHED,False,PARKING,27.5
TP05759,T05759,Chennai,APARTMENT,1,28914,UNFURNISHED,False,CLUBHOUSE,9.6
TP05760,T05760,Chennai,VILLA,3,68481,FULLY_FURNISHED,False,GARDEN,2.8
TP05761,T05761,Chennai,APARTMENT,1,70801,SEMI_FURNISHED,False,LIFT,26.8
TP05762,T05762,Bangalore,HOUSE,3,51894,SEMI_FURNISHED,False,WIFI,9.7
TP05763,T05763,Chennai,PG,2,45619,SEMI_FURNISHED,False,POWER_BACKUP,11.5
TP05764,T05764,Bangalore,HOUSE,2,15827,FULLY_FURNISHED,True,AIR_CONDITIONING,11.6
TP05765,T05765,Bangalore,VILLA,1,105277,FULLY_FURNISHED,True,GYM,14.0
TP05766,T05766,Hyderabad,VILLA,2,102816,FULLY_FURNISHED,False,AIR_CONDITIONING,22.2
TP05767,T05767,Mumbai,PG,1,24846,UNFURNISHED,False,POWER_BACKUP,25.0
TP05768,T05768,Bangalore,HOUSE,1,105283,UNFURNISHED,True,POWER_BACKUP,9.0
TP05769,T05769,Delhi,PG,1,86985,FULLY_FURNISHED,False,GYM,7.5
TP05770,T05770,Kolkata,PG,1,20661,UNFURNISHED,True,SECURITY,5.5
TP05771,T05771,Delhi,PG,2,87071,FULLY_FURNISHED,True,SECURITY,25.5
TP05772,T05772,Mumbai,APARTMENT,3,31824,SEMI_FURNISHED,False,WIFI,8.7
TP05773,T05773,Chennai,APARTMENT,3,26706,FULLY_FURNISHED,True,GARDEN,12.7
TP05774,T05774,Bangalore,HOUSE,3,52335,FULLY_FURNISHED,False,GYM,10.4
TP05775,T05775,Hyderabad,PG,1,34013,SEMI_FURNISHED,False,SECURITY,29.9
TP05776,T05776,Kolkata,APARTMENT,2,74655,SEMI_FURNISHED,False,POWER_BACKUP,5.6
TP05777,T05777,Delhi,VILLA,1,42156,FULLY_FURNISHED,False,CLUBHOUSE,11.1
TP05778,T05778,Delhi,VILLA,1,15455,SEMI_FURNISHED,True,CLUBHOUSE,16.6
TP05779,T05779,Hyderabad,PG,1,20733,FULLY_FURNISHED,False,GYM,15.6
TP05780,T05780,Delhi,APARTMENT,2,81308,SEMI_FURNISHED,False,SECURITY,21.9
TP05781,T05781,Hyderabad,HOUSE,1,42773,FULLY_FURNISHED,False,WIFI,18.3
TP05782,T05782,Hyderabad,APARTMENT,2,73999,UNFURNISHED,False,AIR_CONDITIONING,16.7
TP05783,T05783,Mumbai,HOUSE,2,110264,UNFURNISHED,False,GARDEN,24.5
TP05784,T05784,Bangalore,APARTMENT,2,109813,UNFURNISHED,True,PARKING,23.8
TP05785,T05785,Kolkata,HOUSE,1,65682,FULLY_FURNISHED,True,LIFT,19.1
TP05786,T05786,Bangalore,HOUSE,1,25952,SEMI_FURNISHED,False,SWIMMING_POOL,15.8
TP05787,T05787,Kolkata,APARTMENT,2,99120,SEMI_FURNISHED,True,WIFI,16.3
TP05788,T05788,Bangalore,HOUSE,2,28357,UNFURNISHED,True,AIR_CONDITIONING,8.2
TP05789,T05789,Hyderabad,HOUSE,1,60959,SEMI_FURNISHED,False,CLUBHOUSE,7.7
TP05790,T05790,Kolkata,VILLA,1,30306,FULLY_FURNISHED,False,WIFI,19.0
TP05791,T05791,Hyderabad,APARTMENT,1,100463,FULLY_FURNISHED,False,GYM,4.9
TP05792,T05792,Kolkata,HOUSE,1,108305,UNFURNISHED,False,WIFI,22.4
TP05793,T05793,Bangalore,APARTMENT,3,30223,FULLY_FURNISHED,True,SECURITY,5.5
TP05794,T05794,Bangalore,HOUSE,1,56309,SEMI_FURNISHED,False,LIFT,17.5
TP05795,T05795,Delhi,APARTMENT,1,46114,SEMI_FURNISHED,True,GARDEN,19.3
TP05796,T05796,Bangalore,APARTMENT,2,111008,UNFURNISHED,True,CLUBHOUSE,5.4
TP05797,T05797,Hyderabad,HOUSE,2,50416,SEMI_FURNISHED,True,AIR_CONDITIONING,6.6
TP05798,T05798,Bangalore,VILLA,1,43849,FULLY_FURNISHED,False,PARKING,8.1
TP05799,T05799,Mumbai,APARTMENT,3,83384,FULLY_FURNISHED,False,PARKING,3.8
TP05800,T05800,Mumbai,VILLA,1,62989,UNFURNISHED,True,AIR_CONDITIONING,24.0
TP05801,T05801,Chennai,HOUSE,2,112562,UNFURNISHED,True,CLUBHOUSE,15.8
TP05802,T05802,Chennai,VILLA,2,115862,SEMI_FURNISHED,False,SWIMMING_POOL,4.7
TP05803,T05803,Delhi,HOUSE,1,27001,SEMI_FURNISHED,False,GYM,7.8
TP05804,T05804,Bangalore,APARTMENT,3,77889,SEMI_FURNISHED,False,AIR_CONDITIONING,22.6
TP05805,T05805,Bangalore,PG,1,23990,SEMI_FURNISHED,True,LIFT,20.6
TP05806,T05806,Chennai,HOUSE,2,73771,UNFURNISHED,False,GARDEN,20.6
TP05807,T05807,Hyderabad,APARTMENT,3,73801,SEMI_FURNISHED,True,WIFI,25.3
TP05808,T05808,Hyderabad,HOUSE,2,59906,FULLY_FURNISHED,False,PARKING,5.1
TP05809,T05809,Delhi,PG,2,41403,UNFURNISHED,False,LIFT,16.8
TP05810,T05810,Hyderabad,VILLA,1,101916,SEMI_FURNISHED,True,POWER_BACKUP,23.8
TP05811,T05811,Delhi,APARTMENT,1,60403,FULLY_FURNISHED,True,AIR_CONDITIONING,26.7
TP05812,T05812,Delhi,APARTMENT,1,81700,UNFURNISHED,True,LIFT,29.6
TP05813,T05813,Chennai,VILLA,1,18307,FULLY_FURNISHED,True,AIR_CONDITIONING,27.8
TP05814,T05814,Mumbai,VILLA,1,110793,SEMI_FURNISHED,False,PARKING,28.8
TP05815,T05815,Delhi,VILLA,1,74208,FULLY_FURNISHED,False,CLUBHOUSE,2.8
TP05816,T05816,Hyderabad,VILLA,1,36453,SEMI_FURNISHED,False,SWIMMING_POOL,23.5
TP05817,T05817,Bangalore,APARTMENT,2,86204,UNFURNISHED,True,GARDEN,3.8
TP05818,T05818,Kolkata,PG,3,83740,SEMI_FURNISHED,True,GARDEN,2.6
TP05819,T05819,Kolkata,APARTMENT,1,48303,FULLY_FURNISHED,False,AIR_CONDITIONING,3.5
TP05820,T05820,Delhi,PG,2,52608,FULLY_FURNISHED,False,CLUBHOUSE,3.7
TP05821,T05821,Chennai,APARTMENT,3,96181,UNFURNISHED,False,LIFT,25.8
TP05822,T05822,Hyderabad,HOUSE,3,94977,SEMI_FURNISHED,False,GARDEN,18.7
TP05823,T05823,Chennai,HOUSE,3,52130,SEMI_FURNISHED,False,PARKING,11.8
TP05824,T05824,Kolkata,PG,2,15494,UNFURNISHED,False,SWIMMING_POOL,19.6
TP05825,T05825,Mumbai,VILLA,1,64453,UNFURNISHED,True,AIR_CONDITIONING,18.2
TP05826,T05826,Bangalore,PG,3,102461,UNFURNISHED,True,GYM,25.8
TP05827,T05827,Hyderabad,VILLA,1,17429,UNFURNISHED,False,PARKING,4.0
TP05828,T05828,Delhi,PG,2,96029,UNFURNISHED,True,PARKING,14.1
TP05829,T05829,Chennai,APARTMENT,2,69781,FULLY_FURNISHED,True,WIFI,6.1
TP05830,T05830,Mumbai,HOUSE,2,103927,UNFURNISHED,True,CLUBHOUSE,17.9
TP05831,T05831,Delhi,PG,2,68587,UNFURNISHED,False,GARDEN,14.1
TP05832,T05832,Kolkata,PG,3,66801,FULLY_FURNISHED,False,LIFT,7.4
TP05833,T05833,Hyderabad,PG,3,13289,SEMI_FURNISHED,False,LIFT,18.9
TP05834,T05834,Bangalore,VILLA,2,112336,FULLY_FURNISHED,False,POWER_BACKUP,22.9
TP05835,T05835,Kolkata,APARTMENT,2,66016,SEMI_FURNISHED,True,AIR_CONDITIONING,4.9
TP05836,T05836,Delhi,PG,3,70690,UNFURNISHED,True,SWIMMING_POOL,23.9
TP05837,T05837,Chennai,VILLA,2,40096,FULLY_FURNISHED,True,AIR_CONDITIONING,15.6
TP05838,T05838,Bangalore,HOUSE,3,82380,SEMI_FURNISHED,True,POWER_BACKUP,16.9
TP05839,T05839,Bangalore,HOUSE,3,69454,FULLY_FURNISHED,False,LIFT,5.0
TP05840,T05840,Hyderabad,VILLA,1,34145,FULLY_FURNISHED,False,SWIMMING_POOL,23.9
TP05841,T05841,Mumbai,VILLA,1,93421,UNFURNISHED,False,PARKING,21.1
TP05842,T05842,Chennai,VILLA,3,81341,FULLY_FURNISHED,False,GARDEN,22.0
TP05843,T05843,Hyderabad,HOUSE,2,75300,FULLY_FURNISHED,False,AIR_CONDITIONING,23.5
TP05844,T05844,Hyderabad,PG,1,117096,UNFURNISHED,True,LIFT,16.8
TP05845,T05845,Kolkata,HOUSE,2,52308,FULLY_FURNISHED,True,POWER_BACKUP,6.8
TP05846,T05846,Chennai,PG,3,91744,FULLY_FURNISHED,True,GARDEN,24.4
TP05847,T05847,Mumbai,PG,1,80903,FULLY_FURNISHED,True,PARKING,8.5
TP05848,T05848,Bangalore,VILLA,1,19350,SEMI_FURNISHED,False,GYM,9.3
TP05849,T05849,Bangalore,APARTMENT,2,58739,UNFURNISHED,False,GYM,25.6
TP05850,T05850,Chennai,VILLA,3,90486,UNFURNISHED,False,WIFI,12.1
TP05851,T05851,Chennai,HOUSE,2,82671,SEMI_FURNISHED,True,POWER_BACKUP,17.5
TP05852,T05852,Delhi,APARTMENT,1,35370,SEMI_FURNISHED,False,GYM,5.1
TP05853,T05853,Kolkata,HOUSE,3,34347,SEMI_FURNISHED,True,AIR_CONDITIONING,22.7
TP05854,T05854,Bangalore,VILLA,1,73558,UNFURNISHED,True,SWIMMING_POOL,8.4
TP05855,T05855,Delhi,APARTMENT,2,79634,UNFURNISHED,False,PARKING,24.9
TP05856,T05856,Bangalore,APARTMENT,2,109271,UNFURNISHED,False,CLUBHOUSE,23.2
TP05857,T05857,Hyderabad,PG,1,22542,SEMI_FURNISHED,False,SWIMMING_POOL,12.6
TP05858,T05858,Mumbai,APARTMENT,2,41252,FULLY_FURNISHED,True,POWER_BACKUP,15.8
TP05859,T05859,Chennai,HOUSE,3,92543,UNFURNISHED,False,GARDEN,27.7
TP05860,T05860,Delhi,VILLA,3,23554,SEMI_FURNISHED,True,PARKING,21.1
TP05861,T05861,Kolkata,PG,3,93223,FULLY_FURNISHED,True,CLUBHOUSE,16.3
TP05862,T05862,Kolkata,PG,3,107413,SEMI_FURNISHED,False,LIFT,3.6
TP05863,T05863,Delhi,HOUSE,2,61071,FULLY_FURNISHED,True,WIFI,4.8
TP05864,T05864,Bangalore,HOUSE,1,85773,SEMI_FURNISHED,False,AIR_CONDITIONING,4.0
TP05865,T05865,Kolkata,APARTMENT,3,21022,SEMI_FURNISHED,False,PARKING,4.8
TP05866,T05866,Hyderabad,HOUSE,3,60374,FULLY_FURNISHED,False,PARKING,10.1
TP05867,T05867,Bangalore,VILLA,2,43426,SEMI_FURNISHED,False,SECURITY,23.0
TP05868,T05868,Hyderabad,PG,1,56641,UNFURNISHED,False,POWER_BACKUP,14.1
TP05869,T05869,Chennai,VILLA,3,54196,SEMI_FURNISHED,True,CLUBHOUSE,10.2
TP05870,T05870,Mumbai,PG,2,74435,FULLY_FURNISHED,False,SECURITY,5.2
TP05871,T05871,Chennai,APARTMENT,3,77803,UNFURNISHED,False,GYM,25.9
TP05872,T05872,Mumbai,PG,2,82938,SEMI_FURNISHED,True,WIFI,10.8
TP05873,T05873,Hyderabad,APARTMENT,3,83742,UNFURNISHED,True,WIFI,27.5
TP05874,T05874,Kolkata,VILLA,1,96368,UNFURNISHED,False,PARKING,18.2
TP05875,T05875,Delhi,APARTMENT,1,53261,FULLY_FURNISHED,False,GYM,21.3
TP05876,T05876,Delhi,VILLA,3,91919,SEMI_FURNISHED,False,AIR_CONDITIONING,29.7
TP05877,T05877,Hyderabad,HOUSE,1,45039,SEMI_FURNISHED,False,LIFT,25.0
TP05878,T05878,Bangalore,HOUSE,1,94615,UNFURNISHED,True,WIFI,16.2
TP05879,T05879,Hyderabad,PG,1,42200,FULLY_FURNISHED,True,POWER_BACKUP,29.3
TP05880,T05880,Bangalore,PG,2,55648,SEMI_FURNISHED,False,SWIMMING_POOL,24.5
TP05881,T05881,Bangalore,PG,2,87179,UNFURNISHED,False,GYM,28.2
TP05882,T05882,Mumbai,PG,3,54752,FULLY_FURNISHED,False,WIFI,6.7
TP05883,T05883,Hyderabad,HOUSE,3,30568,SEMI_FURNISHED,True,POWER_BACKUP,10.5
TP05884,T05884,Mumbai,PG,2,65783,UNFURNISHED,True,SECURITY,15.0
TP05885,T05885,Kolkata,VILLA,1,75094,SEMI_FURNISHED,False,CLUBHOUSE,24.3
TP05886,T05886,Mumbai,APARTMENT,3,90074,SEMI_FURNISHED,True,SWIMMING_POOL,21.4
TP05887,T05887,Chennai,HOUSE,1,107559,UNFURNISHED,False,AIR_CONDITIONING,17.3
TP05888,T05888,Mumbai,VILLA,2,117600,SEMI_FURNISHED,False,GARDEN,24.1
TP05889,T05889,Kolkata,HOUSE,1,68523,FULLY_FURNISHED,False,LIFT,20.4
TP05890,T05890,Hyderabad,HOUSE,3,109139,SEMI_FURNISHED,True,LIFT,13.6
TP05891,T05891,Mumbai,PG,1,56331,FULLY_FURNISHED,False,CLUBHOUSE,16.3
TP05892,T05892,Bangalore,HOUSE,1,114251,FULLY_FURNISHED,False,POWER_BACKUP,29.9
TP05893,T05893,Mumbai,HOUSE,2,50500,SEMI_FURNISHED,False,LIFT,20.2
TP05894,T05894,Kolkata,VILLA,2,94575,FULLY_FURNISHED,False,LIFT,19.0
TP05895,T05895,Kolkata,HOUSE,3,32111,UNFURNISHED,False,POWER_BACKUP,4.7
TP05896,T05896,Delhi,VILLA,2,61440,FULLY_FURNISHED,False,SECURITY,14.5
TP05897,T05897,Kolkata,HOUSE,2,95648,UNFURNISHED,True,WIFI,21.6
TP05898,T05898,Delhi,HOUSE,3,51997,FULLY_FURNISHED,False,SECURITY,18.1
TP05899,T05899,Hyderabad,PG,2,46839,SEMI_FURNISHED,True,GYM,26.2
TP05900,T05900,Delhi,VILLA,2,109051,FULLY_FURNISHED,True,GARDEN,3.3
TP05901,T05901,Mumbai,VILLA,3,109348,SEMI_FURNISHED,True,SECURITY,11.1
TP05902,T05902,Kolkata,PG,2,59499,FULLY_FURNISHED,True,GYM,15.5
TP05903,T05903,Chennai,APARTMENT,3,80916,FULLY_FURNISHED,False,POWER_BACKUP,21.5
TP05904,T05904,Mumbai,HOUSE,2,87510,UNFURNISHED,True,WIFI,26.3
TP05905,T05905,Delhi,HOUSE,1,96804,UNFURNISHED,True,AIR_CONDITIONING,11.0
TP05906,T05906,Kolkata,APARTMENT,2,15504,FULLY_FURNISHED,False,SWIMMING_POOL,13.2
TP05907,T05907,Delhi,PG,1,108945,SEMI_FURNISHED,False,SWIMMING_POOL,4.8
TP05908,T05908,Chennai,VILLA,3,18344,UNFURNISHED,False,AIR_CONDITIONING,2.4
TP05909,T05909,Kolkata,HOUSE,2,45591,UNFURNISHED,True,SWIMMING_POOL,25.6
TP05910,T05910,Mumbai,APARTMENT,1,22534,FULLY_FURNISHED,False,SWIMMING_POOL,26.4
TP05911,T05911,Mumbai,APARTMENT,1,96720,SEMI_FURNISHED,True,SWIMMING_POOL,28.2
TP05912,T05912,Mumbai,HOUSE,1,55103,UNFURNISHED,True,CLUBHOUSE,16.4
TP05913,T05913,Hyderabad,HOUSE,2,27394,FULLY_FURNISHED,False,AIR_CONDITIONING,17.5
TP05914,T05914,Hyderabad,APARTMENT,2,49684,SEMI_FURNISHED,False,CLUBHOUSE,14.7
TP05915,T05915,Delhi,APARTMENT,1,64033,SEMI_FURNISHED,True,CLUBHOUSE,14.6
TP05916,T05916,Delhi,PG,2,48060,SEMI_FURNISHED,False,SECURITY,18.5
TP05917,T05917,Hyderabad,PG,2,47936,UNFURNISHED,True,POWER_BACKUP,11.1
TP05918,T05918,Bangalore,VILLA,1,100481,FULLY_FURNISHED,True,LIFT,24.7
TP05919,T05919,Hyderabad,APARTMENT,3,30227,UNFURNISHED,True,LIFT,22.1
TP05920,T05920,Bangalore,PG,3,94827,SEMI_FURNISHED,True,LIFT,18.8
TP05921,T05921,Hyderabad,VILLA,2,112809,UNFURNISHED,True,SECURITY,18.0
TP05922,T05922,Chennai,VILLA,1,85756,SEMI_FURNISHED,False,SWIMMING_POOL,21.2
TP05923,T05923,Mumbai,HOUSE,2,47700,UNFURNISHED,False,PARKING,7.0
TP05924,T05924,Bangalore,HOUSE,3,119157,FULLY_FURNISHED,False,SECURITY,23.1
TP05925,T05925,Kolkata,PG,3,72813,FULLY_FURNISHED,False,SWIMMING_POOL,26.8
TP05926,T05926,Delhi,APARTMENT,1,56193,SEMI_FURNISHED,False,GYM,19.5
TP05927,T05927,Bangalore,HOUSE,2,14554,UNFURNISHED,True,SWIMMING_POOL,28.4
TP05928,T05928,Hyderabad,VILLA,2,46810,FULLY_FURNISHED,False,WIFI,6.5
TP05929,T05929,Bangalore,APARTMENT,3,22228,SEMI_FURNISHED,True,GARDEN,4.9
TP05930,T05930,Chennai,HOUSE,1,109914,UNFURNISHED,False,SECURITY,18.8
TP05931,T05931,Bangalore,HOUSE,1,54381,SEMI_FURNISHED,False,WIFI,22.9
TP05932,T05932,Hyderabad,APARTMENT,3,42962,FULLY_FURNISHED,False,PARKING,7.1
TP05933,T05933,Mumbai,HOUSE,1,110343,UNFURNISHED,True,AIR_CONDITIONING,8.3
TP05934,T05934,Hyderabad,APARTMENT,3,34064,FULLY_FURNISHED,True,GARDEN,17.1
TP05935,T05935,Hyderabad,VILLA,2,70470,FULLY_FURNISHED,True,POWER_BACKUP,27.8
TP05936,T05936,Chennai,APARTMENT,1,110318,UNFURNISHED,False,PARKING,2.7
TP05937,T05937,Hyderabad,HOUSE,2,21424,SEMI_FURNISHED,False,PARKING,5.1
TP05938,T05938,Bangalore,APARTMENT,3,114937,FULLY_FURNISHED,True,CLUBHOUSE,24.5
TP05939,T05939,Bangalore,HOUSE,3,114194,UNFURNISHED,True,PARKING,28.0
TP05940,T05940,Mumbai,VILLA,2,80905,SEMI_FURNISHED,True,PARKING,24.9
TP05941,T05941,Kolkata,VILLA,2,101202,SEMI_FURNISHED,False,GARDEN,20.4
TP05942,T05942,Delhi,PG,1,22190,FULLY_FURNISHED,True,SWIMMING_POOL,25.8
TP05943,T05943,Chennai,APARTMENT,2,56874,UNFURNISHED,False,AIR_CONDITIONING,24.9
TP05944,T05944,Hyderabad,APARTMENT,1,68032,UNFURNISHED,False,LIFT,24.6
TP05945,T05945,Hyderabad,HOUSE,3,75735,UNFURNISHED,True,GARDEN,28.8
TP05946,T05946,Bangalore,APARTMENT,2,79747,FULLY_FURNISHED,True,CLUBHOUSE,29.2
TP05947,T05947,Bangalore,APARTMENT,1,112403,SEMI_FURNISHED,True,GYM,8.5
TP05948,T05948,Kolkata,PG,3,91417,FULLY_FURNISHED,True,GYM,17.9
TP05949,T05949,Kolkata,APARTMENT,1,38996,UNFURNISHED,False,WIFI,12.3
TP05950,T05950,Hyderabad,HOUSE,3,60478,FULLY_FURNISHED,True,POWER_BACKUP,18.5
TP05951,T05951,Bangalore,APARTMENT,1,39925,SEMI_FURNISHED,False,POWER_BACKUP,25.6
TP05952,T05952,Kolkata,APARTMENT,3,108319,FULLY_FURNISHED,False,SWIMMING_POOL,11.8
TP05953,T05953,Hyderabad,PG,2,100747,SEMI_FURNISHED,False,AIR_CONDITIONING,16.7
TP05954,T05954,Bangalore,VILLA,1,42528,FULLY_FURNISHED,False,LIFT,21.2
TP05955,T05955,Bangalore,VILLA,2,49195,FULLY_FURNISHED,True,LIFT,16.1
TP05956,T05956,Hyderabad,APARTMENT,3,106819,SEMI_FURNISHED,False,AIR_CONDITIONING,29.1
TP05957,T05957,Hyderabad,PG,2,81259,SEMI_FURNISHED,False,GYM,14.8
TP05958,T05958,Delhi,VILLA,1,58785,SEMI_FURNISHED,False,PARKING,17.7
TP05959,T05959,Hyderabad,PG,1,110484,FULLY_FURNISHED,False,LIFT,12.3
TP05960,T05960,Kolkata,APARTMENT,2,111222,UNFURNISHED,True,GYM,4.5
TP05961,T05961,Bangalore,HOUSE,1,84124,UNFURNISHED,True,WIFI,23.5
TP05962,T05962,Bangalore,APARTMENT,1,31810,UNFURNISHED,True,POWER_BACKUP,23.8
TP05963,T05963,Mumbai,HOUSE,3,24781,UNFURNISHED,False,POWER_BACKUP,16.0
TP05964,T05964,Chennai,HOUSE,1,49690,FULLY_FURNISHED,False,POWER_BACKUP,2.8
TP05965,T05965,Chennai,APARTMENT,3,77816,SEMI_FURNISHED,False,POWER_BACKUP,5.4
TP05966,T05966,Chennai,HOUSE,2,55395,FULLY_FURNISHED,False,SWIMMING_POOL,20.4
TP05967,T05967,Chennai,APARTMENT,2,41421,FULLY_FURNISHED,False,WIFI,7.8
TP05968,T05968,Bangalore,APARTMENT,2,28347,FULLY_FURNISHED,True,SECURITY,9.2
TP05969,T05969,Hyderabad,VILLA,1,49087,FULLY_FURNISHED,False,SECURITY,26.7
TP05970,T05970,Mumbai,APARTMENT,3,68959,SEMI_FURNISHED,False,GYM,28.0
TP05971,T05971,Delhi,VILLA,3,119129,UNFURNISHED,False,POWER_BACKUP,16.3
TP05972,T05972,Hyderabad,HOUSE,1,112370,FULLY_FURNISHED,True,SECURITY,25.3
TP05973,T05973,Mumbai,PG,2,94641,SEMI_FURNISHED,True,LIFT,21.3
TP05974,T05974,Kolkata,VILLA,2,32630,SEMI_FURNISHED,False,CLUBHOUSE,21.4
TP05975,T05975,Kolkata,PG,1,66785,SEMI_FURNISHED,False,POWER_BACKUP,12.6
TP05976,T05976,Delhi,PG,3,114601,UNFURNISHED,True,SWIMMING_POOL,21.7
TP05977,T05977,Mumbai,VILLA,1,49020,FULLY_FURNISHED,False,POWER_BACKUP,7.9
TP05978,T05978,Mumbai,VILLA,3,47244,FULLY_FURNISHED,False,LIFT,21.7
TP05979,T05979,Kolkata,VILLA,1,38317,UNFURNISHED,False,LIFT,19.5
TP05980,T05980,Mumbai,PG,2,42938,SEMI_FURNISHED,False,LIFT,26.8
TP05981,T05981,Chennai,APARTMENT,3,114502,SEMI_FURNISHED,True,GARDEN,13.7
TP05982,T05982,Bangalore,APARTMENT,2,20447,UNFURNISHED,True,LIFT,27.4
TP05983,T05983,Delhi,PG,3,80965,UNFURNISHED,False,GYM,17.6
TP05984,T05984,Mumbai,PG,2,68450,UNFURNISHED,False,POWER_BACKUP,28.2
TP05985,T05985,Bangalore,VILLA,1,18014,SEMI_FURNISHED,True,GYM,2.6
TP05986,T05986,Chennai,VILLA,3,86339,FULLY_FURNISHED,True,PARKING,3.7
TP05987,T05987,Delhi,VILLA,2,14810,SEMI_FURNISHED,False,PARKING,24.3
TP05988,T05988,Chennai,APARTMENT,2,61105,FULLY_FURNISHED,False,AIR_CONDITIONING,24.3
TP05989,T05989,Bangalore,HOUSE,1,44934,UNFURNISHED,False,AIR_CONDITIONING,8.1
TP05990,T05990,Delhi,PG,3,17611,UNFURNISHED,False,PARKING,29.8
TP05991,T05991,Delhi,VILLA,3,97455,UNFURNISHED,False,SWIMMING_POOL,21.7
TP05992,T05992,Delhi,PG,2,65768,SEMI_FURNISHED,False,GYM,12.4
TP05993,T05993,Chennai,PG,1,24665,SEMI_FURNISHED,True,CLUBHOUSE,17.5
TP05994,T05994,Mumbai,APARTMENT,2,62197,UNFURNISHED,False,WIFI,6.1
TP05995,T05995,Bangalore,PG,3,29162,SEMI_FURNISHED,False,CLUBHOUSE,20.0
TP05996,T05996,Chennai,VILLA,1,65135,FULLY_FURNISHED,True,POWER_BACKUP,7.5
TP05997,T05997,Chennai,PG,3,69173,UNFURNISHED,False,WIFI,27.4
TP05998,T05998,Hyderabad,VILLA,1,14439,FULLY_FURNISHED,False,WIFI,6.0
TP05999,T05999,Hyderabad,VILLA,3,20134,UNFURNISHED,False,SWIMMING_POOL,19.3
TP06000,T06000,Mumbai,PG,1,61280,UNFURNISHED,False,PARKING,22.1
